# events parsed=1000  completed=992  CRASHED=8 (0.8%)
# crashed event indices: 5 85 217 306 496 515 646 972

## per-stage ms/evt over the 992 completed events
stage         mean    median       p90       p99       max
Hits          1.18      1.17      1.45      1.65      1.85
MD            1.01      0.98      1.38      1.74      2.31
LS            3.20      2.94      5.07      7.70     10.81
T3           54.23     37.78    117.24    282.39    381.38
Graph      2934.40   1156.23   7277.52  25960.12  33382.59
pLS           0.40      0.33      0.77      1.40      2.59
Chain        19.30     10.24     43.44    135.53    313.69
TC            0.37      0.37      0.65      0.97      1.39
Reset        26.99     10.48     68.84    233.52    337.73
Total      3014.10   1213.42   7400.93  26459.61  33908.11

## graph size distribution (all events with a [CHAIN] line, crashers included)
nHits    mean         7818  median       7685  p90      11254  p99      13978  max      15721
nMDalloc mean         2565  median       2506  p90       3743  p99       4687  max       5519
mdUsed   mean          977  median        940  p90       1458  p99       1840  max       2210
nT3      mean        81663  median      58755  p90     175836  p99     397944  max     601655
E1       mean     18410974  median    6728747  p90   43482099  p99  175608057  max  382407452
E2       mean      1047708  median     536928  p90    2438586  p99    8134950  max   16522641
E        mean     19458682  median    7302680  p90   45606130  p99  184335732  max  398930093

## the 4 GiB ChainEdges wall (E > 204522252 rows)
#   events over the wall: 8 / 1000 (0.80%)
#   evt 972  nT3=601655   E1=382407452   E2=16522641  E=398930093   needs   8377.5 MB  OVER WALL / crash
#   evt 85   nT3=457806   E1=305912527   E2=9182795   E=315095322   needs   6617.0 MB  OVER WALL / crash
#   evt 646  nT3=475090   E1=293917028   E2=11581431  E=305498459   needs   6415.5 MB  OVER WALL / crash
#   evt 496  nT3=471250   E1=291824409   E2=12380364  E=304204773   needs   6388.3 MB  OVER WALL / crash
#   evt 217  nT3=440654   E1=236144098   E2=10147299  E=246291397   needs   5172.1 MB  OVER WALL / crash
#   evt 5    nT3=377082   E1=214163878   E2=7164830   E=221328708   needs   4647.9 MB  OVER WALL / crash
#   evt 306  nT3=476399   E1=210467457   E2=8967486   E=219434943   needs   4608.1 MB  OVER WALL / crash
#   evt 515  nT3=424028   E1=207137730   E2=9274888   E=216412618   needs   4544.7 MB  OVER WALL / crash
#   evt 776  nT3=451147   E1=183892458   E2=8465076   E=192357534   needs   4039.5 MB  
#   evt 42   nT3=373575   E1=181359773   E2=7177710   E=188537483   needs   3959.3 MB  
#   evt 744  nT3=453511   E1=175549959   E2=8743331   E=184293290   needs   3870.2 MB  
#   evt 725  nT3=392711   E1=174529531   E2=6121681   E=180651212   needs   3793.7 MB  

## E1 scaling law
#   mean-field prediction E1 ~ nT3^2 / nMDkeysUsed:
#     E1 / (nT3^2/K):  median 1.845  p10 1.237  p90 2.760   (1.0 = uniform degrees)
#   E1 = 4.822e-02 * nT3^1.709    (log-log R^2 = 0.965)
#   E1 = 4.657e+02 * nHits^1.063    (log-log R^2 = 0.052)
#   E1 = 3.131e+01 * nMDalloc^1.563    (log-log R^2 = 0.118)
#   E1 = 3.754 * (nT3^2/K)^0.952    (log-log R^2 = 0.964)

## Graph ms vs E (the chain block is edge-count bound)
#   Graph_ms = 0.1741 us/edge * E + -90.64 ms   (corr 0.9998)

## peak RSS
#   median 494 MB  p90 1226 MB  max 4293 MB

csv,evt,crash,nHits,nMDalloc,mdUsed,nT3,E1,E2,E,edgeMB,memMB,rssMB,T3ms,Graphms,Chainms,Totalms
csv,0,0,5176,1972,980,154378,44542034,2517160,47059194,988.2,1035.6,1305.6,81.20,8072.86,37.48,8198.31
csv,1,0,7744,2548,1000,41251,3361487,282112,3643599,76.5,94.8,411.2,26.56,562.23,8.84,603.08
csv,2,0,4676,1491,658,63298,8087622,594263,8681885,182.3,208.5,517.8,40.08,1402.84,10.90,1458.31
csv,3,0,8504,2619,898,97977,17512720,1194054,18706774,392.8,423.3,724.8,46.55,3083.25,21.36,3156.84
csv,4,0,7494,2306,901,78490,12184756,763702,12948458,271.9,301.2,604.8,48.94,2055.91,13.87,2123.76
csv,5,1,15721,5519,1839,377082,214163878,7164830,221328708,352.9,0.0,582.9,0.00,0.00,0.00,0.00
csv,6,0,7605,2522,1013,111749,14400056,1107753,15507809,325.7,361.8,666.0,56.18,2462.86,12.47,2537.94
csv,7,0,4527,1366,550,15099,681982,87552,769534,16.2,25.9,349.8,11.24,119.43,1.85,136.61
csv,8,0,6090,2042,544,9002,334360,45075,379435,8.0,13.7,338.0,5.12,59.94,1.48,70.58
csv,9,0,10760,3274,951,42848,4104853,286289,4391142,92.2,112.4,425.8,29.85,680.36,5.62,721.86
csv,10,0,5574,1528,545,17499,783789,110433,894222,18.8,29.4,348.3,12.74,141.42,3.09,160.93
csv,11,0,6569,2153,839,22523,1037108,152766,1189874,25.0,36.2,358.7,13.31,184.24,6.24,208.70
csv,12,0,7466,2389,993,72809,9222068,777937,10000005,210.0,238.0,546.3,46.56,1580.97,14.32,1648.13
csv,13,0,7506,2278,1048,54052,7228462,617536,7845998,164.8,183.2,499.7,24.56,1245.49,7.60,1283.00
csv,14,0,8460,3095,1111,181069,39760125,2524292,42284417,888.0,948.5,1217.4,106.54,7089.44,32.00,7235.58
csv,15,0,10678,2670,630,7355,166831,29606,196437,4.1,10.3,333.2,5.55,32.80,2.24,45.31
csv,16,0,7631,2080,1052,47962,1687683,232420,1920103,40.3,66.3,381.3,51.72,306.70,13.56,379.03
csv,17,0,5500,1684,564,30908,2506128,275500,2781628,58.4,70.9,392.6,14.01,419.18,3.70,440.85
csv,18,0,4603,1575,655,67116,7497599,721401,8219000,172.6,196.0,509.1,32.14,1290.94,5.32,1332.88
csv,19,0,5122,1843,346,20065,1246122,137376,1383498,29.1,37.3,358.4,8.09,208.54,3.38,223.46
csv,20,0,6288,1885,484,7523,214246,40135,254381,5.3,10.4,332.9,3.62,40.56,2.53,50.27
csv,21,0,9989,3233,1428,118584,14983650,966843,15950493,335.0,399.8,676.0,120.97,2574.28,15.90,2720.91
csv,22,0,7955,2608,1291,126522,20299276,1368144,21667420,455.0,518.5,794.3,106.03,3526.74,43.34,3685.29
csv,23,0,7627,2380,892,21568,839020,117339,956359,20.1,31.3,352.4,12.66,150.73,3.23,172.19
csv,24,0,5574,1799,636,40990,4586983,374499,4961482,104.2,122.8,438.3,27.12,792.28,7.40,830.91
csv,25,0,4141,1315,688,205898,90130507,4557224,94687731,1988.4,2047.7,2266.8,103.83,16524.22,37.98,16671.61
csv,26,0,6978,2251,854,121744,17451788,1638577,19090365,400.9,440.5,735.2,61.36,3111.75,11.77,3190.37
csv,27,0,5803,1456,479,37502,3225128,334924,3560052,74.8,87.9,408.8,15.33,559.08,3.04,581.28
csv,28,0,9552,3320,1423,225540,60942619,3469927,64412546,1352.7,1433.4,1670.5,148.88,11287.58,73.06,11519.10
csv,29,0,10106,3465,1642,167001,30458173,1556239,32014412,672.3,749.6,1012.8,149.68,5370.01,29.85,5558.24
csv,30,0,7440,2766,1102,129569,27002695,1554148,28556843,599.7,657.3,934.1,106.60,4817.68,31.77,4963.03
csv,31,0,13176,4418,1644,84129,18643606,1062485,19706091,413.8,444.1,744.3,50.29,3172.37,17.35,3249.26
csv,32,0,5489,2010,862,177181,42345552,2712021,45057573,946.2,997.5,1270.2,89.11,7697.09,28.14,7820.48
csv,33,0,9546,3464,959,10393,263614,44249,307863,6.5,14.1,336.5,7.64,49.77,3.73,66.64
csv,34,0,7185,2150,738,9333,236561,45568,282129,5.9,12.3,345.3,6.09,46.68,5.97,62.96
csv,35,0,7398,2183,763,55767,7302886,618226,7921112,166.3,185.5,507.2,27.32,1266.84,6.44,1305.61
csv,36,0,3646,1056,339,11448,505632,83049,588681,12.4,18.8,352.8,5.54,91.05,1.29,101.18
csv,37,0,5530,1888,572,12808,675207,73582,748789,15.7,23.9,356.4,9.38,116.67,4.41,134.91
csv,38,0,4414,1445,547,70990,13216965,893777,14110742,296.3,318.6,633.2,30.06,2250.23,5.60,2289.56
csv,39,0,10254,3439,1968,154968,29278873,1469686,30748559,645.7,729.1,995.7,168.58,5203.09,61.32,5444.33
csv,40,0,13359,4332,1066,61112,10566494,687951,11254445,236.3,259.4,577.4,36.05,1836.41,9.27,1889.29
csv,41,0,8633,2880,844,85380,17080454,957407,18037861,378.8,413.9,720.2,57.89,2946.63,19.07,3030.13
csv,42,0,13244,4629,1938,373575,181359773,7177710,188537483,3959.3,4096.7,4200.3,358.99,33175.62,83.85,33630.49
csv,43,0,5770,1976,723,58791,6781878,608135,7390013,155.2,176.6,501.1,31.76,1176.18,4.93,1217.04
csv,44,0,10371,3273,1034,94320,18475645,1359945,19835590,416.5,448.6,757.7,49.99,3240.96,17.00,3314.29
csv,45,0,6896,2140,925,36130,3159872,277139,3437011,72.2,88.0,413.8,20.10,537.55,5.69,568.09
csv,46,0,3134,1240,521,37903,2934571,320516,3255087,68.4,84.3,411.3,21.90,517.26,3.81,546.68
csv,47,0,8999,2993,1120,131435,26632103,2069611,28701714,602.7,642.1,941.7,60.09,4753.37,19.28,4838.97
csv,48,0,8696,2918,1265,41878,2191642,239373,2431015,51.1,75.7,401.4,39.08,386.69,7.95,440.38
csv,49,0,8736,2952,1035,50112,7185048,524089,7709137,161.9,181.6,505.8,26.76,1225.58,13.30,1271.54
csv,50,0,6594,2154,610,84921,16644078,1013798,17657876,370.8,398.6,707.6,41.91,2848.43,8.79,2903.85
csv,51,0,10255,3697,1498,129138,27866658,1458587,29325245,615.8,674.3,955.9,113.24,4884.69,52.29,5061.38
csv,52,0,10236,2997,1538,70428,9665519,690173,10355692,217.5,255.1,565.8,61.50,1699.29,13.70,1782.24
csv,53,0,4622,1334,435,17133,1050331,138418,1188749,25.0,33.4,364.7,8.74,189.95,3.43,205.59
csv,54,0,10846,3908,1067,89960,15843051,1011692,16854743,353.9,394.0,701.4,67.90,2700.16,15.69,2791.82
csv,55,0,4740,1663,842,60724,8598094,571554,9169648,192.6,215.5,534.2,35.08,1462.42,10.19,1512.26
csv,56,0,6401,2171,921,96862,14717377,1105104,15822481,332.3,372.5,679.3,64.67,2607.71,13.89,2691.72
csv,57,0,6862,2482,1239,16305,471833,70868,542701,11.4,22.8,353.8,14.42,88.74,5.51,114.55
csv,58,0,6257,2103,817,125820,29983264,2194023,32177287,675.7,712.2,1009.7,57.33,5408.02,22.57,5492.97
csv,59,0,9213,3233,1179,138147,33536345,1823213,35359558,742.6,793.8,1080.5,88.24,5978.85,31.75,6106.96
csv,60,0,7762,2331,475,25707,2098470,225792,2324262,48.8,59.3,390.4,11.33,368.54,4.14,388.20
csv,61,0,9471,2880,601,36449,3966514,373225,4339739,91.1,104.7,433.0,16.67,662.62,3.93,688.52
csv,62,0,5571,1942,806,104589,28407829,1534171,29942000,628.8,664.7,960.2,56.33,4952.15,16.71,5030.15
csv,63,0,5244,1835,894,34577,2682995,281818,2964813,62.3,77.3,405.8,21.65,490.78,6.86,524.52
csv,64,0,5398,1966,978,329804,173763713,6676452,180440165,3789.2,3893.1,4023.8,185.36,31329.46,110.62,31634.56
csv,65,0,5354,1720,540,12376,877161,109081,986242,20.7,27.2,358.7,5.92,149.96,1.96,161.33
csv,66,0,4596,1392,495,24800,2449589,212471,2662060,55.9,66.1,393.3,12.14,417.14,1.27,434.32
csv,67,0,5532,1874,834,42004,4753186,426107,5179293,108.8,125.7,450.3,22.64,823.42,5.35,855.83
csv,68,0,8479,2559,742,21123,1341901,151980,1493881,31.4,41.2,373.4,10.97,235.15,3.43,254.19
csv,69,0,2689,735,411,14231,633804,83107,716911,15.1,23.8,354.3,10.26,114.75,2.18,130.31
csv,70,0,2987,878,420,16240,701510,89670,791180,16.6,26.5,356.8,12.07,124.13,1.61,141.32
csv,71,0,6445,2128,937,375439,136618019,7320203,143938222,3022.7,3148.5,3303.0,264.35,25462.54,60.46,25794.16
csv,72,0,9025,3023,1317,77297,8798072,653017,9451089,198.5,241.3,549.5,74.73,1575.82,20.51,1678.72
csv,73,0,10589,3277,1126,109048,20823119,1089514,21912633,460.2,503.1,804.5,76.51,3902.13,20.81,4006.94
csv,74,0,7195,2415,1058,239837,76410095,4295687,80705782,1694.8,1764.8,2005.8,131.07,13947.46,59.96,14145.41
csv,75,0,13370,4281,1742,137428,28304627,1684120,29988747,629.8,688.5,973.9,98.74,5330.81,26.64,5466.02
csv,76,0,5119,1806,960,96890,12958983,848115,13807098,289.9,342.9,637.4,113.26,2222.53,25.35,2367.98
csv,77,0,7610,1875,647,19480,1069433,146724,1216157,25.5,34.8,367.8,9.98,190.81,3.25,208.16
csv,78,0,9227,2730,1362,47677,4462616,406005,4868621,102.2,122.3,451.7,27.19,770.54,10.74,815.24
csv,79,0,6213,1680,736,34586,2922655,289215,3211870,67.4,83.4,408.8,20.64,486.13,6.99,518.55
csv,80,0,3251,984,452,3906,101319,19408,120727,2.5,6.4,338.5,2.33,20.09,1.17,26.45
csv,81,0,6632,2478,974,290141,113700071,5941673,119641744,2512.5,2593.5,2797.4,144.89,21309.80,118.24,21579.78
csv,82,0,6654,2011,708,44589,4769214,467870,5237084,110.0,126.3,452.3,22.42,828.73,2.76,858.15
csv,83,0,10494,3401,1405,117821,26688970,1635600,28324570,594.8,637.1,932.5,67.01,4716.84,29.76,4821.53
csv,84,0,7421,2504,927,34247,1953588,244112,2197700,46.2,63.1,391.4,23.32,348.18,6.25,383.58
csv,85,1,9871,3589,1431,457806,305912527,9182795,315095322,2322.0,0.0,582.3,0.00,0.00,0.00,0.00
csv,86,0,4942,1645,699,30889,2102311,223354,2325665,48.8,63.0,392.3,18.48,365.81,4.23,392.66
csv,87,0,6381,2332,709,8260,176690,34769,211459,4.4,11.1,342.8,6.17,36.16,2.01,48.98
csv,88,0,7679,2683,1017,51189,4433729,403309,4837038,101.6,128.5,451.9,41.61,777.26,6.86,831.95
csv,89,0,9389,3220,1102,67913,8411414,699870,9111284,191.3,218.1,538.4,41.71,1453.98,16.36,1518.53
csv,90,0,7699,2415,1145,74963,11752426,742658,12495084,262.4,289.9,606.2,47.15,2043.95,15.23,2111.88
csv,91,0,10193,3934,1750,258477,56234956,2469735,58704691,1232.8,1367.3,1579.6,286.75,10309.13,84.70,10695.16
csv,92,0,10380,3827,1496,263483,62233114,3112461,65345575,1372.3,1481.6,1708.5,214.23,11490.22,79.02,11792.85
csv,93,0,6427,2022,916,55087,8285350,640609,8925959,187.4,210.4,530.5,33.02,1419.50,8.14,1465.83
csv,94,0,4910,1543,698,23883,1472857,146253,1619110,34.0,46.2,374.7,15.91,260.48,4.44,284.94
csv,95,0,7835,2784,1061,144495,32641905,1754007,34395912,722.3,791.1,1063.8,141.87,5697.83,47.45,5895.68
csv,96,0,4830,1714,685,43131,3711815,309351,4021166,84.4,103.7,427.4,29.61,633.07,7.18,674.81
csv,97,0,9909,3561,1468,179594,49461705,2891314,52353019,1099.4,1156.9,1427.4,95.85,8936.80,33.59,9075.07
csv,98,0,8079,2358,956,43180,4695490,410581,5106071,107.2,125.4,451.7,27.07,839.47,10.06,882.25
csv,99,0,10306,3790,1041,115785,24777079,1876821,26653900,559.7,589.2,895.7,41.12,4398.72,32.41,4478.98
csv,100,0,9364,3146,929,35832,3749773,337422,4087195,85.8,101.7,432.1,21.74,669.00,6.53,702.65
csv,101,0,3893,1329,523,32449,3042209,322172,3364381,70.7,82.0,413.5,13.26,526.78,3.52,547.09
csv,102,0,5817,1902,827,86374,13787155,949563,14736718,309.5,344.4,652.7,60.78,2372.61,11.45,2449.93
csv,103,0,6987,1984,794,14511,548355,70372,618727,13.0,22.3,354.9,11.12,97.53,3.17,116.38
csv,104,0,7176,2489,1325,307263,130380748,5459246,135839994,2852.6,2965.0,3130.3,208.25,23985.24,90.90,24294.04
csv,105,0,9274,2542,872,23457,2340658,231236,2571894,54.0,63.8,393.8,10.69,399.47,3.33,418.24
csv,106,0,5722,1963,871,30986,2358140,221285,2579425,54.2,70.1,397.2,20.32,394.37,3.22,422.74
csv,107,0,7306,2626,1512,194347,28660566,1244922,29905488,628.0,741.6,993.1,322.57,5037.01,313.69,5687.14
csv,108,0,5216,1979,688,24082,1428770,160173,1588943,33.4,45.7,372.9,15.60,241.02,3.59,264.58
csv,109,0,9569,2971,1300,43387,2958496,303278,3261774,68.5,96.7,417.5,45.08,524.93,13.81,591.74
csv,110,0,11807,4116,1565,52259,3313195,373464,3686659,77.4,101.4,421.9,33.61,614.93,16.05,672.33
csv,111,0,7805,2472,1197,45476,3505203,368117,3873320,81.3,101.4,427.7,28.34,626.83,11.57,673.03
csv,112,0,7384,2306,1184,62924,7533608,562158,8095766,170.0,199.9,517.7,56.00,1342.85,34.94,1441.30
csv,113,0,3455,1233,450,10844,473809,70546,544355,11.4,17.5,349.2,5.34,86.02,1.64,96.30
csv,114,0,7830,2604,1074,80540,9785901,714947,10500848,220.5,258.7,570.3,63.70,1665.51,13.89,1750.37
csv,115,0,9446,3391,1216,165375,30700531,1762320,32462851,681.7,745.3,1027.3,119.81,5418.51,50.44,5598.12
csv,116,0,9732,3144,1171,53702,4662778,445913,5108691,107.3,128.4,452.3,30.67,838.14,10.09,885.05
csv,117,0,10800,3506,859,28488,1363137,187937,1551074,32.6,45.1,377.8,15.71,245.21,9.41,276.28
csv,118,0,8913,2665,1291,79538,14997772,813794,15811566,332.0,366.3,675.2,57.13,2564.13,13.41,2642.33
csv,119,0,11541,3917,1484,54999,5303345,469682,5773027,121.2,149.0,470.0,40.86,937.00,14.69,1001.13
csv,120,0,2682,849,452,16146,1033306,77749,1111055,23.3,33.2,361.8,12.36,167.91,4.02,187.69
csv,121,0,9030,2988,863,37262,2959673,316910,3276583,68.8,86.1,414.2,23.26,527.33,7.24,564.02
csv,122,0,7353,2839,1258,69653,10478633,660568,11139201,233.9,259.9,577.3,37.67,1792.15,10.69,1846.76
csv,123,0,8510,2769,981,34610,2956069,289410,3245479,68.2,86.1,412.7,26.61,517.18,4.34,553.91
csv,124,0,7516,2263,757,36509,2812810,272037,3084847,64.8,82.2,409.7,23.51,489.69,5.31,524.10
csv,125,0,3410,1392,798,103456,13604348,968493,14572841,306.0,355.6,656.7,83.25,2311.48,19.11,2419.19
csv,126,0,7445,2712,1431,171254,52917977,2525321,55443298,1164.3,1233.9,1490.4,118.19,9637.25,63.82,9827.92
csv,127,0,6739,2457,1038,56029,6084006,454044,6538050,137.3,163.6,484.7,37.93,1007.87,16.84,1069.03
csv,128,0,6264,2112,1164,107172,16076174,1035678,17111852,359.3,399.3,706.4,71.56,2776.53,15.63,2870.17
csv,129,0,6153,2114,985,229123,50129815,3245119,53374934,1120.9,1190.8,1455.7,124.01,9331.83,38.00,9500.06
csv,130,0,8280,2868,1274,133965,35685279,1941669,37626948,790.2,837.9,1121.7,81.38,6296.72,34.97,6421.05
csv,131,0,4610,1506,740,14468,403257,59268,462525,9.7,20.2,351.2,12.99,75.35,2.43,95.56
csv,132,0,9137,3019,863,22865,1413425,166406,1579831,33.2,44.9,376.3,13.94,252.68,5.28,277.17
csv,133,0,5511,1849,842,70118,7710776,672550,8383326,176.0,207.2,523.8,45.44,1379.80,21.32,1451.79
csv,134,0,8564,3324,1185,117980,23987936,1476609,25464545,534.8,584.4,875.9,86.32,4284.53,29.26,4407.91
csv,135,0,6272,1838,598,17041,772937,93874,866811,18.2,27.3,358.7,10.74,138.60,3.11,156.51
csv,136,0,4606,1765,678,21609,1405813,162948,1568761,32.9,43.8,372.2,12.31,240.18,5.24,261.73
csv,137,0,4280,1445,672,32687,4183796,379645,4563441,95.8,109.5,436.8,17.71,727.44,5.50,754.55
csv,138,0,6373,2077,764,137466,38164116,2163206,40327322,846.9,894.1,1177.0,86.18,6802.41,17.13,6911.63
csv,139,0,7935,2539,1134,82949,12052151,900939,12953090,272.0,304.5,617.1,51.66,2146.89,16.30,2221.56
csv,140,0,11332,3384,1442,48106,5360727,370433,5731160,120.4,140.9,464.2,28.24,916.53,6.66,958.87
csv,141,0,4866,1935,1051,197579,38883159,2572951,41456110,870.6,943.6,1214.5,132.77,6975.11,49.70,7164.85
csv,142,0,11381,4029,1074,138256,54437209,2829968,57267177,1202.6,1237.5,1512.5,55.23,9895.15,33.99,9990.85
csv,143,0,12054,3878,1078,91609,10001810,807812,10809622,227.0,275.7,579.3,82.33,1762.54,17.95,1870.76
csv,144,0,8376,2919,1339,60296,6186554,534240,6720794,141.1,168.1,490.5,37.72,1066.91,12.26,1124.01
csv,145,0,9198,2864,1252,56395,3519445,364204,3883649,81.6,106.6,431.2,37.15,616.73,8.34,668.41
csv,146,0,6020,1603,613,41243,4281976,438009,4719985,99.1,113.5,442.5,16.66,743.30,3.72,767.81
csv,147,0,7546,2963,1152,238471,92491575,4249477,96741052,2031.6,2123.5,2332.1,178.10,16843.32,80.34,17110.06
csv,148,0,4632,1370,419,3941,81363,17772,99135,2.1,5.9,338.3,2.18,16.84,1.25,23.53
csv,149,0,8982,2914,1021,58721,7229357,507733,7737090,162.5,191.7,510.2,46.02,1275.81,10.30,1338.14
csv,150,0,6025,1765,753,20786,1187944,110076,1298020,27.3,41.5,367.8,19.00,198.50,3.93,226.36
csv,151,0,6410,2094,682,25319,1636299,171317,1807616,38.0,51.1,378.4,16.69,275.76,7.55,304.84
csv,152,0,4723,1855,1045,97455,15816949,1336789,17153738,360.2,394.6,704.2,55.76,2790.36,16.54,2868.97
csv,153,0,8984,2821,937,196956,49687257,2864986,52552243,1103.6,1164.3,1434.3,109.46,8979.01,55.77,9151.12
csv,154,0,4888,1448,483,14745,736699,100814,837513,17.6,24.9,360.1,7.17,131.58,2.07,144.35
csv,155,0,8675,3082,1034,139535,31986941,1987288,33974229,713.5,762.8,1050.3,88.13,5658.41,25.29,5778.42
csv,156,0,2217,781,305,15230,942661,103271,1045932,22.0,29.8,363.7,8.00,156.55,1.54,168.89
csv,157,0,6026,2060,722,13814,632620,79575,712195,15.0,23.3,353.0,8.97,111.34,3.05,127.37
csv,158,0,11863,3877,1584,45921,2771261,278244,3049505,64.0,90.3,413.0,39.93,492.83,11.12,552.33
csv,159,0,2919,1112,610,135794,38369916,1958135,40328051,846.9,893.0,1174.7,87.20,6797.92,24.85,6915.03
csv,160,0,9309,3159,1433,129662,23947906,1446481,25394387,533.3,587.9,880.4,101.21,4103.95,29.73,4244.74
csv,161,0,8423,3219,1539,65669,5002833,376148,5378981,113.0,156.2,464.9,77.34,842.76,20.21,949.54
csv,162,0,2215,658,308,3267,65186,14223,79409,1.7,5.2,338.6,2.26,13.52,1.17,19.74
csv,163,0,7370,2125,828,20235,987498,132754,1120252,23.5,33.1,362.8,10.20,176.90,3.66,195.20
csv,164,0,4241,1378,681,63243,7365985,662014,8027999,168.6,190.2,509.9,30.70,1304.93,6.83,1346.25
csv,165,0,4480,1454,533,57382,6761955,662689,7424644,155.9,175.4,497.5,27.52,1180.12,4.88,1216.69
csv,166,0,11916,4003,1477,45466,3888772,299327,4188099,88.0,115.7,434.3,42.33,679.76,17.70,749.40
csv,167,0,8235,2619,1270,54736,5137124,476402,5613526,117.9,145.4,463.8,45.98,931.81,10.05,994.55
csv,168,0,9531,2931,969,38222,2051074,267220,2318294,48.7,71.9,395.0,42.50,364.46,10.30,424.42
csv,169,0,8214,3015,1015,28451,2141418,213443,2354861,49.5,65.0,391.7,19.76,355.56,5.71,387.36
csv,170,0,7752,2558,1090,167842,30961064,2064872,33025936,693.5,757.4,1037.6,118.82,5613.29,22.59,5762.12
csv,171,0,8259,2445,753,34667,3068895,334615,3403510,71.5,86.7,415.0,19.05,515.77,5.95,545.52
csv,172,0,10153,3565,1398,102962,13549571,855161,14404732,302.5,356.3,657.7,99.32,2270.66,24.25,2403.26
csv,173,0,8612,3173,955,53428,5102424,483626,5586050,117.3,139.3,466.3,30.27,903.96,11.69,952.24
csv,174,0,4021,1522,815,111933,29549908,1762576,31312484,657.6,697.1,991.1,67.01,5206.34,43.45,5322.01
csv,175,0,7235,2038,685,6697,188555,37795,226350,4.8,9.5,342.5,3.20,38.12,3.64,49.12
csv,176,0,11856,3618,1496,66580,11850235,626769,12477004,262.0,289.7,610.7,47.26,2031.31,166.26,2253.31
csv,177,0,7064,2108,846,24971,1083906,128343,1212249,25.5,38.3,370.0,16.23,185.47,5.50,211.99
csv,178,0,14184,5090,1412,75190,7811963,634350,8446313,177.4,207.3,526.8,43.51,1333.31,17.65,1403.87
csv,179,0,6147,2081,622,35914,2332784,230643,2563427,53.8,70.0,399.2,20.99,390.56,3.64,419.92
csv,180,0,10455,3302,1126,23447,804437,120063,924500,19.4,32.0,364.0,15.72,147.49,4.80,174.43
csv,181,0,7751,2679,596,11880,508357,75194,583551,12.3,19.8,352.8,8.15,90.50,4.64,108.33
csv,182,0,6036,1789,712,18970,770285,104297,874582,18.4,28.4,358.2,11.63,142.13,4.26,162.52
csv,183,0,6736,2314,689,57743,6300524,500141,6800665,142.8,164.8,488.4,32.19,1044.09,10.43,1092.20
csv,184,0,9886,3637,945,145084,45238262,2299582,47537844,998.3,1055.8,1324.0,109.42,8127.30,35.32,8279.73
csv,185,0,12577,4260,1360,145379,29088867,1810975,30899842,648.9,710.9,994.7,110.59,5184.80,41.22,5346.52
csv,186,0,5404,1723,696,118981,23993568,2018469,26012037,546.3,581.8,884.4,54.71,4273.77,7.85,4341.16
csv,187,0,4523,1644,695,71367,11426499,963950,12390449,260.2,285.1,601.8,34.73,2008.00,10.24,2057.43
csv,188,0,5993,1828,608,62745,5424750,576054,6000804,126.0,151.0,471.2,38.54,945.69,9.15,998.30
csv,189,0,15478,4772,1427,91476,14889891,959786,15849677,332.8,371.1,677.2,65.80,2650.61,27.76,2752.43
csv,190,0,9251,3209,762,26548,2209509,234525,2444034,51.3,64.0,391.8,14.59,375.20,4.76,399.82
csv,191,0,11075,3622,1082,148105,25623982,1731837,27355819,574.5,633.9,921.9,103.98,4553.90,37.14,4702.74
csv,192,0,10391,2779,844,52417,4995804,540010,5535814,116.3,137.4,462.3,31.26,895.55,8.87,941.92
csv,193,0,13678,4397,1596,29199,1087731,139177,1226908,25.8,43.2,372.3,23.85,198.88,7.89,239.50
csv,194,0,8884,2765,1094,30647,1915638,213626,2129264,44.7,59.4,388.9,17.80,329.00,4.48,356.97
csv,195,0,7061,2543,1129,248217,74085135,3846717,77931852,1636.6,1725.9,1956.3,175.37,13371.76,47.24,13602.59
csv,196,0,11221,3830,1016,102734,24431165,1602393,26033558,546.7,578.0,881.9,46.07,4347.53,24.12,4424.39
csv,197,0,8862,2813,752,24969,1360280,166170,1526450,32.1,44.4,371.0,14.25,234.50,3.53,257.58
csv,198,0,8766,2730,829,39344,6113978,491719,6605697,138.7,152.3,479.9,16.83,1049.82,6.11,1077.66
csv,199,0,8574,2837,1404,53505,5444043,442365,5886408,123.6,145.6,466.8,32.53,945.40,6.97,991.44
csv,200,0,7218,2311,1419,128261,23546851,1646171,25193022,529.1,582.1,865.2,94.86,4171.62,23.98,4297.40
csv,201,0,5766,1924,840,40886,5015053,442085,5457138,114.6,130.0,447.8,21.10,862.51,4.81,892.79
csv,202,0,6223,2032,744,54332,6718279,600787,7319066,153.7,170.8,484.7,21.00,1179.40,6.65,1211.05
csv,203,0,12068,4203,1714,140208,26834003,1454578,28288581,594.1,669.7,935.4,160.14,4633.27,58.11,4863.94
csv,204,0,10279,3442,1184,35669,2096708,202093,2298801,48.3,73.1,400.6,38.61,365.52,6.39,417.67
csv,205,0,11934,3925,1524,60887,4769167,421286,5190453,109.0,139.4,463.6,47.04,843.57,10.24,909.30
csv,206,0,7762,2776,1143,149106,33975310,2073597,36048907,757.0,814.1,1098.1,95.26,6150.00,32.46,6285.37
csv,207,0,9044,2706,659,46662,5033298,433852,5467150,114.8,133.8,458.3,34.39,892.82,14.08,946.69
csv,208,0,7131,2354,821,105934,16103744,1048360,17152104,360.2,407.0,707.5,86.19,2859.52,16.64,2967.52
csv,209,0,6398,2046,663,14918,794106,94887,888993,18.7,27.0,360.2,8.91,137.43,2.53,153.44
csv,210,0,6619,1942,794,40723,2968300,317107,3285407,69.0,87.7,412.9,26.49,531.63,7.46,570.97
csv,211,0,7150,2221,647,14737,848196,87215,935411,19.6,29.4,365.2,13.05,143.82,5.87,167.46
csv,212,0,6161,2070,757,81399,19510633,1166537,20677170,434.2,462.3,768.6,43.92,3344.71,38.83,3432.22
csv,213,0,5667,2039,828,57495,5568264,454502,6022766,126.5,153.3,474.2,39.16,920.78,6.00,971.32
csv,214,0,7963,2346,1040,59559,9938156,630040,10568196,221.9,243.5,564.2,30.95,1688.80,7.28,1732.68
csv,215,0,7721,2222,652,7054,142730,30328,173058,3.6,9.2,342.4,5.11,30.51,2.09,42.08
csv,216,0,7094,2215,792,42584,4797339,423980,5221319,109.6,125.7,454.3,20.63,832.41,12.44,870.71
csv,217,1,8059,3088,1202,440654,236144098,10147299,246291397,877.2,0.0,579.6,0.00,0.00,0.00,0.00
csv,218,0,5125,1489,515,33710,3559387,321397,3880784,81.5,95.1,423.5,17.17,593.71,4.40,619.23
csv,219,0,8211,3019,1368,177575,49943659,2437745,52381404,1100.0,1159.5,1429.8,107.55,9167.50,32.58,9315.56
csv,220,0,6197,1888,645,52571,11354626,762268,12116894,254.5,272.7,592.8,25.79,1966.33,13.50,2010.16
csv,221,0,5983,2163,1095,82086,11398639,814280,12212919,256.5,292.6,607.6,63.91,1966.44,20.30,2057.69
csv,222,0,9012,3002,774,61965,10250446,704058,10954504,230.0,250.4,570.2,27.15,1734.01,20.51,1787.21
csv,223,0,6596,1955,528,6051,235274,33208,268482,5.6,10.5,343.7,3.60,42.82,1.60,51.84
csv,224,0,8509,2596,1079,76560,13354012,890712,14244724,299.1,327.5,641.3,43.84,2301.65,11.70,2363.52
csv,225,0,8022,2766,1176,100871,14607790,763953,15371743,322.8,373.6,672.2,96.48,2500.36,24.24,2628.21
csv,226,0,5895,2012,873,70933,7577531,586512,8164043,171.4,198.4,518.0,42.17,1293.65,5.68,1347.29
csv,227,0,6723,2150,774,64313,5027014,623788,5650802,118.7,144.7,470.7,36.58,866.70,4.62,913.43
csv,228,0,9759,2954,720,36141,1769101,259266,2028367,42.6,58.6,387.6,19.73,318.66,3.09,346.94
csv,229,0,9637,3502,1086,63524,10708422,608858,11317280,237.7,262.0,580.7,43.78,1850.65,8.72,1909.48
csv,230,0,15007,4529,1219,133682,38559287,2037185,40596472,852.5,895.1,1180.4,69.66,6919.08,20.56,7017.68
csv,231,0,9407,3425,1344,152204,43376021,2113523,45489544,955.3,1002.7,1285.4,76.29,7715.32,38.52,7837.09
csv,232,0,5496,2181,899,204963,49893258,3305945,53199203,1117.2,1187.2,1451.0,128.92,9113.73,30.13,9279.52
csv,233,0,6614,2256,983,75856,6924644,849444,7774088,163.3,192.0,511.1,45.42,1247.25,6.98,1304.57
csv,234,0,3359,1336,445,48712,6094620,559802,6654422,139.7,156.8,480.5,23.93,1099.19,6.17,1132.67
csv,235,0,9414,3064,1204,38026,4415789,393406,4809195,101.0,115.2,449.6,17.01,758.21,6.17,787.32
csv,236,0,4110,1210,451,42705,4178050,444151,4622201,97.1,111.1,436.2,19.35,723.89,7.64,754.61
csv,237,0,7009,2021,1043,248264,85702005,3991937,89693942,1883.6,1959.8,2184.3,175.32,15314.85,37.73,15535.17
csv,238,0,7351,2849,1220,66667,7101939,533049,7634988,160.3,192.2,510.3,50.60,1194.08,14.49,1266.08
csv,239,0,7790,2726,885,34848,2302292,247540,2549832,53.5,71.9,399.4,25.07,397.30,3.75,432.01
csv,240,0,7942,2505,863,62686,7616189,544385,8160574,171.4,197.0,517.9,40.59,1296.82,10.91,1354.51
csv,241,0,6964,2269,659,11725,499910,70583,570493,12.0,19.4,350.6,7.26,88.76,2.25,102.58
csv,242,0,6611,2383,986,60108,8303646,651930,8955576,188.1,212.9,531.3,38.66,1431.79,19.73,1495.63
csv,243,0,10872,3382,1180,82468,7927420,701814,8629234,181.2,223.2,532.0,74.20,1389.60,23.92,1496.46
csv,244,0,10937,3383,1420,90622,21988992,1181565,23170557,486.6,526.8,823.7,65.75,3850.18,15.65,3939.03
csv,245,0,5644,1802,620,8811,298509,44001,342510,7.2,13.4,345.4,5.61,55.33,1.80,66.35
csv,246,0,5834,1774,751,62113,8119063,642417,8761480,184.0,208.4,527.5,37.06,1465.71,8.10,1516.24
csv,247,0,5499,1911,650,64191,7805329,634409,8439738,177.2,201.1,520.7,36.92,1413.86,7.39,1462.61
csv,248,0,5711,1984,725,60749,6659570,676130,7335700,154.1,174.2,499.3,28.43,1180.16,9.03,1222.20
csv,249,0,7644,2777,1024,71532,12910532,851993,13762525,289.0,314.7,631.6,39.12,2208.02,9.29,2262.07
csv,250,0,7517,2398,838,43373,3332168,279509,3611677,75.8,100.8,421.9,40.04,556.64,6.14,608.91
csv,251,0,8543,3323,1641,115538,16078177,1054974,17133151,359.8,422.0,713.9,108.25,2785.41,50.82,2955.13
csv,252,0,13448,4236,1195,124079,24723402,1413418,26136820,548.9,601.2,895.0,93.31,4410.13,35.35,4547.52
csv,253,0,9604,3144,1412,136155,24035548,1743124,25778672,541.4,590.7,888.2,87.08,4247.02,27.69,4369.91
csv,254,0,4268,1534,816,103196,23566989,1518840,25085829,526.8,563.3,862.8,62.79,4205.01,21.61,4294.75
csv,255,0,6126,2231,1073,58595,9153116,657542,9810658,206.0,229.2,548.1,34.91,1573.95,10.02,1624.25
csv,256,0,6095,2263,1128,366606,132917864,6059454,138977318,2918.5,3045.5,3204.4,235.18,24284.40,135.01,24663.16
csv,257,0,6801,2148,630,13541,891812,94488,986300,20.7,28.3,360.3,7.53,150.12,2.81,164.79
csv,258,0,8789,2973,910,23543,1241823,158328,1400151,29.4,40.7,373.4,12.07,214.95,3.82,236.14
csv,259,0,6098,2218,970,46476,4883057,407529,5290586,111.1,131.1,459.3,29.93,842.42,9.46,887.83
csv,260,0,13564,4496,1498,166891,44597493,2261582,46859075,984.0,1043.7,1318.8,100.11,8086.48,37.69,8233.43
csv,261,0,5200,1554,656,130405,41856780,2222551,44079331,925.7,964.1,1249.8,60.73,7417.83,22.33,7505.76
csv,262,0,10126,3227,1092,17167,622574,97814,720388,15.1,24.8,357.6,10.74,115.74,4.74,137.16
csv,263,0,6156,2019,889,194000,33337702,3277460,36615162,768.9,817.6,1114.8,83.68,6170.21,14.34,6275.00
csv,264,0,4981,1704,624,99101,20113210,1281215,21394425,449.3,482.2,790.8,53.25,3509.01,26.32,3593.25
csv,265,0,9095,3113,1463,98086,13540499,941772,14482271,304.1,346.4,652.8,74.45,2363.48,15.57,2461.38
csv,266,0,7595,2041,734,50836,8837495,666776,9504271,199.6,219.1,540.8,27.36,1533.17,7.27,1572.28
csv,267,0,8919,2831,735,81440,20234596,1081436,21316032,447.6,476.2,783.4,48.30,3450.82,14.06,3518.93
csv,268,0,8309,2248,972,33376,2961080,319394,3280474,68.9,84.8,412.7,20.84,529.54,6.13,561.87
csv,269,0,7421,2196,673,31871,3389185,319422,3708607,77.9,89.8,420.0,14.52,572.02,4.39,595.68
csv,270,0,7089,2125,666,15105,771763,87269,859032,18.0,27.5,355.8,10.49,132.47,3.22,150.57
csv,271,0,8580,2952,1328,31329,1723519,167189,1890708,39.7,56.8,377.7,22.95,295.15,5.14,329.95
csv,272,0,7858,2624,721,30704,3311004,276482,3587486,75.3,87.6,418.4,15.20,548.39,4.64,572.63
csv,273,0,6063,1639,429,4993,130946,24417,155363,3.3,7.4,340.7,2.80,26.07,1.53,33.81
csv,274,0,8611,3043,1144,54060,5859519,368116,6227635,130.8,159.3,476.3,46.80,958.65,7.97,1020.13
csv,275,0,5803,1830,560,13651,496171,74884,571055,12.0,20.2,351.8,8.45,91.88,2.64,106.94
csv,276,0,5311,2058,1259,105932,11938814,867836,12806650,268.9,313.3,621.5,73.67,2072.54,9.82,2162.30
csv,277,0,9916,3369,1238,47873,5007522,447072,5454594,114.5,134.9,460.7,27.59,847.81,7.31,889.32
csv,278,0,5199,1850,1095,225710,61009986,3284910,64294896,1350.2,1434.5,1677.2,151.83,11018.55,77.05,11255.39
csv,279,0,5328,1859,878,95288,18842863,1343168,20186031,423.9,454.4,763.1,49.79,3343.83,26.35,3425.10
csv,280,0,5711,1850,915,175761,49116698,2446150,51562848,1082.8,1139.8,1408.8,107.43,9036.36,30.91,9180.50
csv,281,0,5368,1981,865,139666,33976238,1448059,35424297,743.9,825.8,1081.0,185.34,5912.94,40.70,6146.75
csv,282,0,9745,2877,980,40271,4445141,398552,4843693,101.7,117.6,445.4,20.88,789.47,8.36,823.88
csv,283,0,9389,3178,1053,138439,21272898,1795589,23068487,484.4,533.9,833.1,91.55,3828.99,41.72,3969.21
csv,284,0,5688,1986,683,44910,3925877,408155,4334032,91.0,107.5,434.8,22.61,713.64,5.45,745.86
csv,285,0,12997,4379,1835,146294,19663701,1229597,20893298,438.8,510.9,797.0,126.19,3481.42,27.47,3646.83
csv,286,0,7684,3057,1686,361611,143865833,6967086,150832919,3167.5,3316.3,3443.5,376.82,25787.81,125.94,26301.07
csv,287,0,6723,2221,982,40331,2261836,274609,2536445,53.3,73.2,400.7,27.61,399.84,6.57,439.57
csv,288,0,11145,3333,1499,24767,680512,114668,795180,16.7,31.5,362.8,19.30,130.93,7.81,165.55
csv,289,0,13047,4075,1457,40055,2083463,268068,2351531,49.4,69.5,398.3,26.16,382.24,5.60,421.86
csv,290,0,6703,2018,817,42781,3684764,361524,4046288,85.0,104.7,432.2,27.89,652.24,5.58,690.84
csv,291,0,10334,3288,1477,61097,6459555,594400,7053955,148.1,172.1,494.4,36.87,1155.60,15.41,1215.80
csv,292,0,8494,2633,481,11105,713638,94456,808094,17.0,23.1,355.2,5.36,125.22,2.35,137.17
csv,293,0,6298,2212,935,117061,20068753,1529743,21598496,453.6,491.5,796.8,59.25,3523.25,21.20,3609.72
csv,294,0,5433,2151,1138,136341,26458913,1491245,27950158,587.0,645.3,930.0,117.31,4633.98,41.00,4799.29
csv,295,0,5348,1889,977,35141,3753319,309426,4062745,85.3,102.6,426.8,26.43,635.11,7.64,674.39
csv,296,0,6617,2085,809,59781,5495286,413410,5908696,124.1,157.8,475.2,56.79,923.04,7.64,993.27
csv,297,0,15571,5139,1823,46450,3958976,306128,4265104,89.6,122.6,438.8,53.52,662.08,9.78,735.36
csv,298,0,12824,4086,1242,148962,45574148,2616074,48190222,1012.0,1057.1,1335.7,82.32,8318.90,28.52,8437.19
csv,299,0,2736,897,440,46775,7152122,629826,7781948,163.4,177.4,501.2,16.26,1218.13,4.43,1242.28
csv,300,0,7799,2091,496,5430,163184,27368,190552,4.0,8.8,343.8,3.60,30.97,1.78,40.33
csv,301,0,4684,2134,1097,140285,20215616,1524893,21740509,456.6,505.0,806.8,78.15,3515.47,32.81,3633.73
csv,302,0,8325,2661,744,32773,2769993,220812,2990805,62.8,78.8,407.3,20.89,456.83,5.07,488.52
csv,303,0,12720,4297,1398,18326,464435,69366,533801,11.2,23.1,355.7,13.82,86.09,3.81,111.73
csv,304,0,6232,1909,805,51576,8125317,523592,8648909,181.6,204.4,516.3,34.62,1402.28,12.88,1454.86
csv,305,0,5126,2064,644,47267,6114180,504711,6618891,139.0,156.1,474.3,23.76,1066.88,13.27,1108.45
csv,306,1,10581,4080,2210,476399,210467457,8967486,219434943,313.2,0.0,579.3,0.00,0.00,0.00,0.00
csv,307,0,9104,2822,998,74468,15610098,865111,16475209,346.0,372.1,685.0,42.53,2666.43,21.33,2736.09
csv,308,0,4803,1697,920,112544,20500363,1520140,22020503,462.4,505.0,806.1,72.63,3614.65,16.01,3710.14
csv,309,0,3236,1224,695,17317,705815,83864,789679,16.6,26.7,355.2,12.39,125.22,2.73,144.28
csv,310,0,6287,2207,807,65724,8851161,721602,9572763,201.0,226.4,542.5,38.01,1549.80,8.54,1601.15
csv,311,0,9267,2962,1078,186928,37987536,3036507,41024043,861.5,925.2,1198.7,120.41,7066.72,30.84,7224.90
csv,312,0,4027,1225,532,54144,6212248,489579,6701827,140.7,162.3,486.2,32.15,1029.63,3.69,1069.32
csv,313,0,7992,2844,878,148006,34099118,1408548,35507666,745.7,808.4,1081.7,112.46,5929.02,36.59,6084.62
csv,314,0,5892,2044,1006,50526,2781046,288541,3069587,64.5,95.8,412.9,50.11,491.04,13.73,562.05
csv,315,0,9707,3143,1201,182224,44436804,2218598,46655402,979.8,1091.8,1318.1,223.14,8075.06,36.34,8342.95
csv,316,0,6115,1807,687,44573,3617036,470281,4087317,85.8,100.6,432.0,21.16,671.29,14.78,711.68
csv,317,0,10128,3013,918,52186,5592742,440595,6033337,126.7,150.3,473.4,34.19,930.86,9.70,981.74
csv,318,0,11442,3705,1339,39927,2254572,242542,2497114,52.4,76.0,399.2,35.61,388.65,8.58,440.74
csv,319,0,3530,1044,452,9071,362373,52612,414985,8.7,14.4,345.3,4.89,64.19,1.32,73.42
csv,320,0,5180,1686,803,16811,442829,77020,519849,10.9,21.3,352.0,12.51,86.09,4.18,107.02
csv,321,0,4138,1437,489,20875,1215599,114985,1330584,27.9,40.9,367.8,17.90,201.60,1.85,224.88
csv,322,0,10256,3007,1195,52376,7033592,540003,7573595,159.0,178.5,501.2,27.10,1228.95,10.66,1272.81
csv,323,0,6113,2223,836,72526,10947498,940797,11888295,249.7,272.8,591.2,34.23,1933.05,12.07,1984.24
csv,324,0,8489,2935,1471,104938,11418731,927282,12346013,259.3,306.8,611.0,84.44,2078.45,18.51,2188.95
csv,325,0,4837,1566,617,7645,268056,49566,317622,6.7,12.0,346.7,4.35,50.93,1.78,60.82
csv,326,0,8560,2655,930,49061,6660195,527384,7187579,150.9,171.1,493.2,29.84,1156.87,6.23,1198.95
csv,327,0,6412,1862,862,52659,6730756,498905,7229661,151.8,171.1,493.1,27.28,1137.85,9.43,1179.85
csv,328,0,5631,1942,833,36947,3760197,353722,4113919,86.4,99.9,427.8,15.91,644.43,4.20,668.96
csv,329,0,8463,2543,1084,99301,11635536,848652,12484188,262.2,319.2,614.3,105.58,1995.14,19.41,2127.35
csv,330,0,7131,2278,649,26633,1596171,198849,1795020,37.7,49.9,380.0,14.34,284.30,3.59,306.70
csv,331,0,8120,2772,1060,63495,5744774,493999,6238773,131.0,162.2,479.8,48.94,993.18,11.89,1060.99
csv,332,0,3254,1078,441,12434,599572,67961,667533,14.0,22.2,351.7,9.48,103.11,1.76,117.65
csv,333,0,7442,2634,1282,90335,11898985,813457,12712442,267.0,300.9,617.0,52.14,2065.01,14.37,2138.13
csv,334,0,5742,1893,624,27957,2636496,251829,2888325,60.7,71.5,404.0,12.28,436.37,2.85,455.45
csv,335,0,3849,1331,756,29598,2140873,219921,2360794,49.6,62.6,393.9,16.38,363.48,3.06,387.09
csv,336,0,8935,2401,690,3474,45246,10148,55394,1.2,5.4,338.3,2.31,9.96,1.72,18.28
csv,337,0,8046,2922,1166,392263,171969765,8131615,180101380,3782.1,3895.4,4029.3,219.20,31490.76,106.85,31824.56
csv,338,0,9912,2876,857,72513,13922661,1009078,14931739,313.6,337.1,651.8,34.49,2452.22,8.57,2501.45
csv,339,0,6595,2154,1004,46457,5640528,460882,6101410,128.1,146.0,469.7,23.93,972.02,5.74,1007.00
csv,340,0,11958,4025,1972,252442,64496963,4045616,68542579,1439.4,1520.5,1770.3,142.29,12171.23,45.74,12369.68
csv,341,0,10009,3436,1119,76757,12232460,940679,13173139,276.6,309.8,623.2,54.15,2180.68,16.20,2257.79
csv,342,0,4799,1523,602,78712,13267124,1072641,14339765,301.1,324.3,639.8,31.16,2358.43,9.21,2403.19
csv,343,0,7502,2811,1011,32652,1953331,218692,2172023,45.6,63.8,390.5,25.15,338.82,4.69,374.66
csv,344,0,13510,4320,985,93252,17900303,1246551,19146854,402.1,433.3,743.1,47.04,3089.21,33.98,3177.88
csv,345,0,9210,3069,1483,75819,8645350,699756,9345106,196.2,229.5,548.9,48.89,1517.28,17.52,1592.49
csv,346,0,6226,2001,615,32847,3221355,322517,3543872,74.4,88.0,411.9,16.53,555.77,9.23,585.82
csv,347,0,8471,2309,562,20943,2568682,168356,2737038,57.5,67.2,396.7,11.69,443.76,2.52,462.28
csv,348,0,8445,2760,1023,108570,26260177,1563344,27823521,584.3,621.5,917.4,63.76,4672.34,8.89,4750.48
csv,349,0,6386,2006,669,21800,628519,91332,719851,15.1,25.0,357.3,11.62,112.34,4.73,133.14
csv,350,0,7141,2151,903,20165,848519,106238,954757,20.1,31.7,361.3,14.67,154.11,3.54,177.39
csv,351,0,7167,2148,925,47296,3267680,267670,3535350,74.2,96.9,421.4,35.54,544.02,6.90,592.00
csv,352,0,9937,2579,486,4225,84497,16410,100907,2.1,6.4,339.2,2.50,17.10,1.50,25.34
csv,353,0,2699,1233,629,227630,79598070,3614033,83212103,1747.5,1815.6,2052.7,124.78,14384.66,46.66,14560.84
csv,354,0,8336,2763,1254,15670,330154,57235,387389,8.1,22.3,352.9,19.56,66.38,6.03,98.62
csv,355,0,7385,2762,1168,80070,20677841,935951,21613792,453.9,484.2,789.7,49.28,3568.78,16.70,3641.68
csv,356,0,10588,3700,1517,105526,11797526,1023175,12820701,269.2,311.4,623.6,63.30,2063.64,14.08,2149.24
csv,357,0,6803,2166,960,137383,24147620,1586375,25733995,540.4,592.3,885.2,95.59,4206.26,21.42,4329.35
csv,358,0,5199,1574,657,54686,11417784,736255,12154039,255.2,273.5,594.1,27.80,1966.82,10.01,2008.51
csv,359,0,8926,2848,1202,51972,4954745,423745,5378490,112.9,142.7,459.6,50.63,858.48,12.08,927.84
csv,360,0,9913,3347,819,11914,731976,82662,814638,17.1,24.0,359.7,5.89,130.39,3.34,145.07
csv,361,0,10004,3263,836,10298,264471,42229,306700,6.4,14.6,348.2,8.03,51.07,4.02,68.80
csv,362,0,8331,2696,957,120618,22253495,1842122,24095617,506.0,541.0,847.0,53.68,3967.29,18.54,4044.97
csv,363,0,8470,3228,856,114746,26430879,1428899,27859778,585.1,617.0,919.8,47.35,4464.76,10.93,4529.46
csv,364,0,7302,2234,650,28919,2774613,203228,2977841,62.5,74.8,403.3,15.36,460.29,3.00,483.67
csv,365,0,8604,2165,790,28706,2106879,190415,2297294,48.2,61.9,394.5,17.55,356.10,3.80,382.92
csv,366,0,2339,752,319,13681,1056068,129302,1185370,24.9,31.0,362.0,5.91,191.16,1.93,201.61
csv,367,0,5091,1617,803,20349,949331,109400,1058731,22.2,34.4,366.5,15.84,163.61,2.50,186.66
csv,368,0,5052,1704,738,63666,10766913,616378,11383291,239.0,268.4,582.2,55.95,1822.65,20.78,1904.60
csv,369,0,9944,3017,960,39907,2369749,289838,2659587,55.9,78.5,403.3,33.73,414.13,6.27,461.05
csv,370,0,8316,2459,830,48585,7526427,536230,8062657,169.3,184.8,511.7,19.01,1252.49,5.61,1282.44
csv,371,0,7984,2686,965,94502,18757996,1095038,19853034,416.9,454.0,756.3,57.98,3238.61,17.11,3319.62
csv,372,0,6429,2390,832,45775,3835243,286780,4122023,86.6,108.9,427.8,34.97,646.86,8.47,696.36
csv,373,0,5490,1753,783,40344,3530549,265525,3796074,79.7,104.3,419.0,39.67,590.71,8.96,644.73
csv,374,0,8489,2583,988,144251,38533009,2156285,40689294,854.5,908.1,1185.3,92.50,6918.66,25.86,7043.98
csv,375,0,6128,2686,858,104864,14390060,837598,15227658,319.8,363.2,667.7,81.50,2496.08,12.19,2596.35
csv,376,0,10689,3153,1300,39869,3063210,260128,3323338,69.8,94.5,416.0,34.65,520.97,10.38,573.70
csv,377,0,5622,2211,1102,118181,26855541,1343849,28199390,592.2,646.8,933.5,94.96,4704.00,64.57,4871.80
csv,378,0,8052,2580,1040,98961,10656292,1010409,11666701,245.0,291.1,594.8,113.14,1843.06,32.81,1996.13
csv,379,0,4145,1305,596,19632,922266,131952,1054218,22.1,32.7,364.4,11.99,163.83,2.05,181.85
csv,380,0,9820,3436,1181,324641,105994125,5106458,111100583,2333.1,2443.4,2639.2,206.75,18980.26,95.36,19291.97
csv,381,0,11370,4037,1293,150813,34033299,1828032,35861331,753.1,811.0,1096.0,106.32,6084.90,50.60,6252.21
csv,382,0,8216,2256,786,67939,10512366,760607,11272973,236.7,259.2,581.4,34.25,1887.12,8.13,1934.74
csv,383,0,6858,2316,905,91729,19497145,940543,20437688,429.2,471.0,770.8,77.49,3334.47,38.07,3455.79
csv,384,0,7769,2536,1115,315842,125160311,5958527,131118838,2753.5,2857.5,3034.2,199.83,23339.02,58.10,23604.11
csv,385,0,7371,2457,657,43414,4468802,441803,4910605,103.1,118.9,445.4,19.91,788.48,3.68,816.40
csv,386,0,10314,3592,1442,118394,18468237,1096480,19564717,410.9,470.4,762.8,111.60,3235.66,28.78,3385.11
csv,387,0,5847,1879,889,21085,639788,97253,737041,15.5,27.9,358.1,16.59,123.31,8.50,153.55
csv,388,0,10376,3659,1115,80749,6771243,783983,7555226,158.7,186.1,507.5,37.95,1185.80,11.12,1241.94
csv,389,0,4835,2004,1032,185504,48769331,2468075,51237406,1076.0,1148.9,1409.3,150.38,8837.43,29.61,9024.54
csv,390,0,5732,2257,742,58053,13048890,640423,13689313,287.5,309.6,627.9,34.37,2230.67,14.54,2284.78
csv,391,0,7230,2587,987,50417,5141342,527926,5669268,119.1,136.0,462.3,20.09,899.82,7.73,932.83
csv,392,0,6721,1584,522,3649,42439,10373,52812,1.1,5.3,339.9,2.73,9.66,1.03,16.97
csv,393,0,7869,2588,1088,94744,14118555,954784,15073339,316.5,355.6,663.2,64.22,2390.84,22.31,2484.11
csv,394,0,5063,1553,555,30261,3765922,316071,4081993,85.7,98.4,426.4,18.22,656.70,4.04,682.78
csv,395,0,8617,2709,958,19760,1187875,143735,1331610,28.0,38.7,371.6,11.79,204.19,4.04,225.29
csv,396,0,7188,2997,1309,357842,160317792,5318912,165636704,3478.4,3650.4,3743.2,379.90,29044.95,175.70,29612.10
csv,397,0,7758,3091,569,23872,1277370,145454,1422824,29.9,42.6,373.7,15.65,223.35,4.19,248.74
csv,398,0,3841,1365,657,22826,1264607,162419,1427026,30.0,41.6,373.9,16.49,229.03,2.05,251.74
csv,399,0,11614,3993,1401,63644,7579194,590709,8169903,171.6,197.3,519.5,36.67,1267.68,26.53,1338.78
csv,400,0,7829,2570,1153,69941,8685033,725414,9410447,197.6,226.1,544.8,44.03,1573.46,13.99,1638.03
csv,401,0,6697,1995,818,39017,2436912,277997,2714909,57.0,72.1,402.2,19.31,414.74,4.10,443.11
csv,402,0,7039,2149,586,18032,959292,134544,1093836,23.0,31.7,368.6,9.28,168.51,2.83,184.82
csv,403,0,9132,2875,1046,134759,28182794,1605895,29788689,625.6,684.9,972.7,109.47,4981.97,46.07,5145.86
csv,404,0,9482,3155,1234,55322,6830050,616048,7446098,156.4,180.0,502.7,35.83,1242.77,16.70,1302.03
csv,405,0,6958,2165,931,123117,18782125,1582208,20364333,427.7,468.5,777.2,64.93,3356.02,23.94,3450.62
csv,406,0,9011,2914,956,25939,1442530,160560,1603090,33.7,48.5,376.8,19.59,257.13,6.26,289.17
csv,407,0,8099,2655,844,68879,10579886,654791,11234677,235.9,261.3,576.8,42.08,1831.69,9.64,1889.44
csv,408,0,7901,2558,1066,29657,3434475,284629,3719104,78.1,91.3,421.2,17.07,594.08,4.21,620.47
csv,409,0,4287,1536,688,93646,18921515,1341549,20263064,425.5,459.4,763.8,54.19,3303.60,11.62,3374.37
csv,410,0,7189,2482,1038,205790,70724314,2865338,73589652,1545.4,1632.2,1859.7,184.45,13171.52,49.85,13413.56
csv,411,0,9682,3319,875,59664,8966837,729167,9696004,203.6,224.1,549.2,29.23,1595.85,12.02,1643.37
csv,412,0,3352,1043,460,30558,2667754,250514,2918268,61.3,75.2,406.7,18.29,453.22,4.68,479.87
csv,413,0,4300,1224,448,12405,486069,87354,573423,12.0,18.3,349.8,5.60,94.93,2.42,106.20
csv,414,0,8955,2950,1280,143865,23378722,1767241,25145963,528.1,577.2,876.4,82.94,4185.56,25.76,4302.32
csv,415,0,11682,3674,1753,46520,2894073,334790,3228863,67.8,89.0,417.6,26.43,507.85,10.11,552.45
csv,416,0,11167,3673,1018,59762,7830677,554959,8385636,176.1,207.4,522.3,58.62,1391.35,18.53,1475.65
csv,417,0,8734,3052,1197,190796,36498661,2182126,38680787,812.3,896.9,1159.6,172.35,6557.01,57.70,6796.30
csv,418,0,5339,1590,634,23871,1631343,181319,1812662,38.1,50.0,376.8,14.03,275.61,3.18,296.92
csv,419,0,3701,1079,519,28041,2674378,252976,2927354,61.5,72.4,402.9,12.36,450.91,3.26,470.17
csv,420,0,8269,2806,1180,97990,16344113,1169855,17513968,367.8,403.8,715.1,55.98,2877.57,30.76,2971.38
csv,421,0,6164,2019,933,74907,17268892,1177895,18446787,387.4,408.1,721.7,27.72,3033.12,8.97,3074.53
csv,422,0,7039,2021,749,142497,37231170,2381823,39612993,831.9,872.1,1160.7,64.79,6846.33,30.28,6946.93
csv,423,0,4379,1337,381,10598,433202,63491,496693,10.4,16.6,349.0,5.66,78.75,1.75,89.43
csv,424,0,10618,2789,942,14285,473447,64204,537651,11.3,21.1,349.7,12.38,86.62,3.91,108.75
csv,425,0,2800,966,431,21203,1107038,143192,1250230,26.3,37.8,365.9,15.79,199.40,2.61,221.59
csv,426,0,6344,2480,1042,56558,6194280,499376,6693656,140.6,163.9,487.1,34.77,1087.56,9.21,1137.36
csv,427,0,8670,2935,920,44743,6504420,525075,7029495,147.6,164.2,487.2,21.65,1133.93,7.16,1168.42
csv,428,0,9180,2711,991,10817,319219,48382,367601,7.7,16.2,348.0,8.96,61.57,3.71,79.53
csv,429,0,5371,1902,906,161003,34189833,2126253,36316086,762.6,808.6,1098.7,77.46,6213.07,35.49,6331.81
csv,430,0,4483,1353,707,79040,15280899,1135394,16416293,344.7,370.9,683.9,39.49,2660.45,13.26,2717.63
csv,431,0,9013,3162,1653,89812,7114876,518053,7632929,160.3,219.6,518.6,106.93,1220.70,12.95,1349.98
csv,432,0,8557,2687,1020,43823,3423781,355653,3779434,79.4,100.9,427.7,36.84,614.40,14.25,671.98
csv,433,0,8575,3175,1512,147410,28595512,1617793,30213305,634.5,702.2,981.8,135.14,5121.85,35.35,5301.28
csv,434,0,8625,3064,1270,66442,6550521,614956,7165477,150.5,175.5,498.1,37.75,1169.10,11.76,1225.39
csv,435,0,8012,2943,923,173465,42228559,2809560,45038119,945.8,996.2,1278.2,86.09,7728.13,39.89,7859.91
csv,436,0,4629,1335,320,1808,18379,4752,23131,0.5,3.9,337.4,1.76,4.42,0.99,10.08
csv,437,0,10831,3354,1176,56340,7279850,662985,7942835,166.8,188.8,513.5,30.74,1291.08,8.71,1337.78
csv,438,0,11685,4216,1269,42770,2084728,279960,2364688,49.7,66.8,397.7,19.40,365.67,5.48,397.36
csv,439,0,6027,2154,781,42881,5298514,357763,5656277,118.8,139.8,462.3,32.26,910.26,8.37,956.00
csv,440,0,9962,3488,1683,56190,2875734,303882,3179616,66.8,96.3,418.9,44.42,518.01,13.55,585.30
csv,441,0,3892,1454,751,50860,5842662,440219,6282881,131.9,164.5,476.7,57.94,1010.71,11.29,1084.52
csv,442,0,11535,3402,1550,39193,2481143,299505,2780648,58.4,81.1,404.1,34.18,458.80,10.13,511.15
csv,443,0,5912,1745,727,24157,1681656,156137,1837793,38.6,52.3,379.7,17.46,280.60,2.68,305.58
csv,444,0,10609,3284,1617,24028,731476,92055,823531,17.3,33.9,364.9,23.92,134.17,6.63,172.24
csv,445,0,7386,2802,1385,126900,33001433,1659349,34660782,727.9,770.5,1060.8,71.52,5855.34,18.79,5952.81
csv,446,0,3754,1278,550,57425,9190836,598402,9789238,205.6,229.4,546.2,42.24,1611.15,10.92,1668.22
csv,447,0,9907,3036,1215,196527,86636741,3991394,90628135,1903.2,1959.8,2194.7,95.43,15578.32,101.54,15782.65
csv,448,0,7626,2189,800,31118,2236964,221640,2458604,51.6,66.8,394.2,19.40,378.43,5.81,409.12
csv,449,0,5799,1932,545,35296,3219304,282167,3501471,73.5,87.8,414.2,17.69,550.45,6.84,578.82
csv,450,0,7250,2782,1101,207666,61789572,2920152,64709724,1358.9,1437.6,1681.8,160.14,11239.13,54.86,11461.72
csv,451,0,11710,4036,1265,61270,5093465,421420,5514885,115.8,143.7,469.7,41.39,844.61,7.77,901.22
csv,452,0,13459,3918,1501,128730,38627338,1751208,40378546,847.9,890.6,1175.5,65.94,6827.72,51.40,6953.03
csv,453,0,5170,1823,884,114470,28806551,1682594,30489145,640.3,680.9,974.4,64.83,5068.83,22.66,5161.48
csv,454,0,9586,3066,1002,63528,7305920,654357,7960277,167.2,192.6,515.3,36.04,1238.80,8.81,1290.02
csv,455,0,7002,2301,578,17651,1158608,127842,1286450,27.0,35.3,368.6,8.39,202.52,2.92,218.10
csv,456,0,8465,2484,773,4574,96348,16761,113109,2.4,6.8,343.6,2.75,20.00,1.81,29.28
csv,457,0,8274,2697,817,37502,3072735,328747,3401482,71.4,88.3,416.3,21.72,528.99,4.02,559.99
csv,458,0,4490,1465,714,53880,4832024,423557,5255581,110.4,134.5,456.8,37.94,822.29,5.90,871.07
csv,459,0,9862,3104,884,52623,8583992,543378,9127370,191.7,211.9,534.9,29.25,1484.97,8.12,1527.81
csv,460,0,3702,1539,819,115496,22046028,1275151,23321179,489.7,530.3,829.8,63.50,3843.25,16.04,3928.25
csv,461,0,5456,1782,538,33873,3282189,293926,3576115,75.1,88.3,417.6,19.97,561.94,3.18,588.91
csv,462,0,6329,1791,679,16452,1113108,130158,1243266,26.1,34.6,366.3,9.43,191.12,3.04,207.71
csv,463,0,4247,1270,445,21144,1368740,143307,1512047,31.8,41.2,373.7,10.14,229.94,1.98,245.68
csv,464,0,10197,3580,1100,200300,36037057,2211494,38248551,803.2,886.4,1150.5,187.24,6343.28,22.13,6562.48
csv,465,0,12269,4121,1399,40373,3954716,358886,4313602,90.6,107.4,435.4,21.84,710.34,7.98,747.68
csv,466,0,9682,3325,1195,212444,71956988,3110284,75067272,1576.4,1648.4,1889.6,149.18,13130.59,50.30,13337.71
csv,467,0,10287,3540,1438,82621,9801892,657745,10459637,219.7,254.7,571.0,56.79,1671.13,8.30,1744.27
csv,468,0,9344,3147,1073,42616,3242354,380499,3622853,76.1,92.3,422.0,20.41,592.01,9.16,627.54
csv,469,0,11475,4797,1150,186046,38570654,2207393,40778047,856.3,931.9,1201.0,158.15,7012.69,74.00,7255.62
csv,470,0,9159,2935,803,14758,405212,64259,469471,9.9,19.2,351.4,10.40,76.27,3.44,95.46
csv,471,0,5254,1513,654,100734,9926801,897516,10824317,227.3,262.1,573.3,85.71,1714.10,14.25,1819.59
csv,472,0,8004,2470,1138,117177,41373648,1678955,43052603,904.1,947.2,1226.6,76.74,7328.32,43.18,7455.10
csv,473,0,8346,3163,1562,142353,27178634,1510077,28688711,602.5,669.1,945.6,129.80,4821.27,54.64,5016.88
csv,474,0,9087,2699,953,80426,13025977,537627,13563604,284.8,321.1,617.0,72.32,2241.57,9.78,2329.50
csv,475,0,7927,2641,900,27353,2113707,235448,2349155,49.3,60.9,381.4,12.84,359.60,5.01,382.43
csv,476,0,5344,1422,579,73674,14244206,1100921,15345127,322.2,344.1,659.7,30.54,2558.19,11.87,2604.52
csv,477,0,7246,2168,982,98999,15750560,1167700,16918260,355.3,390.6,702.2,59.33,2810.79,31.58,2907.73
csv,478,0,4774,1418,521,24395,1551814,170108,1721922,36.2,48.6,382.2,15.54,279.62,5.26,303.94
csv,479,0,6381,2258,971,21042,773823,103830,877653,18.4,31.6,361.8,17.31,139.91,3.23,165.65
csv,480,0,10201,3477,1641,397681,154510159,7089201,161599360,3393.6,3515.2,3666.5,258.37,27702.41,91.11,28062.65
csv,481,0,6256,2483,1113,228330,23329747,3297840,26627587,559.2,623.0,924.5,126.32,4555.78,36.06,4724.78
csv,482,0,7307,2763,1269,76946,11186444,798003,11984447,251.7,286.0,599.7,52.57,1938.54,23.73,2022.66
csv,483,0,7916,2694,1258,108605,23732682,1496468,25229150,529.8,572.5,869.9,71.12,4216.40,33.30,4328.35
csv,484,0,9601,3672,1210,328858,172221103,5826685,178047788,3739.0,3871.8,3982.7,289.38,30795.09,169.05,31263.79
csv,485,0,3278,1127,538,25081,2518157,237305,2755462,57.9,68.2,400.3,13.23,452.75,2.36,472.06
csv,486,0,10720,3893,1360,29244,1559050,190681,1749731,36.7,52.1,383.8,19.92,274.06,18.21,320.06
csv,487,0,7691,2285,747,10733,233945,50596,284541,6.0,13.5,346.1,7.54,47.83,2.37,62.22
csv,488,0,7881,2672,932,92999,23928562,1581829,25510391,535.7,562.9,870.6,40.98,4199.44,15.32,4261.67
csv,489,0,3198,1066,552,17086,717667,117357,835024,17.5,26.5,357.3,9.50,128.64,1.75,143.51
csv,490,0,6687,1690,565,14708,735239,98859,834098,17.5,25.3,358.7,7.80,127.90,2.87,142.35
csv,491,0,10975,4002,1627,72084,5702457,413684,6116141,128.4,163.8,481.3,58.17,945.85,14.40,1027.15
csv,492,0,8143,2861,1409,61732,5373228,503313,5876541,123.4,151.4,473.8,41.20,935.53,18.05,1002.25
csv,493,0,11302,3658,1240,80549,9045886,658894,9704780,203.8,240.7,556.9,58.32,1594.85,20.31,1681.34
csv,494,0,6584,2177,1056,113576,19054351,1255298,20309649,426.5,466.9,773.4,71.67,3445.42,14.59,3537.19
csv,495,0,10804,3806,1429,114606,23885276,1300969,25186245,528.9,583.0,875.9,103.35,4176.07,41.20,4329.07
csv,496,1,12253,3723,1587,471250,291824409,12380364,304204773,2093.3,0.0,579.3,0.00,0.00,0.00,0.00
csv,497,0,14144,4040,1878,106878,13993627,1161248,15154875,318.3,357.8,670.4,61.63,2531.06,35.24,2636.59
csv,498,0,6255,2460,1221,38527,1423775,178307,1602082,33.6,57.3,383.0,35.93,262.69,10.27,315.73
csv,499,0,4387,1631,844,73422,8330520,682106,9012626,189.3,225.2,537.3,60.51,1459.21,22.27,1547.51
csv,500,0,12601,3977,1468,68913,7950611,498064,8448675,177.4,217.6,528.3,82.52,1351.15,26.14,1468.31
csv,501,0,5474,1858,475,42659,5694980,531317,6226297,130.8,144.9,471.8,17.54,983.65,4.45,1009.35
csv,502,0,7721,2581,1094,165147,54302687,2800719,57103406,1199.2,1259.2,1521.4,127.61,9938.56,90.02,10162.95
csv,503,0,9246,2825,1054,33763,1592959,198811,1791770,37.6,58.2,384.0,35.28,277.94,7.46,326.93
csv,504,0,9914,3233,901,21434,1064307,107918,1172225,24.6,37.3,370.5,16.30,183.08,5.36,211.04
csv,505,0,9457,2860,897,28016,891593,174993,1066586,22.4,38.4,369.2,21.54,171.18,5.30,204.31
csv,506,0,4304,1520,568,32470,2296163,187669,2483832,52.2,71.6,397.1,29.90,375.32,5.90,416.13
csv,507,0,12436,3840,1527,33348,1170112,138199,1308311,27.5,49.5,375.8,31.27,212.58,7.74,261.14
csv,508,0,6811,2350,1233,111174,22884350,1288396,24172746,507.6,554.7,843.8,84.84,4032.81,31.83,4156.36
csv,509,0,12048,3701,1245,69092,12192704,845103,13037807,273.8,300.7,610.2,43.34,2143.86,32.10,2227.06
csv,510,0,10429,3674,1342,69615,6272536,468518,6741054,141.6,190.0,492.5,89.49,1073.77,18.53,1191.62
csv,511,0,5429,1976,881,67522,11088378,595912,11684290,245.4,282.4,591.3,68.55,1898.01,14.98,1986.84
csv,512,0,5275,1727,662,101172,25327143,1419585,26746728,561.7,592.9,893.3,45.31,4426.72,18.38,4495.01
csv,513,0,4847,2089,847,170416,54820567,2924161,57744728,1212.6,1261.9,1532.4,83.69,9958.61,34.79,10082.80
csv,514,0,6939,1872,368,9682,337056,57469,394525,8.3,14.0,345.2,4.65,63.02,1.68,73.15
csv,515,1,5537,1977,1083,424028,207137730,9274888,216412618,249.7,0.0,578.5,0.00,0.00,0.00,0.00
csv,516,0,6722,2355,1255,124268,19000177,1243901,20244078,425.1,480.3,774.3,150.54,3306.50,48.20,3513.08
csv,517,0,11084,3575,997,50920,4568542,497704,5066246,106.4,129.2,453.4,31.43,797.86,8.28,844.46
csv,518,0,7372,2354,1100,63742,12101325,639409,12740734,267.6,297.6,610.7,51.74,2062.03,10.24,2130.47
csv,519,0,9086,3198,1161,30088,2188682,235298,2423980,50.9,64.8,396.3,16.31,369.37,6.58,398.05
csv,520,0,6359,1701,550,8117,210080,40489,250569,5.3,11.3,342.2,5.29,41.16,1.84,52.16
csv,521,0,3940,1391,641,53129,8465986,524923,8990909,188.8,208.9,526.7,32.08,1426.80,9.75,1472.89
csv,522,0,5084,1959,697,19020,354483,44535,399018,8.4,24.0,351.5,28.78,65.35,3.19,102.09
csv,523,0,6112,2220,1191,318898,81663518,4544392,86207910,1810.4,1932.3,2140.2,248.65,15217.01,87.36,15562.22
csv,524,0,9514,3245,1042,93053,18925510,957332,19882842,417.5,454.8,757.8,62.53,3172.11,33.69,3275.56
csv,525,0,7351,2491,830,6450,64488,21655,86143,1.8,8.1,340.7,7.34,15.19,1.61,28.74
csv,526,0,4551,1349,615,23815,2027176,209149,2236325,47.0,58.4,385.5,14.65,346.12,4.41,369.01
csv,527,0,3093,1052,627,69072,10281620,889597,11171217,234.6,258.0,577.7,32.47,1797.06,7.06,1840.36
csv,528,0,8373,2695,855,16510,523946,83934,607880,12.8,21.9,351.3,9.56,98.43,4.68,118.09
csv,529,0,6790,2295,675,108111,25525503,1629207,27154710,570.2,603.7,906.5,56.05,4501.32,19.28,4582.06
csv,530,0,8841,2637,866,94515,22280868,1323267,23604135,495.7,525.6,832.9,48.28,3906.06,13.10,3972.59
csv,531,0,11753,3686,1491,97672,12297248,1097383,13394631,281.3,319.6,630.3,56.43,2222.82,21.23,2308.55
csv,532,0,5690,2144,791,85235,16481013,1255981,17736994,372.5,401.6,714.3,47.19,2909.44,13.62,2975.43
csv,533,0,5484,1497,688,28710,2386404,181778,2568182,53.9,72.8,393.2,29.89,400.71,10.00,446.38
csv,534,0,8073,2478,844,24377,2294535,171632,2466167,51.8,64.6,393.6,16.57,375.72,6.37,403.73
csv,535,0,6660,2149,842,90889,21106979,1154691,22261670,467.5,503.5,802.8,61.23,3754.21,40.16,3860.98
csv,536,0,13657,4555,1516,49429,5055436,414850,5470286,114.9,134.8,460.2,28.61,863.02,236.23,1136.78
csv,537,0,5948,2331,997,73626,12520464,965192,13485656,283.2,306.1,623.2,30.86,2183.97,18.64,2238.35
csv,538,0,8180,2501,1158,17953,894395,107749,1002144,21.0,31.7,361.8,12.74,152.98,3.00,174.42
csv,539,0,8524,3175,870,65933,8897770,647216,9544986,200.4,230.3,543.2,50.76,1537.85,50.79,1645.51
csv,540,0,5430,1785,843,111774,15033111,1190623,16223734,340.7,387.8,690.3,82.50,2644.23,11.63,2744.43
csv,541,0,9859,3307,1351,103052,25897196,1564585,27461781,576.7,613.7,913.0,57.92,4582.32,30.50,4678.16
csv,542,0,6840,2033,721,33086,2242696,253881,2496577,52.4,69.4,394.3,23.25,383.92,3.75,416.22
csv,543,0,11465,3885,1122,68900,11928756,803950,12732706,267.4,293.1,608.6,36.86,2076.50,9.65,2129.84
csv,544,0,4229,1689,826,184233,54238287,3144542,57382829,1205.0,1260.3,1527.2,90.73,9833.93,37.43,9967.69
csv,545,0,6205,1949,815,85608,10898828,782799,11681627,245.3,287.3,592.5,76.58,1871.86,16.77,1970.44
csv,546,0,8954,2844,889,22226,1810040,191652,2001692,42.0,53.3,385.9,15.49,336.41,4.39,361.72
csv,547,0,10654,3972,1838,246104,56183521,3007309,59190830,1243.0,1361.8,1587.7,237.35,10063.65,82.23,10396.39
csv,548,0,11448,3471,1493,225530,63629808,3448716,67078524,1408.6,1504.0,1735.7,200.05,11960.51,154.18,12324.48
csv,549,0,7081,2206,553,15699,1084880,142831,1227711,25.8,33.4,366.9,7.60,192.63,3.02,207.28
csv,550,0,10496,3584,1020,102566,16120361,1419236,17539597,368.3,397.4,713.7,40.73,2851.24,20.91,2919.44
csv,551,0,15183,5012,1865,48907,4457899,354948,4812847,101.1,132.0,450.5,46.77,779.42,26.64,862.80
csv,552,0,7259,2805,999,254533,107565455,5353621,112919076,2371.3,2443.2,2658.3,131.99,19971.14,45.85,20155.42
csv,553,0,6497,2302,1219,66660,5998274,435236,6433510,135.1,170.8,486.8,58.41,994.07,12.70,1073.36
csv,554,0,10425,3024,789,7138,184717,15031,199748,4.2,10.7,345.2,6.92,32.10,1.95,46.17
csv,555,0,9254,2945,1072,44696,3233708,262759,3496467,73.4,95.4,421.0,33.57,534.42,4.06,578.01
csv,556,0,12095,3734,1189,36871,2099029,206367,2305396,48.4,70.9,397.3,32.88,361.22,14.23,416.22
csv,557,0,7827,2626,787,104318,18440113,1155760,19595873,411.5,453.8,753.0,78.43,3248.70,15.82,3348.41
csv,558,0,4099,1205,363,24345,1821069,235759,2056828,43.2,52.1,386.8,9.09,324.94,2.29,339.59
csv,559,0,11007,3601,1502,96968,14084147,843314,14927461,313.5,372.4,668.1,106.83,2492.93,29.55,2640.35
csv,560,0,3444,1250,619,21281,1238419,123888,1362307,28.6,39.8,373.3,13.83,211.13,3.30,231.79
csv,561,0,8682,3019,1192,193776,42284251,2418134,44702385,938.8,1051.2,1285.6,281.77,7574.64,73.85,7941.57
csv,562,0,6203,1955,730,13621,494506,63788,558294,11.7,20.4,352.3,9.33,87.33,1.68,102.55
csv,563,0,7402,2437,918,99423,13275098,1074917,14350015,301.4,334.6,646.8,55.09,2395.43,15.29,2470.82
csv,564,0,7389,2403,852,135726,21591995,1748209,23340204,490.1,532.1,834.8,67.68,3882.19,17.07,3973.26
csv,565,0,9574,3191,853,187923,79330089,3810234,83140323,1745.9,1808.5,2044.5,110.37,14279.83,47.02,14444.96
csv,566,0,3766,1297,550,18862,1389803,120138,1509941,31.7,42.0,371.6,13.64,229.74,7.03,254.08
csv,567,0,6920,2332,1082,98508,16448363,1189952,17638315,370.4,403.4,714.2,49.53,2878.54,17.06,2951.28
csv,568,0,8937,3582,1020,151820,27252885,1772301,29025186,609.5,668.3,957.2,97.05,4848.43,25.83,4980.75
csv,569,0,11679,3888,954,52235,4249204,398638,4647842,97.6,122.8,447.3,38.48,723.15,10.84,779.64
csv,570,0,9808,3091,1160,23838,1062129,128476,1190605,25.0,37.5,367.8,14.94,185.93,6.45,213.20
csv,571,0,8065,2431,865,83829,11329439,715210,12044649,252.9,290.8,601.0,73.17,1943.19,26.48,2048.83
csv,572,0,5286,1891,745,21887,1184313,134099,1318412,27.7,39.5,367.7,14.63,204.67,3.56,227.73
csv,573,0,6277,2059,914,263164,107473680,4912489,112386169,2360.1,2453.1,2651.2,209.10,19515.85,66.93,19799.26
csv,574,0,8714,2597,605,38496,3897726,355410,4253136,89.3,103.7,430.8,18.75,682.62,7.25,713.41
csv,575,0,9706,3168,1137,89141,10997793,902973,11900766,249.9,284.9,592.5,54.59,1889.91,21.88,1973.72
csv,576,0,6018,2320,1237,144388,33831542,1554402,35385944,743.1,826.3,1073.3,158.88,6089.63,36.64,6294.09
csv,577,0,3619,1055,332,9128,442792,64695,507487,10.7,15.7,337.0,3.84,77.06,1.52,85.23
csv,578,0,7187,2444,784,48144,6677783,401235,7079018,148.7,170.3,490.2,34.84,1143.81,4.83,1188.43
csv,579,0,3802,1446,848,165488,36304515,1937098,38241613,803.1,858.9,1143.6,99.80,6299.35,40.98,6446.07
csv,580,0,6749,2028,936,52927,4028377,305478,4333855,91.0,115.9,437.9,36.80,658.71,13.42,715.50
csv,581,0,11058,3637,1170,54758,6572985,469588,7042573,147.9,173.6,495.5,40.54,1109.84,9.15,1166.47
csv,582,0,11039,3808,1295,335999,121536383,4553206,126089589,2647.9,2775.2,2942.8,281.96,22097.63,79.85,22469.12
csv,583,0,13879,5235,1817,178363,36778268,1947749,38726017,813.2,896.2,1160.9,163.13,6580.00,63.27,6818.67
csv,584,0,9319,3230,1090,36020,2731978,287257,3019235,63.4,79.8,406.2,20.13,477.35,7.43,510.80
csv,585,0,8878,3145,1826,91974,9633797,660239,10294036,216.2,273.5,570.3,106.85,1674.28,37.22,1829.50
csv,586,0,8696,2673,923,107379,23805565,1646495,25452060,534.5,574.6,872.1,69.98,4279.71,31.79,4387.60
csv,587,0,9527,3159,1499,195215,38316364,3151036,41467400,870.8,946.7,1216.2,166.60,7024.60,55.63,7256.47
csv,588,0,6341,1952,808,53162,6911922,593983,7505905,157.6,178.9,500.7,29.21,1214.05,8.96,1257.17
csv,589,0,3744,1253,719,48190,6475047,478346,6953393,146.0,165.4,489.2,30.37,1114.10,5.85,1154.65
csv,590,0,6632,1930,585,18574,967165,129692,1096857,23.0,32.9,363.6,11.38,169.56,2.70,187.87
csv,591,0,7323,2079,674,24449,1347621,146126,1493747,31.4,44.8,373.4,18.20,234.94,3.29,261.31
csv,592,0,11346,3750,1654,93116,14714580,1026783,15741363,330.6,363.0,676.3,51.72,2563.73,16.61,2639.49
csv,593,0,11166,3251,1523,73127,13641914,915523,14557437,305.7,335.2,649.2,45.61,2361.74,24.46,2439.91
csv,594,0,5885,1690,558,13669,1051564,90284,1141848,24.0,31.8,367.2,8.76,169.81,1.58,183.92
csv,595,0,5550,1965,1038,43074,3479274,282039,3761313,79.0,103.1,425.1,38.81,602.27,10.34,657.08
csv,596,0,7212,2705,1331,36117,1793439,203123,1996562,41.9,64.7,387.2,32.69,315.43,8.40,363.76
csv,597,0,10920,3741,1214,48456,5742643,450689,6193332,130.1,152.2,475.8,31.16,974.07,10.33,1021.85
csv,598,0,11603,3880,1242,62592,10737372,721811,11459183,240.6,269.1,584.3,41.89,1872.90,23.62,1946.39
csv,599,0,5984,1914,694,19246,585499,96614,682113,14.3,26.2,356.8,14.61,110.33,3.15,132.38
csv,600,0,12448,3818,1314,14240,250033,54023,304056,6.4,16.2,348.2,10.48,52.65,5.51,75.51
csv,601,0,5134,1384,382,6156,176890,34370,211260,4.4,9.0,344.4,3.17,34.80,1.73,43.08
csv,602,0,5735,1931,1124,161131,40080971,2310169,42391140,890.2,945.5,1222.7,97.07,7279.43,19.73,7403.15
csv,603,0,5129,1752,629,11133,313487,49080,362567,7.6,15.1,349.6,8.50,57.55,6.83,76.95
csv,604,0,7200,2222,888,58268,11319804,686473,12006277,252.1,271.5,592.8,29.95,1970.63,7.29,2012.22
csv,605,0,7110,2182,1151,25542,1530071,168858,1698929,35.7,47.6,378.9,13.34,262.37,4.45,285.67
csv,606,0,6154,1905,1048,145689,35632829,2244053,37876882,795.4,840.3,1129.6,67.87,6568.97,26.62,6670.01
csv,607,0,7833,2480,1451,94849,10560384,984763,11545147,242.4,278.4,593.8,52.97,1862.97,28.82,1952.48
csv,608,0,8341,2631,1071,48283,4950446,348466,5298912,111.3,134.3,457.7,36.00,838.18,26.64,907.97
csv,609,0,9043,2993,817,47345,4898235,441064,5339299,112.1,132.9,453.8,29.74,846.76,5.96,888.30
csv,610,0,6084,1697,612,88116,19093604,1201026,20294630,426.2,451.4,756.7,35.89,3319.27,16.17,3375.79
csv,611,0,8884,2769,1179,181794,56703750,2799640,59503390,1249.6,1326.5,1570.7,158.11,10241.88,59.28,10467.54
csv,612,0,8137,2418,1107,72222,8718101,660920,9379021,197.0,227.3,543.3,47.28,1471.79,12.44,1537.57
csv,613,0,12027,4206,1057,27954,1881870,191255,2073125,43.5,60.1,387.9,23.08,330.89,5.79,367.35
csv,614,0,4862,1361,719,58004,11542816,678047,12220863,256.6,278.4,595.3,35.89,2006.49,10.03,2056.89
csv,615,0,8956,3257,1200,137831,27597560,1945410,29542970,620.4,666.8,963.2,76.32,4932.75,36.55,5053.52
csv,616,0,12735,4686,1754,114627,20669678,1372124,22041802,462.9,508.0,807.9,77.25,3674.97,31.56,3795.31
csv,617,0,11796,4289,1185,309823,116994630,5736725,122731355,2577.4,2681.5,2867.3,197.85,21297.19,121.92,21626.94
csv,618,0,7759,2273,975,49649,6334560,500246,6834806,143.5,162.5,487.6,25.71,1098.62,4.71,1134.23
csv,619,0,8471,2592,434,14069,929367,94407,1023774,21.5,28.7,361.7,6.90,158.72,1.97,171.89
csv,620,0,10068,3486,1370,38453,2654013,259493,2913506,61.2,80.1,408.4,25.96,452.80,4.58,491.37
csv,621,0,8025,2496,699,32998,2108648,244079,2352727,49.4,62.7,391.8,15.40,358.79,5.77,385.13
csv,622,0,6250,2115,933,78735,9494168,844588,10338756,217.1,247.5,569.6,48.07,1700.87,16.50,1770.97
csv,623,0,8980,2943,1211,145079,28428806,1857396,30286202,636.0,694.5,980.8,110.37,5081.05,45.79,5246.54
csv,624,0,6640,2046,871,21809,609718,108573,718291,15.1,27.2,359.3,16.30,113.90,3.34,138.52
csv,625,0,5369,2080,1220,93453,13694641,801219,14495860,304.4,352.9,652.9,89.28,2349.78,29.75,2476.04
csv,626,0,11430,3516,1380,12720,372677,57492,430169,9.0,18.2,350.3,9.94,69.88,4.81,91.00
csv,627,0,5358,1619,498,39417,3573398,370182,3943580,82.8,96.7,424.5,17.34,629.09,5.43,655.85
csv,628,0,10257,3889,1373,65762,6734221,639114,7373335,154.8,183.1,503.8,41.52,1203.53,12.83,1265.77
csv,629,0,4215,1295,605,38718,4889719,472905,5362624,112.6,126.6,454.1,17.88,848.21,4.23,874.34
csv,630,0,7137,2572,560,68065,7302142,568074,7870216,165.3,186.5,511.0,33.28,1303.75,4.52,1346.32
csv,631,0,5579,1462,345,4106,108687,20967,129654,2.7,6.7,339.0,2.19,21.32,1.12,27.85
csv,632,0,5369,1633,785,118293,35719965,1706674,37426639,786.0,829.4,1113.3,77.55,6240.10,54.19,6376.93
csv,633,0,4906,1724,691,23815,2145553,159893,2305446,48.4,60.8,388.8,15.96,346.00,3.42,369.69
csv,634,0,5455,1628,712,29804,966436,191100,1157536,24.3,38.7,369.3,19.41,187.90,4.56,216.33
csv,635,0,11546,3558,1762,43909,3338808,286043,3624851,76.1,102.9,423.3,40.96,584.87,16.48,651.55
csv,636,0,7414,2673,1311,54919,3101822,317461,3419283,71.8,102.2,424.7,49.68,544.46,18.55,620.65
csv,637,0,9017,2563,672,36232,4391441,323726,4715167,99.0,115.0,438.6,23.67,715.59,3.93,748.09
csv,638,0,10444,3573,1151,66491,7882234,679662,8561896,179.8,206.5,529.8,41.87,1368.58,11.05,1428.62
csv,639,0,6903,2147,933,49485,6805916,508259,7314175,153.6,174.3,495.3,30.44,1207.34,8.48,1251.25
csv,640,0,8006,2574,965,19891,1606767,147690,1754457,36.8,48.2,378.3,14.00,274.99,5.27,299.36
csv,641,0,7968,2195,657,18507,640991,117114,758105,15.9,24.7,356.4,9.68,122.54,3.93,140.54
csv,642,0,9234,2720,1080,81294,13212888,645372,13858260,291.0,333.9,636.3,98.52,2217.59,34.10,2357.74
csv,643,0,7775,2713,910,182676,48678518,2329719,51008237,1071.2,1143.4,1402.4,159.22,8676.91,87.13,8929.95
csv,644,0,6726,2545,743,95575,16718675,1223785,17942460,376.8,408.2,710.6,50.93,3019.78,25.30,3101.62
csv,645,0,9137,3137,1143,77952,9935278,778269,10713547,225.0,256.6,560.6,53.45,1974.29,13.67,2047.29
csv,646,1,6899,2694,1170,475090,293917028,11581431,305498459,2120.5,0.0,579.3,0.00,0.00,0.00,0.00
csv,647,0,9921,3536,1627,170322,42033596,2175916,44209512,928.4,981.5,1262.0,98.10,7435.27,28.92,7571.84
csv,648,0,8389,2515,952,14938,497346,56415,553761,11.6,23.9,354.6,16.01,89.24,7.39,118.70
csv,649,0,9174,3036,1479,52033,3382832,316383,3699215,77.7,103.4,427.7,37.25,578.79,8.73,633.04
csv,650,0,6838,1966,672,17735,760067,85587,845654,17.8,29.1,360.3,15.23,132.18,2.43,154.25
csv,651,0,8283,2833,1166,32045,1839982,175955,2015937,42.3,63.3,388.8,29.75,311.90,6.15,354.00
csv,652,0,3663,1089,338,8961,470861,63967,534828,11.2,16.2,348.4,3.84,83.57,2.51,92.76
csv,653,0,12165,4266,1025,106143,24266276,1329186,25595462,537.5,572.7,874.7,58.49,4241.61,43.95,4351.35
csv,654,0,10385,3562,1433,203313,56094193,3113979,59208172,1243.4,1312.3,1573.2,116.59,10150.64,62.47,10340.14
csv,655,0,3922,1166,544,12867,541237,75195,616432,12.9,21.0,351.7,8.98,96.40,2.85,111.86
csv,656,0,7139,2234,574,41996,5482381,459246,5941627,124.8,138.7,466.4,17.33,964.77,5.94,992.57
csv,657,0,5890,2009,584,47808,7192823,539768,7732591,162.4,179.4,502.7,23.22,1213.31,5.08,1245.37
csv,658,0,9718,2953,1151,88733,21723873,1306753,23030626,483.6,511.8,821.2,42.07,3792.12,14.09,3854.37
csv,659,0,10414,3559,1414,64612,5799783,407587,6207370,130.4,163.6,483.2,50.48,949.38,8.27,1017.00
csv,660,0,7451,2069,592,13773,566463,86902,653365,13.7,20.8,353.2,6.35,102.63,2.26,115.29
csv,661,0,10308,2929,1176,259052,110264953,4501357,114766310,2410.1,2494.0,2696.0,166.12,20099.60,69.93,20343.65
csv,662,0,6161,2336,902,53499,6585542,589133,7174675,150.7,171.2,493.8,28.98,1138.98,6.99,1180.57
csv,663,0,7897,2549,1154,65615,10833222,730039,11563261,242.8,277.5,585.3,59.19,1878.06,12.26,1955.71
csv,664,0,7300,2517,1145,22843,583974,93115,677089,14.2,33.7,358.8,30.12,109.67,3.16,149.05
csv,665,0,9428,2998,1166,35909,1647579,186957,1834536,38.5,58.0,386.1,28.09,291.68,5.62,331.87
csv,666,0,8832,3273,916,106532,18517358,1105783,19623141,412.1,454.3,757.3,76.10,3181.07,33.32,3297.48
csv,667,0,4615,1849,940,177396,45087910,2526845,47614755,999.9,1054.9,1330.7,96.16,8124.06,27.71,8254.05
csv,668,0,11266,3645,1384,170168,46408900,2119302,48528202,1019.1,1090.2,1348.8,140.36,8436.97,40.21,8625.88
csv,669,0,3652,1246,545,60080,10047130,748469,10795599,226.7,248.1,567.3,31.43,1737.13,6.31,1778.37
csv,670,0,11066,3678,1336,66559,11488261,885557,12373818,259.9,286.0,604.7,38.57,2008.56,14.00,2068.72
csv,671,0,9383,3072,1158,41153,3393323,312129,3705452,77.8,104.2,427.9,41.24,586.73,7.11,642.28
csv,672,0,5966,2008,721,33770,2687890,248734,2936624,61.7,76.3,403.8,20.21,481.33,6.63,513.03
csv,673,0,7467,2504,812,33575,1633657,232507,1866164,39.2,53.5,382.9,15.84,291.10,5.54,317.60
csv,674,0,7973,2700,1416,342685,106468480,5755099,112223579,2356.7,2478.6,2665.0,230.18,19688.92,133.35,20061.23
csv,675,0,7267,2573,1160,44627,2861946,241395,3103341,65.2,92.4,414.6,41.54,479.28,12.96,540.76
csv,676,0,10251,3360,1441,72980,5389677,515323,5905000,124.0,161.8,476.0,68.35,930.37,23.83,1030.46
csv,677,0,12912,4287,1307,54643,7178305,638134,7816439,164.1,183.8,500.1,25.29,1247.20,10.35,1290.27
csv,678,0,9185,2642,877,81327,18892990,1252902,20145892,423.1,446.9,750.3,31.93,3306.71,18.21,3362.36
csv,679,0,8246,2332,984,11089,383878,57952,441830,9.3,16.4,339.8,6.51,73.05,2.59,86.93
csv,680,0,11377,3566,1327,199321,56655285,3190027,59845312,1256.8,1326.5,1583.2,131.46,10447.82,44.33,10633.32
csv,681,0,7525,2264,685,36823,3430644,272778,3703422,77.8,95.0,419.4,30.51,598.43,7.13,641.17
csv,682,0,8132,2753,1284,32162,1166836,153314,1320150,27.7,46.7,373.8,26.51,210.85,5.69,249.85
csv,683,0,13145,4143,1924,176511,26759192,1644551,28403743,596.5,687.2,957.2,196.70,4620.98,131.02,4962.66
csv,684,0,4518,1571,737,104724,28151086,1395917,29547003,620.5,659.9,953.3,65.15,4921.55,18.59,5009.96
csv,685,0,10692,3780,1464,148450,22229579,1439773,23669352,497.1,571.4,850.7,150.15,3949.33,46.28,4155.41
csv,686,0,2243,586,228,8224,372255,53037,425292,8.9,13.5,348.6,3.21,66.55,0.82,73.09
csv,687,0,6018,1802,720,67819,6365465,676316,7041781,147.9,174.9,493.8,45.51,1145.93,4.93,1201.02
csv,688,0,8324,2481,587,34349,2876983,334970,3211953,67.5,79.5,409.8,13.56,500.75,2.80,521.56
csv,689,0,11772,3688,1355,96174,10330829,819953,11150782,234.2,277.4,588.6,72.18,1814.11,17.01,1911.85
csv,690,0,6226,1902,543,12552,620285,84807,705092,14.8,22.9,354.6,8.42,108.08,3.34,123.77
csv,691,0,12583,4774,1585,286532,101093937,5034936,106128873,2228.7,2332.5,2529.8,185.93,18666.73,66.70,18929.64
csv,692,0,9251,3411,1402,113282,25116160,1372544,26488704,556.3,599.2,897.5,74.16,4370.74,28.49,4481.48
csv,693,0,12351,4221,1641,76205,9188640,635548,9824188,206.3,249.0,560.0,74.10,1592.16,33.94,1710.68
csv,694,0,9111,2756,927,91299,18310552,1139054,19449606,408.4,444.7,749.3,66.25,3266.52,18.21,3357.32
csv,695,0,5462,1675,623,27122,2969526,236611,3206137,67.3,79.5,406.7,15.74,499.26,4.96,523.98
csv,696,0,4569,1404,604,8050,246295,41112,287407,6.0,12.3,343.3,6.22,47.22,2.23,59.42
csv,697,0,9401,2878,1003,79215,8582582,821130,9403712,197.5,227.1,547.1,48.44,1516.17,24.62,1595.15
csv,698,0,6778,1984,594,24989,1431340,169144,1600484,33.6,46.4,378.4,16.57,248.08,3.44,272.26
csv,699,0,4697,1774,634,50282,5507743,465230,5972973,125.4,144.1,466.9,27.30,970.99,7.18,1010.05
csv,700,0,5385,1538,815,49122,5220272,456184,5676456,119.2,139.1,463.9,29.44,912.25,8.67,955.38
csv,701,0,7388,2205,948,120310,38551804,2027255,40579059,852.2,891.1,1178.1,65.53,7137.11,32.03,7239.91
csv,702,0,8828,2562,836,93470,24408813,1164591,25573404,537.0,574.4,871.8,68.64,4203.97,33.75,4312.09
csv,703,0,9830,3275,1649,130080,26575404,1590803,28166207,591.5,640.5,934.3,82.52,4708.93,37.04,4836.31
csv,704,0,6906,2148,726,25795,2380555,224288,2604843,54.7,66.3,394.5,16.72,411.25,3.75,436.20
csv,705,0,8045,2507,890,85920,15991805,1139354,17131159,359.8,386.7,700.8,38.91,2822.85,9.56,2876.65
csv,706,0,8297,2491,903,27138,577984,172512,750496,15.8,31.3,361.7,20.37,122.43,5.08,153.43
csv,707,0,6134,2131,1062,60808,5802376,564576,6366952,133.7,161.1,481.8,42.80,1011.83,9.17,1069.52
csv,708,0,6715,2176,796,46407,5568942,475810,6044752,126.9,142.8,468.3,21.68,971.85,7.29,1005.82
csv,709,0,10125,3666,1498,133040,34239339,1706101,35945440,754.9,807.3,1091.0,92.97,5975.52,36.38,6113.59
csv,710,0,10075,3093,927,14333,711911,87283,799194,16.8,25.4,358.1,8.61,124.42,4.18,142.94
csv,711,0,7743,2554,906,237283,109628413,5329142,114957555,2414.1,2477.0,2682.4,109.48,19959.99,37.62,20113.23
csv,712,0,5472,1642,629,62385,8094395,699845,8794240,184.7,205.6,521.1,28.07,1380.36,5.92,1419.36
csv,713,0,7296,2168,721,75513,11008086,816143,11824229,248.3,280.8,581.8,51.38,1962.49,8.72,2027.92
csv,714,0,4930,1483,635,50409,6872126,457112,7329238,153.9,179.1,496.7,40.81,1144.94,5.30,1195.71
csv,715,0,8911,2932,952,101591,15602538,985259,16587797,348.3,389.8,697.0,74.37,2673.47,23.21,2777.62
csv,716,0,15202,4613,1136,82128,14808843,1025488,15834331,332.5,361.8,674.6,47.07,2601.69,15.08,2672.24
csv,717,0,7380,2345,930,77806,15862803,1047688,16910491,355.1,380.6,692.9,39.10,2796.55,19.04,2859.82
csv,718,0,5112,1627,604,26678,2544112,239557,2783669,58.5,69.7,402.7,13.40,434.70,3.12,454.78
csv,719,0,3116,1133,441,10654,483762,68645,552407,11.6,17.3,350.6,5.25,88.24,1.51,98.34
csv,720,0,5224,1805,575,54652,4154035,543130,4697165,98.6,117.0,445.7,22.96,722.71,4.89,755.07
csv,721,0,11356,3209,1148,11073,354461,47773,402234,8.4,16.9,348.3,10.48,66.91,2.25,85.62
csv,722,0,9729,3227,1209,23181,917449,116964,1034413,21.7,38.1,369.2,22.02,166.15,8.88,204.84
csv,723,0,5053,1633,728,90121,19265811,1101723,20367534,427.7,466.8,768.0,68.84,3365.40,35.97,3475.20
csv,724,0,12869,3895,1611,57306,5403534,422256,5825790,122.3,150.7,470.7,43.71,912.56,11.56,976.70
csv,725,0,11223,3437,1515,392711,174529531,6121681,180651212,3793.7,3952.4,4048.1,381.38,31244.89,144.44,31781.78
csv,726,0,11318,3880,1085,60270,10056164,757856,10814020,227.1,247.3,569.9,28.62,1802.42,9.92,1847.27
csv,727,0,9857,3533,1456,53332,3809868,436071,4245939,89.2,112.5,438.3,32.12,687.33,12.02,738.44
csv,728,0,7485,2424,1189,86970,14104847,812804,14917651,313.3,353.8,660.2,70.01,2381.32,13.15,2471.28
csv,729,0,9249,2765,1023,84830,8098130,895500,8993630,188.9,224.2,539.2,61.01,1491.91,15.51,1575.02
csv,730,0,9435,2992,1311,81269,10904689,676110,11580799,243.2,292.1,591.7,85.52,1916.85,21.70,2032.99
csv,731,0,6412,1983,654,25728,1941805,185329,2127134,44.7,56.0,386.1,13.77,347.14,4.15,369.44
csv,732,0,5343,1442,593,62857,9990217,693994,10684211,224.4,246.8,565.8,35.66,1739.51,12.82,1792.49
csv,733,0,6972,2045,765,18261,1635270,164311,1799581,37.8,45.9,377.5,7.69,269.38,3.71,285.15
csv,734,0,8601,2988,1233,48979,5897854,349552,6247406,131.2,157.0,474.7,48.17,979.81,6.71,1040.99
csv,735,0,9292,2994,1122,59988,6888895,637926,7526821,158.1,181.0,502.7,32.09,1234.62,13.63,1286.38
csv,736,0,11424,3585,1613,184630,48303411,2307983,50611394,1062.8,1139.0,1398.1,144.31,8701.90,66.54,8923.14
csv,737,0,11568,4211,1691,132593,40907794,1879299,42787093,898.5,948.4,1228.7,83.78,7260.34,26.94,7380.91
csv,738,0,8853,2889,1278,55528,4710609,477161,5187770,108.9,132.1,460.8,38.23,817.02,69.75,932.12
csv,739,0,6022,1748,846,68978,8650397,694387,9344784,196.2,223.7,542.9,43.42,1534.49,12.46,1595.30
csv,740,0,8710,3180,1471,32071,2626840,237072,2863912,60.1,75.4,405.7,20.78,475.63,8.16,510.77
csv,741,0,10149,3046,734,85828,11645313,1008501,12653814,265.7,295.4,610.7,45.58,2101.22,11.81,2164.55
csv,742,0,10731,2788,992,19240,883208,104089,987297,20.7,32.2,365.6,14.33,153.97,3.67,177.50
csv,743,0,6818,2217,1000,72752,8422215,732945,9155160,192.3,218.8,531.7,45.66,1548.70,13.33,1612.51
csv,744,0,12617,4373,1384,453511,175549959,8743331,184293290,3870.2,4014.4,4127.6,295.53,32005.79,64.90,32376.88
csv,745,0,3231,1203,513,47244,3498963,379460,3878423,81.4,102.5,420.7,31.32,632.86,4.25,672.38
csv,746,0,6216,2124,978,101500,27854560,1540401,29394961,617.3,646.1,936.5,47.51,4914.16,10.62,4977.07
csv,747,0,7778,2556,948,47949,4925134,424272,5349406,112.3,138.0,449.3,36.35,840.31,7.34,889.73
csv,748,0,4917,1300,489,9892,386863,51176,438039,9.2,15.3,348.2,5.50,68.55,1.50,79.02
csv,749,0,5567,1950,1164,71569,15585242,852116,16437358,345.2,373.9,682.8,43.95,2703.05,17.41,2770.37
csv,750,0,8805,2865,1217,62037,4389750,416677,4806427,100.9,134.1,454.6,52.42,759.37,15.07,834.76
csv,751,0,7940,2732,846,44696,7171758,461055,7632813,160.3,174.8,499.7,17.30,1203.90,10.15,1236.24
csv,752,0,5873,1867,492,24272,2003799,176179,2179978,45.8,57.7,389.7,14.56,329.25,2.23,350.12
csv,753,0,8399,2570,1058,28314,1266489,148285,1414774,29.7,50.4,373.3,31.74,220.97,4.73,263.79
csv,754,0,9204,3142,980,106472,32681574,1671545,34353119,721.4,758.9,1048.7,68.75,5781.88,18.37,5874.69
csv,755,0,5025,1695,712,36278,3258831,343415,3602246,75.6,90.0,417.4,16.98,552.65,5.29,579.10
csv,756,0,6640,2184,696,99853,22761977,1331536,24093513,506.0,548.5,843.2,67.97,3983.39,23.00,4080.49
csv,757,0,8517,2862,1191,103260,17426959,1170874,18597833,390.6,432.3,736.3,70.35,2998.28,15.90,3091.76
csv,758,0,5351,1579,863,73660,12346562,955503,13302065,279.3,307.0,621.4,46.89,2161.92,9.50,2223.47
csv,759,0,8831,2871,935,113804,29398538,1849196,31247734,656.2,693.7,990.3,61.25,5226.98,26.58,5320.71
csv,760,0,6468,1729,598,5746,130634,26573,157207,3.3,8.3,341.5,3.81,26.26,1.67,35.44
csv,761,0,7537,2395,940,88782,15252683,1088746,16341429,343.2,374.0,684.3,46.56,2644.52,12.21,2709.08
csv,762,0,2006,882,363,11019,511573,65724,577297,12.1,19.6,351.5,8.33,89.33,1.68,102.30
csv,763,0,10971,3389,1318,45250,3940169,383758,4323927,90.8,113.0,439.5,32.34,690.98,10.03,740.91
csv,764,0,9254,2711,1254,218787,70595900,3624709,74220609,1558.6,1640.1,1875.8,182.04,12831.73,80.98,13103.59
csv,765,0,7100,2387,1032,97954,18887820,1101342,19989162,419.8,456.6,762.5,62.62,3304.54,18.04,3391.69
csv,766,0,5566,1823,980,101586,26598495,1627145,28225640,592.7,627.5,928.3,51.46,4661.63,23.40,4742.94
csv,767,0,8488,2459,1005,79863,7948252,729150,8677402,182.2,218.5,534.7,73.52,1380.78,95.08,1555.84
csv,768,0,12682,4332,1388,50642,4145674,460989,4606663,96.7,119.8,445.5,31.92,730.91,8.97,780.18
csv,769,0,10319,3407,969,102980,21056728,1358453,22415181,470.7,507.1,812.7,55.61,3794.75,24.70,3882.23
csv,770,0,7670,2462,1161,30913,2183100,204324,2387424,50.1,64.7,395.6,18.54,381.56,5.75,411.21
csv,771,0,6444,1653,853,133975,25214986,1601722,26816708,563.2,609.8,904.8,89.02,4406.89,19.48,4521.99
csv,772,0,10737,3312,1708,64577,5220879,503701,5724580,120.2,153.7,471.8,51.73,939.09,16.44,1016.42
csv,773,0,7733,2790,1086,113192,21044822,1216567,22261389,467.5,518.1,813.7,98.24,3777.81,32.31,3915.23
csv,774,0,8438,2431,987,50611,3334585,286097,3620682,76.0,100.2,423.2,39.12,590.48,5.92,642.00
csv,775,0,7834,2415,1154,34365,2369806,229758,2599564,54.6,76.7,401.8,36.77,423.17,8.83,475.15
csv,776,0,8519,2914,1641,451147,183892458,8465076,192357534,4039.5,4195.9,4293.3,357.16,33382.59,157.75,33908.11
csv,777,0,9708,3211,937,38129,4239957,355043,4595000,96.5,114.4,439.8,25.54,710.36,6.68,748.41
csv,778,0,10229,3397,776,40149,3510221,404392,3914613,82.2,98.0,427.5,18.75,603.11,5.27,633.18
csv,779,0,6356,1788,757,46706,4864338,398489,5262827,110.5,132.1,454.5,31.62,818.79,10.40,866.18
csv,780,0,8725,2961,881,37345,2120685,225226,2345911,49.3,70.4,390.5,30.61,382.45,5.68,424.36
csv,781,0,9779,3377,1357,109388,7767446,1047401,8814847,185.1,222.6,537.7,56.47,1396.88,24.26,1485.63
csv,782,0,10644,3455,1696,66713,8468194,645959,9114153,191.4,218.8,537.2,41.61,1504.82,14.04,1568.71
csv,783,0,3902,1341,564,62471,11607780,659162,12266942,257.6,290.7,598.4,57.11,1964.27,6.10,2031.82
csv,784,0,9014,3253,1241,113375,17331639,1325483,18657122,391.8,433.1,740.3,63.91,3015.84,24.68,3111.79
csv,785,0,2443,1020,528,72303,13571834,813685,14385519,302.1,338.6,641.9,60.74,2344.02,16.71,2425.41
csv,786,0,9940,3055,982,53526,3900955,371526,4272481,89.7,117.3,438.2,46.00,689.32,9.65,751.77
csv,787,0,6497,2259,825,18252,938494,119022,1057516,22.2,32.6,364.3,11.81,164.74,4.13,185.38
csv,788,0,5168,1664,399,3799,92014,15785,107799,2.3,6.0,337.8,1.98,17.96,1.18,24.33
csv,789,0,8580,2953,1261,176541,32838756,2321608,35160364,738.4,799.4,1082.6,104.32,5939.86,27.68,6079.88
csv,790,0,3662,1346,627,86884,11048778,1108276,12157054,255.3,281.1,599.6,40.33,2001.55,13.29,2059.23
csv,791,0,8458,2665,1043,61012,7480048,632539,8112587,170.4,191.2,512.4,29.38,1330.43,6.84,1372.01
csv,792,0,4335,1268,693,90981,15415457,949748,16365205,343.7,379.7,687.0,63.95,2643.63,14.83,2727.32
csv,793,0,4670,1590,827,29900,1908305,181865,2090170,43.9,60.0,384.3,24.98,338.10,3.58,371.81
csv,794,0,5828,1772,843,18984,829714,119914,949628,19.9,29.4,361.7,10.28,148.83,2.64,166.49
csv,795,0,11847,4411,1530,79209,15620993,864061,16485054,346.2,379.5,690.0,54.07,2641.41,18.91,2723.12
csv,796,0,4540,1434,594,23544,2521476,220149,2741625,57.6,67.7,395.4,12.22,444.89,4.68,465.53
csv,797,0,8171,2775,1173,56973,6082662,365543,6448205,135.4,166.9,484.0,51.30,1013.28,9.09,1080.02
csv,798,0,5305,1734,662,87033,18424998,1252525,19677523,413.2,436.2,749.6,31.25,3216.33,11.09,3262.68
csv,799,0,8214,2602,873,15244,588933,97742,686675,14.4,22.7,355.9,8.11,110.66,2.92,126.85
csv,800,0,11014,3929,1117,72972,10267283,713253,10980536,230.6,263.0,576.9,52.33,1759.59,23.58,1843.09
csv,801,0,5930,1580,674,17143,812973,107864,920837,19.3,29.3,358.8,12.13,146.10,3.45,166.08
csv,802,0,6813,2113,940,107996,23030249,1487968,24518217,514.9,549.6,853.7,55.86,4025.49,21.36,4108.67
csv,803,0,6936,2183,1245,52783,5005482,431106,5436588,114.2,139.0,461.5,38.37,900.01,13.67,957.58
csv,804,0,9409,3717,1504,105794,15525351,1008780,16534131,347.2,398.6,698.2,96.60,2728.47,54.42,2888.66
csv,805,0,7671,2444,1127,76437,12142386,927722,13070108,274.5,301.1,615.4,40.19,2136.38,14.13,2196.45
csv,806,0,6525,2137,937,48114,4986539,385955,5372494,112.8,136.1,457.7,35.91,833.79,11.65,886.99
csv,807,0,12693,3988,1058,61575,7209995,465984,7675979,161.2,186.7,507.3,47.16,1229.10,12.75,1295.93
csv,808,0,8867,3061,948,49153,6556528,507463,7063991,148.3,168.2,489.5,26.85,1116.89,12.45,1162.28
csv,809,0,7031,2777,1000,172860,50683584,2182453,52866037,1110.2,1173.9,1434.2,129.07,8953.42,26.43,9115.86
csv,810,0,6905,2033,632,101017,12701275,1405400,14106675,296.2,333.0,642.3,62.69,2338.19,16.78,2422.42
csv,811,0,6912,2209,636,24349,1387636,200707,1588343,33.4,44.8,374.6,12.85,243.47,3.41,264.36
csv,812,0,9080,3091,1316,156094,33409071,1786973,35196044,739.1,815.2,1080.6,159.13,5956.84,56.69,6182.20
csv,813,0,6414,2006,767,46493,4224488,335919,4560407,95.8,116.0,441.4,29.16,718.99,5.20,758.93
csv,814,0,9487,3408,1498,68200,5159762,432317,5592079,117.4,163.0,472.7,81.06,920.60,30.89,1043.50
csv,815,0,6182,1819,501,44059,3990994,448567,4439561,93.2,108.0,434.3,18.64,708.81,4.59,736.48
csv,816,0,13976,4331,1123,53413,3503747,498869,4002616,84.1,103.0,430.8,23.44,659.55,6.82,697.49
csv,817,0,6805,1756,610,6880,140347,24451,164798,3.5,9.8,343.8,5.81,27.22,1.83,38.75
csv,818,0,7316,2641,1049,191678,64848421,3031617,67880038,1425.5,1491.2,1743.1,117.36,11665.09,40.71,11829.97
csv,819,0,4620,1390,394,9367,385820,62924,448744,9.4,14.6,346.8,3.98,69.61,1.45,78.13
csv,820,0,9088,2623,728,44997,2865553,279607,3145160,66.0,88.1,416.9,32.03,476.52,5.19,519.40
csv,821,0,8432,2739,1022,169898,61230554,3042896,64273450,1349.7,1408.3,1662.2,107.83,11078.40,77.57,11270.45
csv,822,0,6844,2475,1112,41339,2337503,247431,2584934,54.3,75.4,403.6,29.17,407.81,8.69,451.56
csv,823,0,7590,2423,833,33347,3773705,274134,4047839,85.0,99.3,426.2,19.67,663.59,7.09,695.36
csv,824,0,4906,1589,698,28237,1678245,163454,1841699,38.7,55.4,382.8,24.26,282.69,4.87,316.70
csv,825,0,7494,2696,1080,68879,11308240,770350,12078590,253.7,281.7,594.2,42.80,1966.94,13.37,2028.81
csv,826,0,7287,2088,871,18320,514304,97745,612049,12.9,22.7,351.2,11.10,99.25,4.16,119.44
csv,827,0,10760,3916,1723,320838,118017471,4860389,122877860,2580.4,2717.8,2877.7,261.01,21415.58,104.81,21792.83
csv,828,0,3696,1288,717,79993,13629102,935523,14564625,305.9,330.8,648.9,38.16,2383.84,11.50,2437.76
csv,829,0,11239,3418,884,61735,9497925,784669,10282594,215.9,237.6,562.8,29.77,1647.14,9.98,1692.68
csv,830,0,10084,3117,934,32978,2884069,274560,3158629,66.3,80.6,410.0,18.48,492.82,7.41,524.82
csv,831,0,8094,2279,790,11280,97695,26776,124471,2.6,13.3,345.9,13.85,23.19,2.91,45.24
csv,832,0,9730,3274,1299,253241,77450708,4034106,81484814,1711.2,1794.6,2026.8,173.35,14747.21,37.60,14965.88
csv,833,0,8691,3056,1057,67426,5797039,514879,6311918,132.6,164.0,483.5,49.31,982.18,12.79,1051.79
csv,834,0,6015,1662,453,4299,99800,20804,120604,2.5,6.9,339.8,3.00,19.80,1.23,27.47
csv,835,0,11728,3408,1463,126171,19935413,1183578,21118991,443.5,497.2,793.7,102.01,3577.02,26.94,3714.51
csv,836,0,8413,2767,874,40834,3559927,257292,3817219,80.2,106.2,425.4,42.37,604.24,6.95,659.25
csv,837,0,9450,2962,1196,55960,4612390,524742,5137132,107.9,128.7,454.8,29.08,817.58,8.51,861.87
csv,838,0,10954,3984,1216,241019,79604476,3809124,83413600,1751.7,1834.7,2063.5,162.27,14381.88,65.92,14619.14
csv,839,0,5577,1895,854,199575,92814326,3883584,96697910,2030.7,2089.8,2317.8,109.91,16593.07,64.32,16773.40
csv,840,0,8498,2682,767,23010,1528779,223251,1752030,36.8,47.2,379.9,12.14,269.87,3.41,290.13
csv,841,0,7137,2599,957,194723,59376087,3195831,62571918,1314.0,1386.3,1637.6,131.52,10797.82,61.39,10998.18
csv,842,0,13568,4595,1790,120803,24089205,1124472,25213677,529.5,584.8,875.5,106.33,4182.59,14.19,4312.31
csv,843,0,3952,946,285,4994,111103,22318,133421,2.8,7.2,342.8,3.18,21.89,0.92,28.80
csv,844,0,7397,2325,711,2797,19072,5962,25034,0.5,4.6,341.3,2.39,5.37,2.22,14.18
csv,845,0,9766,2780,984,52561,6609544,517193,7126737,149.7,171.7,491.4,34.80,1169.55,8.81,1219.29
csv,846,0,10296,3122,960,120104,27549493,1461071,29010564,609.2,646.2,942.4,56.13,4765.95,20.11,4848.88
csv,847,0,9541,3232,934,85290,14024122,927205,14951327,314.0,349.8,650.1,58.64,2417.47,28.02,2510.77
csv,848,0,11118,3742,940,129857,29029700,1362097,30391797,638.2,694.2,968.5,111.79,5116.09,58.19,5294.61
csv,849,0,5010,1735,673,76031,11890753,674941,12565694,263.9,308.0,597.6,84.50,1977.45,7.31,2074.04
csv,850,0,8356,2758,693,20176,963195,148267,1111462,23.3,33.0,364.9,11.03,176.56,57.66,250.31
csv,851,0,5800,1661,707,43478,6055967,459116,6515083,136.8,154.0,476.9,27.91,1064.91,8.86,1105.92
csv,852,0,9131,2829,653,69482,11011049,927569,11938618,250.7,274.5,592.7,36.83,1954.36,7.47,2004.14
csv,853,0,7884,2206,830,44060,6450082,441231,6891313,144.7,161.3,486.3,23.11,1107.51,8.42,1143.76
csv,854,0,5130,1705,694,180412,53046362,2611201,55657563,1168.8,1233.2,1493.9,139.76,9673.02,16.67,9834.79
csv,855,0,9484,3184,1543,80612,10354795,757331,11112126,233.4,279.8,582.2,91.36,1848.18,18.77,1967.43
csv,856,0,6421,2436,812,138352,35818091,1884194,37702285,791.7,837.4,1125.7,81.27,6267.47,19.49,6373.86
csv,857,0,11031,3208,1385,245810,51459160,3168594,54627754,1147.2,1230.6,1487.2,160.68,9278.41,37.40,9486.43
csv,858,0,5128,1576,585,20649,1340009,148784,1488793,31.3,41.7,370.8,12.53,229.95,2.64,249.25
csv,859,0,6053,1686,494,7295,117808,31928,149736,3.1,8.3,340.7,3.80,26.19,1.94,35.66
csv,860,0,13084,4237,1566,68857,5958091,572103,6530194,137.1,167.0,487.0,45.16,1058.98,10.87,1123.61
csv,861,0,4941,1824,936,162607,38632778,2230019,40862797,858.1,931.6,1196.7,166.49,6932.85,63.04,7170.46
csv,862,0,7066,2699,1312,109071,16902962,1069412,17972374,377.4,430.7,729.4,94.74,2977.15,21.22,3101.15
csv,863,0,12415,4158,1631,124359,25403680,1534396,26938076,565.7,619.0,910.7,91.29,4500.74,24.32,4625.36
csv,864,0,7237,2444,565,39183,4377655,296172,4673827,98.2,113.2,440.5,20.83,733.27,4.20,762.84
csv,865,0,6810,2066,628,34129,3067582,264045,3331627,70.0,84.0,412.7,17.62,521.50,3.13,546.90
csv,866,0,6951,2300,975,73904,9630934,721675,10352609,217.4,252.9,564.2,56.04,1652.45,16.67,1731.38
csv,867,0,11396,3862,1214,252302,108906334,5124553,114030887,2394.6,2479.4,2677.8,154.20,19904.51,104.01,20171.32
csv,868,0,9276,2999,1025,50154,4581895,388871,4970766,104.4,127.9,451.7,35.52,786.89,6.22,834.92
csv,869,0,3225,910,425,17746,1026566,116087,1142653,24.0,34.1,363.3,12.83,183.15,1.30,200.78
csv,870,0,6591,1882,917,49774,6888484,402702,7291186,153.1,178.5,493.5,42.96,1167.58,5.67,1221.87
csv,871,0,6527,2029,863,35643,2404319,231275,2635594,55.3,73.2,399.3,25.66,430.74,7.47,468.86
csv,872,0,12407,3994,1978,331312,71139446,4416711,75556157,1586.7,1725.9,1932.4,365.61,13159.60,151.29,13690.72
csv,873,0,7562,2557,851,12341,505199,75832,581031,12.2,19.4,351.4,6.60,91.46,3.62,106.25
csv,874,0,9857,3105,1059,81725,15041391,1212276,16253667,341.3,364.6,680.9,32.28,2620.07,11.24,2669.58
csv,875,0,7456,2457,938,50216,6109928,518739,6628667,139.2,158.1,483.2,26.91,1103.19,5.68,1141.07
csv,876,0,4349,1702,592,97127,24171555,1370535,25542090,536.4,571.9,869.8,56.61,4202.97,15.63,4279.53
csv,877,0,11253,4114,1545,61227,5080332,510094,5590426,117.4,146.9,472.0,45.19,876.38,19.52,950.03
csv,878,0,8870,3079,1448,68125,6726738,488796,7215534,151.5,197.8,503.5,77.78,1211.01,12.74,1310.17
csv,879,0,7917,2767,1151,167977,56115316,2741096,58856412,1236.0,1300.4,1556.7,117.60,10136.73,26.73,10288.34
csv,880,0,6605,2424,1107,225355,69721715,3670130,73391845,1541.2,1613.6,1861.6,133.61,12720.24,61.90,12922.53
csv,881,0,6225,1937,1049,137469,39802244,2163676,41965920,881.3,929.6,1212.7,79.38,7218.68,35.65,7341.05
csv,882,0,2146,729,394,14472,528242,82589,610831,12.8,20.2,348.4,7.34,95.05,1.34,106.77
csv,883,0,7819,2714,824,47640,4064071,345121,4409192,92.6,114.6,432.4,32.68,670.57,4.32,713.42
csv,884,0,7814,2406,1096,50783,3435561,357351,3792912,79.7,104.1,427.2,41.30,595.66,17.44,660.68
csv,885,0,6559,2139,711,85747,13083553,1005427,14088980,295.9,326.2,640.0,47.16,2312.88,12.93,2378.16
csv,886,0,9244,3303,1415,112791,25137662,1600654,26738316,561.5,603.3,901.9,63.88,4489.79,24.51,4585.09
csv,887,0,11983,4131,1761,56493,3670802,305259,3976061,83.5,122.8,436.9,65.48,621.50,16.87,713.82
csv,888,0,8955,2566,951,31900,1982760,228519,2211279,46.4,60.2,390.2,17.88,368.50,6.55,398.48
csv,889,0,12907,4151,1502,36868,2697324,278818,2976142,62.5,81.2,409.8,25.48,466.09,7.36,507.30
csv,890,0,7217,2382,1287,109607,21843887,1294585,23138472,485.9,527.4,828.8,74.77,3783.71,25.96,3891.84
csv,891,0,3454,1358,699,51063,7395353,523403,7918756,166.3,182.9,507.8,21.70,1245.15,5.42,1276.08
csv,892,0,9817,3305,1045,15674,506842,65304,572146,12.0,24.5,356.8,16.38,92.85,4.14,119.72
csv,893,0,7607,2769,1232,435316,157974888,8543033,166517921,3496.9,3628.3,3776.2,258.91,29172.06,82.98,29522.38
csv,894,0,6270,1953,877,40864,4021645,306551,4328196,90.9,111.3,437.5,30.23,681.22,3.94,720.25
csv,895,0,6766,2627,1044,94587,20155973,1026577,21182550,444.8,484.1,784.3,75.73,3446.86,26.76,3555.33
csv,896,0,8472,2755,899,67652,6244981,568522,6813503,143.1,171.9,491.1,56.30,1093.72,15.09,1171.14
csv,897,0,6647,2098,940,51799,9064937,643181,9708118,203.9,221.0,542.9,21.44,1569.09,8.99,1603.89
csv,898,0,3477,1164,682,123972,22940147,1831974,24772121,520.2,553.8,860.9,49.70,4111.14,20.44,4185.65
csv,899,0,6206,1640,488,5879,172065,28372,200437,4.2,9.0,342.3,3.68,32.78,2.14,42.20
csv,900,0,15499,4809,1537,102361,22118366,1589631,23707997,497.9,530.9,839.3,52.30,3900.52,27.33,3989.20
csv,901,0,4267,1553,824,77770,18770902,1048125,19819027,416.2,443.4,753.3,44.98,3234.82,7.25,3292.27
csv,902,0,8791,2386,687,45426,5308888,445124,5754012,120.8,142.1,465.7,34.16,937.14,8.49,985.13
csv,903,0,5470,2028,900,93344,15996513,1236165,17232678,361.9,395.2,704.9,63.74,2880.97,36.66,2987.54
csv,904,0,4854,1523,464,12978,452092,86094,538186,11.3,18.6,349.7,7.68,88.47,2.08,101.77
csv,905,0,15696,5282,1199,87389,22475275,1277207,23752482,498.8,528.1,835.8,46.08,3935.12,24.59,4014.59
csv,906,0,5301,1749,774,65405,4045188,397734,4442922,93.3,121.4,443.6,50.40,686.27,32.29,774.34
csv,907,0,7467,2270,624,11353,601619,76111,677730,14.2,21.1,355.4,6.82,107.28,2.24,120.49
csv,908,0,4641,1364,467,20231,913379,122920,1036299,21.8,32.7,361.7,13.32,167.99,2.38,187.43
csv,909,0,9825,3197,1027,40625,6037885,466075,6503960,136.6,152.1,478.8,21.24,1065.96,9.68,1102.91
csv,910,0,10635,3288,1444,190675,62161625,3307214,65468839,1374.8,1441.4,1692.3,128.30,11395.74,44.81,11576.29
csv,911,0,11068,3498,1014,76943,11240883,723344,11964227,251.2,287.0,599.5,61.61,1945.49,18.26,2032.52
csv,912,0,6955,2719,1143,176765,50636483,2848103,53484586,1123.2,1180.4,1450.1,101.15,9321.20,33.46,9463.08
csv,913,0,4766,1524,661,48552,3572132,389852,3961984,83.2,104.9,429.3,31.55,645.48,5.34,686.73
csv,914,0,8464,2599,996,206105,57214711,3322647,60537358,1271.3,1325.4,1593.4,100.55,10221.92,18.62,10347.66
csv,915,0,4813,1293,569,57930,6805445,652026,7457471,156.6,176.9,501.3,27.54,1192.89,4.06,1228.59
csv,916,0,9874,3060,773,7620,213594,29148,242742,5.1,11.3,346.0,5.36,39.06,1.93,51.49
csv,917,0,7100,2236,1033,51895,4232391,394420,4626811,97.2,121.8,433.8,37.21,763.87,11.34,818.56
csv,918,0,8456,2697,1062,15945,552285,85059,637344,13.4,22.6,355.7,9.43,102.53,6.12,123.19
csv,919,0,10005,3234,1164,40041,5231605,356252,5587857,117.3,137.7,457.8,29.44,879.13,9.06,925.62
csv,920,0,9663,3511,1398,69389,4973576,559141,5532717,116.2,145.3,466.1,42.17,894.23,6.71,951.02
csv,921,0,11162,3815,1087,73653,9353027,806666,10159693,213.4,244.0,559.0,43.74,1657.69,10.78,1718.75
csv,922,0,7506,2345,703,30557,3091005,271258,3362263,70.6,85.2,414.3,19.07,523.76,6.20,554.00
csv,923,0,3178,1296,647,111772,35500556,1749132,37249688,782.2,816.8,1108.2,51.71,6153.97,16.90,6227.52
csv,924,0,8235,2557,721,13212,470023,64158,534181,11.2,20.0,353.6,9.29,85.04,2.88,102.19
csv,925,0,11112,3475,1002,26995,2373667,192466,2566133,53.9,67.3,397.6,17.45,408.47,3.15,434.95
csv,926,0,8380,2446,757,28663,2588064,225439,2813503,59.1,71.9,403.9,16.16,452.98,2.86,477.06
csv,927,0,7938,2551,948,51646,7177088,624485,7801573,163.8,180.9,504.2,23.44,1283.50,9.36,1321.61
csv,928,0,8632,3022,1324,138155,26096673,1488397,27585070,579.3,653.2,927.7,139.68,4550.17,27.19,4726.44
csv,929,0,12778,4259,1801,172365,26751832,1772864,28524696,599.0,677.7,955.7,154.95,4731.65,44.01,4945.08
csv,930,0,2884,1162,723,163761,52829053,2551254,55380307,1163.0,1226.4,1480.8,114.36,9416.87,27.41,9563.46
csv,931,0,8656,2942,1741,144172,38147927,1782520,39930447,838.5,897.9,1174.8,106.01,6769.89,47.02,6932.25
csv,932,0,7223,2102,642,10589,472911,60272,533183,11.2,17.7,352.6,5.63,82.95,2.18,94.75
csv,933,0,6160,1863,859,61159,3182284,428112,3610396,75.8,99.2,423.2,38.05,572.16,7.26,622.38
csv,934,0,7120,2299,774,16033,697587,87498,785085,16.5,26.0,358.4,11.55,124.34,2.62,143.64
csv,935,0,4126,1436,644,19129,1046850,132978,1179828,24.8,33.4,366.0,8.93,180.63,2.36,195.53
csv,936,0,4977,1309,460,5606,136944,24439,161383,3.4,8.1,342.3,3.45,26.36,1.30,34.72
csv,937,0,8974,2909,1367,82167,6917851,755042,7672893,161.1,199.1,510.3,60.12,1272.39,24.57,1365.00
csv,938,0,9353,2748,730,5566,96010,16842,112852,2.4,8.1,342.6,5.02,19.96,1.84,31.69
csv,939,0,10283,3404,1103,37392,4249597,310207,4559804,95.8,113.5,438.3,25.99,736.61,16.73,786.26
csv,940,0,11366,3321,983,81778,10467599,841376,11308975,237.5,268.1,585.3,49.54,1837.80,17.06,1911.12
csv,941,0,9620,3125,1367,210620,47863527,2939771,50803298,1066.9,1142.0,1405.8,131.71,8715.42,49.07,8905.47
csv,942,0,12371,4180,1152,46974,3898710,316191,4214901,88.5,115.6,435.2,41.58,660.03,11.30,720.70
csv,943,0,7266,2191,1019,41770,3262993,341394,3604387,75.7,93.9,420.7,23.38,555.92,5.79,590.54
csv,944,0,4293,1212,642,30114,2283881,248246,2532127,53.2,67.6,395.9,20.37,407.83,4.42,436.54
csv,945,0,8538,2992,1119,81009,9937156,630963,10568119,221.9,274.8,571.3,92.27,1754.96,14.98,1869.26
csv,946,0,7384,2660,935,73692,10530999,726567,11257566,236.4,270.4,583.7,57.89,1797.17,15.74,1877.38
csv,947,0,5590,1653,685,48049,5182550,413322,5595872,117.5,143.2,461.8,38.68,901.78,9.53,954.41
csv,948,0,13007,4170,1994,142358,23234114,1522087,24756201,519.9,575.6,870.6,101.71,4144.21,36.31,4293.49
csv,949,0,6369,1948,769,20550,1453582,131265,1584847,33.3,45.4,366.8,16.46,246.07,6.87,274.17
csv,950,0,3789,1220,357,8231,299058,51535,350593,7.4,12.3,335.5,3.52,55.25,1.06,62.72
csv,951,0,9666,2946,1012,78081,10572434,815679,11388113,239.2,267.9,570.2,45.32,1860.05,9.57,1920.89
csv,952,0,13101,4167,1265,52371,4342740,410840,4753580,99.8,123.6,450.6,32.04,745.71,11.15,796.93
csv,953,0,5831,1957,1186,102274,23348400,1409058,24757458,519.9,559.2,858.3,66.51,4106.32,13.54,4192.44
csv,954,0,8694,3157,1347,60754,5801768,452122,6253890,131.3,161.6,481.4,46.78,964.05,9.25,1027.64
csv,955,0,13096,4121,1840,107068,19737797,1265113,21002910,441.1,486.4,784.8,73.89,3428.96,25.05,3537.11
csv,956,0,10673,3669,974,16988,595264,68484,663748,13.9,25.7,358.4,13.76,104.92,4.48,130.41
csv,957,0,4574,1467,658,90607,13148108,1185570,14333678,301.0,327.6,644.7,41.38,2334.43,15.08,2395.58
csv,958,0,5050,1725,747,26321,1497524,185953,1683477,35.4,47.6,376.4,15.32,263.73,5.84,289.23
csv,959,0,8865,3081,1297,58789,4334496,461330,4795826,100.7,129.1,452.1,41.64,766.77,18.12,834.09
csv,960,0,5827,1984,762,134911,39006543,1821236,40827779,857.4,900.9,1183.7,74.11,6940.42,31.34,7050.83
csv,961,0,8543,2867,1207,63345,5443963,523599,5967562,125.3,158.2,475.8,52.01,947.59,14.36,1021.05
csv,962,0,7758,2666,918,30115,2050589,233012,2283601,48.0,62.1,390.7,17.24,353.53,5.11,381.25
csv,963,0,5349,1702,439,7448,226826,38886,265712,5.6,11.0,344.6,4.42,42.57,1.78,52.13
csv,964,0,3456,1162,547,15762,974359,113705,1088064,22.8,31.3,364.2,9.40,166.63,2.23,182.02
csv,965,0,8545,2766,1077,79486,10704772,793481,11498253,241.5,273.1,587.1,51.81,1924.76,12.32,1994.91
csv,966,0,7041,1890,455,13027,671535,85137,756672,15.9,23.0,354.4,7.21,118.07,1.66,130.88
csv,967,0,7686,3188,1141,251987,140267782,5412293,145680075,3059.3,3135.3,3317.7,140.49,25210.75,140.81,25500.44
csv,968,0,9300,3150,1634,239095,62542860,3076357,65619217,1378.0,1491.0,1712.0,245.24,11621.34,114.49,11994.79
csv,969,0,4856,1284,403,36460,5647636,469731,6117367,128.5,139.3,467.1,13.51,992.43,5.03,1013.93
csv,970,0,8342,2632,1145,71260,12620820,859499,13480319,283.1,307.5,627.9,35.71,2196.69,15.99,2253.84
csv,971,0,10079,3248,1233,119202,33580564,1692851,35273415,740.7,781.1,1072.8,66.74,5937.34,32.76,6044.40
csv,972,1,11992,4632,1907,601655,382407452,16522641,398930093,4082.6,0.0,582.1,0.00,0.00,0.00,0.00
csv,973,0,11715,4024,1680,235475,60244966,2844525,63089491,1324.9,1445.4,1662.7,226.77,10852.89,92.20,11183.89
csv,974,0,7314,2168,800,74189,8450256,644853,9095109,191.0,226.8,539.6,65.96,1465.66,13.16,1550.22
csv,975,0,9223,3003,1473,61951,6599626,584281,7183907,150.9,178.6,497.3,40.56,1214.64,14.13,1276.56
csv,976,0,3327,1209,566,90299,12503953,1120892,13624845,286.1,314.2,630.2,42.73,2233.12,12.58,2292.36
csv,977,0,10504,3079,1229,47854,4340194,399110,4739304,99.5,120.0,447.1,27.48,775.44,9.04,818.94
csv,978,0,8673,2843,984,45231,3307449,295813,3603262,75.7,99.6,424.3,37.82,581.16,12.20,637.78
csv,979,0,5280,1750,670,160574,48893476,2758522,51651998,1084.7,1130.3,1405.7,74.35,8961.76,28.38,9069.37
csv,980,0,10955,3679,1226,35461,2188396,222884,2411280,50.6,71.9,398.3,31.38,382.08,7.66,428.82
csv,981,0,6672,1645,596,25245,1676914,179109,1856023,39.0,49.6,379.8,12.38,279.94,3.14,299.54
csv,982,0,8923,2586,930,63365,8616349,635152,9251501,194.3,219.1,536.5,41.74,1530.32,6.55,1584.59
csv,983,0,6129,1895,926,102555,13530233,1280279,14810512,311.0,348.0,655.6,62.51,2446.91,21.45,2536.84
csv,984,0,2882,803,297,8936,325763,60273,386036,8.1,13.2,339.0,3.67,60.85,0.87,68.07
csv,985,0,7412,2208,668,16801,872947,123856,996803,20.9,30.4,352.0,12.93,157.49,3.00,177.79
csv,986,0,13133,4314,1452,60865,6905691,462157,7367848,154.7,187.4,497.9,57.71,1145.88,15.18,1227.34
csv,987,0,4790,1634,584,46248,5090099,376440,5466539,114.8,133.3,453.3,28.28,859.38,5.88,898.10
csv,988,0,4084,1433,812,172366,31985945,2072698,34058643,715.2,779.0,1052.9,119.96,5751.89,31.79,5909.28
csv,989,0,6817,2022,917,22557,1115402,135861,1251263,26.3,39.6,362.6,17.40,194.91,3.10,220.96
csv,990,0,7286,2500,1148,138911,38983814,2228702,41212516,865.5,905.8,1186.8,68.74,7183.21,18.67,7276.19
csv,991,0,11783,3877,1488,66237,8556746,584063,9140809,192.0,218.9,531.2,42.50,1495.08,17.90,1563.27
csv,992,0,5378,1790,566,59239,8515566,693186,9208752,193.4,214.3,528.4,30.56,1459.97,4.38,1499.03
csv,993,0,9264,3758,1209,46310,2232613,230475,2463088,51.7,79.4,396.2,42.47,392.69,9.62,453.70
csv,994,0,10673,3951,1393,84500,9824897,640253,10465150,219.8,252.6,562.8,56.89,1712.99,26.27,1803.86
csv,995,0,6650,2187,881,27996,1491493,174024,1665517,35.0,48.5,374.9,16.35,254.49,2.84,278.76
csv,996,0,9042,2770,1100,50997,4530658,403290,4933948,103.6,134.7,442.7,53.63,825.61,11.52,897.51
csv,997,0,5545,1830,809,33534,4075529,335658,4411187,92.6,106.2,431.2,17.90,698.94,3.44,724.39
csv,998,0,7923,2351,778,23960,1632012,185330,1817342,38.2,48.0,371.6,10.88,285.41,4.61,305.34
csv,999,0,5718,1742,608,33658,2558369,299899,2858268,60.0,75.3,400.6,19.07,445.55,5.54,474.23
