# GEN-B pT3-class comparison dump
S 0 0 7.5054 -1.8880 0.0004 0.0000
S 0 1 0.6457 -4.5423 0.0004 0.0001
S 0 2 0.3746 -2.8389 0.0004 -0.0001
S 0 3 0.3126 -2.9516 0.0004 -0.0003
S 0 4 0.4965 2.1712 0.0004 -0.0004
S 0 5 0.2305 4.5421 0.0004 -0.0004
S 0 6 0.4007 4.7173 0.0004 -0.0000
S 0 7 0.5702 4.6230 0.0004 0.0003
S 0 8 0.3851 4.1620 0.0004 -0.0003
S 0 9 0.2498 -4.2992 0.0004 0.0001
S 0 10 0.3869 1.4604 0.0004 0.0004
S 0 11 0.7373 1.5844 0.0004 -0.0004
S 0 12 0.2714 -1.8986 0.0004 -0.0003
S 0 13 1.2422 -2.4116 0.0004 -0.0002
S 0 14 0.9483 -3.0147 0.0004 0.0001
S 0 15 0.2197 -4.8511 0.0004 -0.0004
S 0 16 51.0638 0.8129 0.0004 -0.0003
S 0 17 3.6122 0.9500 0.0004 -0.0003
S 0 18 0.6188 0.2623 0.0004 -0.0001
S 0 19 2.4918 0.5823 0.0004 -0.0000
S 0 20 2.7214 0.3147 0.0004 -0.0001
S 0 21 2.7873 0.2593 0.0004 0.0000
S 0 22 1.7233 0.7733 0.0004 0.0002
S 0 23 1.7687 1.0209 0.0004 0.0002
S 0 24 0.9356 1.0182 0.0004 0.0002
S 0 25 1.0622 -4.1604 0.0004 -0.0003
S 0 26 4.0578 -3.6456 0.0004 -0.0002
S 0 27 2.2261 -3.9326 0.0004 -0.0002
S 0 28 1.4486 -3.1506 0.0004 -0.0002
S 0 29 0.9084 -1.8634 0.0004 -0.0000
S 0 30 0.4107 -1.6699 0.0004 0.0003
S 0 31 0.2121 -2.7742 0.0004 0.0002
S 0 32 0.4789 -1.6979 0.0004 -0.0003
S 0 33 1.1872 -1.9307 0.0004 0.0002
S 0 34 0.7910 -1.3898 0.0004 0.0001
S 0 35 2.4286 -1.1806 0.0004 0.0001
S 0 36 4.1113 -1.0971 0.0004 0.0001
S 0 37 2.2970 -0.7997 0.0004 0.0001
S 0 38 0.4145 -0.2212 0.0004 0.0002
S 0 39 0.5916 -0.7654 0.0004 0.0003
S 0 40 0.7846 -1.1434 0.0004 0.0003
S 0 41 2.5619 -0.1880 0.0004 0.0004
S 0 42 0.1628 -0.2673 0.0004 -0.0001
S 0 43 0.9786 -0.1848 0.0004 0.0001
S 0 44 0.4572 -1.3374 0.0004 0.0002
S 0 45 1.7655 -0.9916 0.0004 -0.0001
S 0 46 0.3176 -0.6457 0.0004 0.0001
S 0 47 0.7571 -1.3055 0.0004 0.0001
S 0 48 1.4481 0.2480 0.0004 -0.0002
S 0 49 1.0256 1.4409 0.0004 -0.0002
S 0 50 1.1309 2.9561 0.0004 -0.0002
S 0 51 1.4849 2.8129 0.0004 -0.0002
S 0 52 1.8507 3.0496 0.0004 -0.0003
S 0 53 0.7724 2.6241 0.0004 0.0004
S 0 54 1.0023 2.7389 0.0004 -0.0004
S 0 55 0.4054 4.4425 0.0004 0.0004
S 0 56 0.3274 3.3752 0.0004 -0.0003
S 0 57 0.2670 3.8323 0.0004 -0.0001
S 0 58 0.2720 2.8615 0.0004 0.0004
S 0 59 0.7101 2.0896 0.0004 0.0002
S 0 60 0.5428 2.1782 0.0004 -0.0003
S 0 61 0.1542 2.8927 0.0004 -0.0002
S 0 62 0.5852 1.8473 0.0004 0.0003
S 0 63 0.3391 -1.0961 0.0004 -0.0003
S 0 64 0.9316 -0.9562 0.0004 0.0003
S 0 65 0.6914 -3.4883 0.0004 0.0002
S 0 66 2.6941 -3.8751 0.0004 0.0003
S 0 67 1.9842 -4.0106 0.0004 0.0004
S 0 68 0.4307 -4.4476 0.0004 0.0002
S 0 69 0.2778 -4.7384 0.0004 0.0002
S 0 70 0.8106 -4.9430 0.0004 0.0002
S 0 71 0.2850 -3.8631 0.0004 -0.0002
S 0 72 0.3693 -2.8805 0.0004 -0.0003
S 0 73 1.3978 0.1388 0.0004 0.0004
S 0 74 0.6664 -2.2756 0.0004 0.0001
S 0 75 0.2040 4.9007 0.0004 -0.0003
S 0 76 0.8766 3.6983 0.0004 0.0003
S 0 77 0.3880 3.6585 0.0004 -0.0003
S 0 78 0.3086 -4.5629 0.0004 0.0004
S 0 79 0.4622 1.7123 0.0004 0.0001
S 0 80 0.1886 3.0304 0.0004 -0.0003
S 0 81 0.2412 0.8098 0.0004 -0.0003
S 0 82 0.4030 -0.1755 0.0004 -0.0000
S 0 83 0.4863 -3.7446 0.0004 0.0004
S 0 84 0.2407 -4.7109 0.0004 -0.0004
S 0 85 6.1249 0.7620 0.0004 -0.0003
S 0 86 1.7133 0.9042 0.0004 -0.0002
S 0 87 1.1300 0.9952 0.0004 -0.0003
S 0 88 1.7186 0.8369 0.0004 0.0001
S 0 89 0.6798 0.1837 0.0004 0.0002
S 0 90 1.4180 1.0043 0.0004 0.0003
S 0 91 0.3255 -3.1356 0.0004 -0.0004
S 0 92 2.5789 -0.9694 0.0004 0.0000
S 0 93 0.3644 -1.4437 0.0004 0.0000
S 0 94 1.0184 -0.9372 0.0004 0.0004
S 0 95 0.8049 -0.5661 0.0004 0.0003
S 0 96 0.6735 -0.9225 0.0004 0.0001
S 0 97 1.5058 -0.8480 0.0004 0.0003
S 0 98 4.4576 -0.7680 0.0004 0.0003
S 0 99 0.8251 0.0112 0.0004 0.0004
S 0 100 0.1861 -1.2310 0.0004 -0.0001
S 0 101 0.2081 1.4338 0.0004 -0.0001
S 0 102 0.3159 1.0010 0.0004 -0.0003
S 0 103 0.7029 1.2468 0.0004 -0.0003
S 0 104 0.5469 0.8910 0.0004 0.0000
S 0 105 0.2528 1.2559 0.0004 -0.0001
S 0 106 1.4831 3.1512 0.0004 -0.0004
S 0 107 1.4341 2.7178 0.0004 -0.0003
S 0 108 0.9419 3.3234 0.0004 -0.0004
S 0 109 0.3411 3.6475 0.0004 -0.0003
S 0 110 2.7491 -4.3800 0.0004 0.0002
S 0 111 0.3335 -4.7167 0.0004 0.0004
S 0 112 0.2064 -2.7454 0.0004 -0.0003
S 0 113 0.3440 -3.0169 0.0004 0.0003
S 0 114 0.1021 -2.2536 0.0004 0.0002
S 0 115 0.8148 -0.6893 0.0004 -0.0003
S 0 116 0.1360 -1.7016 0.0004 0.0001
S 0 117 0.5324 4.7492 0.0004 -0.0001
S 0 118 0.4294 4.3567 0.0004 0.0004
S 0 119 0.3179 4.6649 0.0004 0.0003
S 0 120 0.7585 4.3572 0.0004 0.0001
S 0 121 1.0302 4.4937 0.0004 -0.0001
S 0 122 0.5748 4.4381 0.0004 0.0003
S 0 123 0.3879 4.0182 0.0004 -0.0003
S 0 124 0.4892 1.8331 0.0004 0.0004
S 0 125 0.8920 -1.6952 0.0004 0.0002
S 0 126 0.1365 -2.7145 0.0004 -0.0000
S 0 127 1.3234 -3.8883 0.0004 0.0004
S 0 128 0.9098 -3.0735 0.0004 0.0003
S 0 129 1.2745 -3.2583 0.0004 0.0003
S 0 130 0.6511 -2.9140 0.0004 0.0002
S 0 131 0.3545 -4.4057 0.0004 0.0001
S 0 132 0.1428 -2.9717 0.0004 0.0003
S 0 133 0.2844 -2.0038 0.0004 -0.0003
S 0 134 0.4034 1.4401 0.0004 0.0001
S 0 135 0.3560 1.8024 0.0004 -0.0001
S 0 136 0.4890 2.7451 0.0004 -0.0002
S 0 137 0.4528 2.5390 0.0004 0.0000
S 0 138 0.6403 -4.1331 0.0004 0.0001
S 0 139 1.5353 -3.9038 0.0004 0.0002
S 0 140 1.9806 0.5506 0.0004 -0.0002
S 0 141 1.2209 0.2455 0.0004 -0.0001
S 0 142 0.7885 0.1583 0.0004 -0.0001
S 0 143 0.5254 0.5041 0.0004 -0.0001
S 0 144 0.6899 0.7690 0.0004 0.0003
S 0 145 0.3914 0.7445 0.0004 0.0002
S 0 146 0.3609 -0.6465 0.0004 -0.0002
S 0 147 0.8832 -0.5421 0.0004 -0.0000
S 0 148 0.4157 -0.9386 0.0004 0.0003
S 0 149 0.4550 -0.6585 0.0004 0.0002
S 0 150 0.4084 -0.9163 0.0004 -0.0003
S 0 151 0.7628 -0.4290 0.0004 -0.0002
S 0 152 0.2348 1.5089 0.0004 -0.0002
S 0 153 0.2748 2.2796 0.0004 0.0001
S 0 154 0.3989 2.7474 0.0004 -0.0003
S 0 155 0.5853 2.8516 0.0004 -0.0003
S 0 156 0.1398 3.0824 0.0004 -0.0002
S 0 157 0.8501 -4.0392 0.0003 0.0001
S 0 158 1.0582 -4.0396 0.0003 0.0001
S 0 159 18.2349 -0.8602 0.2128 0.0081
S 0 160 4.8860 -0.3632 0.5566 0.0820
S 0 161 0.9938 3.5604 0.0004 -0.0002
S 0 162 0.6355 4.5568 0.0004 -0.0001
S 0 163 0.9242 -0.6336 0.2284 -0.0399
S 0 164 1.0559 -0.2924 0.5566 -0.0421
S 0 165 10.4711 -0.1757 1.5877 -0.0880
S 0 166 8.8680 -0.3148 1.5877 0.0939
S 0 167 3.8893 -0.2622 0.5932 -0.0230
S 0 168 7.6198 -0.2605 0.5932 -0.0030
S 0 169 0.4031 -0.1273 0.5566 -0.0269
S 0 170 0.1693 -0.1246 130.3503 116.5256
S 0 171 0.2338 -0.1319 130.3503 -111.7970
S 0 172 1.0993 -0.3125 0.5566 0.0186
S 0 173 0.5498 -0.3123 21.0073 4.4002
S 0 174 0.5487 -0.3171 21.0073 -4.3214
S 0 175 0.2299 0.3066 110.0651 96.9190
S 0 176 0.1664 -2.2182 110.0651 78.0273
S 0 177 0.1742 -1.7788 110.0651 72.6586
S 0 178 0.1397 -1.7774 73.1314 73.0590
S 0 179 0.2848 -1.0347 0.2128 -0.0755
S 0 180 0.2436 -1.0351 125.9599 -106.3105
S 0 181 0.7802 -0.9513 0.2128 -0.0187
S 0 182 0.1057 -0.9525 6.3685 2.0057
S 0 183 0.6745 -0.9511 6.3685 -0.3673
S 0 184 1.4074 -0.8829 0.2128 -0.0219
S 0 185 1.3625 -0.8835 14.4556 -0.8877
S 0 186 0.6671 -0.8740 14.4556 11.8386
S 0 187 0.3672 -0.8740 117.6528 105.0670
S 0 188 0.2999 -0.8741 117.6528 0.0000
S 0 189 0.6225 -0.8087 0.2128 -0.0479
S 0 190 0.5631 -0.8067 51.1052 21.6313
S 0 191 0.8330 -0.8154 0.2128 -0.0279
S 0 192 0.8085 -0.8148 130.8845 77.8215
S 0 193 2.8668 -0.8773 0.2128 -0.0409
S 0 194 0.1126 -0.8708 130.4633 120.9322
S 0 195 2.7543 -0.8775 130.4633 -32.9220
S 0 196 0.3130 -1.1129 0.0004 0.0003
S 0 197 0.1970 -1.1122 117.3623 101.2096
S 0 198 0.1159 -1.1151 117.3623 -107.5296
S 0 199 0.1895 2.8008 2.1985 0.8574
S 0 200 0.3920 1.8945 2.1985 -1.6851
S 0 201 0.5756 1.8453 2.1985 -0.9535
S 0 202 0.2142 4.1793 2.1985 2.1184
S 0 203 0.3134 -0.1866 2.1985 2.1925
S 0 204 0.2475 2.2873 30.4261 -24.1109
S 0 205 0.3441 0.8753 30.4261 3.2590
S 0 206 0.1020 1.7269 30.4261 -29.4782
S 0 207 0.2001 -0.1742 30.4261 21.6608
S 0 208 0.1314 -0.0771 50.4256 -50.8392
S 0 209 0.4361 2.0533 0.0004 -0.0003
S 0 210 0.3893 2.0548 78.4359 50.4503
S 0 211 0.2305 2.6774 0.0004 -0.0004
S 0 212 0.1545 2.6792 44.9265 0.0000
S 0 213 0.6415 0.0170 0.0004 -0.0003
S 0 214 0.4771 0.0167 130.4216 0.0000
S 0 215 0.1644 0.0190 130.4216 -116.8698
S 0 216 0.1549 -1.5236 0.0004 -0.0004
S 0 217 0.1479 -1.5214 146.2269 -133.3538
S 0 218 0.4075 -0.7167 0.0004 0.0004
S 0 219 0.3022 -0.7159 117.3238 93.7870
S 0 220 0.1052 -0.7216 117.3238 -108.4745
S 0 221 0.1312 -0.7493 0.0004 0.0003
S 0 222 0.1083 -0.7130 130.6660 -121.7223
S 0 223 0.2200 -0.5922 0.0004 0.0004
S 0 224 0.1342 -0.5935 129.7611 118.5509
S 0 225 0.2690 -0.4886 0.0004 0.0003
S 0 226 0.2630 -0.4862 35.4797 -19.3104
S 0 227 0.6009 -0.3957 0.0004 0.0004
S 0 228 0.5143 -0.3955 129.6397 92.3218
S 0 229 0.2353 -0.7181 0.0004 0.0003
S 0 230 0.1851 -0.7178 131.6508 -116.3484
S 0 231 0.2760 -1.1936 0.0004 -0.0001
S 0 232 0.2097 -1.1903 113.2658 96.2885
S 0 233 0.4876 0.5150 0.0004 0.0002
S 0 234 0.3128 0.5138 129.9761 105.1371
S 0 235 0.1749 0.5151 129.9761 -115.5648
S 0 236 0.1751 0.1569 0.0004 0.0002
S 0 237 0.1582 0.1588 117.5302 -104.5478
S 0 238 0.4020 -0.4850 0.0004 0.0000
S 0 239 0.3094 -0.4852 124.4353 100.2592
S 0 240 0.1673 0.5695 0.0004 -0.0002
S 0 241 0.1275 0.5745 88.0510 -77.5947
S 0 242 0.2559 0.6042 0.0004 0.0001
S 0 243 0.2175 0.6042 52.5519 0.0000
S 0 244 0.1630 1.0388 0.0004 -0.0001
S 0 245 0.1047 1.0340 131.5881 -141.1708
S 0 246 0.3882 0.8884 0.0004 0.0001
S 0 247 0.2703 0.8865 126.9217 105.3612
S 0 248 0.1181 0.8901 126.9217 -116.9615
S 0 249 0.9781 3.1488 0.0004 -0.0001
S 0 250 0.6170 3.1475 23.0571 4.5053
S 0 251 0.3616 3.1497 23.0571 -7.2501
S 0 252 0.5962 3.4643 0.0004 0.0004
S 0 253 0.1101 3.4686 26.7215 -39.5408
S 0 254 0.4861 3.4634 26.7215 -6.9758
S 0 255 0.8941 3.4475 0.0004 0.0003
S 0 256 0.6268 3.4465 26.5929 5.5459
S 0 257 0.2678 3.4482 26.5929 -11.1813
S 0 258 0.2726 3.4542 0.0004 -0.0000
S 0 259 0.2518 3.4543 3.5994 0.2917
S 0 260 0.3041 3.8612 0.0004 0.0003
S 0 261 0.2338 3.8611 7.5038 1.3011
S 0 262 0.4643 -0.8574 0.0004 0.0004
S 0 263 0.4636 -0.8565 118.0398 0.0000
S 0 264 0.2343 -0.6023 0.0004 -0.0003
S 0 265 0.1699 -0.6018 130.1236 116.1237
S 0 266 0.2947 -2.8348 0.0004 0.0002
S 0 267 0.1942 -2.8244 17.8642 7.6191
S 0 268 0.1020 -2.8391 17.8642 -10.9856
S 0 269 0.3384 -2.8294 0.0004 0.0000
S 0 270 0.2344 -2.8280 4.6795 0.5231
S 0 271 0.1030 -2.8414 4.6795 -1.1141
S 0 272 0.1433 2.1459 0.0004 -0.0002
S 0 273 0.1222 2.1463 24.6064 16.0590
S 0 274 0.5581 -0.1429 0.0004 -0.0002
S 0 275 0.3842 -0.1440 117.4796 88.6535
S 0 276 0.1739 -0.1419 117.4796 -103.2811
S 0 277 0.5625 0.0508 0.0004 -0.0002
S 0 278 0.2039 0.0519 129.1841 112.5936
S 0 279 0.3586 0.0502 129.1841 -101.6201
S 0 280 4.8120 -0.2148 0.0004 0.0004
S 0 281 0.4474 -0.2148 131.2295 97.8902
S 0 282 4.3648 -0.2146 131.2295 -22.0014
S 0 283 0.2538 -0.3367 0.0004 0.0004
S 0 284 0.1637 -0.3303 131.1528 -117.6995
S 0 285 1.0796 -0.7746 0.0004 0.0002
S 0 286 0.6448 -0.7793 109.6430 66.9781
S 0 287 0.4330 -0.7740 109.6430 0.0000
S 0 288 0.2549 -0.8620 0.0004 0.0003
S 0 289 0.1969 -0.8589 25.0960 13.1326
S 0 290 0.2188 -0.4424 0.0004 0.0004
S 0 291 0.1844 -0.4434 20.8624 -10.2490
S 0 292 0.4975 -0.7908 0.0004 0.0004
S 0 293 0.4967 -0.7908 57.3757 28.4168
S 0 294 1.1102 -0.4746 0.0004 0.0000
S 0 295 1.0878 -0.4748 14.4003 1.0832
S 0 296 0.3701 -0.9750 0.0004 0.0002
S 0 297 0.3035 -0.9623 130.4451 -106.4164
S 0 298 0.5325 -0.8067 0.0004 0.0001
S 0 299 0.4524 -0.8066 88.3558 -57.1299
S 0 300 0.5813 -3.1133 0.0004 -0.0002
S 0 301 0.2123 -3.1140 27.3220 14.0242
S 0 302 0.3689 -3.1133 27.3220 -9.6089
S 0 303 1.2691 -3.2445 0.0004 -0.0003
S 0 304 1.0990 -3.2446 5.1038 0.1335
S 0 305 0.1702 -3.2435 5.1038 -0.8349
S 0 306 1.9468 0.9828 0.0004 0.0002
S 0 307 0.3890 0.9775 50.6752 26.8320
S 0 308 1.5591 0.9830 50.6752 -9.0885
S 0 309 1.2365 0.9260 0.0004 0.0002
S 0 310 1.0727 0.9256 124.4879 61.8554
S 0 311 0.1640 0.9274 124.4879 -110.8976
S 0 312 0.7733 0.9220 0.0004 -0.0003
S 0 313 0.6144 0.9220 130.6394 -195.4238
S 0 314 0.1589 0.9219 130.6394 -117.3519
S 0 315 0.7593 0.9170 0.0004 -0.0003
S 0 316 0.3906 0.9170 125.5727 95.8259
S 0 317 0.3687 0.9172 125.5727 -97.2427
S 0 318 0.3508 0.2454 0.0004 0.0003
S 0 319 0.1865 0.2440 5.9244 1.0562
S 0 320 0.1640 0.2546 5.9244 -1.2647
S 0 321 0.8041 1.6447 0.0004 -0.0003
S 0 322 0.7351 1.6447 23.4294 4.1604
S 0 323 0.2155 -1.9010 0.0004 0.0003
S 0 324 0.1732 -1.9036 89.8684 -75.2900
S 0 325 0.6131 -0.2980 0.0004 -0.0002
S 0 326 0.4516 -0.2943 117.5891 0.0000
S 0 327 0.1612 -0.3153 117.5891 -104.3625
S 0 328 0.2233 -0.5372 0.0004 -0.0003
S 0 329 0.2154 -0.5348 132.5189 115.0231
S 0 330 0.7250 2.2535 0.0004 -0.0003
S 0 331 0.2721 2.2560 65.4576 44.9634
S 0 332 0.4523 2.2532 65.4576 -35.9537
S 0 333 0.2716 2.3472 0.0004 -0.0003
S 0 334 0.2554 2.3471 2.7144 0.1662
S 0 335 0.1853 2.3337 2.7144 -2.6346
S 0 336 0.1448 2.3336 38.8058 -33.8420
S 0 337 0.6090 2.1356 0.0004 0.0004
S 0 338 0.5430 2.1376 8.3624 -0.7512
S 0 339 0.2131 -2.3848 0.0004 0.0004
S 0 340 0.1827 -2.3860 2.7675 0.2320
S 0 341 0.1060 0.9165 6.5333 5.7922
S 0 342 0.6453 1.7222 6.5333 6.4634
S 0 343 0.2894 1.6826 6.5333 6.0694
S 0 344 0.2280 1.6819 38.4758 26.0675
S 0 345 0.3697 1.7175 6.5333 6.5294
S 0 346 0.3177 1.7255 17.9824 0.7646
S 0 347 0.1935 2.3440 26.1835 -25.4131
S 0 348 0.4084 0.5663 26.1835 25.9882
S 0 349 0.1264 1.9819 26.1835 -26.1509
S 0 350 0.1211 2.0872 26.1835 27.4155
S 0 351 0.3959 0.7309 17.2799 -8.3089
S 0 352 1.8016 2.0610 0.0003 0.0000
S 0 353 1.7013 2.0608 82.9637 20.5904
S 0 354 0.2773 0.2902 0.0004 -0.0001
S 0 355 0.1239 0.2843 117.8528 107.5485
S 0 356 0.1535 0.2913 117.8528 -105.2151
S 0 357 0.3642 0.4757 0.0004 0.0000
S 0 358 0.3161 0.4746 130.0654 -105.3839
S 0 359 0.3736 -1.0258 0.0004 -0.0003
S 0 360 0.1480 -1.0202 130.1779 117.6350
S 0 361 0.2259 -1.0277 130.1779 -111.6784
S 0 362 0.5407 -0.8525 0.0004 0.0000
S 0 363 0.4214 -0.8525 130.3407 98.4999
S 0 364 0.1193 -0.8526 130.3407 -120.2892
S 0 365 0.8992 -0.9807 0.0004 -0.0000
S 0 366 0.1356 -0.9817 100.0295 88.7873
S 0 367 0.7639 -0.9800 100.0295 -53.2332
S 0 368 0.4216 0.2788 0.0004 0.0004
S 0 369 0.3440 0.2777 130.0795 -103.4357
S 0 370 0.3112 0.2778 0.0004 0.0000
S 0 371 0.2145 0.2772 129.9735 -112.4698
S 0 372 0.3583 0.1340 0.0004 0.0002
S 0 373 0.1153 0.1333 37.0669 28.3275
S 0 374 0.2429 0.1362 37.0669 -21.4593
S 0 375 0.4503 -0.3711 0.0004 0.0004
S 0 376 0.4288 -0.3722 124.5237 -92.4317
S 0 377 0.5707 -0.9204 0.0004 0.0003
S 0 378 0.1372 -0.9251 131.1311 119.4944
S 0 379 0.4332 -0.9201 131.1311 -98.3890
S 0 380 0.1829 0.0318 0.0004 0.0001
S 0 381 0.1672 0.0305 131.2537 117.5023
S 0 382 0.6637 -0.0624 0.0004 0.0002
S 0 383 0.6341 -0.0628 3.2650 -0.1000
S 0 384 0.1756 -0.7432 16.8322 -15.5926
S 0 385 0.6675 -3.6591 0.0004 -0.0003
S 0 386 0.4470 -3.6567 13.5584 2.1681
S 0 387 0.2215 -3.6599 13.5584 -4.1253
S 0 388 1.5940 0.9963 0.0004 0.0003
S 0 389 0.5115 0.9945 21.0113 4.6850
S 0 390 1.0828 0.9967 21.0113 -2.3006
S 0 391 0.6969 1.0907 0.0004 0.0002
S 0 392 0.6763 1.0891 23.6770 -4.5387
S 0 393 3.8102 1.0727 0.0004 0.0002
S 0 394 0.5073 1.0732 113.2471 -166.3008
S 0 395 3.3028 1.0727 113.2471 -21.2440
S 0 396 0.6060 0.8243 0.0004 0.0001
S 0 397 0.5068 0.8229 117.7401 -81.3861
S 0 398 0.5098 1.0590 84.2582 109.7830
S 0 399 5.7009 0.7732 0.0004 0.0001
S 0 400 1.5146 0.7730 129.8847 52.9398
S 0 401 4.1863 0.7733 129.8847 -22.2922
S 0 402 0.7335 0.8353 0.0004 0.0001
S 0 403 0.3457 0.8361 130.2844 103.3730
S 0 404 0.3878 0.8347 130.2844 -100.5720
S 0 405 0.3223 -1.0871 88.3893 -88.2183
S 0 406 0.4471 0.2361 88.3893 -87.9533
S 0 407 6.4118 0.8480 0.0008 -0.0003
S 0 408 3.5894 0.8481 130.8011 26.0519
S 0 409 2.8223 0.8480 130.8011 -32.3883
S 0 410 6.5129 0.8510 0.0008 -0.0003
S 0 411 6.5092 0.8510 117.4923 -11.9454
S 0 412 0.3473 -2.8660 0.0004 0.0001
S 0 413 0.1875 -2.8651 34.7859 21.5282
S 0 414 0.1591 -2.8708 34.7859 52.2764
S 0 415 0.4542 -2.6878 0.0004 0.0002
S 0 416 0.1744 -2.6870 43.6505 30.3791
S 0 417 0.2786 -2.6926 43.6505 -24.8487
S 0 418 0.8533 1.7133 41.4903 -40.8052
S 0 419 0.5291 0.8792 41.4903 30.9194
S 0 420 0.3401 -0.1096 41.4903 40.1091
S 0 421 0.2218 1.2852 53.2444 -55.8448
S 0 422 0.2055 0.5349 53.1163 -53.9060
S 0 423 0.3691 2.8751 0.0004 0.0001
S 0 424 0.3534 2.8752 16.6042 4.1373
S 0 425 0.5442 3.3364 0.0004 0.0004
S 0 426 0.1857 3.3358 10.1846 2.8969
S 0 427 0.3575 3.3393 10.1846 -1.5744
S 0 428 0.1217 -3.0130 22.4934 25.4263
S 0 429 0.4880 1.6165 0.0004 -0.0004
S 0 430 0.4315 1.6163 20.9623 5.4170
S 0 431 0.4727 0.1605 0.0004 0.0003
S 0 432 0.2021 0.1613 131.7497 115.2789
S 0 433 0.2706 0.1600 131.7497 -110.2285
S 0 434 0.1851 -2.4573 0.0004 0.0003
S 0 435 0.1360 -2.4545 55.9307 -44.7245
S 0 436 0.8272 -2.1409 0.0004 0.0003
S 0 437 0.1375 -2.1466 5.4007 1.1310
S 0 438 0.6897 -2.1397 5.4007 -0.2352
S 0 439 0.1406 5.1201 0.0004 0.0001
S 0 440 0.6656 2.6548 2.1732 -2.1652
S 0 441 0.2287 0.9292 2.1732 -1.8348
S 0 442 0.4128 0.8867 2.1732 1.9215
S 0 443 0.2188 0.9685 2.1732 1.5891
S 0 444 0.1230 1.8227 2.1732 -0.9181
S 0 445 0.2761 1.5132 2.1732 -1.1828
S 0 446 0.2251 1.5243 2.1732 -0.7296
S 0 447 0.2088 1.5235 53.1972 -37.6615
S 0 448 0.4078 1.8343 2.1732 0.4409
S 0 449 0.1472 1.7504 2.1732 1.3154
S 0 450 0.1441 1.7541 44.9668 0.0000
S 0 451 1.0536 3.3813 0.0004 -0.0003
S 0 452 0.3854 3.2526 12.1820 -6.9030
S 0 453 0.2770 1.3971 12.1820 -10.0167
S 0 454 0.3300 1.7314 12.1820 8.2395
S 0 455 0.2200 2.4801 12.1820 7.3247
S 0 456 0.1031 2.8525 12.1820 -12.0876
S 0 457 0.1437 2.2230 17.8704 -15.8692
S 0 458 0.4659 1.8258 12.1820 6.5176
S 0 459 0.5123 1.5150 13.4527 3.9041
S 0 460 1.0016 0.7401 0.0004 0.0001
S 0 461 0.5915 0.4910 4.2446 1.3448
S 0 462 0.4643 0.9474 4.2446 -1.6998
S 0 463 0.3224 0.2894 28.0288 23.9121
S 0 464 0.2647 4.1516 3.0616 -0.1183
S 0 465 0.1806 4.2869 2.1941 -1.1614
S 0 466 0.2841 1.8540 2.1941 1.7885
S 0 467 0.4013 2.6116 2.1941 -0.6575
S 0 468 0.3445 2.4269 2.1941 1.7377
S 0 469 0.1709 0.8418 2.1941 0.3136
S 0 470 0.2628 2.2292 2.1941 -0.9434
S 0 471 0.1605 0.0856 2.1757 2.0307
S 0 472 0.1595 0.6141 2.1757 1.1301
S 0 473 0.2117 1.7302 5.3576 1.6802
S 0 474 0.1907 1.3621 2.1945 -2.1761
S 0 475 0.1192 2.9084 2.1945 1.8689
S 0 476 0.1023 -1.1875 2.1945 2.1611
S 0 477 0.5515 1.3820 2.1945 1.9038
S 0 478 0.3099 1.6145 2.1945 -1.5732
S 0 479 0.3596 -0.5689 2.2343 -1.4764
S 0 480 0.2223 -0.3608 2.2343 1.8166
S 0 481 0.1086 -2.0947 0.0004 -0.0003
S 0 482 0.1151 -1.9662 0.9247 0.8974
S 0 483 0.1770 -0.1759 0.9247 -0.5982
S 0 484 0.3165 0.8326 10.5984 10.5965
S 0 485 0.4467 -0.6021 30.5198 17.0841
S 0 486 1.4217 0.4488 0.0004 -0.0002
S 0 487 1.1221 0.4948 4.2308 -0.4310
S 0 488 0.3377 0.2390 4.2308 1.4647
S 0 489 9.3035 0.7929 0.0004 -0.0003
S 0 490 8.3537 0.7853 30.3836 0.5760
S 0 491 0.9499 0.8573 30.3836 -4.9243
S 0 492 0.8859 0.5745 35.8115 -11.4634
S 0 493 0.2010 -1.1299 35.8115 29.4437
S 0 494 8.2774 0.7761 117.1577 0.6095
S 0 495 0.3352 0.2027 52.4732 18.3542
S 0 496 0.2209 2.1898 2.2431 1.6726
S 0 497 0.2036 1.7707 2.2431 1.1932
S 0 498 0.1322 1.2105 2.2431 -1.0563
S 0 499 0.8065 5.4248 0.0004 -0.0002
S 0 500 0.3070 2.6691 2.1959 -2.1843
S 0 501 0.5074 3.3618 2.1959 -1.1997
S 0 502 0.4711 4.1660 2.1959 1.7521
S 0 503 0.3194 2.9350 2.1959 -0.7714
S 0 504 0.3912 -0.1061 2.1959 -1.0272
S 0 505 0.5712 0.4146 30.4886 -19.1938
S 0 506 0.5529 2.8743 2.1959 -1.9817
S 0 507 0.4098 2.8655 2.1959 -2.0982
S 0 508 0.2088 2.8723 2.1796 -2.0766
S 0 509 0.1999 2.8640 2.1796 -2.1087
S 0 510 0.1166 1.3896 4.0516 2.0828
S 0 511 0.1543 2.9656 4.0516 2.7901
S 0 512 0.1285 2.6407 4.0516 4.0472
S 0 513 0.2492 0.8934 4.0516 -3.9956
S 0 514 0.2877 1.8464 4.8971 2.8945
S 0 515 0.3686 1.2216 4.0516 -4.0445
S 0 516 0.1713 3.4351 4.0516 3.2828
S 0 517 0.6535 1.8241 2.1918 -2.1727
S 0 518 0.2893 4.9235 2.1959 -1.9099
S 0 519 0.1522 4.4771 2.1959 -2.1292
S 0 520 0.1410 4.4745 2.2601 -2.1466
S 0 521 0.2179 4.7414 0.0004 -0.0003
S 0 522 0.3934 4.1169 2.1724 2.1344
S 0 523 0.4784 0.8696 2.1752 1.0318
S 0 524 0.1661 3.4770 2.1752 -2.1397
S 0 525 0.4965 1.9825 2.1752 2.0630
S 0 526 0.4738 1.8199 2.1752 -1.8264
S 0 527 0.3865 1.7189 2.1752 2.1724
S 0 528 0.2788 0.1527 2.1752 -1.6293
S 0 529 0.3051 1.2327 2.1752 1.1065
S 0 530 0.2180 0.0539 3.6807 1.1318
S 0 531 0.1782 0.4659 17.3465 -15.8584
S 0 532 0.2792 0.9113 62.4165 -72.0200
S 0 533 0.3432 3.6861 16.3134 -0.4124
S 0 534 1.1171 -0.3848 52.2867 14.7260
S 0 535 0.2231 -0.9630 52.2867 -48.4394
S 0 536 0.2277 0.2754 84.3222 7.2258
S 0 537 0.2344 0.2018 84.3221 17.3895
S 0 538 0.1206 0.2002 119.1736 110.5962
S 0 539 0.1138 0.2044 119.1736 128.0470
S 0 540 0.4507 2.0525 21.2293 -21.1031
S 0 541 0.5904 0.4773 21.2293 -3.4859
S 0 542 0.5701 0.1251 82.4044 95.1990
S 0 543 0.1110 0.4640 82.4044 -79.9499
S 0 544 0.3065 2.7157 6.6213 -6.1461
S 0 545 1.7520 1.3556 30.4260 26.2067
S 0 546 0.6987 1.8698 30.4260 -14.2448
S 0 547 0.4979 0.4375 54.7796 1.6586
S 0 548 0.6339 0.9836 54.7796 -19.3965
S 0 549 0.3505 2.0150 17.1480 -12.1260
S 0 550 0.2790 2.2283 17.1480 -6.7648
S 0 551 0.7510 0.9885 17.1480 8.1578
S 0 552 0.6195 0.2669 17.1480 -1.9218
S 0 553 0.8596 0.3301 113.3332 -124.4371
S 0 554 0.9590 5.3714 0.0004 0.0002
S 0 555 0.1022 1.2756 2.9214 -1.4738
S 0 556 0.1961 4.7291 2.9214 1.7427
S 0 557 0.2665 1.6265 2.9214 1.5668
S 0 558 0.1799 3.1973 2.9214 -2.7226
S 0 559 0.3901 0.9770 2.9214 -2.9013
S 0 560 0.5643 1.7741 2.9214 2.4488
S 0 561 0.2131 4.2326 6.1543 -5.4737
S 0 562 0.8458 0.4023 3.2435 2.9713
S 0 563 0.4828 0.6562 3.2435 -1.4744
S 0 564 0.3393 -1.2033 40.1255 41.0569
S 0 565 0.1521 -1.5188 40.1255 -37.9503
S 0 566 0.2535 -0.8431 40.1255 32.7504
S 0 567 0.6928 -1.0865 25.0264 -6.0260
S 0 568 0.2910 -1.2609 25.0264 -24.6680
S 0 569 0.4229 -0.5111 25.0264 -4.9555
S 0 570 0.5192 -0.7315 25.0264 1.2199
S 0 571 0.2805 -0.9153 39.0278 38.7637
S 0 572 0.2482 -0.6480 39.0278 38.6751
S 0 573 0.1514 -0.6470 118.0580 127.8237
S 0 574 0.3066 -1.2843 15.8426 2.4393
S 0 575 0.7460 -0.5237 24.4594 -0.7704
S 0 576 0.9451 -0.7544 117.5668 159.0759
S 0 577 5.1613 -0.8301 0.0004 0.0001
S 0 578 4.4250 -0.9245 5.9731 -0.7993
S 0 579 0.7721 0.0697 5.9731 3.1472
S 0 580 0.1565 0.2386 27.4133 26.8213
S 0 581 0.7940 -3.9123 0.9974 0.2537
S 0 582 1.2196 -3.7942 0.5229 0.0268
S 0 583 2.2080 0.7199 117.2187 17.2775
S 0 584 0.3730 -0.4404 117.2187 -107.6325
S 0 585 0.5743 -2.7887 25.7389 -5.7101
S 0 586 0.4227 -3.1591 25.7389 7.3484
S 0 587 0.3596 -3.2319 25.7389 9.0625
S 0 588 0.1441 -3.2313 27.9189 21.3117
S 0 589 0.2154 -3.2329 27.9189 48.2324
S 0 590 0.6856 -2.3453 53.6895 -22.8690
S 0 591 0.3480 -0.7845 53.6895 39.8305
S 0 592 0.3779 -1.3990 53.6895 67.5713
S 0 593 0.2092 -1.1561 96.0909 95.7555
S 0 594 0.5991 -0.5348 113.2354 -106.2878
S 0 595 0.6892 2.8474 0.0004 -0.0003
S 0 596 1.0357 1.7534 17.8401 -16.8370
S 0 597 0.8631 1.7196 17.8401 -16.5020
S 0 598 0.6872 1.7197 64.2802 14.5848
S 0 599 0.1761 1.7182 64.2802 -53.9996
S 0 600 0.1130 -3.9292 2.2423 2.1342
S 0 601 0.1239 -2.9568 2.2423 -0.9190
S 0 602 0.1413 -3.8753 2.2423 0.8164
S 0 603 0.2284 -3.2124 2.3268 0.1589
S 0 604 0.1071 -2.3767 2.3268 0.7686
S 0 605 4.3921 -1.8885 0.0004 0.0000
S 0 606 4.3102 -1.8883 91.7268 9.6371
O 0 1 4217 8.9314 2.1789 -2.2823 0.0020 0.5578 0.4402 2.1057 184.8387 1 0
O 0 2 2636 8.3118 3.7380 -2.2910 0.0066 0.6544 0.3390 4.0728 357.5128 1 0
O 0 7 4450 9.5654 0.7958 -2.3083 0.0007 0.8243 0.1750 0.7969 69.9482 1 0
O 0 11 4451 7.5459 0.9954 -2.3056 0.0012 0.7810 0.2178 1.0858 95.3079 1 0
O 0 15 4593 5.5025 1.2282 -2.3662 0.0008 0.7662 0.2329 1.0865 95.3718 1 0
O 0 17 2893 10.6230 1.2709 -2.3693 0.0046 0.6661 0.3293 1.2802 112.3796 1 0
O 0 27 2924 7.7471 1.6226 -2.2418 0.0015 0.5569 0.4416 1.4132 124.0528 1 0
O 0 34 2152 9.9279 1.4381 -2.3525 0.0017 0.4982 0.5001 1.4175 124.4315 1 0
O 0 35 2154 9.6749 1.4558 -2.3525 0.0018 0.4869 0.5113 1.4787 129.8009 1 0
O 0 38 2232 9.7781 1.0488 -2.3559 0.0010 0.7900 0.2091 1.0679 93.7372 1 0
O 0 39 2279 0.0865 0.9010 -2.4079 0.0823 0.4473 0.4704 3.3260 291.9596 0 0
O 0 40 2276 0.1477 0.8973 -2.4122 0.0558 0.4994 0.4448 2.7211 238.8613 0 0
O 0 41 13030 -1.7825 1.4690 -2.2742 0.2985 0.0714 0.6301 1.5226 133.6567 0 0
O 0 44 1046 3.7555 1.5171 -2.2118 0.0068 0.0554 0.9378 1.0562 92.7174 0 0
O 0 47 2360 10.0185 0.9427 -2.3072 0.0013 0.7819 0.2168 0.9416 82.6546 1 0
O 0 54 1206 1.5745 0.8365 -2.3175 0.0095 0.2018 0.7887 0.9588 84.1607 0 0
O 0 55 2533 11.4517 2.4303 -2.2823 0.0018 0.7483 0.2499 2.4300 213.3018 1 0
O 0 59 2834 7.3187 0.9941 -2.1584 0.0009 0.7436 0.2555 0.9796 85.9861 1 0
O 0 60 2794 9.8078 1.4962 -2.2153 0.0011 0.8056 0.1933 1.5035 131.9740 1 0
O 0 62 928 7.6359 0.9385 -2.1420 0.0048 0.7009 0.2943 1.0882 95.5225 1 0
O 0 63 2989 -0.5463 1.6640 -2.0901 0.0103 0.0094 0.9803 1.8380 161.3389 0 0
O 0 64 2200 7.8247 0.9759 -2.1405 0.0011 0.7537 0.2452 1.0257 90.0328 1 0
O 0 72 12880 7.4131 0.8791 -2.0992 0.0008 0.7810 0.2183 0.8942 78.4971 0 0
O 0 76 1045 2.8752 1.5143 -2.2118 0.0158 0.0111 0.9731 0.7918 69.5006 0 0
O 0 83 2335 9.4822 1.9179 -2.2118 0.0020 0.7550 0.2430 1.8782 164.8722 1 0
O 0 84 4102 7.0747 0.9764 -2.1874 0.0010 0.7602 0.2387 1.0154 89.1355 1 0
O 0 85 1109 9.3557 0.8711 -2.1704 0.0011 0.7459 0.2530 0.8772 76.9967 1 0
O 0 88 286 8.9432 1.4964 -2.0268 0.0024 0.7611 0.2365 1.5812 138.7961 1 0
O 0 90 1238 0.8665 1.2564 -1.9976 0.0338 0.0006 0.9657 0.7839 68.8128 0 0
O 0 91 1251 3.9904 0.9931 -2.0780 0.0020 0.6740 0.3241 1.0208 89.6047 1 0
O 0 92 2723 4.1427 0.9499 -2.0780 0.0020 0.6701 0.3280 0.9532 83.6685 1 0
O 0 95 2916 5.9644 1.1820 -1.9672 0.0038 0.5076 0.4886 1.2747 111.8937 1 0
O 0 97 2987 6.8964 1.6881 -2.0833 0.0014 0.8005 0.1981 1.9867 174.3917 1 0
O 0 100 10 11.5904 1.6461 -2.0330 0.0022 0.7618 0.2360 1.6453 144.4283 1 0
O 0 113 1028 8.4794 1.0622 -2.0733 0.0009 0.8040 0.1952 1.1191 98.2308 1 0
O 0 123 1151 4.2023 2.4217 -2.0251 0.3877 0.0003 0.6120 0.8122 71.2959 1 0
O 0 128 13045 1.4551 0.8367 -2.0251 0.3816 0.0100 0.6084 0.7889 69.2524 0 0
O 0 130 2632 9.7582 2.5864 -1.9089 0.0031 0.7360 0.2608 2.5944 227.7332 1 0
O 0 132 349 0.6424 0.9908 -1.9814 0.0262 0.0018 0.9721 1.9491 171.0944 0 0
O 0 148 2862 8.5889 0.9418 -1.8864 0.0020 0.5978 0.4003 0.9375 82.2960 1 1 29
O 0 149 422 9.2370 1.9872 -1.9059 0.0024 0.7760 0.2215 1.9777 173.6033 1 0
O 0 156 969 9.3519 2.2989 -1.9623 0.0019 0.6974 0.3007 2.2466 197.2030 1 0
O 0 160 12856 2.1775 2.3813 -1.9085 0.0075 0.0315 0.9610 1.2375 108.6258 0 0
O 0 163 2450 6.8096 0.9872 -1.9649 0.0052 0.3392 0.6556 1.0345 90.8127 1 0
O 0 166 2690 10.5305 1.0483 -1.8771 0.0015 0.6911 0.3074 1.0559 92.6869 1 0
O 0 182 2860 8.0860 0.9451 -1.8864 0.0017 0.6396 0.3587 0.9534 83.6931 1 1 29
O 0 187 12413 2.0308 1.4684 -1.7799 0.0703 0.0060 0.9237 0.8702 76.3864 0 0
O 0 214 237 1.6825 1.5526 -1.7805 0.0379 0.0027 0.9594 0.7544 66.2205 0 0
O 0 224 12489 1.0741 1.7936 -1.7791 0.0023 0.5673 0.4304 1.1573 101.5892 0 0
O 0 246 12827 6.2560 1.1857 -1.7718 0.0062 0.4777 0.5161 1.0211 89.6351 1 0
O 0 267 1211 6.5344 1.3500 -1.7077 0.0102 0.4709 0.5189 2.2876 200.8069 1 0
O 0 277 925 3.5446 0.8056 -1.6492 0.0281 0.0801 0.8918 1.3195 115.8262 0 0
O 0 279 937 4.8042 0.8691 -1.7003 0.0080 0.6119 0.3801 0.6925 60.7839 1 0
O 0 280 12433 1.9708 3.3685 -1.6486 0.0060 0.6963 0.2977 4.4955 394.6157 0 0
O 0 286 12923 4.7043 1.3007 -1.5430 0.1672 0.0136 0.8192 2.4070 211.2835 0 0
O 0 289 12831 1.6064 1.9258 -1.4961 0.6260 0.0000 0.3740 0.9173 80.5229 0 0
O 0 290 12427 1.9521 1.2554 -1.5501 0.5124 0.0014 0.4862 0.5931 52.0663 0 0
O 0 294 207 0.4308 1.1077 -1.4961 0.4190 0.0000 0.5809 0.7649 67.1395 0 0
O 0 300 11782 0.5212 6.1261 -1.5887 0.5760 0.0002 0.4238 1.2588 110.4960 0 0
O 0 318 11762 2.2665 0.8203 -1.5420 0.0274 0.5762 0.3964 5.2695 462.5590 0 0
O 0 324 12426 0.7557 5.1733 -1.4489 0.6206 0.0000 0.3794 1.0095 88.6116 0 0
O 0 333 11768 -0.0983 3.1131 -1.5497 0.0252 0.2011 0.7738 2.8961 254.2182 0 0
O 0 341 12855 0.6469 0.8613 -1.4959 0.4841 0.0016 0.5143 0.7398 64.9382 0 0
O 0 348 12892 2.7778 0.9486 -1.4958 0.6727 0.0305 0.2968 1.0426 91.5205 0 0
O 0 355 11783 -0.2946 0.8247 -1.4484 0.3609 0.0027 0.6364 1.2587 110.4855 0 0
O 0 366 12816 3.8455 1.0314 -1.4490 0.2935 0.0033 0.7032 1.1848 103.9990 0 0
O 0 371 12452 0.5193 1.3817 -1.4961 0.1754 0.0008 0.8238 0.7692 67.5245 0 0
O 0 378 12447 0.9881 0.8556 -1.4489 0.2597 0.0041 0.7362 1.0102 88.6748 0 0
O 0 379 12846 -0.0211 1.9208 -1.4559 0.5563 0.1809 0.2629 19.7733 1735.6993 0 0
O 0 386 4413 10.0187 1.2773 -2.4109 0.0011 0.7745 0.2244 1.2899 113.2307 1 0
O 0 387 2902 9.0173 1.2174 -2.4203 0.0010 0.7824 0.2166 1.1620 101.9985 1 1 13
O 0 391 1157 10.6842 2.4505 -2.2819 0.0022 0.7408 0.2570 2.4792 217.6226 1 0
O 0 394 4340 10.5250 3.2740 -2.2886 0.0027 0.5759 0.4213 3.2651 286.6129 1 0
O 0 396 2641 11.0664 3.4842 -2.2869 0.0025 0.6271 0.3704 3.4613 303.8311 1 0
O 0 399 1227 1.1401 2.1690 -2.3970 0.0066 0.7023 0.2911 2.1763 191.0333 0 0
O 0 406 2897 10.4728 1.2410 -2.3733 0.0020 0.7440 0.2541 1.2280 107.7963 1 0
O 0 410 2889 10.9223 1.2641 -2.3733 0.0017 0.7774 0.2209 1.2606 110.6537 1 0
O 0 415 4670 8.2522 1.0107 -2.2949 0.0042 0.3835 0.6124 1.0006 87.8329 1 0
O 0 416 3812 8.2726 0.9804 -2.3030 0.0010 0.7881 0.2109 1.0263 90.0897 1 0
O 0 417 12419 8.7922 1.8172 -2.3505 0.0017 0.7721 0.2263 1.8055 158.4896 1 0
O 0 418 3830 8.4167 1.1010 -2.3917 0.0010 0.7817 0.2173 1.1957 104.9562 1 0
O 0 420 2229 8.8913 1.0471 -2.3566 0.0022 0.6948 0.3030 1.1094 97.3822 1 0
O 0 422 1071 9.0125 1.0346 -2.3131 0.0010 0.7658 0.2332 1.0192 89.4692 1 0
O 0 424 4157 9.0598 1.7377 -2.3220 0.0020 0.5083 0.4897 1.6000 140.4471 1 0
O 0 429 4323 4.2596 0.9623 -2.2652 0.0019 0.6861 0.3120 1.0981 96.3941 1 0
O 0 431 2701 5.1028 1.1503 -2.1757 0.0494 0.3072 0.6434 1.9583 171.8989 1 0
O 0 443 2914 7.0883 1.0726 -2.2664 0.0063 0.6614 0.3323 1.0883 95.5279 1 0
O 0 445 1332 9.5082 0.9322 -2.2573 0.0009 0.7922 0.2069 0.9329 81.8935 1 0
O 0 453 13125 -0.2077 1.1377 -2.2303 0.0110 0.0452 0.9438 1.1435 100.3724 0 0
O 0 457 1044 4.4940 1.5250 -2.2096 0.6701 0.1180 0.2119 15.3403 1346.5684 1 0
O 0 458 4034 10.2998 2.0432 -2.2096 0.0014 0.7879 0.2107 2.0582 180.6685 1 0
O 0 461 1112 8.0715 0.8739 -2.1729 0.0010 0.7896 0.2094 0.9170 80.4984 1 0
O 0 464 2529 6.2989 0.9110 -2.1134 0.0018 0.7415 0.2567 0.9580 84.0950 1 0
O 0 465 4516 0.2818 1.0240 -2.1425 0.0294 0.2016 0.7690 5.6842 498.9568 0 0
O 0 468 2833 0.4723 0.9906 -2.1476 0.1428 0.2402 0.6170 16.5915 1456.4012 0 0
O 0 472 1281 9.6757 1.5667 -2.0919 0.0030 0.5851 0.4119 1.5117 132.7007 1 0
O 0 473 2812 10.8698 1.5613 -2.1034 0.0017 0.7868 0.2114 1.5623 137.1386 1 0
O 0 479 2351 0.0393 0.8119 -2.1200 0.0059 0.0939 0.9002 1.1516 101.0884 0 0
O 0 481 2350 7.5889 0.8117 -2.1267 0.0022 0.5414 0.4564 0.7982 70.0688 1 0
O 0 484 2365 6.3758 0.9178 -2.1198 0.0009 0.8065 0.1926 1.0607 93.1052 1 0
O 0 486 1209 10.5590 1.4967 -2.0357 0.0027 0.7380 0.2593 1.4909 130.8697 1 0
O 0 488 2530 1.5598 0.7976 -1.9876 0.0060 0.3773 0.6167 1.5055 132.1530 0 0
O 0 489 1152 1.9895 0.7997 -1.9876 0.0162 0.0075 0.9763 2.0532 180.2310 0 0
O 0 491 2706 -0.8915 1.2752 -1.9936 0.0337 0.0069 0.9594 0.7935 69.6534 0 0
O 0 492 2866 -1.1550 0.8058 -1.9436 0.1052 0.2780 0.6168 96.6955 8487.9326 0 0
O 0 499 12935 2.3816 1.0185 -1.9513 0.0567 0.0062 0.9371 0.8234 72.2742 0 0
O 0 506 12942 3.7500 0.9483 -1.9516 0.3804 0.0009 0.6187 1.2029 105.5942 0 0
O 0 515 13131 1.7843 1.7828 -1.9517 0.7746 0.0001 0.2253 1.7952 157.5816 0 0
O 0 517 944 10.9736 1.6616 -2.0384 0.0025 0.6272 0.3703 1.6687 146.4758 1 0
O 0 525 961 4.1229 0.9678 -2.0302 0.0017 0.6639 0.3344 0.9638 84.6020 1 0
O 0 531 2527 9.9351 2.2717 -2.0197 0.0028 0.7270 0.2702 2.2016 193.2575 1 0
O 0 535 1195 4.6720 2.4606 -1.9443 0.0389 0.4848 0.4763 1.2969 113.8455 1 0
O 0 538 2683 9.2043 1.0698 -1.8793 0.0030 0.6389 0.3581 1.0793 94.7452 1 0
O 0 540 2688 6.4311 1.0561 -1.8793 0.0157 0.1750 0.8092 0.8801 77.2569 1 0
O 0 542 2686 9.6483 1.0580 -1.8793 0.0034 0.6088 0.3878 1.0638 93.3828 1 0
O 0 565 12431 2.9613 76.9771 -1.8792 0.0388 0.5221 0.4391 0.7812 68.5718 0 0
O 0 567 2356 0.9698 0.9708 -1.8790 0.0311 0.0638 0.9052 2.1331 187.2446 0 0
O 0 577 12479 1.0056 1.1379 -1.8777 0.4083 0.0007 0.5909 1.1323 99.3942 0 0
O 0 583 13028 0.6769 1.5585 -1.8704 0.5530 0.0032 0.4437 2.8035 246.0872 0 0
O 0 584 1219 7.6157 1.2378 -1.8714 0.0058 0.6365 0.3577 1.0215 89.6638 1 0
O 0 585 2680 9.3480 1.0640 -1.8793 0.0033 0.6387 0.3580 1.0738 94.2598 1 0
O 0 587 12902 0.8774 0.8950 -1.7103 0.5915 0.0001 0.4084 0.7276 63.8657 0 0
O 0 589 1296 3.8039 0.7991 -1.8225 0.6237 0.1778 0.1986 18.0084 1580.7737 1 0
O 0 590 12219 0.2268 1.2699 -1.8227 0.0726 0.4778 0.4496 8.1188 712.6715 0 0
O 0 594 12517 -2.1246 0.8818 -1.9496 0.8133 0.0142 0.1725 1.0269 90.1374 0 0
O 0 619 2144 7.8937 0.8934 -1.8154 0.0125 0.3135 0.6741 0.9283 81.4895 1 0
O 0 624 12838 0.5360 1.0174 -1.7158 0.5967 0.0002 0.4031 0.8725 76.5883 0 0
O 0 625 12444 0.4098 1.0220 -1.7092 0.6070 0.0001 0.3929 0.8347 73.2686 0 0
O 0 626 1012 2.2671 1.5921 -1.8223 0.0061 0.7142 0.2798 2.2892 200.9451 0 0
O 0 633 1087 8.2270 1.7414 -1.8704 0.0034 0.6964 0.3003 1.7448 153.1599 0 0
O 0 644 1126 4.0093 1.4430 -1.7609 0.4835 0.0001 0.5164 1.1399 100.0645 0 0
O 0 646 1127 1.4453 1.4541 -1.7165 0.7440 0.0002 0.2558 1.4304 125.5587 0 0
O 0 649 12493 -0.7479 1.1535 -1.7165 0.8267 0.0000 0.1733 1.3604 119.4139 0 0
O 0 651 234 3.6039 1.5022 -1.8166 0.0095 0.6019 0.3887 2.2985 201.7607 0 0
O 0 654 233 2.7882 1.4803 -1.8166 0.5284 0.1487 0.3229 0.7128 62.5690 0 0
O 0 658 12477 -0.1416 1.0256 -1.7102 0.7991 0.0000 0.2009 0.6697 58.7840 0 0
O 0 669 2600 -0.2429 1.7095 -1.7095 0.4880 0.0015 0.5105 0.6704 58.8519 0 0
O 0 671 12900 2.1754 0.9677 -1.8230 0.0249 0.5233 0.4518 0.5107 44.8274 0 0
O 0 672 12905 2.5710 1.0761 -1.8152 0.0179 0.5915 0.3906 0.4409 38.7061 0 0
O 0 677 12929 0.1226 1.5476 -1.8160 0.3474 0.0616 0.5910 0.9366 82.2175 0 0
O 0 683 13068 2.7647 0.9818 -1.8157 0.4798 0.1278 0.3924 0.5542 48.6520 0 0
O 0 685 12533 3.7828 0.8047 -1.7165 0.1733 0.0102 0.8165 0.9558 83.9012 0 0
O 0 689 12534 1.7302 0.8021 -1.7165 0.5392 0.0100 0.4509 0.8962 78.6708 0 0
O 0 696 1392 6.1325 1.8450 -1.8227 0.0233 0.6749 0.3018 0.8496 74.5799 1 0
O 0 697 12921 1.9347 0.8214 -1.7544 0.0148 0.5195 0.4658 6.2724 550.5954 0 0
O 0 699 12425 2.2638 0.7983 -1.7160 0.6393 0.0001 0.3606 0.7202 63.2192 0 0
O 0 709 232 7.3838 1.4832 -1.7610 0.0145 0.4850 0.5004 1.6270 142.8176 1 0
O 0 718 12868 -1.7957 0.8821 -1.6610 0.8201 0.0000 0.1799 1.4045 123.2832 0 0
O 0 730 1243 -5.2675 0.8169 -1.8718 0.5222 0.0239 0.4539 0.1647 14.4563 0 0
O 0 732 12901 2.3736 1.2052 -1.6607 0.2601 0.0004 0.7394 1.5868 139.2898 0 0
O 0 738 1212 3.5445 1.3501 -1.7609 0.0957 0.4855 0.4188 17.4879 1535.0885 1 0
O 0 740 256 3.8764 0.8496 -1.7162 0.0048 0.6491 0.3461 1.1467 100.6535 1 0
O 0 741 254 3.2433 0.8515 -1.7156 0.6317 0.1931 0.1751 3.4565 303.4138 1 0
O 0 746 253 1.3876 0.8506 -1.7162 0.1707 0.0046 0.8247 0.6685 58.6803 0 0
O 0 761 12894 -3.0140 0.8470 -1.5624 0.7197 0.0000 0.2803 0.9873 86.6667 0 0
O 0 763 12914 2.8145 0.9770 -1.6548 0.7270 0.0265 0.2466 1.7036 149.5405 0 0
O 0 769 12908 1.2327 2.3253 -1.6611 0.5400 0.0006 0.4594 0.9976 87.5699 0 0
O 0 770 1349 0.4856 0.8217 -1.6107 0.4082 0.0043 0.5875 1.3671 120.0047 0 0
O 0 771 1363 4.9629 1.2448 -1.6604 0.0910 0.2955 0.6135 4.1498 364.2714 1 0
O 0 775 449 6.9426 1.0928 -1.7101 0.0129 0.4224 0.5647 1.0060 88.3090 1 0
O 0 778 956 5.7698 1.0379 -1.6546 0.6183 0.1786 0.2031 17.9207 1573.0803 0 0
O 0 781 12812 -3.3081 0.8597 -1.8154 0.8269 0.0044 0.1687 0.3747 32.8869 0 0
O 0 782 12423 1.5501 1.1727 -1.7544 0.0157 0.5226 0.4617 3.3542 294.4341 0 0
O 0 783 938 4.6886 0.8651 -1.7101 0.0053 0.6545 0.3402 0.9442 82.8788 1 0
O 0 789 12436 1.6161 4.0812 -1.6548 0.7721 0.0096 0.2183 1.3129 115.2502 0 0
O 0 792 86 2.5807 1.0901 -1.6103 0.3940 0.0030 0.6031 1.2016 105.4801 1 0
O 0 793 12829 1.8911 1.1166 -1.6536 0.4524 0.0372 0.5104 0.7083 62.1712 0 0
O 0 804 12857 1.1863 0.9147 -1.6108 0.3467 0.0155 0.6378 1.8383 161.3692 0 0
O 0 805 12862 0.8944 1.3771 -1.5678 0.8739 0.0000 0.1261 0.8502 74.6300 0 0
O 0 808 12459 1.7835 0.9119 -1.7104 0.8435 0.0001 0.1564 0.9679 84.9655 0 0
O 0 810 12886 4.9035 0.9276 -1.7165 0.0049 0.6066 0.3885 1.2228 107.3359 0 0
O 0 815 12498 2.6623 0.8002 -1.6610 0.7253 0.0004 0.2743 0.9611 84.3686 0 0
O 0 823 198 4.2159 0.8143 -1.7102 0.0029 0.6822 0.3149 1.3119 115.1554 1 0
O 0 831 12499 0.6950 1.1145 -1.6172 0.6546 0.0003 0.3451 1.6761 147.1310 0 0
O 0 837 12804 1.0341 1.1379 -1.6546 0.3572 0.3011 0.3417 0.4161 36.5213 0 0
O 0 841 12854 0.0055 2.0516 -1.5619 0.8830 0.0011 0.1158 1.8627 163.5065 0 0
O 0 842 12432 1.8717 0.9716 -1.6605 0.0068 0.5717 0.4215 1.1923 104.6641 0 0
O 0 854 2758 9.4558 1.3172 -2.4067 0.0012 0.7619 0.2369 1.3252 116.3273 1 0
O 0 858 1358 9.7513 1.2888 -2.3796 0.0016 0.7904 0.2080 1.3324 116.9575 1 0
O 0 859 1356 10.8443 1.2760 -2.3796 0.0014 0.7971 0.2016 1.2793 112.3013 1 0
O 0 862 4602 9.1218 1.2801 -2.4196 0.0023 0.7472 0.2505 1.3877 121.8120 1 1 13
O 0 864 12937 0.4689 1.5215 -2.4042 0.0217 0.0116 0.9667 1.4128 124.0137 0 0
O 0 865 1342 -0.0318 1.7053 -2.4042 0.0709 0.0018 0.9274 0.8503 74.6355 0 0
O 0 866 4685 7.7569 1.3545 -2.3213 0.0040 0.6048 0.3912 1.4328 125.7735 1 0
O 0 869 3824 8.6114 1.0896 -2.3957 0.0022 0.5028 0.4950 0.9512 83.4926 1 0
O 0 877 2231 10.2397 1.0488 -2.3582 0.0009 0.8088 0.1903 1.0549 92.5964 1 0
O 0 878 4061 9.5879 0.9342 -2.3213 0.0010 0.7637 0.2353 0.9492 83.3242 1 0
O 0 879 6144 -0.4136 0.8082 -2.4130 0.0092 0.0354 0.9553 0.9244 81.1454 0 0
O 0 881 6032 1.6921 1.7291 -2.3220 0.7437 0.0278 0.2284 1.2088 106.1072 0 0
O 0 885 4216 10.5455 2.2293 -2.2821 0.0029 0.6141 0.3831 2.2533 197.7944 1 0
O 0 889 2639 10.1227 3.5026 -2.2866 0.0059 0.5716 0.4226 3.5750 313.8116 1 0
O 0 890 2640 11.0185 3.7004 -2.2867 0.0049 0.5687 0.4265 3.6991 324.7053 1 0
O 0 893 1275 6.7780 0.8979 -2.3133 0.0017 0.7939 0.2044 1.1193 98.2505 1 0
O 0 895 1270 8.1847 1.3029 -2.2184 0.0037 0.7254 0.2709 1.6141 141.6871 1 0
O 0 896 4453 8.8903 1.4667 -2.2184 0.0025 0.7607 0.2367 1.5130 132.8108 1 0
O 0 898 12509 -0.7629 0.8108 -2.2409 0.0166 0.1085 0.8749 0.9931 87.1750 0 0
O 0 907 1309 5.1531 0.9570 -2.2412 0.7148 0.0139 0.2714 0.7692 67.5218 1 0
O 0 908 2839 9.0660 0.9527 -2.2525 0.0011 0.7312 0.2677 0.9550 83.8290 1 0
O 0 909 1308 1.8906 0.9645 -2.2321 0.5913 0.0003 0.4084 1.6268 142.7989 0 0
O 0 910 2873 8.0435 0.8893 -2.2626 0.0015 0.6808 0.3177 0.9558 83.9013 1 0
O 0 913 4611 7.2362 1.0125 -2.2786 0.0043 0.6177 0.3780 0.9683 84.9962 1 0
O 0 915 4640 10.1774 1.6653 -2.2418 0.0022 0.7553 0.2425 1.6942 148.7154 1 0
O 0 918 4704 8.4594 1.1141 -2.2638 0.0010 0.8109 0.1881 1.2352 108.4238 1 0
O 0 922 2338 10.9027 1.9913 -2.2139 0.0028 0.7467 0.2505 1.9867 174.3883 1 0
O 0 924 2336 10.9321 1.9801 -2.2139 0.0037 0.7231 0.2732 1.9697 172.8976 1 0
O 0 931 4515 5.4280 1.0243 -2.1236 0.0380 0.2423 0.7197 1.9165 168.2264 1 0
O 0 934 12541 -0.8705 1.2144 -2.1182 0.0077 0.5163 0.4760 1.8841 165.3840 0 0
O 0 936 2990 2.6873 0.8327 -2.1237 0.2935 0.3512 0.3553 4.7257 414.8253 0 0
O 0 939 2179 0.4906 0.8019 -2.1252 0.1950 0.3609 0.4441 3.5648 312.9182 0 0
O 0 942 13012 -0.4849 1.0679 -2.1189 0.3682 0.2918 0.3400 4.5607 400.3348 0 0
O 0 943 954 6.5919 0.8263 -2.1779 0.0041 0.5364 0.4595 0.9023 79.2027 1 0
O 0 944 2201 4.4031 0.9755 -2.1189 0.0306 0.5100 0.4594 2.9556 259.4423 1 0
O 0 947 1049 4.6631 0.8287 -2.1189 0.0051 0.5566 0.4384 1.2568 110.3183 1 0
O 0 950 2363 6.3924 0.9149 -2.1240 0.0012 0.7840 0.2148 1.1550 101.3823 1 0
O 0 953 2528 3.7563 0.9017 -2.1249 0.4942 0.2251 0.2806 1.8446 161.9155 1 0
O 0 954 1210 9.9332 1.4924 -2.0456 0.0082 0.6922 0.2996 1.4958 131.3052 1 0
O 0 961 1284 5.6805 1.5636 -2.1168 0.0611 0.4650 0.4738 1.3351 117.1918 1 0
O 0 962 1280 5.9838 1.5747 -2.1239 0.4121 0.1290 0.4589 1.5857 139.1971 1 0
O 0 967 13014 -1.5301 1.8726 -2.1252 0.4566 0.1671 0.3763 1.1286 99.0696 0 0
O 0 974 968 -0.1582 1.0319 -2.1243 0.0989 0.1099 0.7912 0.9320 81.8092 0 0
O 0 980 12869 -1.6900 2.7849 -1.9921 0.3150 0.0000 0.6850 1.2868 112.9557 0 0
O 0 996 243 -1.0997 0.9222 -2.0445 0.8146 0.0115 0.1740 0.6819 59.8589 0 0
O 0 1003 2864 1.8669 0.8120 -1.8866 0.2906 0.0000 0.7094 0.7379 64.7728 0 0
O 0 1009 1218 -1.6527 1.0524 -1.8864 0.6731 0.0002 0.3267 0.9687 85.0347 0 0
O 0 1014 1329 2.1614 0.9751 -1.8864 0.5090 0.0001 0.4909 1.3041 114.4732 0 0
O 0 1021 2952 1.3983 0.9651 -1.9233 0.2834 0.0255 0.6911 1.5078 132.3561 0 0
O 0 1026 12523 1.8530 6.1458 -1.9923 0.0358 0.2145 0.7497 0.8860 77.7716 0 0
O 0 1027 1368 5.1429 2.0512 -2.0440 0.0630 0.5492 0.3878 1.3172 115.6262 1 0
O 0 1033 12926 0.9998 1.2004 -2.0456 0.7698 0.0129 0.2172 0.7141 62.6830 0 0
O 0 1066 12930 4.1522 1.3060 -1.9919 0.0631 0.2837 0.6532 0.4352 38.1996 0 0
O 0 1069 2452 4.2693 0.9847 -1.9845 0.0172 0.5115 0.4713 0.5019 44.0580 0 0
O 0 1076 1197 7.4807 2.4771 -1.9231 0.0508 0.5814 0.3677 19.2707 1691.5786 1 0
O 0 1078 13037 0.9521 1.4853 -1.8235 0.7332 0.0000 0.2667 0.7689 67.4956 0 0
O 0 1079 12887 0.3190 2.8092 -1.8810 0.4057 0.0067 0.5876 0.4516 39.6458 0 0
O 0 1080 1268 5.0410 1.1559 -1.9858 0.0087 0.6508 0.3405 0.7173 62.9617 1 1 33
O 0 1082 11788 0.1047 1.6735 -1.9295 0.1399 0.0031 0.8571 0.9707 85.2099 0 0
O 0 1084 12518 -1.8144 0.8988 -1.9924 0.6844 0.1077 0.2079 1.2960 113.7631 0 0
O 0 1089 2875 9.8960 1.5294 -1.8866 0.0573 0.5811 0.3616 1.6710 146.6777 0 0
O 0 1092 2876 9.6561 1.5311 -1.8866 0.0727 0.5575 0.3698 1.6484 144.6943 0 0
O 0 1098 1344 5.3618 1.8586 -1.9231 0.6985 0.1476 0.1539 0.8658 76.0007 0 0
O 0 1108 11799 3.6252 1.4639 -1.8805 0.0710 0.3786 0.5504 4.2076 369.3475 0 0
O 0 1109 12932 2.3637 0.9577 -1.8299 0.2976 0.0005 0.7020 0.8646 75.8962 0 0
O 0 1127 2948 5.1958 0.9647 -1.9224 0.0119 0.6397 0.3484 3.0072 263.9715 1 0
O 0 1128 13064 -0.1627 1.5820 -1.8240 0.3658 0.0000 0.6342 0.7189 63.1079 0 0
O 0 1138 12417 1.8357 6.7819 -1.9233 0.6180 0.1652 0.2168 9.1618 804.2271 0 0
O 0 1140 12822 -5.8509 0.8530 -1.8245 0.8038 0.0001 0.1961 0.5828 51.1563 0 0
O 0 1142 959 4.0665 0.8167 -1.9919 0.7882 0.0052 0.2066 0.9137 80.2040 0 0
O 0 1143 13010 1.6340 0.8149 -1.9292 0.0199 0.3550 0.6251 20.6986 1816.9258 0 0
O 0 1147 12825 2.2443 0.8528 -1.8866 0.0963 0.0555 0.8482 0.9541 83.7519 0 0
O 0 1151 185 10.0851 1.7801 -1.8866 0.0132 0.6269 0.3599 1.6771 147.2201 1 0
O 0 1167 2678 7.4697 1.0488 -1.8806 0.0063 0.5925 0.4012 1.1602 101.8404 1 0
O 0 1175 12918 3.5004 1.5698 -1.8798 0.0113 0.6356 0.3531 2.8866 253.3893 0 0
O 0 1181 2861 6.7957 0.9491 -1.8864 0.0097 0.5908 0.3995 0.6851 60.1395 1 1 29
O 0 1192 11805 5.2505 0.9073 -1.8299 0.0136 0.4675 0.5190 0.8020 70.4021 0 0
O 0 1199 13052 2.8708 0.8889 -1.7829 0.3769 0.0097 0.6134 0.4559 40.0160 0 0
O 0 1207 12815 2.3371 1.0382 -1.8857 0.2024 0.0015 0.7961 1.7229 151.2384 0 0
O 0 1209 12809 -0.0887 2.9523 -1.7777 0.6085 0.1141 0.2774 5.1598 452.9295 0 0
O 0 1217 12839 -0.5840 1.0556 -1.7776 0.5089 0.0009 0.4902 1.0473 91.9282 0 0
O 0 1221 13022 3.9948 7.4413 -1.8297 0.3921 0.0002 0.6077 0.7725 67.8095 0 0
O 0 1223 12847 3.1464 2.1796 -1.7827 0.6087 0.0057 0.3856 0.4460 39.1528 0 0
O 0 1227 171 -1.5187 0.9093 -1.7270 0.6104 0.0002 0.3893 1.0010 87.8674 0 0
O 0 1239 13027 1.6968 1.6394 -1.8292 0.1921 0.0433 0.7646 0.6140 53.8926 0 0
O 0 1250 5279 2.3964 1.2441 2.3578 0.0083 0.0543 0.9374 0.8688 76.2634 0 0
O 0 1254 2047 9.2010 1.6733 2.2862 0.0049 0.5873 0.4078 1.7068 149.8225 1 0
O 0 1255 12789 -0.4262 1.5402 2.2152 0.1787 0.0006 0.8208 1.1026 96.7844 0 0
O 0 1256 3763 7.1351 3.9201 2.3133 0.0088 0.7213 0.2699 3.6499 320.3877 1 0
O 0 1258 2079 8.6008 3.2404 2.3131 0.0059 0.7411 0.2531 3.3440 293.5359 1 0
O 0 1265 3031 8.8083 2.4088 2.3793 0.0043 0.6294 0.3663 2.4903 218.6001 1 0
O 0 1266 3057 3.6716 0.9043 2.2250 0.1703 0.0008 0.8289 1.0598 93.0273 0 0
O 0 1268 3060 1.9783 0.9022 2.2088 0.6703 0.1740 0.1558 61.8362 5427.9834 0 0
O 0 1272 1537 9.2619 2.0509 2.3079 0.0036 0.7490 0.2474 2.0774 182.3539 1 0
O 0 1273 1542 9.7159 1.9787 2.3091 0.0033 0.7525 0.2442 1.9719 173.0916 1 0
O 0 1276 3235 7.7989 1.0444 2.2796 0.0015 0.7670 0.2315 1.0909 95.7550 1 0
O 0 1283 626 9.4683 1.0918 2.3825 0.0008 0.8049 0.1943 1.1490 100.8608 1 0
O 0 1291 5083 4.8783 2.2112 2.3230 0.5156 0.0281 0.4563 1.2753 111.9480 1 0
O 0 1293 3458 8.3607 2.0858 2.3654 0.0220 0.4036 0.5744 1.8793 164.9637 0 0
O 0 1295 3567 9.2451 1.6189 2.2472 0.0048 0.6637 0.3315 1.5457 135.6801 1 0
O 0 1313 1979 6.4542 0.7973 2.1977 0.0012 0.7102 0.2885 0.7500 65.8321 1 0
O 0 1316 13114 0.2801 3.6956 2.1144 0.0025 0.5025 0.4951 1.2771 112.0998 0 0
O 0 1329 2075 8.4062 1.1515 2.2138 0.0016 0.6667 0.3317 1.0717 94.0760 1 0
O 0 1331 3736 4.8309 1.2131 2.2138 0.5066 0.1981 0.2953 44.4879 3905.1497 1 0
O 0 1334 2074 9.4300 1.1597 2.2138 0.0011 0.7934 0.2056 1.1664 102.3908 1 0
O 0 1336 1428 10.3372 1.6931 2.1444 0.0013 0.7113 0.2874 1.6971 148.9749 1 0
O 0 1338 1431 8.3558 1.6365 2.1444 0.0018 0.5573 0.4410 1.5340 134.6551 1 0
O 0 1339 1439 8.1353 1.6393 2.1476 0.0013 0.6644 0.3343 1.4824 130.1219 1 0
O 0 1340 1463 8.5876 0.9237 2.2427 0.0006 0.8288 0.1706 0.9619 84.4333 1 0
O 0 1341 512 8.0905 1.9529 2.1444 0.0014 0.7717 0.2268 1.8730 164.4113 1 0
O 0 1343 12948 2.8287 1.0092 2.1986 0.2127 0.3383 0.4490 6.0796 533.6708 0 0
O 0 1344 1510 2.6604 2.2695 2.2061 0.1561 0.0028 0.8412 1.1392 100.0023 0 0
O 0 1347 560 10.2782 2.1478 2.2005 0.0022 0.7376 0.2602 2.1262 186.6342 1 0
O 0 1349 3168 5.0816 2.2570 2.2061 0.1628 0.0040 0.8333 1.3802 121.1569 0 0
O 0 1350 630 2.3074 1.6253 2.1997 0.0116 0.2740 0.7144 1.4141 124.1306 1 0
O 0 1351 638 10.6128 1.0542 2.2345 0.0007 0.8061 0.1932 1.0671 93.6670 1 0
O 0 1352 155 7.8908 3.1491 2.1773 0.0337 0.5801 0.3863 2.9944 262.8474 1 0
O 0 1356 1978 8.7777 1.6185 2.0110 0.0017 0.7412 0.2571 1.7409 152.8193 1 0
O 0 1362 12993 0.3931 1.0048 2.0459 0.0200 0.0068 0.9732 0.8870 77.8638 0 0
O 0 1379 1590 -0.2331 0.8566 2.0274 0.0652 0.4670 0.4678 2.2780 199.9648 0 0
O 0 1380 73 7.5987 1.4901 2.0375 0.0160 0.0335 0.9506 1.4572 127.9115 0 0
O 0 1387 1502 7.4834 1.9735 2.0375 0.0054 0.6934 0.3011 1.7760 155.8962 1 0
O 0 1394 1506 10.3055 1.8564 2.0280 0.0014 0.8220 0.1766 1.8469 162.1198 1 0
O 0 1398 658 7.7584 0.8344 2.0302 0.0011 0.7811 0.2178 0.8513 74.7297 1 0
O 0 1404 1730 9.3064 1.2567 2.0674 0.0010 0.7788 0.2202 1.2606 110.6562 1 0
O 0 1405 1714 1.6515 0.9602 1.9947 0.7345 0.0189 0.2466 1.2223 107.2929 0 0
O 0 1408 1731 8.8013 1.2526 2.0674 0.0011 0.7669 0.2319 1.2159 106.7274 1 0
O 0 1409 245 9.1078 0.8895 2.1038 0.0013 0.7376 0.2611 0.9048 79.4244 1 0
O 0 1413 756 6.5370 0.8805 1.8889 0.0033 0.2944 0.7023 0.8643 75.8711 1 0
O 0 1416 751 3.9872 0.8732 1.9221 0.0011 0.7941 0.2049 0.9652 84.7267 0 0
O 0 1417 319 7.5947 1.8432 1.9369 0.0030 0.7154 0.2816 1.7123 150.3071 1 0
O 0 1418 743 6.2571 0.9569 1.9342 0.0012 0.7209 0.2779 1.0750 94.3608 1 0
O 0 1430 2094 9.4061 1.3094 1.9756 0.0012 0.8001 0.1987 1.2959 113.7572 1 0
O 0 1437 542 8.7346 1.4104 1.9471 0.0016 0.7879 0.2105 1.3714 120.3816 1 0
O 0 1438 541 8.1542 1.4141 1.9498 0.0022 0.7701 0.2277 1.3120 115.1651 1 0
O 0 1439 42 8.7982 1.3762 1.9481 0.0016 0.7872 0.2112 1.3614 119.5063 1 0
O 0 1441 12625 3.8514 1.4285 1.9730 0.0011 0.7563 0.2426 1.3489 118.4099 0 0
O 0 1447 1777 9.3822 1.3628 1.9790 0.0011 0.7928 0.2061 1.3464 118.1861 1 0
O 0 1448 680 9.9254 2.4508 1.9242 0.0027 0.7520 0.2453 2.4415 214.3134 1 0
O 0 1456 1839 9.6109 1.6311 1.8817 0.0018 0.7690 0.2291 1.6251 142.6479 1 0
O 0 1475 729 8.0806 0.8806 1.8322 0.0026 0.6690 0.3283 0.8729 76.6247 1 0
O 0 1483 12561 -0.0292 0.8788 1.8191 0.0084 0.6781 0.3135 2.8643 251.4326 0 0
O 0 1489 12638 0.3966 1.0160 1.7807 0.6542 0.0000 0.3458 1.1507 101.0118 0 0
O 0 1491 12634 3.8452 1.4068 1.7807 0.0648 0.0028 0.9324 1.3595 119.3333 0 0
O 0 1502 1768 2.1931 0.8300 1.7793 0.1648 0.0524 0.7828 7.1002 623.2524 0 0
O 0 1506 1764 2.1843 0.8322 1.7793 0.1884 0.0430 0.7687 6.0708 532.8909 0 0
O 0 1507 663 7.1984 0.8568 1.8897 0.0018 0.5320 0.4662 0.9449 82.9470 1 0
O 0 1511 12692 1.3544 1.0638 1.8619 0.0027 0.7515 0.2458 1.8632 163.5497 0 0
O 0 1512 12707 0.2450 1.1998 1.7006 0.0079 0.5331 0.4591 2.8637 251.3735 0 0
O 0 1526 732 1.3852 4.3461 1.7712 0.2701 0.0008 0.7291 0.7891 69.2651 0 0
O 0 1533 882 4.5970 1.5098 1.7717 0.0084 0.6587 0.3329 0.9416 82.6534 1 0
O 0 1538 12573 1.6748 1.1006 1.7806 0.0329 0.0251 0.9421 0.6390 56.0909 0 0
O 0 1541 136 6.0231 0.8820 1.7800 0.0050 0.6502 0.3449 0.7807 68.5291 1 0
O 0 1546 12654 1.1548 2.8622 1.7804 0.0431 0.0375 0.9193 0.6538 57.3867 0 0
O 0 1567 12362 2.9043 1.6648 1.7007 0.7696 0.1017 0.1288 4.7138 413.7762 1 0
O 0 1577 12690 1.4777 35.5208 1.5950 0.0218 0.5594 0.4188 2.4882 218.4140 0 0
O 0 1580 12719 3.6812 1.0148 1.5504 0.2796 0.0037 0.7168 0.5517 48.4271 0 0
O 0 1587 12608 -1.8717 1.3205 1.4879 0.4594 0.0044 0.5362 2.2614 198.5062 0 0
O 0 1599 12342 0.3114 0.9739 1.4960 0.0596 0.2571 0.6833 1.4609 128.2372 0 0
O 0 1603 12553 1.7957 0.9149 1.4889 0.4330 0.0029 0.5641 0.6466 56.7593 0 0
O 0 1604 12385 0.4767 1.2769 1.4889 0.2044 0.0070 0.7886 0.5757 50.5386 0 0
O 0 1611 12252 3.7319 0.8154 1.4958 0.2895 0.0048 0.7057 0.5705 50.0793 0 0
O 0 1619 12622 2.5699 1.5784 1.4882 0.2104 0.0322 0.7573 1.0785 94.6745 0 0
O 0 1640 12384 -0.0763 0.9201 1.4960 0.7132 0.0038 0.2831 0.9133 80.1730 0 0
O 0 1642 12699 -0.7349 4.2492 1.5960 0.7814 0.0354 0.1832 0.6218 54.5790 0 0
O 0 1643 12318 1.1019 1.4731 1.4963 0.0200 0.5217 0.4583 0.6041 53.0279 0 0
O 0 1644 336 3.4287 0.8152 1.4962 0.0111 0.5538 0.4351 0.6154 54.0166 1 0
O 0 1648 12716 3.5926 1.0415 1.4956 0.0229 0.4622 0.5149 0.6028 52.9139 0 0
O 0 1661 12408 1.6225 0.9629 1.4954 0.0271 0.5469 0.4260 6.4178 563.3517 0 0
O 0 1670 3577 3.5166 0.8022 2.3703 0.4996 0.0360 0.4644 2.0172 177.0703 0 0
O 0 1671 5264 3.7779 1.0956 2.3735 0.0156 0.0262 0.9583 0.8478 74.4240 0 0
O 0 1675 2065 8.3941 0.8210 2.4160 0.0013 0.7228 0.2759 0.8098 71.0824 0 0
O 0 1676 5502 6.5716 0.8570 2.4087 0.0032 0.5007 0.4961 0.8790 77.1588 0 0
O 0 1681 702 3.2072 0.9065 2.4070 0.0102 0.0553 0.9345 0.8824 77.4609 0 0
O 0 1684 5317 -0.1696 0.9151 2.3601 0.0197 0.5470 0.4333 5.8541 513.8760 0 0
O 0 1687 3507 1.5306 1.2648 2.3551 0.0042 0.1356 0.8602 1.0632 93.3297 0 0
O 0 1693 12989 -0.5692 0.8306 2.3789 0.2094 0.0270 0.7635 1.5585 136.8093 0 0
O 0 1694 3659 9.8899 1.2975 2.3268 0.0015 0.7573 0.2411 1.3451 118.0719 1 0
O 0 1696 843 6.0205 1.5513 2.2869 0.0080 0.0570 0.9351 0.8634 75.7903 1 0
O 0 1698 869 9.6534 2.8998 2.3108 0.0031 0.7202 0.2767 2.8724 252.1412 1 0
O 0 1699 866 10.3986 2.9817 2.3108 0.0046 0.7112 0.2842 2.9781 261.4151 1 0
O 0 1700 3715 8.5267 1.9587 2.3445 0.0019 0.7726 0.2256 2.1409 187.9280 1 0
O 0 1701 2077 10.8667 3.1922 2.3108 0.0040 0.7249 0.2712 3.1840 279.4943 1 0
O 0 1717 3033 7.6708 2.3408 2.3824 0.0048 0.6239 0.3713 2.2052 193.5725 1 0
O 0 1719 1494 8.9931 0.8642 2.2905 0.0019 0.6292 0.3688 0.8689 76.2702 1 0
O 0 1721 12563 -0.8353 1.6737 2.3445 0.0122 0.0788 0.9090 1.4517 127.4315 0 0
O 0 1723 1541 9.0082 2.0147 2.3114 0.0019 0.7788 0.2193 2.0369 178.7969 1 0
O 0 1724 1536 9.2631 1.9221 2.3114 0.0017 0.7840 0.2143 1.8902 165.9180 1 0
O 0 1725 1575 10.1891 1.0881 2.3232 0.0010 0.8143 0.1847 1.0986 96.4395 1 0
O 0 1726 12949 0.1720 0.8184 2.2805 0.0168 0.0195 0.9637 0.8274 72.6323 0 0
O 0 1727 1574 10.0716 1.0669 2.3232 0.0009 0.8190 0.1801 1.0511 92.2671 1 0
O 0 1728 3236 6.9034 1.0242 2.2868 0.0033 0.6945 0.3021 1.0253 89.9988 1 0
O 0 1739 1655 9.9770 2.1562 2.3196 0.0020 0.6890 0.3090 2.1328 187.2178 1 0
O 0 1740 1656 9.2784 2.1103 2.3198 0.0018 0.7080 0.2902 2.1064 184.9027 1 0
O 0 1743 5322 0.3614 0.9117 2.3601 0.2289 0.2928 0.4782 33.0867 2904.3535 0 0
O 0 1744 12319 0.0676 32.0883 2.3594 0.2173 0.2869 0.4958 13.4847 1183.6848 0 0
O 0 1747 3459 8.2970 2.0821 2.3730 0.0108 0.2172 0.7719 1.7636 154.8123 0 0
O 0 1750 3478 4.0221 0.8894 2.4002 0.1704 0.2521 0.5775 3.1284 274.6087 1 0
O 0 1754 3457 8.1660 2.1170 2.3730 0.0113 0.1890 0.7997 1.7235 151.2892 0 0
O 0 1765 13104 2.4730 8.4669 2.2044 0.0017 0.7106 0.2877 1.4013 123.0028 0 0
O 0 1775 3043 8.2911 1.6637 2.1426 0.0015 0.7797 0.2188 1.8092 158.8083 1 0
O 0 1776 510 7.9832 1.9602 2.1426 0.0025 0.7450 0.2525 1.9147 168.0705 1 0
O 0 1778 1454 8.1522 0.9076 2.2464 0.0010 0.7713 0.2277 0.9095 79.8380 1 0
O 0 1779 519 8.6893 0.8717 2.2494 0.0009 0.7970 0.2021 0.8592 75.4211 1 0
O 0 1782 1508 9.2463 2.2747 2.1976 0.0036 0.6731 0.3233 2.3973 210.4329 1 0
O 0 1787 699 1.4930 0.8047 2.1477 0.0059 0.5185 0.4756 1.5887 139.4571 0 0
O 0 1788 698 4.4061 0.8034 2.1862 0.0010 0.8034 0.1956 1.0071 88.4041 1 0
O 0 1792 1922 7.9292 1.1047 2.1171 0.0025 0.4632 0.5343 1.1214 98.4328 1 0
O 0 1809 855 4.0483 0.7977 2.0407 0.0055 0.3980 0.5966 1.0297 90.3878 0 0
O 0 1811 3044 8.2602 1.6735 2.1426 0.0033 0.5798 0.4168 1.7911 157.2215 1 0
O 0 1812 1435 8.7218 1.7058 2.1426 0.0016 0.7499 0.2485 1.7503 153.6427 1 0
O 0 1814 611 6.6513 1.2238 2.1033 0.0012 0.8072 0.1916 1.2535 110.0317 1 0
O 0 1820 823 7.9048 2.0937 2.0006 0.0112 0.6841 0.3047 2.0966 184.0379 1 0
O 0 1836 12357 -0.9167 1.3284 2.0401 0.0166 0.0206 0.9628 1.4637 128.4877 0 0
O 0 1841 12793 0.9059 0.8847 2.0411 0.5349 0.0114 0.4537 1.0925 95.9001 0 0
O 0 1850 2129 9.9827 1.3593 1.9933 0.0018 0.7776 0.2206 1.3569 119.1129 1 0
O 0 1859 544 7.7277 2.0003 2.0480 0.0065 0.6724 0.3211 1.8748 164.5687 1 0
O 0 1874 1800 4.0681 1.8001 1.8719 0.5507 0.0098 0.4394 1.1725 102.9182 1 0
O 0 1900 12794 0.5354 1.0455 1.9438 0.3967 0.2681 0.3352 15.2572 1339.2782 0 0
O 0 1901 12389 -1.1647 1.3190 1.9516 0.0744 0.0276 0.8979 0.9600 84.2719 0 0
O 0 1902 12562 -1.2626 0.9808 1.9516 0.0613 0.0230 0.9158 1.2556 110.2204 0 0
O 0 1903 835 -2.1681 1.4119 1.7539 0.2301 0.0009 0.7691 1.0488 92.0676 0 0
O 0 1912 683 5.3108 2.5090 1.9516 0.0245 0.5287 0.4468 1.5274 134.0723 1 0
O 0 1914 12698 0.3917 1.3939 1.9440 0.0228 0.0164 0.9608 1.1858 104.0938 0 0
O 0 1916 265 8.0328 1.0066 1.9499 0.0035 0.6941 0.3023 0.8881 77.9581 1 0
O 0 1919 12343 1.6483 0.9765 1.8711 0.0082 0.5177 0.4741 0.9248 81.1833 0 0
O 0 1920 12672 1.4180 0.8316 1.8719 0.7671 0.0023 0.2306 0.7193 63.1392 0 0
O 0 1922 11747 3.8106 0.9201 1.8229 0.1764 0.4448 0.3789 0.4075 35.7725 0 0
O 0 1926 12708 5.2115 1.6241 1.8716 0.7665 0.0066 0.2269 1.2801 112.3692 0 0
O 0 1941 332 5.2287 1.6532 1.8155 0.3012 0.3674 0.3314 1.0912 95.7873 1 0
O 0 1947 1991 7.5984 0.8180 1.8719 0.0038 0.5589 0.4373 0.8418 73.8965 1 0
O 0 1950 12381 0.2004 0.8415 1.7167 0.8259 0.0001 0.1740 1.0308 90.4794 0 0
O 0 1951 12994 5.3515 2.4639 1.8230 0.2050 0.3119 0.4830 0.3765 33.0504 0 0
O 0 1952 1421 4.4347 0.9166 1.8230 0.0091 0.4681 0.5228 1.4108 123.8398 1 0
O 0 1953 909 0.1910 1.3470 1.8158 0.1195 0.0029 0.8776 0.8642 75.8626 0 0
O 0 1956 12946 2.7087 2.0900 1.8229 0.0040 0.5741 0.4219 0.9954 87.3728 0 0
O 0 1957 1547 6.2697 0.9041 1.8719 0.0098 0.5644 0.4258 0.7517 65.9810 1 0
O 0 1958 12592 -1.7261 1.5177 1.7166 0.5566 0.0001 0.4433 0.6611 58.0286 0 0
O 0 1959 12257 6.9050 1.0086 1.8228 0.0035 0.6325 0.3640 1.1918 104.6165 1 0
O 0 1961 12630 4.9725 3.5593 1.8230 0.0052 0.6585 0.3364 2.0217 177.4682 0 0
O 0 1962 12670 1.7963 1.7891 1.8166 0.2034 0.1711 0.6255 91.3092 8015.1221 0 0
O 0 1966 1770 3.2474 0.8318 1.8166 0.0183 0.5967 0.3849 0.7179 63.0143 0 0
O 0 1977 738 3.4452 0.9700 1.7547 0.3726 0.3376 0.2899 0.4921 43.1980 0 0
O 0 1979 737 3.0122 0.9687 1.7159 0.4723 0.1435 0.3842 0.8571 75.2379 0 0
O 0 1987 318 -4.9370 1.9054 1.8719 0.8209 0.0113 0.1678 1.0104 88.6955 0 0
O 0 1989 12346 1.7582 1.1983 1.6608 0.4542 0.0001 0.5457 0.6785 59.5557 0 0
O 0 1991 12353 1.7341 6.1439 1.7166 0.6680 0.0080 0.3240 0.8952 78.5806 0 0
O 0 1993 12750 4.0150 1.3236 1.8166 0.0157 0.5639 0.4204 0.5248 46.0702 1 0
O 0 1996 12778 0.4405 2.3183 1.6546 0.8129 0.0000 0.1870 0.6642 58.3061 0 0
O 0 1998 497 2.4222 0.9606 1.7610 0.3632 0.0002 0.6366 1.0007 87.8452 0 0
O 0 1999 12550 5.8719 1.9751 1.7153 0.1009 0.5138 0.3853 1.7463 153.2903 1 0
O 0 2002 12227 3.6272 2.0412 1.7610 0.0350 0.5782 0.3868 9.6432 846.4765 0 0
O 0 2004 12267 3.2787 0.9011 1.7607 0.2180 0.0020 0.7800 0.7657 67.2169 0 0
O 0 2025 735 -5.5907 1.8376 1.8164 0.7230 0.0113 0.2656 0.9112 79.9865 0 0
O 0 2027 327 2.5314 3.9684 1.6609 0.6451 0.0003 0.3546 0.9839 86.3680 0 0
O 0 2028 329 8.2750 3.7845 1.7097 0.0140 0.5699 0.4160 3.5838 314.5864 1 0
O 0 2037 402 0.3111 0.8435 1.6609 0.2936 0.0003 0.7061 0.7213 63.3183 0 0
O 0 2038 12678 0.8005 0.9909 1.7097 0.0304 0.0267 0.9429 0.8189 71.8831 0 0
O 0 2040 404 1.2884 0.8555 1.6166 0.1307 0.0090 0.8603 1.1605 101.8658 0 0
O 0 2041 12355 2.0168 1.6961 1.6106 0.5836 0.0143 0.4021 2.1721 190.6637 0 0
O 0 2047 12753 4.0624 1.1116 1.6542 0.3873 0.0003 0.6124 0.8472 74.3648 0 0
O 0 2050 11751 0.3519 3.2188 1.5624 0.6643 0.0016 0.3342 2.3877 209.5937 0 0
O 0 2052 12560 -0.4363 0.8000 1.7095 0.0161 0.3488 0.6351 0.9114 80.0049 0 0
O 0 2058 12192 3.1764 1.8709 1.6103 0.5745 0.0001 0.4254 0.7340 64.4262 0 0
O 0 2059 12624 1.5115 1.5463 1.6103 0.5824 0.0003 0.4172 1.0262 90.0796 0 0
O 0 2061 12637 3.0095 1.7407 1.6610 0.7836 0.0011 0.2152 0.4730 41.5187 0 0
O 0 2064 1766 0.0639 0.8297 1.7605 0.0778 0.0822 0.8400 2.2024 193.3251 0 0
O 0 2067 12304 -2.7771 1.3899 1.8166 0.5812 0.0187 0.4001 0.3946 34.6339 0 0
O 0 2071 12633 -4.7692 6.8856 1.8166 0.8350 0.0051 0.1600 0.2935 25.7649 0 0
O 0 2078 12276 -4.7504 0.9838 1.8166 0.8286 0.0210 0.1504 0.7726 67.8193 0 0
O 0 2079 12673 0.4766 1.0568 1.5618 0.6228 0.0009 0.3763 3.0231 265.3637 0 0
O 0 2080 12317 1.7929 1.0053 1.6167 0.7718 0.0447 0.1835 3.1765 278.8356 0 0
O 0 2098 12691 4.3429 5.2065 1.6540 0.1857 0.3835 0.4308 7.5505 662.7869 0 0
O 0 2100 12682 0.7465 0.8288 1.6608 0.7095 0.0327 0.2578 1.7484 153.4742 0 0
O 0 2101 12713 3.6285 1.1179 1.5342 0.8551 0.0000 0.1448 1.1427 100.3090 0 0
O 0 2105 12193 1.5308 1.8864 1.6610 0.8554 0.0068 0.1377 0.7226 63.4280 0 0
O 0 2106 11721 2.3161 1.8192 1.6103 0.3819 0.0004 0.6177 0.9233 81.0483 0 0
O 0 2108 12282 0.5055 1.2928 1.5618 0.8321 0.0010 0.1669 2.0097 176.4088 0 0
O 0 2109 12334 7.5612 0.9263 1.6167 0.4056 0.0003 0.5941 0.9186 80.6305 0 0
O 0 2112 723 7.0601 1.1654 2.4179 0.0506 0.3902 0.5592 1.3857 121.6329 1 0
O 0 2113 5263 9.2252 1.0874 2.4179 0.0013 0.7946 0.2041 1.0654 93.5242 1 0
O 0 2116 2010 5.9504 1.2376 2.3222 0.0212 0.0231 0.9557 0.8484 74.4731 1 0
O 0 2120 3734 7.1079 0.8335 2.4046 0.0052 0.2620 0.7327 0.8330 73.1170 0 0
O 0 2126 2076 11.1418 3.0522 2.3106 0.0061 0.6200 0.3739 3.0598 268.5851 1 0
O 0 2147 3313 8.6184 2.4486 2.3155 0.0037 0.7103 0.2860 2.5739 225.9380 1 0
O 0 2148 1652 9.2165 2.2042 2.3236 0.0044 0.7219 0.2736 2.2206 194.9283 1 0
O 0 2161 703 4.1611 0.9019 2.3971 0.5503 0.1695 0.2802 4.9784 436.9998 0 0
O 0 2163 1788 7.6050 0.8689 2.4190 0.0034 0.7322 0.2644 0.9801 86.0293 1 0
O 0 2174 12779 -0.2052 0.8334 2.2078 0.4007 0.0019 0.5973 1.0362 90.9562 0 0
O 0 2179 844 9.6176 1.5609 2.2813 0.0033 0.7004 0.2963 1.5750 138.2569 1 0
O 0 2182 3705 5.1821 1.5133 2.2813 0.7415 0.1242 0.1343 54.7588 4806.7285 0 0
O 0 2187 918 5.3334 0.8089 2.2245 0.0033 0.5408 0.4559 0.8313 72.9717 0 0
O 0 2189 520 9.1396 0.8757 2.2550 0.0011 0.8035 0.1953 0.8682 76.2062 1 0
O 0 2192 1493 8.0480 0.8588 2.2883 0.0028 0.5857 0.4115 0.9625 84.4878 1 0
O 0 2197 12238 2.4168 1.0604 2.1956 0.0043 0.6804 0.3152 1.6143 141.7077 0 0
O 0 2203 3238 5.9394 1.0229 2.2934 0.0018 0.7732 0.2250 1.0151 89.1098 1 0
O 0 2211 3331 8.1703 0.8065 2.3063 0.0025 0.6136 0.3839 0.8126 71.3263 1 0
O 0 2212 12706 1.7329 1.7506 2.1179 0.1034 0.0063 0.8903 1.6278 142.8910 0 0
O 0 2215 764 2.7333 1.4705 2.1563 0.0032 0.7414 0.2555 1.3737 120.5854 1 0
O 0 2216 3596 2.4539 1.7010 2.1243 0.0186 0.5943 0.3870 3.8212 335.4238 0 0
O 0 2219 386 6.0334 1.1859 2.1812 0.0040 0.7006 0.2953 1.1026 96.7886 1 0
O 0 2220 1925 7.9978 1.0952 2.1188 0.0046 0.3341 0.6613 1.0479 91.9833 1 0
O 0 2233 3040 7.9693 1.6744 2.1250 0.0092 0.6160 0.3747 2.7134 238.1790 1 0
O 0 2237 3170 9.1527 2.2686 2.1956 0.0068 0.6338 0.3594 2.4602 215.9575 1 0
O 0 2243 673 -0.0338 1.2560 2.1240 0.0119 0.4222 0.5659 2.2288 195.6402 0 0
O 0 2246 12979 0.3359 1.5851 1.9862 0.4010 0.0005 0.5986 0.7800 68.4726 0 0
O 0 2248 12686 -0.8893 2.2791 2.0510 0.0513 0.4795 0.4692 2.3183 203.5022 0 0
O 0 2249 12697 -1.7956 3.5890 2.0510 0.0392 0.4718 0.4890 2.1427 188.0900 0 0
O 0 2252 12393 1.2776 0.9669 2.0518 0.0110 0.6782 0.3109 4.1365 363.1062 0 0
O 0 2256 849 9.0519 1.0537 2.0511 0.0039 0.7033 0.2928 1.0304 90.4511 1 0
O 0 2282 12301 -1.0299 1.0413 2.1179 0.7529 0.0098 0.2373 1.7455 153.2174 0 0
O 0 2286 211 2.5649 1.1473 2.0500 0.0261 0.0899 0.8839 1.4401 126.4164 0 0
O 0 2289 1773 7.6657 0.9582 2.1243 0.0027 0.7421 0.2552 0.9381 82.3486 1 0
O 0 2294 12990 2.6396 1.0253 1.9233 0.3729 0.0017 0.6254 1.0485 92.0379 0 0
O 0 2298 12736 -1.7227 0.8781 1.9284 0.4869 0.0173 0.4958 1.2349 108.4021 0 0
O 0 2300 12744 1.3369 1.2217 1.9284 0.6400 0.0001 0.3599 0.9478 83.1957 0 0
O 0 2308 12284 -1.0327 0.8178 1.8808 0.8328 0.0001 0.1671 5.0461 442.9442 0 0
O 0 2325 1879 0.9510 0.8654 1.9294 0.3357 0.3158 0.3485 1.4862 130.4621 0 0
O 0 2326 1877 0.7229 0.8690 1.9295 0.6478 0.1496 0.2026 1.0392 91.2225 0 0
O 0 2346 12345 1.3543 1.4603 1.8245 0.4962 0.0005 0.5033 0.6142 53.9172 0 0
O 0 2347 12344 1.5658 1.3578 1.8244 0.5952 0.0002 0.4045 0.5847 51.3291 0 0
O 0 2348 755 6.2104 0.8837 1.8807 0.0206 0.3581 0.6214 0.9605 84.3109 1 0
O 0 2354 739 6.3394 0.9507 1.9288 0.0825 0.0076 0.9099 1.0521 92.3501 1 0
O 0 2357 12354 -2.3009 2.7043 1.8297 0.3179 0.0017 0.6804 1.0202 89.5496 0 0
O 0 2359 12761 -2.1808 3.1603 1.8299 0.6955 0.0000 0.3044 0.6472 56.8093 0 0
O 0 2360 12376 -0.7091 1.3818 1.8296 0.3637 0.0001 0.6362 0.8050 70.6614 0 0
O 0 2361 12766 1.1061 1.4761 1.8299 0.4521 0.0057 0.5422 2.0259 177.8305 0 0
O 0 2366 12791 1.6772 3.8495 1.8808 0.3219 0.0073 0.6708 0.5328 46.7677 0 0
O 0 2372 12947 2.6071 1.4827 1.8292 0.2854 0.0387 0.6759 2.4336 213.6226 0 0
O 0 2373 577 2.0625 0.9759 1.8860 0.2024 0.3345 0.4631 1.0586 92.9207 0 0
O 0 2399 333 3.6992 1.6347 1.8244 0.1055 0.0019 0.8926 0.8006 70.2801 1 0
O 0 2402 12709 -0.1577 1.9538 1.7776 0.6956 0.0002 0.3042 0.9952 87.3626 0 0
O 0 2413 1989 1.5468 0.8085 1.8296 0.5139 0.1960 0.2901 7.7936 684.1227 0 0
O 0 2420 11759 3.6556 1.4152 1.7777 0.3796 0.0443 0.5762 0.5169 45.3692 0 0
O 0 2421 12361 -0.5334 1.1964 1.7001 0.2929 0.0001 0.7070 1.3584 119.2423 0 0
O 0 2434 12956 0.3581 0.8350 1.8812 0.0190 0.6320 0.3490 1.9777 173.6034 0 0
O 0 2438 4344 9.4681 3.1035 -2.2919 0.0019 0.5627 0.4354 2.9545 259.3493 1 0
O 0 2444 1305 7.7759 0.9581 -2.1609 0.0009 0.7229 0.2762 1.1656 102.3206 1 0
O 0 2452 2891 10.8628 1.2529 -2.3589 0.0022 0.5261 0.4717 1.2293 107.9068 1 0
O 0 2462 931 9.7071 1.5817 -2.2410 0.0011 0.4061 0.5928 1.3550 118.9436 1 0
O 0 2465 2339 9.1430 1.9552 -2.2071 0.0077 0.6429 0.3494 1.6521 145.0177 1 0
O 0 2470 2391 6.7688 0.9048 -2.1874 0.0009 0.7840 0.2151 1.0823 95.0075 1 0
O 0 2473 4164 7.2459 1.7862 -2.3273 0.0705 0.4529 0.4767 6.7393 591.5783 1 0
O 0 2475 2511 6.1205 0.8099 -2.1830 0.0015 0.6839 0.3146 0.8081 70.9363 1 0
O 0 2476 2488 9.7400 1.4217 -2.1775 0.0020 0.5859 0.4121 1.2693 111.4202 1 0
O 0 2480 2643 5.8283 0.7986 -2.3325 0.0430 0.0520 0.9049 0.7792 68.4025 0 0
O 0 2482 1154 8.2161 2.3214 -2.2857 0.0015 0.4740 0.5244 1.5776 138.4830 1 0
O 0 2485 2703 7.0379 1.1366 -2.1694 0.0109 0.6800 0.3092 1.1559 101.4678 1 0
O 0 2487 1237 1.1799 1.2551 -2.0068 0.0424 0.0085 0.9492 2.2704 199.2957 0 0
O 0 2491 2814 5.5830 1.5820 -2.0950 0.6438 0.1102 0.2461 4.5370 398.2539 1 0
O 0 2492 1291 10.4505 1.5250 -2.0989 0.0022 0.8120 0.1858 1.5171 133.1700 1 0
O 0 2494 2804 2.0795 1.7507 -2.0626 0.6097 0.0318 0.3585 2.3495 206.2387 0 0
O 0 2497 2854 8.8029 1.3994 -2.0950 0.1186 0.4584 0.4230 2.2190 194.7850 1 0
O 0 2500 12536 2.6071 1.7637 -2.1099 0.7783 0.0892 0.1325 11.9759 1051.2454 0 0
O 0 2503 12919 -0.9469 1.8863 -2.0986 0.0744 0.0053 0.9203 0.9484 83.2500 0 0
O 0 2504 2921 10.1646 2.2807 -2.0060 0.0022 0.7653 0.2324 2.3267 204.2396 1 0
O 0 2510 2917 8.5744 1.1912 -1.9773 0.0122 0.4280 0.5598 1.2442 109.2152 1 0
O 0 2511 0 3.8392 1.0284 -2.0799 0.1878 0.4433 0.3689 3.1075 272.7726 0 0
O 0 2515 2142 11.7110 1.7693 -2.0269 0.0039 0.7398 0.2562 1.7578 154.3014 1 0
O 0 2522 1022 0.6825 0.8322 -2.1748 0.1429 0.0042 0.8529 0.7929 69.6045 0 0
O 0 2523 1111 9.8912 0.8643 -2.1679 0.0018 0.7572 0.2410 0.8569 75.2229 1 0
O 0 2525 4101 9.2030 0.9738 -2.1874 0.0016 0.8160 0.1824 1.0297 90.3912 1 0
O 0 2529 1053 9.1758 0.8348 -2.1121 0.0024 0.7611 0.2365 0.8620 75.6674 1 0
O 0 2536 2449 9.0729 0.9940 -1.9738 0.0114 0.3549 0.6336 1.0376 91.0813 1 0
O 0 2537 4175 11.1550 1.3068 -2.1775 0.0043 0.7896 0.2061 1.3171 115.6192 1 0
O 0 2538 2448 9.7236 1.1208 -2.0400 0.0087 0.7009 0.2904 1.1703 102.7318 1 0
O 0 2543 1196 9.6526 2.4710 -1.9105 0.0022 0.8576 0.1402 2.4754 217.2892 1 0
O 0 2544 285 10.3005 1.4661 -2.0196 0.0124 0.7406 0.2470 1.4071 123.5116 1 0
O 0 2547 1221 9.1718 1.2360 -1.8590 0.0018 0.7929 0.2053 1.3200 115.8679 1 0
O 0 2549 2694 9.8760 1.0563 -1.8789 0.0014 0.7664 0.2322 1.0493 92.1052 1 0
O 0 2551 1258 8.3023 0.9036 -1.9334 0.0020 0.8499 0.1481 0.8764 76.9295 1 0
O 0 2554 2708 -0.9520 1.2698 -1.9730 0.5462 0.0111 0.4427 0.5509 48.3569 0 0
O 0 2555 350 -0.9304 0.9978 -1.9564 0.5274 0.2234 0.2492 4.1957 368.2971 0 0
O 0 2557 1265 11.0474 1.1636 -1.9523 0.0047 0.7852 0.2100 1.1556 101.4423 1 1 33
O 0 2558 2790 10.9491 1.1818 -1.9516 0.0040 0.7988 0.1972 1.1895 104.4106 1 1 33
O 0 2578 1345 9.6745 1.8746 -1.9016 0.0036 0.8047 0.1916 1.9667 172.6412 1 0
O 0 2580 12925 -0.7489 0.8325 -2.0997 0.7625 0.0482 0.1893 1.7761 155.9042 0 0
O 0 2587 1382 9.8748 0.9924 -1.9176 0.0006 0.8721 0.1273 0.9470 83.1273 1 0
O 0 2590 2957 9.2410 1.0709 -1.9140 0.0757 0.2300 0.6943 1.0957 96.1825 1 0
O 0 2593 2143 10.5747 1.7460 -2.0269 0.0146 0.7215 0.2639 1.6979 149.0425 1 0
O 0 2598 2191 4.1874 0.9936 -2.0148 0.0045 0.4437 0.5518 0.9284 81.4970 1 0
O 0 2603 2250 4.3771 6.3836 -1.9094 0.0075 0.0159 0.9767 1.4925 131.0085 1 1 0
O 0 2606 1047 8.0999 0.9283 -1.9382 0.0032 0.7551 0.2417 1.0451 91.7425 1 0
O 0 2616 12878 -0.4853 1.1412 -1.9065 0.0980 0.0103 0.8917 0.8068 70.8202 0 0
O 0 2624 303 10.1082 1.3761 -1.7289 0.0009 0.8616 0.1375 1.4261 125.1838 1 0
O 0 2625 1220 6.5427 1.2284 -1.8590 0.0306 0.0390 0.9305 1.0619 93.2120 1 0
O 0 2630 397 6.9645 2.0469 -1.7956 0.0132 0.6119 0.3749 1.6785 147.3417 1 0
O 0 2633 372 8.7220 0.8108 -1.8034 0.0027 0.7964 0.2009 0.7992 70.1551 1 0
O 0 2634 374 8.5810 0.8171 -1.8022 0.0029 0.7996 0.1976 0.8105 71.1439 1 0
O 0 2635 12522 7.9806 1.1379 -1.8258 0.0135 0.6643 0.3222 1.0906 95.7358 1 0
O 0 2640 1320 4.6718 2.0382 -1.8073 0.0110 0.6854 0.3037 2.6906 236.1800 0 0
O 0 2653 1395 7.7720 1.1922 -1.8034 0.0468 0.0481 0.9050 0.8606 75.5395 0 0
O 0 2654 1396 10.6239 1.1942 -1.8034 0.0015 0.8640 0.1345 1.1963 105.0107 1 0
O 0 2658 12807 8.0106 1.0941 -1.7499 0.0006 0.8854 0.1140 1.0993 96.4954 1 0
O 0 2664 12832 8.2838 1.1926 -1.7702 0.0011 0.8472 0.1517 1.2431 109.1224 1 0
O 0 2668 126 8.1265 1.5689 -1.7966 0.0272 0.0509 0.9219 1.2119 106.3803 0 0
O 0 2670 128 1.8735 1.6290 -1.7400 0.5941 0.0266 0.3793 2.4385 214.0560 0 0
O 0 2672 1055 9.1640 0.9204 -1.7069 0.0005 0.8941 0.1054 0.9027 79.2413 1 0
O 0 2673 1063 9.6838 0.9279 -1.7212 0.0005 0.8678 0.1317 0.9179 80.5728 1 1 125
O 0 2677 163 0.4637 1.9905 -1.6639 0.0695 0.0017 0.9288 0.8713 76.4837 0 0
O 0 2682 1107 9.5080 1.2858 -1.8734 0.0017 0.8540 0.1443 1.3268 116.4694 1 0
O 0 2683 1086 10.0174 1.7564 -1.8739 0.0042 0.8030 0.1928 1.7673 155.1378 1 0
O 0 2686 12881 8.3578 1.0013 -1.7510 0.0011 0.8332 0.1657 1.0088 88.5530 1 0
O 0 2690 1129 9.3629 1.4588 -1.7712 0.0006 0.8722 0.1271 1.4609 128.2348 1 0
O 0 2698 240 6.3816 0.8416 -1.7404 0.0004 0.8984 0.1013 1.0237 89.8573 1 0
O 0 2699 255 9.7918 0.8485 -1.6804 0.0020 0.8492 0.1489 0.8376 73.5279 1 0
O 0 2701 267 4.6451 1.4171 -1.5289 0.7007 0.0313 0.2679 2.4014 210.7915 1 0
O 0 2703 347 6.5012 1.1613 -1.7022 0.0546 0.0454 0.9000 1.1906 104.5075 1 0
O 0 2711 431 8.7772 1.2517 -1.7044 0.0013 0.8771 0.1216 1.1609 101.9038 1 0
O 0 2713 12531 7.8200 0.8304 -1.6924 0.0021 0.8476 0.1503 0.8515 74.7428 1 0
O 0 2718 1364 8.2027 1.2396 -1.7044 0.0006 0.8823 0.1171 1.1638 102.1627 1 0
O 0 2719 4 -1.6761 0.8065 -1.6872 0.0075 0.6604 0.3322 1.0005 87.8230 0 0
O 0 2721 12544 10.3988 1.1771 -1.6682 0.0010 0.8873 0.1118 1.1481 100.7821 1 0
O 0 2722 12806 8.7025 1.0402 -1.7499 0.0009 0.8852 0.1139 1.0750 94.3677 1 0
O 0 2760 162 3.2930 1.9422 -1.6043 0.2040 0.0728 0.7231 1.3302 116.7691 0 0
O 0 2763 12482 -1.1743 1.3920 -1.7117 0.1138 0.0240 0.8622 0.8188 71.8725 0 0
O 0 2766 196 6.9732 0.8192 -1.6604 0.0024 0.8505 0.1471 0.8630 75.7552 1 0
O 0 2768 242 7.6396 0.8818 -1.6720 0.1426 0.5230 0.3344 0.9065 79.5746 1 0
O 0 2770 12496 -0.2773 0.8729 -1.4818 0.0008 0.8727 0.1265 1.1429 100.3222 0 0
O 0 2772 316 9.4454 1.3114 -1.4483 0.0013 0.8630 0.1357 1.2896 113.2042 1 0
O 0 2787 51 10.6239 1.4648 -1.5357 0.0021 0.8236 0.1742 1.4369 126.1289 1 0
O 0 2793 12446 8.2509 0.9821 -1.5403 0.0142 0.6355 0.3503 0.9234 81.0600 1 0
O 0 2800 11771 7.6777 1.3207 -1.4865 0.0014 0.8385 0.1601 1.1909 104.5407 1 0
O 0 2811 12467 9.7824 2.0371 -1.5757 0.0025 0.8215 0.1760 2.0373 178.8368 1 0
O 0 2813 12469 8.5756 2.0145 -1.5735 0.0215 0.8312 0.1473 1.9612 172.1510 1 0
O 0 2830 11178 7.4367 2.4411 -1.2857 0.0049 0.7705 0.2246 2.5044 219.8361 1 0
O 0 2834 11793 8.3771 0.9253 -1.3989 0.0057 0.8573 0.1370 0.9518 83.5497 1 0
O 0 2840 460 7.5759 1.0455 -1.4311 0.0041 0.8485 0.1474 0.9790 85.9378 1 0
O 0 2844 12805 -1.1624 1.6075 -1.4480 0.2505 0.0123 0.7372 0.8453 74.1985 0 0
O 0 2846 12214 8.5158 1.2194 -1.4809 0.0059 0.8404 0.1536 1.1887 104.3417 1 0
O 0 2853 81 8.3568 0.8343 -1.3651 0.0319 0.4849 0.4832 0.7966 69.9274 1 0
O 0 2864 12217 8.2501 1.1255 -1.3844 0.0044 0.8427 0.1529 1.1062 97.1028 1 0
O 0 2886 11181 6.6021 0.9100 -1.2544 0.0038 0.8316 0.1646 0.9387 82.3969 1 0
O 0 2932 295 7.2339 0.9235 -1.0081 0.0015 0.7831 0.2154 0.9427 82.7490 1 1 64
O 0 2936 11986 -1.8424 0.7988 -1.1716 0.8431 0.0014 0.1555 1.7432 153.0180 0 0
O 0 2939 12014 7.5530 0.9725 -1.1768 0.0014 0.8733 0.1253 0.9529 83.6458 1 0
O 0 2946 11157 4.9608 4.5804 -1.0609 0.0882 0.0273 0.8845 2.9471 258.6999 1 0
O 0 2958 12057 7.1261 1.1281 -1.0316 0.0227 0.1127 0.8646 1.0025 88.0033 1 0
O 0 2959 11174 7.4106 1.2567 -1.0285 0.0020 0.7122 0.2858 1.1896 104.4243 1 0
O 0 2968 11190 7.0460 0.8984 -1.0194 0.0011 0.7820 0.2169 0.9052 79.4553 1 0
O 0 2975 12133 7.0184 0.8368 -1.0219 0.0023 0.6670 0.3307 0.8429 73.9872 1 0
O 0 2983 11353 0.0739 1.0926 -0.9751 0.0088 0.1101 0.8811 0.9192 80.6890 0 0
O 0 2990 11896 -1.2547 1.7892 -1.1410 0.5182 0.0005 0.4813 0.8360 73.3825 0 0
O 0 2997 11770 0.9622 15.5379 -1.0086 0.0045 0.8405 0.1550 1.3621 119.5695 0 0
O 0 3008 11476 6.5049 1.0482 -0.9899 0.0004 0.8655 0.1341 1.0024 87.9940 1 1 94
O 0 3012 11143 7.9985 1.0843 -0.9353 0.0100 0.4866 0.5035 1.0477 91.9643 1 0
O 0 3022 11149 -1.8142 0.8373 -0.9816 0.4453 0.0067 0.5480 1.6764 147.1534 0 0
O 0 3032 385 7.6256 0.9153 -1.0001 0.0017 0.8666 0.1316 0.8836 77.5668 1 0
O 0 3046 11186 8.0706 1.0049 -0.9053 0.0009 0.8130 0.1861 1.0013 87.8984 1 0
O 0 3063 11639 -1.7481 1.1129 -0.9564 0.0035 0.7997 0.1968 1.5225 133.6475 0 0
O 0 3075 12158 6.4234 1.5281 -0.9697 0.0102 0.7185 0.2713 1.3522 118.6981 1 0
O 0 3077 12142 -0.5936 42.2944 -0.9699 0.0016 0.8368 0.1616 1.0425 91.5129 0 0
O 0 3088 11009 -1.3327 0.8826 -0.9189 0.7066 0.0025 0.2910 2.5409 223.0377 0 0
O 0 3108 11936 6.9294 0.8475 -0.9024 0.0015 0.7820 0.2164 0.8561 75.1452 1 0
O 0 3109 11412 3.8244 0.8855 -0.9031 0.7402 0.0340 0.2258 1.2085 106.0829 1 0
O 0 3111 152 6.4475 0.8107 -1.0918 0.0049 0.8693 0.1258 0.8389 73.6348 1 0
O 0 3115 11951 8.0629 1.2394 -1.0715 0.0036 0.8352 0.1612 1.2525 109.9422 1 0
O 0 3120 11106 7.5412 4.5114 -0.8079 0.0113 0.5479 0.4409 4.4945 394.5266 1 1 98
O 0 3127 11467 3.0186 1.4475 -0.9899 0.1928 0.0381 0.7691 0.8999 78.9952 0 0
O 0 3138 11185 5.3901 2.0975 -0.8454 0.1202 0.0883 0.7915 2.0924 183.6700 1 1 37
O 0 3144 11209 6.7072 1.5398 -0.5726 0.0235 0.7612 0.2152 1.3234 116.1684 1 0
O 0 3145 11202 4.1703 1.3188 -0.8209 0.0060 0.7558 0.2381 1.1313 99.3054 0 0
O 0 3153 11226 7.1073 0.9455 -0.8940 0.0076 0.8057 0.1867 0.9180 80.5819 1 0
O 0 3160 11828 0.0696 1.1813 -0.7861 0.6648 0.0045 0.3307 3.8057 334.0666 0 0
O 0 3162 11848 2.1969 0.8122 -0.5375 0.8787 0.0006 0.1207 1.2605 110.6456 0 0
O 0 3163 11248 6.3200 1.3448 -0.7182 0.0194 0.7564 0.2243 1.2317 108.1170 1 0
O 0 3164 11331 -1.3691 1.5423 -0.8110 0.8147 0.0281 0.1572 1.3129 115.2493 0 0
O 0 3180 46 8.1369 0.8161 -0.7876 0.0017 0.8281 0.1703 0.8191 71.9047 1 0
O 0 3209 11990 7.4330 0.8590 -0.8720 0.0011 0.8784 0.1205 0.8239 72.3241 1 0
O 0 3222 308 7.7373 0.9340 -0.6774 0.0167 0.6443 0.3390 0.8805 77.2875 1 0
O 0 3226 315 7.5203 0.8518 -0.6262 0.0012 0.8460 0.1528 0.8068 70.8200 1 1 95
O 0 3236 12086 0.4417 1.2875 -0.8723 0.7017 0.0246 0.2738 0.9032 79.2856 0 0
O 0 3247 12108 6.7660 0.8997 -0.5997 0.0028 0.8173 0.1799 0.8812 77.3479 1 1 147
O 0 3249 11651 -1.5693 3.4773 -0.5869 0.3701 0.0406 0.5893 0.8553 75.0740 0 0
O 0 3258 441 8.2198 1.4647 -0.6181 0.0031 0.8422 0.1547 1.3895 121.9727 1 0
O 0 3280 11812 -0.1121 10.2547 -0.5914 0.8695 0.0017 0.1287 1.1361 99.7275 0 0
O 0 3306 58 8.2635 1.3803 -0.5629 0.0016 0.8478 0.1506 1.3518 118.6614 1 0
O 0 3314 11864 7.5618 1.2734 -0.5115 0.0023 0.7822 0.2155 1.2170 106.8312 1 0
O 0 3315 11016 6.9248 0.8733 -0.6989 0.0706 0.2164 0.7130 0.9335 81.9398 1 0
O 0 3329 11400 2.8465 10.7694 -0.6109 0.8621 0.0541 0.0837 3.8537 338.2791 0 0
O 0 3332 11045 5.5290 1.2042 -0.6305 0.5213 0.0106 0.4681 0.9909 86.9813 0 0
O 0 3338 11915 6.5904 0.8375 -0.6072 0.0034 0.5399 0.4567 0.8265 72.5503 0 0
O 0 3344 11396 7.3983 1.1091 -0.6535 0.0041 0.8120 0.1839 1.0671 93.6673 1 0
O 0 3349 11414 4.6026 4.0564 -0.6207 0.9351 0.0234 0.0415 24.1169 2116.9785 0 0
O 0 3352 11044 2.3197 1.2142 -0.6305 0.8725 0.0184 0.1092 1.7770 155.9809 0 0
O 0 3360 11900 6.9350 1.2801 -0.6458 0.0072 0.7248 0.2680 1.3477 118.3022 1 0
O 0 3373 11426 -0.6138 2.0759 -0.5996 0.3869 0.1305 0.4826 1.2782 112.2026 0 0
O 0 3381 11972 0.5529 7.5402 -0.6037 0.1712 0.0293 0.7996 1.2948 113.6547 0 0
O 0 3394 11131 -1.9347 1.3302 0.6886 0.0493 0.6816 0.2690 1.6653 146.1778 0 0
O 0 3422 12080 0.3005 1.3180 0.5210 0.7860 0.0489 0.1651 37.7805 3316.3748 0 0
O 0 3429 12111 5.0767 0.9995 0.7876 0.0735 0.5937 0.3327 0.9071 79.6264 1 0
O 0 3441 11252 -0.8387 0.9301 0.5836 0.9017 0.0011 0.0972 0.8068 70.8202 0 0
O 0 3445 16 5.1684 0.8652 0.8064 0.0329 0.5471 0.4200 0.8035 70.5272 1 0
O 0 3466 11457 2.6639 1.1019 0.4229 0.6918 0.0209 0.2873 3.9431 346.1228 0 0
O 0 3472 11413 2.4433 1.8388 0.5577 0.6184 0.0116 0.3700 0.8073 70.8631 0 0
O 0 3481 11481 0.5064 2.3316 0.3874 0.8579 0.0009 0.1412 2.1845 191.7573 0 0
O 0 3494 219 7.6837 0.8220 0.7144 0.0025 0.7973 0.2002 0.8345 73.2544 1 0
O 0 3496 11996 0.9232 4.5914 0.5351 0.6728 0.0118 0.3155 3.8892 341.3930 0 0
O 0 3503 11155 0.9002 1.1428 0.5479 0.8814 0.0044 0.1142 1.1079 97.2543 0 0
O 0 3505 12043 7.5711 1.0341 0.6842 0.0017 0.7640 0.2342 1.0474 91.9391 1 0
O 0 3518 11689 -1.1343 0.9660 0.5240 0.5450 0.0005 0.4545 1.1585 101.6929 0 0
O 0 3519 11673 2.1258 0.9912 0.7999 0.1277 0.1377 0.7346 1.1628 102.0683 0 0
O 0 3526 45 0.2045 0.9974 0.6959 0.6612 0.0061 0.3327 1.0265 90.1059 0 0
O 0 3528 14 8.1774 0.9345 0.7233 0.0035 0.8395 0.1569 0.9317 81.7834 1 0
O 0 3535 11299 4.6108 48.5801 0.7709 0.0323 0.3108 0.6569 56.4176 4952.3413 1 1 16
O 0 3537 11286 -2.1663 0.8702 0.8719 0.0040 0.8090 0.1871 1.7635 154.7996 0 0
O 0 3550 11920 7.0950 0.8048 0.7847 0.0034 0.7863 0.2103 0.7965 69.9144 1 0
O 0 3566 11947 6.9929 1.0264 0.9629 0.0057 0.8109 0.1834 1.0448 91.7094 1 0
O 0 3583 11135 1.8000 1.2237 0.9775 0.1497 0.0102 0.8401 0.8181 71.8101 0 0
O 0 3588 12120 2.0429 1.6220 1.0162 0.0036 0.7954 0.2010 0.8870 77.8640 1 0
O 0 3595 11682 0.8364 1.0144 0.8389 0.2010 0.1076 0.6914 1.1781 103.4131 0 0
O 0 3601 31 -0.4460 0.8626 0.9398 0.1022 0.0249 0.8729 1.4382 126.2465 0 0
O 0 3612 11843 8.1036 2.3130 0.8912 0.0047 0.6715 0.3238 2.3131 203.0434 1 0
O 0 3616 19 8.2501 1.1286 0.9706 0.0048 0.8159 0.1793 1.1056 97.0503 1 1 87
O 0 3617 29 -0.4112 0.8577 0.9398 0.0669 0.3014 0.6318 1.9540 171.5179 0 0
O 0 3619 28 -0.4845 0.8597 0.9398 0.2058 0.1835 0.6107 2.3046 202.3014 0 0
O 0 3620 11879 6.5747 0.9804 0.8941 0.0015 0.7783 0.2202 0.9450 82.9547 1 0
O 0 3635 181 7.8650 0.9921 0.8206 0.0006 0.8015 0.1980 0.9677 84.9466 1 0
O 0 3637 11435 0.3680 0.8303 0.7729 0.4263 0.0064 0.5673 0.8468 74.3338 0 0
O 0 3646 11133 6.9264 1.0433 1.0951 0.0024 0.7705 0.2271 1.0739 94.2634 1 0
O 0 3651 11179 1.7306 10.3346 0.8433 0.3537 0.0018 0.6446 1.1520 101.1247 0 0
O 0 3663 11234 4.6079 0.8056 1.2306 0.0153 0.8481 0.1366 0.8210 72.0670 1 0
O 0 3667 11707 0.9315 0.8879 0.9135 0.4673 0.0028 0.5298 0.9873 86.6666 0 0
O 0 3672 11042 5.5844 0.8249 0.9958 0.0008 0.8062 0.1931 0.8043 70.6022 1 0
O 0 3717 11207 6.3904 1.0534 1.1645 0.0031 0.8010 0.1959 1.0235 89.8398 1 0
O 0 3720 11210 6.7059 0.8019 1.2840 0.0074 0.8154 0.1772 0.8200 71.9798 1 0
O 0 3724 11231 5.6295 0.8553 1.1959 0.0035 0.7470 0.2495 0.8527 74.8466 1 0
O 0 3734 11701 5.8596 1.1519 1.0627 0.0131 0.6305 0.3565 1.2544 110.1137 1 0
O 0 3743 12191 6.6212 1.5053 1.1799 0.0043 0.7233 0.2724 1.3949 122.4412 1 0
O 0 3749 153 6.0643 0.9532 1.2405 0.0157 0.7396 0.2447 0.9426 82.7425 1 0
O 0 3759 11070 5.2947 0.9979 1.2043 0.0015 0.8305 0.1680 0.9141 80.2391 1 0
O 0 3765 201 6.0156 1.0685 1.4005 0.0169 0.7753 0.2078 1.0612 93.1523 1 0
O 0 3772 11744 5.5936 0.9944 1.2293 0.0055 0.8270 0.1675 1.0026 88.0061 1 0
O 0 3774 11154 5.4864 5.6337 1.4263 0.0596 0.5324 0.4080 4.9731 436.5380 1 0
O 0 3778 12203 0.0170 1.7041 1.3977 0.6275 0.0030 0.3695 0.9282 81.4773 0 0
O 0 3805 12388 -1.3720 1.2583 1.4153 0.5947 0.0013 0.4040 1.0540 92.5222 0 0
O 0 3806 11230 5.3648 0.9735 1.4694 0.0167 0.7640 0.2193 0.9546 83.7985 1 0
O 0 3816 12182 8.5739 1.0582 1.3392 0.0018 0.8275 0.1707 1.0884 95.5362 1 0
O 0 3818 12185 0.3024 1.1078 1.4559 0.6120 0.0004 0.3876 0.9853 86.4923 0 0
O 0 3839 11724 1.5054 1.9211 1.2756 0.4406 0.0063 0.5531 1.4609 128.2391 0 0
O 0 3840 12195 -1.7103 0.8347 1.4225 0.0016 0.8841 0.1143 0.9321 81.8208 0 0
O 0 3850 270 8.8675 2.1054 1.5082 0.0034 0.7864 0.2103 2.1494 188.6742 1 0
O 0 3858 12331 5.9180 0.9612 1.4983 0.1613 0.3257 0.5130 0.9639 84.6124 1 0
O 0 3874 12380 6.2903 0.8811 1.4347 0.0032 0.6676 0.3292 0.9184 80.6200 1 0
O 0 3889 79 0.8780 0.8670 1.4341 0.0012 0.7742 0.2246 0.9437 82.8373 0 0
O 0 3890 11714 -1.7388 0.8927 1.5344 0.4233 0.0037 0.5730 2.0273 177.9556 0 0
O 0 3896 117 6.6104 1.2066 1.5103 0.1136 0.0096 0.8767 0.9208 80.8261 1 0
O 0 3904 187 9.0269 1.0692 1.4262 0.0009 0.8576 0.1416 1.0748 94.3421 1 0
O 0 3906 188 8.7008 1.0683 1.4262 0.0072 0.6783 0.3145 1.0613 93.1615 1 0
O 0 3915 195 8.6086 3.5962 1.5757 0.1384 0.5093 0.3523 3.5267 309.5724 1 0
O 0 3919 224 6.1409 1.0034 1.5730 0.0230 0.2726 0.7043 0.9745 85.5383 1 0
O 0 3921 291 7.9751 0.8461 1.7075 0.0015 0.9001 0.0984 0.8799 77.2337 1 0
O 0 3923 12339 8.9354 1.7775 1.5895 0.0019 0.8476 0.1504 1.7513 153.7301 1 0
O 0 3925 12702 -0.8724 1.9937 1.6465 0.5636 0.0008 0.4356 0.9531 83.6633 0 0
O 0 3926 12695 1.4460 28.3220 1.6214 0.0075 0.6314 0.3611 1.2367 108.5545 0 0
O 0 3928 334 9.5822 1.6729 1.7811 0.1329 0.5616 0.3056 1.8115 159.0175 1 0
O 0 3932 403 8.1411 0.8468 1.5967 0.0008 0.9017 0.0975 0.8552 75.0672 1 0
O 0 3933 12365 6.2658 1.6462 1.6823 0.1163 0.0117 0.8721 1.1345 99.5843 1 0
O 0 3934 12367 9.5361 1.6307 1.6823 0.0407 0.7174 0.2420 1.6263 142.7540 1 0
O 0 3935 12369 3.5684 1.6528 1.6823 0.2918 0.0161 0.6922 3.8201 335.3323 0 0
O 0 3938 12359 5.4882 1.1947 1.6562 0.0487 0.0379 0.9134 1.2541 110.0806 1 0
O 0 3943 12406 -0.6458 2.1652 1.6293 0.3379 0.2646 0.3976 1.9658 172.5550 0 0
O 0 3944 870 5.8952 1.0715 1.6841 0.0088 0.5045 0.4867 0.9271 81.3797 1 0
O 0 3946 12410 8.7314 0.9681 1.6456 0.0012 0.8034 0.1955 0.9560 83.9143 1 0
O 0 3949 12589 -1.0760 0.9928 1.4816 0.6540 0.1026 0.2435 3.6475 320.1761 0 0
O 0 3951 12239 4.1534 1.9464 1.6360 0.0066 0.7552 0.2382 1.2028 105.5850 0 0
O 0 3959 12275 7.3550 0.8937 1.7029 0.0013 0.8893 0.1094 0.8760 76.8958 1 0
O 0 3964 12645 -0.7781 0.9723 1.5100 0.7456 0.0531 0.2013 2.1362 187.5122 0 0
O 0 3971 12332 -0.5586 1.6080 1.6029 0.3247 0.0293 0.6460 7.0321 617.2798 0 0
O 0 3980 11746 3.3028 1.0314 1.8194 0.0187 0.0472 0.9341 0.9171 80.5069 1 0
O 0 3985 320 2.9014 1.9329 1.9232 0.2976 0.0418 0.6606 1.2254 107.5657 1 0
O 0 3986 358 7.1799 0.8256 1.8275 0.0011 0.8776 0.1213 0.9336 81.9515 1 0
O 0 3988 12377 8.8427 1.3426 1.7830 0.0156 0.6538 0.3305 1.4591 128.0804 1 0
O 0 3989 12749 10.4403 1.3155 1.7890 0.0008 0.8702 0.1289 1.3144 115.3765 1 0
O 0 3992 12748 10.3579 1.3214 1.7890 0.0008 0.8758 0.1234 1.3243 116.2494 1 0
O 0 4007 423 4.1048 1.3623 1.6695 0.8701 0.0146 0.1153 2.3312 204.6314 1 0
O 0 4009 501 6.9416 0.9448 1.8362 0.0018 0.8629 0.1353 0.8568 75.2065 1 0
O 0 4019 12236 6.6288 1.1599 1.8588 0.0095 0.5851 0.4054 0.9820 86.2006 1 0
O 0 4025 12552 9.0957 1.9324 1.7334 0.0007 0.7755 0.2238 1.9103 167.6848 1 0
O 0 4029 576 0.1724 0.9696 1.8544 0.0937 0.0236 0.8827 1.0342 90.7855 0 0
O 0 4030 575 -0.5263 0.9752 1.8544 0.0656 0.4024 0.5320 1.8012 158.1052 0 0
O 0 4044 159 0.7312 1.5421 1.7963 0.4681 0.0296 0.5023 1.7817 156.3977 0 0
O 0 4047 192 8.9391 1.2365 1.7988 0.0284 0.6061 0.3655 1.2654 111.0741 1 0
O 0 4055 1799 8.5497 1.7634 1.9079 0.0029 0.7613 0.2358 1.7243 151.3618 1 0
O 0 4057 12687 3.9291 1.2016 1.9592 0.6877 0.0279 0.2844 1.1222 98.5049 0 0
O 0 4058 749 1.9319 0.8706 1.9592 0.7696 0.0470 0.1834 0.7430 65.2180 0 0
O 0 4069 1889 -2.2525 1.5009 2.0638 0.2857 0.3236 0.3907 2.0287 178.0833 0 0
O 0 4070 733 9.1383 1.8293 1.9306 0.0196 0.7450 0.2353 1.8067 158.5894 1 0
O 0 4071 1798 1.6139 1.8005 1.9149 0.0042 0.8158 0.1800 1.1059 97.0782 0 0
O 0 4075 1882 7.1410 0.8614 1.8908 0.0126 0.5288 0.4586 1.0696 93.8880 1 0
O 0 4076 750 9.0231 0.8756 1.8939 0.0036 0.6812 0.3152 0.8816 77.3893 1 0
O 0 4077 748 3.9125 0.8732 1.9149 0.0507 0.0179 0.9314 0.7484 65.6952 0 0
O 0 4083 1868 8.6996 0.9626 1.9344 0.0046 0.6334 0.3620 1.0303 90.4398 1 0
O 0 4085 768 8.9362 1.3847 1.9106 0.0208 0.7110 0.2682 1.4453 126.8723 1 0
O 0 4086 398 8.5485 2.1709 1.9777 0.0818 0.6231 0.2951 2.1650 190.0415 1 0
O 0 4091 834 9.4220 1.0314 1.9206 0.0023 0.7940 0.2037 1.0815 94.9382 1 0
O 0 4098 2072 11.1590 1.6815 1.9723 0.0097 0.7605 0.2298 1.6883 148.1961 1 0
O 0 4099 2071 11.0539 1.7004 1.9716 0.0095 0.7600 0.2305 1.7074 149.8763 1 0
O 0 4108 12782 3.1461 1.1356 1.9176 0.7259 0.0053 0.2688 3.2060 281.4242 0 0
O 0 4109 2095 9.1217 1.3140 1.9707 0.0028 0.8137 0.1835 1.3228 116.1183 1 0
O 0 4113 2126 11.3149 1.3617 1.9872 0.0026 0.8023 0.1951 1.3716 120.4024 1 0
O 0 4114 1422 7.1240 0.9140 1.8362 0.0014 0.7593 0.2393 0.8587 75.3753 1 0
O 0 4116 36 10.3641 1.3741 1.9408 0.0096 0.7776 0.2128 1.3718 120.4198 1 0
O 0 4119 549 11.1040 1.4847 2.0154 0.0484 0.6363 0.3153 1.4718 129.1939 1 0
O 0 4123 71 9.5245 1.9682 2.0254 0.1172 0.5504 0.3324 1.9554 171.6437 1 0
O 0 4125 72 10.1481 1.4445 2.0154 0.0339 0.6071 0.3589 1.3867 121.7253 0 0
O 0 4126 551 10.8827 1.5072 2.0154 0.0329 0.6452 0.3219 1.5070 132.2853 1 0
O 0 4135 1504 10.2636 1.5864 2.0154 0.0383 0.6697 0.2921 1.6017 140.5955 1 0
O 0 4143 1695 8.2185 0.8529 1.9306 0.0017 0.8190 0.1793 0.8802 77.2683 1 0
O 0 4144 648 8.7932 0.8413 1.9336 0.0016 0.8364 0.1620 0.8431 74.0044 1 0
O 0 4146 12302 1.0748 7.1050 1.8646 0.0009 0.8117 0.1875 1.9696 172.8882 0 0
O 0 4151 681 5.1651 2.4502 1.9257 0.3718 0.0008 0.6274 0.8247 72.3881 1 0
O 0 4152 664 2.3249 1.0946 2.0316 0.7910 0.0140 0.1950 0.9439 82.8570 1 0
O 0 4153 212 1.9251 1.1156 2.0316 0.7404 0.0202 0.2394 1.0659 93.5639 0 0
O 0 4157 712 8.8359 1.0484 1.9322 0.0038 0.8218 0.1744 1.0930 95.9442 1 0
O 0 4162 820 11.7786 1.6099 2.0176 0.0033 0.7938 0.2030 1.6021 140.6347 1 0
O 0 4169 12992 6.0496 0.8522 2.0514 0.0081 0.0809 0.9110 1.0343 90.7883 0 0
O 0 4173 2062 10.7204 1.5746 2.1204 0.0029 0.8269 0.1702 1.5159 133.0637 1 0
O 0 4175 2105 -1.8657 0.9233 2.1492 0.4121 0.0175 0.5704 0.7851 68.9182 0 0
O 0 4177 1434 8.6307 1.6847 2.1452 0.0036 0.7835 0.2129 1.7677 155.1674 1 0
O 0 4178 1432 9.2384 1.6260 2.1475 0.0030 0.6574 0.3396 1.5814 138.8129 1 0
O 0 4179 12557 -1.5361 1.6951 2.2407 0.0941 0.0043 0.9016 0.8089 71.0073 0 0
O 0 4181 607 8.6699 1.1943 2.0923 0.0022 0.8124 0.1854 1.1735 103.0120 1 0
O 0 4182 1627 4.2579 1.6722 2.1858 0.0508 0.5927 0.3565 2.2212 194.9763 1 0
O 0 4183 631 4.8160 1.5940 2.1858 0.0878 0.5530 0.3592 2.3556 206.7704 1 0
O 0 4188 686 2.8440 0.8861 2.0846 0.5836 0.0005 0.4159 0.8965 78.6988 0 0
O 0 4190 1774 9.9019 0.9694 2.0947 0.0034 0.7172 0.2794 0.9914 87.0215 1 0
O 0 4195 671 8.3503 1.2547 2.0676 0.0063 0.7264 0.2673 1.3983 122.7447 1 0
O 0 4200 1872 9.4430 1.6166 2.2372 0.0075 0.4738 0.5187 1.3784 120.9983 1 0
O 0 4202 1983 0.2235 0.8291 2.2126 0.0113 0.6374 0.3513 1.4513 127.3954 0 0
O 0 4204 1984 0.2287 0.8227 2.2112 0.0053 0.6832 0.3115 1.4099 123.7567 0 0
O 0 4205 12352 0.0796 1.8500 2.2126 0.0043 0.6798 0.3159 1.5486 135.9320 0 0
O 0 4211 2013 5.8757 0.7996 2.2365 0.0013 0.7816 0.2171 1.3010 114.2044 1 0
O 0 4213 2015 6.5099 0.8121 2.2365 0.0007 0.7987 0.2006 0.9658 84.7741 1 0
O 0 4216 868 10.1720 2.8336 2.3151 0.0022 0.6077 0.3901 2.8630 251.3168 1 0
O 0 4220 3735 9.4307 1.2162 2.2122 0.0008 0.7773 0.2218 1.2407 108.9109 1 0
O 0 4224 532 10.9187 0.8899 2.2421 0.0007 0.8038 0.1955 0.9052 79.4566 1 0
O 0 4225 914 4.6452 0.8154 2.2646 0.0236 0.0127 0.9638 0.6981 61.2780 0 0
O 0 4226 3163 0.2785 0.8649 2.2646 0.3862 0.1177 0.4961 5.3375 468.5246 0 0
O 0 4227 515 0.7515 2.0265 2.1356 0.0102 0.0123 0.9775 0.5387 47.2888 0 0
O 0 4231 525 10.7229 0.8737 2.2421 0.0013 0.7931 0.2056 0.8407 73.7953 1 0
O 0 4235 567 9.1642 1.7824 2.3040 0.0035 0.3247 0.6718 1.2271 107.7176 1 0
O 0 4237 12587 0.2073 1.7531 2.2266 0.0069 0.0221 0.9709 0.7361 64.6128 0 0
O 0 4238 589 9.4241 1.0085 2.2878 0.0026 0.2508 0.7466 0.8021 70.4048 1 0
O 0 4240 565 10.3528 1.7421 2.3040 0.0027 0.6553 0.3420 1.7150 150.5399 1 0
O 0 4242 601 9.9317 1.1434 2.3130 0.0005 0.8039 0.1956 0.9776 85.8154 1 0
O 0 4246 599 9.2439 0.8328 2.3505 0.0016 0.6521 0.3463 0.9028 79.2452 1 0
O 0 4248 639 11.0622 1.0348 2.2366 0.0087 0.6090 0.3823 1.0354 90.8890 1 0
O 0 4252 637 9.5195 1.0507 2.2366 0.0049 0.6160 0.3791 1.1725 102.9258 1 0
O 0 4257 677 9.1341 2.5870 2.3525 0.0218 0.4552 0.5231 1.7362 152.4052 0 0
O 0 4258 11507 -1.3639 1.4511 -0.7303 0.9456 0.0014 0.0530 2.2434 196.9301 0 0
O 0 4259 283 9.1735 1.0709 -0.2702 0.0189 0.5547 0.4264 1.0695 93.8821 1 0
O 0 4268 277 7.3739 1.0341 -0.2420 0.0203 0.8412 0.1384 1.0284 90.2704 1 0
O 0 4269 12020 1.2823 1.1411 0.1630 0.8646 0.0338 0.1016 1.4136 124.0885 0 0
O 0 4281 258 8.3090 1.1910 0.4629 0.0367 0.7022 0.2611 1.1724 102.9151 1 0
O 0 4285 11998 0.4472 1.1097 0.5165 0.2919 0.2763 0.4318 4.0091 351.9222 0 0
O 0 4299 11523 3.6012 1.6484 -0.6059 0.8927 0.0218 0.0855 4.2645 374.3350 0 0
O 0 4304 11534 -2.0985 1.4223 -0.5591 0.8306 0.1106 0.0588 3.4295 301.0379 0 0
O 0 4305 11140 1.9333 1.3234 -0.4886 0.8937 0.0012 0.1052 1.3277 116.5471 0 0
O 0 4320 11512 -2.4773 1.9238 -0.4079 0.9202 0.0364 0.0434 7.0017 614.6124 0 0
O 0 4329 12046 0.1650 1.3821 -0.3897 0.9006 0.0012 0.0982 1.1270 98.9247 0 0
O 0 4333 12017 -0.3047 2.2273 -0.0686 0.7288 0.0793 0.1919 1.3217 116.0202 0 0
O 0 4343 323 6.9030 0.9833 0.2101 0.0136 0.8868 0.0996 0.9705 85.1944 1 0
O 0 4346 301 6.9896 1.1017 0.2908 0.0151 0.6606 0.3244 0.9938 87.2388 1 0
O 0 4376 322 7.9406 0.8922 -0.3043 0.0135 0.6723 0.3142 0.8684 76.2294 1 0
O 0 4385 12039 1.7719 1.9551 0.2666 0.9082 0.0005 0.0913 1.9092 167.5857 0 0
O 0 4387 360 5.9882 0.8553 0.4557 0.0011 0.8809 0.1179 0.8400 73.7343 0 0
O 0 4392 11579 -0.8226 1.2535 0.4905 0.9301 0.0039 0.0660 1.2573 110.3624 0 0
O 0 4403 11538 0.5533 2.2597 0.5844 0.9275 0.0012 0.0713 3.4030 298.7184 0 0
O 0 4409 11577 -1.5018 0.8901 -0.6183 0.8940 0.0255 0.0806 9.4235 827.1957 0 0
O 0 4424 11586 0.7953 1.2490 -0.4152 0.5050 0.0388 0.4562 0.8520 74.7916 0 0
O 0 4436 12069 -0.3300 0.8104 -0.2896 0.9174 0.0040 0.0787 1.2816 112.4972 0 0
O 0 4438 11602 -0.7981 1.3767 -0.6966 0.9166 0.0032 0.0803 3.6784 322.8937 0 0
O 0 4440 367 8.7397 0.8406 -0.6490 0.0139 0.7246 0.2615 0.8330 73.1203 1 0
O 0 4498 361 9.5804 1.6498 -0.3061 0.0204 0.8374 0.1422 1.6491 144.7550 1 0
O 0 4505 11189 2.6043 4.1840 -0.3872 0.7490 0.0002 0.2508 0.9079 79.6979 0 0
O 0 4508 11187 8.0190 1.0047 -0.1657 0.0293 0.6677 0.3030 0.9805 86.0660 1 0
O 0 4513 12068 2.5503 1.7258 -0.2227 0.1796 0.2146 0.6057 1.5059 132.1917 0 0
O 0 4518 11184 5.8905 1.0228 -0.2896 0.0129 0.8424 0.1447 0.9475 83.1712 1 0
O 0 4523 11597 -0.2963 0.8674 -0.3047 0.4796 0.0009 0.5196 0.8237 72.3070 0 0
O 0 4567 12095 1.7082 1.5682 0.3554 0.8338 0.0300 0.1363 1.7877 156.9247 0 0
O 0 4582 376 7.6168 0.9501 0.4207 0.0071 0.8441 0.1488 0.9824 86.2314 1 0
O 0 4600 11596 0.1804 3.5221 0.4703 0.8552 0.0010 0.1439 1.1705 102.7457 0 0
O 0 4628 11188 -0.1589 0.8583 -0.6490 0.9108 0.0008 0.0884 1.4882 130.6321 0 0
O 0 4650 12102 6.8800 0.8446 0.0015 0.0389 0.2740 0.6871 0.7958 69.8592 1 0
O 0 4656 11612 1.3180 2.4845 0.1994 0.9014 0.0037 0.0949 0.8273 72.6183 0 0
O 0 4662 12076 1.7992 1.1013 0.3554 0.7964 0.0073 0.1963 0.8078 70.9082 0 0
O 0 4663 11617 1.4056 0.9954 0.3441 0.7277 0.0008 0.2715 0.8216 72.1240 0 0
O 0 4672 11608 -1.1670 2.9889 0.4582 0.9741 0.0088 0.0171 6.4076 562.4551 0 0
O 0 4678 11208 -1.8008 1.0074 0.3277 0.8887 0.0046 0.1067 1.0711 94.0169 0 0
O 0 4682 11611 -2.3796 2.7779 0.3442 0.3611 0.0136 0.6254 0.9068 79.5979 0 0
O 0 4695 12115 7.0012 0.8694 -0.3290 0.0063 0.8360 0.1577 0.8775 77.0251 1 0
O 0 4697 11604 -1.9687 0.8865 0.0042 0.8827 0.0069 0.1104 1.7890 157.0388 0 0
O 0 4749 11632 -2.6052 0.9653 -0.4816 0.0141 0.5357 0.4503 4.2827 375.9343 0 0
O 0 4755 12165 -0.7441 0.8671 -0.3905 0.8284 0.0008 0.1708 0.9892 86.8363 0 0
O 0 4768 426 7.5139 0.8481 0.0073 0.0026 0.8210 0.1764 0.8312 72.9622 1 0
O 0 4776 446 8.4503 1.0375 0.2731 0.0020 0.8579 0.1402 1.0510 92.2549 1 0
O 0 4778 11620 -2.2432 1.0845 0.4234 0.9340 0.0020 0.0640 2.7606 242.3234 0 0
O 0 4784 435 7.4563 1.0213 0.0540 0.0038 0.8160 0.1803 0.9532 83.6682 1 0
O 0 4786 11627 0.6331 1.0118 0.1941 0.0198 0.7554 0.2248 1.4105 123.8140 0 0
O 0 4791 11616 0.8671 0.8843 0.3810 0.8706 0.0013 0.1281 0.9249 81.1915 0 0
O 0 4800 470 8.4577 1.0085 -0.5702 0.0033 0.8878 0.1089 0.9856 86.5132 1 0
O 0 4806 12131 6.2237 0.8132 -0.1909 0.7277 0.0740 0.1983 0.8446 74.1366 1 0
O 0 4809 11649 -1.9851 4.0256 -0.4229 0.9420 0.0013 0.0567 0.9560 83.9200 0 0
O 0 4814 11660 0.5630 4.4082 -0.4229 0.8338 0.0017 0.1645 1.9825 174.0273 0 0
O 0 4819 459 7.8841 0.9261 -0.2957 0.0207 0.6907 0.2886 0.9413 82.6260 1 0
O 0 4840 11243 -2.3903 1.3874 -0.0655 0.7998 0.0012 0.1989 1.9944 175.0670 0 0
O 0 4850 11648 -1.1333 1.4627 -0.0421 0.9442 0.0029 0.0530 3.2142 282.1412 0 0
O 0 4854 453 4.7499 1.4778 0.0069 0.5304 0.0785 0.3911 1.0054 88.2571 0 0
O 0 4859 12170 -0.3345 2.8961 0.1429 0.8789 0.0084 0.1128 0.8860 77.7729 0 0
O 0 4875 445 9.0866 1.0216 0.5749 0.0070 0.8680 0.1250 1.0138 88.9951 1 0
O 0 4881 11677 6.6657 9.8429 0.6572 0.0239 0.3352 0.6409 9.7931 859.6393 1 0
O 0 4891 475 8.6311 1.0932 -0.5417 0.0127 0.8278 0.1595 1.0890 95.5914 1 0
O 0 4926 8 6.9723 0.9336 -0.4157 0.0059 0.8369 0.1572 0.9176 80.5431 1 0
O 0 4941 11694 -2.3662 0.8406 -0.0345 0.7960 0.0006 0.2034 0.9960 87.4317 0 0
O 0 4945 482 5.6681 0.8693 -0.4226 0.8353 0.0703 0.0944 0.8619 75.6552 1 0
O 0 4953 479 8.0243 0.9394 -0.1129 0.0183 0.8067 0.1751 0.9483 83.2433 1 0
O 0 4979 11687 -1.5618 1.6020 -0.0488 0.9810 0.0042 0.0148 10.5987 930.3531 0 0
O 0 4988 481 2.1989 0.8018 0.4466 0.9494 0.0307 0.0199 10.9378 960.1219 1 0
O 0 4998 11256 0.6721 1.9335 -0.6054 0.8126 0.0042 0.1831 0.9031 79.2757 0 0
O 0 5024 11260 -0.3870 13.2108 -0.5914 0.8432 0.0007 0.1562 1.4310 125.6169 0 0
O 0 5026 11257 -0.0283 2.2978 -0.5265 0.8405 0.0021 0.1574 0.8903 78.1497 0 0
O 0 5027 17 7.0622 0.9196 -0.4337 0.0281 0.8137 0.1583 0.8752 76.8273 1 0
O 0 5031 11277 -0.3561 3.4333 -0.4611 0.8058 0.0009 0.1933 0.9552 83.8434 0 0
O 0 5063 11253 2.1962 1.3471 -0.2281 0.9402 0.0022 0.0576 0.8486 74.4945 0 0
O 0 5083 11254 -0.9689 1.2500 -0.2745 0.9721 0.0122 0.0157 11.8887 1043.5873 0 0
O 0 5102 11826 -1.4329 1.7266 0.0568 0.8758 0.0021 0.1221 1.4958 131.3003 0 0
O 0 5108 11255 -0.5956 0.9732 0.3460 0.6382 0.0099 0.3519 1.1232 98.5980 0 0
O 0 5110 11695 8.8796 1.0901 0.5382 0.0033 0.8441 0.1527 1.0820 94.9768 1 0
O 0 5113 10995 0.9300 2.0675 -0.4337 0.9123 0.0026 0.0851 0.8051 70.6747 0 0
O 0 5264 11275 -1.2248 2.7269 -0.4286 0.9371 0.0027 0.0603 1.1999 105.3244 0 0
O 0 5293 11013 1.1418 0.9843 -0.4180 0.8935 0.0031 0.1035 0.8773 77.0065 0 0
O 0 5338 10992 4.7955 1.6002 -0.1613 0.7473 0.0409 0.2118 1.3255 116.3532 0 0
O 0 5339 11830 -1.8447 1.7254 -0.1237 0.5457 0.0110 0.4433 0.9364 82.1989 0 0
O 0 5347 11831 6.7444 1.7637 -0.1613 0.0645 0.7396 0.1959 1.8187 159.6444 1 0
O 0 5372 11301 -0.7191 0.8927 0.0715 0.9576 0.0004 0.0420 4.4396 389.7067 0 0
O 0 5373 11321 -0.4439 1.0009 0.1654 0.6800 0.0126 0.3074 1.0649 93.4801 0 0
O 0 5378 10989 1.9610 1.5318 0.2469 0.9306 0.0011 0.0683 0.8119 71.2655 0 0
O 0 5393 54 8.0003 0.8895 0.5442 0.0006 0.8787 0.1206 0.8665 76.0634 1 0
O 0 5399 11322 0.4135 1.4693 0.5605 0.8771 0.0172 0.1056 1.7264 151.5415 0 0
O 0 5412 11865 7.9958 1.2532 -0.5115 0.0255 0.8275 0.1470 1.2197 107.0646 1 0
O 0 5432 92 7.5633 0.9613 -0.2666 0.4487 0.1869 0.3643 0.9344 82.0227 1 0
O 0 5439 11337 0.2314 1.1994 -0.4205 0.1696 0.0580 0.7724 1.1474 100.7149 0 0
O 0 5507 11839 2.6676 1.0950 -0.0319 0.9168 0.0059 0.0773 1.3863 121.6906 0 0
O 0 5514 11884 0.6886 0.8129 -0.1063 0.6052 0.0184 0.3764 0.8890 78.0350 0 0
O 0 5515 11355 1.8278 1.1709 -0.1063 0.4723 0.0497 0.4780 0.8970 78.7379 0 0
O 0 5517 11833 1.6676 1.2670 0.1585 0.9503 0.0137 0.0359 0.8098 71.0850 0 0
O 0 5525 11877 7.1226 1.0558 0.0069 0.0079 0.7880 0.2041 0.9997 87.7575 1 0
O 0 5527 11020 2.2496 1.1556 0.0069 0.9232 0.0210 0.0558 1.7383 152.5847 0 0
O 0 5530 11853 2.0149 1.2221 0.1265 0.6337 0.0135 0.3528 30.4046 2668.9207 0 0
O 0 5542 11302 -0.3345 0.9391 0.2673 0.7560 0.0222 0.2218 1.0297 90.3887 0 0
O 0 5546 11310 -0.0415 1.7289 0.1750 0.0253 0.7628 0.2118 2.6640 233.8438 0 0
O 0 5551 11852 -0.8582 0.9261 0.1750 0.7816 0.0042 0.2141 0.9353 82.1035 0 0
O 0 5566 11288 0.6566 0.8848 0.4802 0.9754 0.0027 0.0219 5.0571 443.9146 0 0
O 0 5594 11343 -1.6247 1.0195 0.3332 0.6892 0.0391 0.2716 1.0976 96.3485 0 0
O 0 5596 11338 -1.0750 1.2485 0.3332 0.7158 0.0578 0.2264 5.2732 462.8795 0 0
O 0 5600 11861 4.9873 1.8210 0.4936 0.5249 0.0024 0.4727 1.7090 150.0203 0 0
O 0 5605 11868 0.6543 1.3233 0.5270 0.0717 0.7425 0.1858 0.8086 70.9748 0 0
O 0 5621 11309 1.2483 1.3708 0.5025 0.0341 0.7492 0.2167 1.9770 173.5447 0 0
O 0 5635 11318 1.6313 1.5503 0.6035 0.9019 0.0019 0.0962 1.6604 145.7496 0 0
O 0 5674 11287 0.2587 1.0424 0.5270 0.7839 0.0012 0.2148 0.8962 78.6692 0 0
O 0 5675 11030 -0.9733 0.8256 0.5025 0.6662 0.0012 0.3326 0.8274 72.6251 0 0
O 0 5696 11048 7.3855 0.8036 -0.4156 0.0052 0.8926 0.1022 0.8059 70.7406 1 0
O 0 5700 105 8.0381 1.0759 -0.5370 0.0033 0.8443 0.1524 1.1108 97.5040 1 0
O 0 5721 11379 2.0406 0.8944 -0.3579 0.2462 0.2587 0.4952 0.8641 75.8546 0 0
O 0 5750 11851 0.5881 1.1744 -0.5115 0.9311 0.0006 0.0682 0.8542 74.9779 0 0
O 0 5766 11863 1.8726 1.0920 -0.3301 0.5469 0.0170 0.4361 1.2116 106.3565 0 0
O 0 5769 11314 -0.0302 1.1950 -0.3579 0.6385 0.0062 0.3553 1.1375 99.8495 0 0
O 0 5795 11389 -0.0945 11.0176 -0.4635 0.6571 0.0581 0.2848 2.0526 180.1785 0 0
O 0 5802 11909 0.4222 0.9707 -0.3395 0.9369 0.0012 0.0619 0.8390 73.6505 0 0
O 0 5814 101 7.2402 0.9552 -0.3751 0.0179 0.8681 0.1140 0.9545 83.7835 1 0
O 0 5825 94 7.9871 1.5313 -0.1357 0.0043 0.8159 0.1798 1.4900 130.7880 1 0
O 0 5830 11051 2.8944 2.1214 -0.0989 0.3655 0.0325 0.6020 1.4170 124.3878 0 0
O 0 5839 11023 0.9047 59.9639 -0.1045 0.4507 0.0056 0.5436 1.1896 104.4259 0 0
O 0 5861 11021 3.2339 4.0259 0.1158 0.3093 0.0278 0.6629 14.6373 1284.8591 0 0
O 0 5866 11370 1.3911 1.1777 0.2607 0.0241 0.5876 0.3884 1.0499 92.1585 0 0
O 0 5868 11022 2.8314 1.2373 0.3328 0.9578 0.0012 0.0410 1.4178 124.4524 0 0
O 0 5870 97 8.4255 1.9259 0.0804 0.0168 0.6846 0.2986 1.9507 171.2295 1 0
O 0 5875 11341 -0.5901 1.2525 0.3789 0.1517 0.1598 0.6886 1.4839 130.2562 0 0
O 0 5876 11307 1.1578 0.9577 0.4637 0.9321 0.0007 0.0672 0.7959 69.8609 0 0
O 0 5880 11892 0.9773 10.8501 0.3496 0.8604 0.0029 0.1367 1.2092 106.1421 0 0
O 0 5882 140 0.8514 0.8390 0.3496 0.7537 0.0018 0.2445 1.4973 131.4297 0 0
O 0 5887 11367 0.3316 1.2243 0.3524 0.6198 0.0155 0.3647 0.7955 69.8252 0 0
O 0 5922 11067 0.9109 2.3119 -0.6305 0.7953 0.0457 0.1590 5.2197 458.1831 0 0
O 0 5924 11912 1.7026 14.2916 -0.5857 0.0107 0.7433 0.2460 0.9546 83.7932 0 0
O 0 5940 11056 0.9841 0.7989 -0.5610 0.2016 0.0639 0.7344 1.1858 104.0895 0 0
O 0 5968 11914 -1.0446 0.8861 -0.4828 0.7125 0.0011 0.2865 0.8765 76.9416 0 0
O 0 5970 11917 -0.7819 0.9545 -0.4828 0.7716 0.0007 0.2277 0.8749 76.8018 0 0
O 0 5971 11061 6.5268 0.8043 -0.6574 0.3256 0.0075 0.6668 0.8050 70.6662 0 0
O 0 5991 11924 -1.6895 0.9023 -0.4828 0.8577 0.0045 0.1378 0.8922 78.3200 0 0
O 0 6023 11446 -1.8435 0.8958 -0.2608 0.9789 0.0110 0.0101 8.0975 710.8010 0 0
O 0 6049 11047 0.6339 3.1913 -0.1459 0.9373 0.0001 0.0626 0.9492 83.3201 0 0
O 0 6060 11050 7.4047 1.1611 -0.0600 0.0169 0.7996 0.1835 1.1949 104.8865 1 0
O 0 6064 11394 1.2533 94.6178 0.0851 0.8970 0.0239 0.0791 1.5773 138.4555 0 0
O 0 6074 11062 5.3455 1.4055 0.0125 0.6270 0.0105 0.3624 0.9538 83.7274 1 0
O 0 6113 11032 -2.1405 0.9601 0.3027 0.7405 0.0132 0.2463 0.9542 83.7612 0 0
O 0 6114 11059 -1.7010 0.9718 0.5035 0.5482 0.0015 0.4503 1.4416 126.5457 0 0
O 0 6129 11964 -1.2896 1.0058 -0.4728 0.9808 0.0088 0.0104 13.4691 1182.3177 0 0
O 0 6138 158 8.1840 0.8715 -0.1659 0.0044 0.8812 0.1144 0.8748 76.7897 1 0
O 0 6175 11442 -1.4644 2.9679 -0.0102 0.8608 0.0044 0.1348 0.8381 73.5711 0 0
O 0 6190 11440 0.7101 0.9167 -0.1129 0.0241 0.8193 0.1566 1.5696 137.7838 0 0
O 0 6197 148 9.0516 1.5428 0.1668 0.0130 0.7895 0.1975 1.5538 136.3935 1 0
O 0 6205 11088 2.3071 3.8186 0.6078 0.8710 0.0364 0.0926 2.9169 256.0478 0 0
O 0 6221 11980 -0.8000 1.0360 -0.1181 0.9371 0.0105 0.0524 1.1861 104.1147 0 0
O 0 6225 11444 6.9093 0.9817 0.0429 0.0035 0.8982 0.0983 0.9544 83.7778 1 0
O 0 6230 11447 -2.3323 0.8977 0.1355 0.9660 0.0006 0.0334 1.7931 157.4018 0 0
O 0 6266 11963 -0.6904 1.6823 0.1974 0.9489 0.0002 0.0509 1.5397 135.1588 0 0
O 0 6275 11959 1.4424 1.2461 0.1016 0.8692 0.0025 0.1282 0.9382 82.3557 0 0
O 0 6300 11417 4.7745 0.8572 0.5577 0.4142 0.0246 0.5612 0.8711 76.4671 0 0
O 0 6330 11109 6.7747 0.8472 0.0130 0.2504 0.4101 0.3395 0.8801 77.2529 1 0
O 0 6340 11482 0.0545 3.3614 -0.1693 0.8866 0.0155 0.0978 1.6055 140.9350 0 0
O 0 6341 11123 -1.0028 0.8913 0.0291 0.3490 0.0025 0.6485 0.8130 71.3617 0 0
O 0 6364 11453 0.1176 1.8817 0.2359 0.9629 0.0214 0.0157 5.6267 493.9099 0 0
O 0 6366 11995 -0.9940 0.8519 0.3238 0.5750 0.0028 0.4222 0.8105 71.1424 0 0
O 0 6378 11466 0.5591 9.4112 0.5660 0.8977 0.0008 0.1015 1.1496 100.9134 0 0
O 0 6440 227 9.1422 7.5397 -0.3158 0.9012 0.0977 0.0012 123132.3906 10808565.0000 1 1 168
O 0 6443 229 8.0050 3.8652 -0.3192 0.0362 0.6711 0.2927 3.9546 347.1390 1 1 167
O 0 6481 11125 5.1723 2.6986 -0.2476 0.8131 0.0631 0.1238 5.2030 456.7229 1 1 41
O 0 6483 231 6.6383 10.9230 -0.2335 0.1429 0.1539 0.7032 10.5547 926.4907 1 1 165
O 0 6484 11472 0.6244 2.2503 -0.5089 0.9512 0.0001 0.0487 0.9975 87.5636 0 0
O 0 6512 12001 7.1657 0.8081 -0.0428 0.0145 0.7534 0.2320 0.8096 71.0634 1 1 99
O 0 6516 11493 -0.0838 0.8552 -0.1628 0.7890 0.1035 0.1074 0.8331 73.1302 0 0
O 0 6517 11097 -2.2998 0.9457 -0.0458 0.9816 0.0087 0.0097 6.1108 536.4070 0 0
O 0 6544 11504 0.3881 0.8518 -0.0567 0.4392 0.0340 0.5268 0.8546 75.0149 0 0
O 0 6550 226 1.7650 1.2426 0.3571 0.9615 0.0022 0.0364 1.0944 96.0664 1 0
O 0 6558 206 1.9073 1.3807 0.2717 0.9061 0.0006 0.0933 1.0603 93.0752 0 0
O 0 6561 11465 -0.5976 1.7403 0.1855 0.9766 0.0135 0.0099 8.5979 754.7228 0 0
O 0 6562 11494 -0.2571 3.6622 0.1855 0.7228 0.0248 0.2524 1.9801 173.8175 0 0
O 0 6563 261 7.5208 0.9097 0.4071 0.0050 0.8937 0.1014 0.9304 81.6729 1 0
O 0 6564 11982 0.4443 1.3967 0.3238 0.6089 0.0875 0.3036 1.7150 150.5442 0 0
O 0 6570 11999 4.2410 1.0454 0.6041 0.7010 0.0006 0.2984 0.9738 85.4812 0 0
O 0 6576 1257 8.4338 0.9139 -1.9334 0.0008 0.8053 0.1939 0.8916 78.2663 1 0
O 0 6580 1214 7.3543 1.0566 -1.8855 0.0050 0.0550 0.9400 0.6385 56.0519 1 0
O 0 6581 1249 7.9093 0.8715 -1.9097 0.0008 0.7731 0.2261 0.9298 81.6177 1 0
O 0 6585 1327 9.8458 0.9744 -1.8854 0.0012 0.7198 0.2791 0.9810 86.1154 1 1 29
O 0 6590 2856 10.3441 0.9447 -1.8855 0.0011 0.7200 0.2788 0.9339 81.9809 1 1 29
O 0 6591 413 9.5575 1.8070 -1.9016 0.0011 0.7982 0.2007 2.2071 193.7434 1 0
O 0 6593 1378 9.4155 0.9989 -1.9170 0.0008 0.7765 0.2227 1.0047 88.1934 1 0
O 0 6596 55 9.3162 4.5263 -1.8347 0.0039 0.4786 0.5175 4.1939 368.1400 1 0
O 0 6597 12864 2.8924 4.5940 -1.8329 0.0009 0.6906 0.3085 1.3430 117.8871 0 0
O 0 6601 184 8.5798 1.8153 -1.8800 0.0025 0.7585 0.2390 2.0170 177.0508 1 0
O 0 6605 12478 1.0147 1.0826 -1.8520 0.0021 0.4082 0.5898 0.7334 64.3796 0 0
O 0 6606 215 8.2920 1.2026 -1.8346 0.0013 0.7494 0.2494 1.0702 93.9406 1 0
O 0 6608 12497 3.0377 1.0000 -1.7321 0.0018 0.7857 0.2126 1.5235 133.7313 0 0
O 0 6610 305 10.4557 1.3774 -1.7325 0.0026 0.7649 0.2325 1.4128 124.0121 1 0
O 0 6616 12513 11.3359 1.0227 -1.7806 0.0029 0.6422 0.3549 1.0200 89.5367 1 0
O 0 6625 1321 8.7898 2.0099 -1.7975 0.0018 0.6064 0.3918 1.7729 155.6285 1 0
O 0 6630 12220 4.0501 1.2428 -1.8099 0.0015 0.8057 0.1928 2.6847 235.6612 0 0
O 0 6638 450 10.9722 1.0991 -1.7194 0.0016 0.7940 0.2044 1.0759 94.4452 1 0
O 0 6642 486 3.8922 1.4012 -1.7784 0.0210 0.0089 0.9701 0.7678 67.4008 0 0
O 0 6643 11802 5.1014 1.2980 -1.7791 0.0022 0.7364 0.2614 1.7015 149.3556 0 0
O 0 6645 485 4.6545 1.4100 -1.7791 0.0068 0.0896 0.9036 1.3480 118.3294 0 0
O 0 6646 1397 7.1866 1.3243 -1.8107 0.0178 0.5754 0.4069 1.6206 142.2581 1 0
O 0 6648 464 10.8919 1.8908 -1.7906 0.0034 0.6800 0.3166 1.9602 172.0679 1 0
O 0 6653 1398 7.4393 1.3270 -1.8107 0.0240 0.5470 0.4290 1.7383 152.5853 1 0
O 0 6655 12435 1.9828 0.8474 -1.8045 0.0026 0.7159 0.2815 1.3280 116.5750 0 0
O 0 6663 1006 9.2393 1.5314 -1.8018 0.0031 0.4464 0.5505 1.2863 112.9117 0 0
O 0 6664 143 8.4065 1.3550 -1.7383 0.0031 0.7505 0.2464 1.2657 111.1054 1 0
O 0 6667 174 8.8142 0.9341 -1.7143 0.0020 0.7587 0.2393 0.8709 76.4511 1 0
O 0 6669 1061 10.2366 1.0757 -1.7144 0.0024 0.6454 0.3522 1.1032 96.8391 1 0
O 0 6672 1128 9.4550 1.4440 -1.7777 0.0018 0.7389 0.2593 1.2973 113.8765 1 0
O 0 6673 1131 6.1059 0.8783 -1.7415 0.0027 0.7065 0.2909 0.9807 86.0835 1 0
O 0 6679 12882 9.2116 0.9875 -1.7602 0.0016 0.7710 0.2274 1.0163 89.2074 1 0
O 0 6686 11785 10.2921 1.2336 -1.6743 0.0042 0.7283 0.2675 1.2297 107.9404 1 0
O 0 6690 12917 5.4759 1.6367 -1.5689 0.1179 0.2143 0.6678 2.5564 224.4038 1 0
O 0 6693 418 7.6605 1.1689 -1.7027 0.0047 0.7789 0.2164 0.8985 78.8721 0 0
O 0 6694 429 11.5563 1.2622 -1.7075 0.0031 0.7851 0.2118 1.2807 112.4194 1 0
O 0 6701 12424 9.0461 1.5564 -1.6525 0.0078 0.6427 0.3495 1.4382 126.2468 1 0
O 0 6710 12448 1.9578 1.9331 -1.6427 0.0065 0.6632 0.3303 1.2312 108.0727 0 0
O 0 6715 177 8.3646 1.0612 -1.6137 0.0063 0.7790 0.2147 1.0618 93.2032 1 0
O 0 6719 172 9.5419 0.9234 -1.7143 0.0030 0.7814 0.2156 0.8799 77.2408 1 0
O 0 6722 268 5.4685 1.4166 -1.5163 0.5982 0.0045 0.3973 0.7996 70.1922 1 0
O 0 6723 269 10.2121 1.4332 -1.5267 0.0030 0.7452 0.2518 1.4932 131.0730 1 0
O 0 6724 416 -0.1595 0.8005 -1.5690 0.1295 0.1054 0.7651 11.8680 1041.7717 0 0
O 0 6739 11763 6.1791 0.8466 -1.5412 0.0293 0.0638 0.9068 0.8841 77.6060 0 0
O 0 6741 12437 2.4863 0.7976 -1.5412 0.0913 0.0531 0.8556 0.8692 76.2966 0 0
O 0 6744 74 9.6294 2.7911 -1.5241 0.0015 0.7818 0.2167 2.5026 219.6806 1 0
O 0 6762 123 9.0064 1.6214 -1.5250 0.0097 0.6893 0.3010 1.6934 148.6427 1 0
O 0 6764 12473 -0.3711 15.3405 -1.5331 0.0057 0.6762 0.3181 0.8793 77.1824 0 0
O 0 6766 178 3.3322 1.0515 -1.5776 0.0209 0.5449 0.4342 1.8016 158.1406 1 0
O 0 6783 208 9.4897 1.0908 -1.5670 0.0147 0.6508 0.3346 1.0288 90.3043 1 0
O 0 6786 363 9.5182 2.0330 -1.4631 0.0039 0.7866 0.2095 2.1492 188.6581 1 0
O 0 6787 11795 9.2779 0.9246 -1.4257 0.0110 0.5781 0.4110 0.9084 79.7388 1 0
O 0 6798 12213 9.6639 1.2205 -1.4960 0.0113 0.7842 0.2045 1.2266 107.6699 1 0
O 0 6800 12462 1.9809 1.2488 -1.4257 0.0084 0.4497 0.5419 1.2854 112.8305 0 0
O 0 6805 266 7.0441 0.8455 -1.4818 0.0080 0.7399 0.2522 0.8250 72.4152 1 0
O 0 6808 357 7.5355 0.8514 -1.3064 0.0301 0.4737 0.4962 0.8558 75.1220 1 0
O 0 6823 11789 5.2135 1.2821 -1.3256 0.0595 0.0168 0.9236 0.9384 82.3688 0 0
O 0 6829 11200 3.6065 1.2004 -1.3510 0.1106 0.0124 0.8771 0.9619 84.4361 1 0
O 0 6833 11221 8.0510 1.5925 -1.3158 0.0212 0.7124 0.2665 1.6562 145.3777 1 0
O 0 6849 11776 6.4282 0.9585 -1.3616 0.0154 0.5779 0.4067 0.9131 80.1522 1 0
O 0 6883 379 1.6605 2.4368 -1.1520 0.4695 0.1186 0.4119 1.6400 143.9582 0 0
O 0 6896 12222 -1.1710 1.2966 -1.1513 0.8639 0.0107 0.1254 1.7452 153.1967 0 0
O 0 6899 11244 -0.8344 2.0980 -1.2297 0.7419 0.0423 0.2158 1.9066 167.3639 0 0
O 0 6908 11035 0.5312 2.5315 -1.1520 0.4773 0.0086 0.5141 1.2816 112.4960 0 0
O 0 6942 11128 4.8645 8.3853 -0.9840 0.0492 0.4533 0.4975 7.6567 672.1063 1 0
O 0 6945 11191 8.0895 1.2641 -1.0293 0.0041 0.7722 0.2237 1.1928 104.7004 1 0
O 0 6958 11007 2.1180 3.0943 -1.1905 0.3519 0.0135 0.6346 1.0114 88.7769 0 0
O 0 6971 298 6.0160 0.9048 -1.0301 0.0312 0.4557 0.5131 0.9663 84.8195 0 0
O 0 6981 11525 -0.7341 0.8392 -0.9834 0.4285 0.0032 0.5683 2.2708 199.3275 0 0
O 0 6987 12028 2.6214 1.8687 -1.0185 0.1024 0.2442 0.6534 1.6297 143.0573 0 0
O 0 6989 359 9.2046 1.3641 -1.0190 0.0024 0.8023 0.1954 1.3377 117.4193 1 0
O 0 6995 12056 6.9626 1.1468 -1.0190 0.0017 0.8093 0.1890 1.1871 104.2050 1 0
O 0 7043 11628 -0.4737 2.9179 -0.9842 0.0021 0.8237 0.1742 1.0553 92.6380 0 0
O 0 7047 11240 -0.1383 0.8031 -1.0299 0.0426 0.2768 0.6806 1.3519 118.6673 0 0
O 0 7049 11315 -0.6703 1.8074 -0.8739 0.5218 0.0040 0.4742 1.6961 148.8878 0 0
O 0 7050 11011 8.1174 0.9421 -1.0717 0.0051 0.8034 0.1916 0.9650 84.7103 1 0
O 0 7051 11018 5.9726 1.1742 -1.0656 0.1625 0.2493 0.5882 1.2799 112.3512 1 0
O 0 7063 11901 0.1357 0.8095 -0.9748 0.1154 0.0245 0.8601 0.8087 70.9846 0 0
O 0 7091 12023 -0.7331 1.0806 -0.9731 0.1724 0.1725 0.6551 1.1238 98.6454 0 0
O 0 7099 11479 1.6519 0.9430 -0.9402 0.8738 0.0009 0.1253 0.9003 79.0317 0 0
O 0 7103 11573 2.7416 2.1849 -0.8208 0.7382 0.0025 0.2593 0.8374 73.5074 1 1 37
O 0 7108 12073 6.8601 0.9876 -0.8912 0.0030 0.7757 0.2213 0.9848 86.4456 1 0
O 0 7113 11203 0.3250 1.5098 -0.8209 0.0077 0.7366 0.2557 1.3893 121.9542 0 0
O 0 7117 11195 7.9211 0.9832 -0.8428 0.0246 0.7215 0.2539 0.9754 85.6201 1 0
O 0 7118 12134 -1.1858 0.8423 -1.0194 0.8938 0.0008 0.1054 0.8723 76.5677 0 0
O 0 7124 11283 3.2760 0.9360 -0.9734 0.3127 0.0013 0.6860 0.8552 75.0672 0 0
O 0 7146 11038 1.0140 1.6144 -0.9744 0.7084 0.0879 0.2037 1.9334 169.7149 0 0
O 0 7148 11320 0.7647 1.2959 -0.8428 0.9226 0.0294 0.0480 5.3822 472.4476 0 0
O 0 7171 11987 9.3399 1.3847 -0.8739 0.0041 0.7849 0.2111 1.3736 120.5734 1 0
O 0 7180 250 9.7059 1.0968 -0.7902 0.0044 0.7694 0.2262 1.0780 94.6255 1 0
O 0 7186 11170 4.1329 1.3439 -0.7688 0.6158 0.0121 0.3721 1.4339 125.8704 0 0
O 0 7187 12070 6.6742 0.8045 -0.8202 0.0068 0.7960 0.1972 0.8188 71.8747 1 0
O 0 7201 26 1.8205 1.6726 -0.9235 0.4045 0.1261 0.4694 0.8226 72.2106 0 0
O 0 7212 11003 0.3259 0.8464 -0.8433 0.0039 0.7912 0.2050 1.0519 92.3316 0 0
O 0 7229 12106 2.1614 1.3496 -0.5898 0.1713 0.0302 0.7985 1.4438 126.7354 0 0
O 0 7239 11680 0.2481 1.0085 -0.7893 0.5583 0.1500 0.2916 0.9554 83.8669 0 0
O 0 7242 11350 -0.1456 2.4524 -0.6529 0.8805 0.0022 0.1174 0.8214 72.1055 0 0
O 0 7251 11871 -0.8175 1.2452 -0.7105 0.6191 0.1128 0.2681 1.3481 118.3332 0 0
O 0 7254 11057 1.8148 6.2610 -0.6823 0.3796 0.0062 0.6141 1.2420 109.0185 0 0
O 0 7264 11380 6.6158 1.2411 -0.6269 0.0274 0.3016 0.6710 1.2360 108.4942 1 0
O 0 7273 11166 -0.8313 7.0402 0.6584 0.4518 0.0083 0.5399 0.8590 75.4056 0 0
O 0 7276 11168 0.3032 7.5611 0.7444 0.4027 0.0151 0.5823 0.8633 75.7795 0 0
O 0 7278 12058 0.8194 12.8010 0.7739 0.0084 0.7651 0.2265 1.0458 91.7979 0 0
O 0 7285 11609 -1.5249 1.5401 0.6326 0.6962 0.0885 0.2152 6.5169 572.0531 0 0
O 0 7292 11821 -0.8273 0.9132 0.6324 0.1096 0.1719 0.7184 0.9393 82.4518 0 0
O 0 7304 11329 -1.5058 0.8277 0.6887 0.2239 0.1800 0.5961 1.8032 158.2835 0 0
O 0 7313 11845 5.2027 5.6837 0.7166 0.1712 0.0251 0.8037 4.4144 387.4992 1 1 85
O 0 7317 11846 6.6891 5.8707 0.7166 0.0101 0.4368 0.5530 5.9892 525.7293 1 1 85
O 0 7320 121 9.5583 1.3060 0.6887 0.0105 0.7498 0.2397 1.3019 114.2776 1 0
O 0 7325 11448 -0.4114 1.5476 0.5346 0.5983 0.0303 0.3714 1.0501 92.1748 0 0
O 0 7329 11110 0.5373 1.1612 0.6887 0.0062 0.7718 0.2221 1.2033 105.6289 0 0
O 0 7341 12034 -0.1826 1.1332 0.6319 0.4529 0.0005 0.5466 0.8504 74.6502 0 0
O 0 7346 11163 3.8818 0.8019 0.7452 0.0048 0.8177 0.1775 0.8223 72.1858 0 0
O 0 7349 11531 3.9668 3.1891 0.7164 0.1681 0.1177 0.7142 1.7730 155.6322 0 0
O 0 7358 11225 0.5463 0.8459 0.7453 0.0049 0.7974 0.1977 1.0226 89.7611 0 0
O 0 7388 11262 -0.1802 0.8965 0.7742 0.3326 0.0246 0.6427 1.9028 167.0253 0 0
O 0 7397 11997 -0.9708 1.4185 0.7440 0.7644 0.0686 0.1670 1.8195 159.7198 0 0
O 0 7423 439 7.9085 1.0613 0.8973 0.0845 0.3144 0.6010 1.0660 93.5748 1 0
O 0 7437 11373 -1.6441 0.8123 0.9292 0.0099 0.7083 0.2818 3.5604 312.5359 0 0
O 0 7449 149 5.5920 0.8153 0.8818 0.0019 0.8171 0.1810 0.8460 74.2613 1 0
O 0 7454 11461 2.0060 3.3001 0.8497 0.8586 0.0204 0.1210 1.4511 127.3778 0 0
O 0 7456 271 7.1117 1.0242 0.8494 0.0020 0.8120 0.1860 0.9648 84.6928 1 0
O 0 7457 11485 -0.0931 25.1856 1.0728 0.0090 0.6872 0.3039 0.9809 86.1055 0 0
O 0 7476 95 8.9383 1.3396 1.0729 0.0037 0.7965 0.1998 1.2997 114.0886 1 0
O 0 7483 11891 0.8291 0.8224 1.1135 0.3448 0.0055 0.6497 0.8675 76.1527 0 0
O 0 7494 11095 3.2500 2.4477 0.9912 0.0550 0.3224 0.6226 1.8844 165.4164 0 0
O 0 7518 11361 -0.8919 0.9430 1.1145 0.0060 0.6822 0.3118 4.1972 368.4292 0 0
O 0 7535 11933 7.9581 2.8501 1.1578 0.0158 0.6646 0.3196 2.9062 255.1059 1 0
O 0 7536 11974 3.6197 1.0243 1.1582 0.0066 0.7970 0.1964 0.9484 83.2507 1 0
O 0 7541 307 6.2608 0.8820 1.2745 0.0084 0.8269 0.1647 0.9107 79.9436 1 0
O 0 7551 11756 0.4416 1.2686 1.2376 0.0043 0.7895 0.2061 0.8886 77.9977 0 0
O 0 7558 11233 5.4823 1.0915 1.2601 0.0057 0.7774 0.2168 1.0499 92.1596 1 0
O 0 7559 12169 5.0881 0.8136 1.2706 0.0274 0.7992 0.1734 0.8521 74.7933 1 0
O 0 7577 11069 6.3327 1.1385 1.2610 0.0452 0.6825 0.2723 1.2442 109.2118 1 0
O 0 7603 12005 5.6663 1.4862 1.2737 0.0155 0.7464 0.2380 1.3760 120.7870 1 0
O 0 7605 12004 5.7422 1.4840 1.2737 0.0156 0.6561 0.3282 1.3768 120.8565 1 0
O 0 7623 11749 -1.7553 0.8846 1.3515 0.6909 0.0010 0.3081 1.5771 138.4377 0 0
O 0 7638 11753 0.1963 1.5257 1.3251 0.0381 0.7203 0.2416 3.2204 282.6882 0 0
O 0 7643 11698 7.2715 1.1261 1.3609 0.0271 0.5566 0.4162 1.1303 99.2201 1 0
O 0 7646 12181 6.9527 1.0586 1.3606 0.1154 0.2538 0.6308 0.9593 84.2097 0 0
O 0 7649 11697 6.5988 1.1311 1.3609 0.0289 0.5763 0.3948 1.1425 100.2858 1 0
O 0 7657 11703 0.8510 1.0002 1.3255 0.0583 0.7328 0.2088 0.9649 84.6973 0 0
O 0 7667 12197 9.8016 2.0444 1.3151 0.0031 0.7314 0.2655 2.0560 180.4768 1 0
O 0 7672 11107 6.9300 1.8262 1.3244 0.4342 0.0097 0.5561 1.5050 132.1067 0 0
O 0 7677 12379 4.8061 0.8786 1.4254 0.0136 0.5969 0.3896 1.0629 93.3006 1 0
O 0 7681 12386 0.8339 1.1722 1.4144 0.0437 0.5351 0.4212 1.0548 92.5872 0 0
O 0 7682 12759 3.7922 0.8589 1.4246 0.0259 0.4746 0.4995 0.8722 76.5614 0 0
O 0 7694 12237 3.5271 3.0995 1.4158 0.0193 0.6940 0.2866 1.5141 132.9120 0 0
O 0 7695 11713 0.2782 0.8871 1.3599 0.0603 0.0627 0.8771 0.8999 78.9973 0 0
O 0 7722 12315 7.9762 1.0243 1.4154 0.0245 0.2795 0.6960 0.8786 77.1221 1 0
O 0 7723 11736 0.5942 0.9307 1.4968 0.0372 0.7150 0.2478 1.5074 132.3213 0 0
O 0 7730 11742 8.8825 1.0811 1.5032 0.0018 0.7395 0.2587 1.0600 93.0512 1 0
O 0 7751 11758 0.1058 2.6034 1.4662 0.0109 0.3465 0.6426 1.2464 109.4119 0 0
O 0 7759 48 8.6207 0.8628 1.5730 0.0029 0.7225 0.2746 0.8653 75.9571 1 0
O 0 7762 12269 1.1406 1.4658 1.5781 0.6404 0.0044 0.3553 1.1260 98.8383 0 0
O 0 7770 12196 10.0686 0.8459 1.5295 0.0076 0.5965 0.3959 0.8183 71.8347 1 0
O 0 7785 328 9.2806 3.8379 1.7054 0.0962 0.6263 0.2775 3.8260 335.8448 1 0
O 0 7788 12715 5.2324 1.2300 1.5780 0.0273 0.4461 0.5266 1.0718 94.0849 0 0
O 0 7791 12364 8.0614 1.6618 1.6953 0.0597 0.6368 0.3035 1.5858 139.2057 1 0
O 0 7793 12773 2.4173 1.0339 1.6963 0.0102 0.6762 0.3135 1.2102 106.2314 0 0
O 0 7795 592 0.1512 0.7984 1.6632 0.4875 0.0622 0.4503 2.1921 192.4244 0 0
O 0 7796 12291 -0.5697 1.3252 1.5780 0.0694 0.1256 0.8050 1.1725 102.9212 0 0
O 0 7800 12306 3.1364 1.5709 1.5780 0.1954 0.0096 0.7950 1.2775 112.1414 0 0
O 0 7803 11728 0.3774 0.8798 1.7147 0.5248 0.0080 0.4672 2.3265 204.2184 0 0
O 0 7808 335 9.3366 1.6575 1.7937 0.0101 0.6451 0.3448 1.8377 161.3146 1 0
O 0 7826 12747 10.1457 1.3140 1.7901 0.0015 0.7853 0.2132 1.3446 118.0287 1 0
O 0 7831 458 9.7315 1.4819 1.7498 0.0022 0.7933 0.2045 1.6219 142.3748 1 0
O 0 7833 12226 9.4223 1.9474 1.7367 0.0026 0.6650 0.3324 1.9031 167.0533 1 0
O 0 7835 11709 1.5886 0.8255 1.7864 0.0038 0.5786 0.4177 0.9677 84.9481 0 0
O 0 7838 628 8.7896 3.1194 1.7864 0.0022 0.7072 0.2906 3.4515 302.9753 1 0
O 0 7845 667 5.4357 1.5362 1.7149 0.0578 0.5081 0.4340 2.2839 200.4797 1 0
O 0 7856 721 9.3181 2.0227 1.9079 0.0010 0.6782 0.3208 1.5779 138.5110 1 0
O 0 7858 299 9.1736 1.6339 1.8812 0.0023 0.2200 0.7777 1.2827 112.5976 1 0
O 0 7863 297 3.5693 0.8990 1.8241 0.0185 0.4324 0.5491 1.7795 156.2015 1 0
O 0 7865 12337 2.0813 1.0966 1.8068 0.0034 0.0348 0.9619 1.4603 128.1856 0 0
O 0 7867 325 10.7456 2.8978 1.8241 0.0353 0.4655 0.4992 2.8736 252.2481 1 0
O 0 7877 415 9.3445 1.0193 1.9206 0.0007 0.8073 0.1920 1.1271 98.9366 1 0
O 0 7881 500 6.3145 0.9458 1.8355 0.0023 0.5424 0.4553 0.9814 86.1503 1 0
O 0 7885 11700 8.9407 1.1389 1.8649 0.0026 0.4242 0.5733 1.0990 96.4678 1 0
O 0 7886 508 9.8051 1.4534 1.9022 0.0033 0.7082 0.2885 1.4720 129.2164 1 0
O 0 7894 651 7.8690 0.8436 1.9336 0.0008 0.7594 0.2397 0.8394 73.6830 1 0
O 0 7898 642 10.4503 1.5089 1.8053 0.0010 0.6911 0.3079 1.4676 128.8222 1 0
O 0 7902 662 6.6184 0.8545 1.8931 0.0015 0.5767 0.4218 0.9432 82.7914 1 0
O 0 7918 11527 -0.7828 1.2555 -0.2429 0.9885 0.0023 0.0092 6.0891 534.4986 0 0
O 0 7921 282 8.0666 0.8876 -0.0328 0.0089 0.8044 0.1867 0.8864 77.8075 1 0
O 0 7926 11526 1.2537 0.9471 0.1104 0.8260 0.0008 0.1732 0.8121 71.2819 0 0
O 0 7932 259 7.2237 1.1956 0.5127 0.0309 0.7516 0.2175 1.1836 103.9004 1 0
O 0 7933 11129 1.3091 7.4691 0.4682 0.5283 0.1479 0.3238 5.3700 471.3804 0 0
O 0 7943 260 6.8570 0.8128 -0.5061 0.0069 0.8062 0.1869 0.8063 70.7751 1 0
O 0 7945 290 8.1422 0.9559 -0.4611 0.0201 0.7391 0.2409 0.9784 85.8836 1 0
O 0 7948 12013 -0.3456 1.2973 -0.5061 0.8652 0.0013 0.1334 0.9689 85.0535 0 0
O 0 7960 12032 2.3012 1.3495 0.0393 0.0266 0.5924 0.3810 1.2959 113.7544 0 0
O 0 7963 12002 -0.9032 8.6818 0.1104 0.5930 0.0566 0.3503 0.9864 86.5898 0 0
O 0 7965 12027 6.8646 0.8142 0.1883 0.0133 0.7785 0.2082 0.8210 72.0633 1 0
O 0 7969 12016 -0.9142 1.7695 0.5127 0.9376 0.0028 0.0596 1.5115 132.6779 0 0
O 0 7995 294 6.9767 0.8427 -0.3101 0.0057 0.7990 0.1953 0.8682 76.2116 1 0
O 0 7998 11171 0.0415 0.9373 -0.1731 0.6917 0.0002 0.3081 1.1072 97.1921 0 0
O 0 8002 321 6.6757 0.8383 0.0393 0.0061 0.8076 0.1862 0.8255 72.4640 1 0
O 0 8009 11139 -0.8701 1.0900 0.7159 0.8117 0.0056 0.1828 1.1115 97.5706 0 0
O 0 8022 11542 1.3842 1.1519 0.5719 0.2509 0.0087 0.7405 0.9325 81.8575 0 0
O 0 8024 343 6.7982 1.3547 -0.5900 0.2505 0.2056 0.5439 1.2728 111.7305 1 0
O 0 8030 354 3.1470 0.8414 -0.5903 0.2208 0.0179 0.7614 0.8579 75.3088 0 0
O 0 8038 11600 -0.1753 1.3526 -0.5277 0.1515 0.2076 0.6409 0.9635 84.5761 0 0
O 0 8043 11594 -0.4862 1.2737 -0.5277 0.5734 0.1092 0.3175 1.0345 90.8074 0 0
O 0 8058 11533 2.9612 1.4874 0.4480 0.0941 0.1379 0.7680 0.9980 87.6016 0 0
O 0 8083 11552 1.2249 1.0031 0.7963 0.4978 0.0055 0.4966 0.8672 76.1246 0 0
O 0 8087 11543 -0.9527 1.3114 0.5121 0.9283 0.0314 0.0403 6.0398 530.1738 0 0
O 0 8113 11581 7.9246 1.0108 -0.1728 0.0171 0.7811 0.2018 1.0118 88.8161 1 0
O 0 8184 12066 6.5484 1.2128 -0.1810 0.8076 0.1114 0.0810 1.2849 112.7849 1 0
O 0 8188 11593 -1.7526 1.2569 0.0411 0.8502 0.0042 0.1456 3.8551 338.4041 0 0
O 0 8204 12061 0.0706 5.8645 0.4016 0.9481 0.0227 0.0292 7.8480 688.8995 0 0
O 0 8207 12067 0.8184 2.4034 0.5958 0.9156 0.0015 0.0828 2.4401 214.1916 0 0
O 0 8221 12107 0.1754 1.3105 -0.5898 0.4173 0.1548 0.4279 2.2495 197.4650 0 0
O 0 8223 12059 4.9209 0.8301 -0.3243 0.4763 0.0456 0.4781 0.8382 73.5767 0 0
O 0 8240 11176 2.8504 3.3861 0.4484 0.4300 0.0108 0.5592 0.8167 71.6915 0 0
O 0 8247 11583 -0.1497 0.8114 0.4476 0.9381 0.0316 0.0303 6.0559 531.5878 0 0
O 0 8274 12119 1.0776 0.8991 0.6587 0.8903 0.0026 0.1070 1.2364 108.5334 0 0
O 0 8277 11211 -0.2871 0.8506 0.6584 0.0790 0.0983 0.8227 0.9657 84.7664 0 0
O 0 8280 401 7.3364 1.0593 0.5349 0.0792 0.6707 0.2501 1.0615 93.1811 1 0
O 0 8283 11206 1.5721 0.8117 0.6587 0.2929 0.0219 0.6852 0.8131 71.3754 0 0
O 0 8301 11213 -0.7764 9.9144 -0.4417 0.8793 0.0012 0.1196 0.8868 77.8413 0 0
O 0 8307 11219 0.1446 0.8360 0.0392 0.8278 0.0095 0.1628 1.0901 95.6890 0 0
O 0 8314 408 1.9495 2.1706 0.2611 0.9526 0.0010 0.0463 1.5319 134.4726 0 0
O 0 8367 12123 8.0473 1.0952 -0.0313 0.0101 0.7724 0.2176 1.0763 94.4797 1 0
O 0 8372 437 7.9793 7.2883 -0.0328 0.0689 0.3005 0.6306 7.3933 648.9849 1 0
O 0 8398 11644 -0.2292 0.8258 0.1155 0.0104 0.8208 0.1687 0.8277 72.6532 0 0
O 0 8407 12118 1.5522 3.5963 0.1798 0.6413 0.2240 0.1347 1.8095 158.8380 0 0
O 0 8429 12163 2.7556 0.9999 -0.1810 0.9494 0.0240 0.0266 12.3955 1088.0807 0 0
O 0 8435 11643 0.6311 91.0412 -0.2541 0.8491 0.0327 0.1182 1.6269 142.8071 0 0
O 0 8445 12141 7.4722 1.9792 -0.1731 0.1486 0.7109 0.1405 1.9442 170.6605 1 0
O 0 8446 11227 3.0666 1.6483 -0.1731 0.9144 0.0217 0.0639 1.6566 145.4184 0 0
O 0 8448 11675 0.9099 2.7006 0.1796 0.8784 0.0240 0.0976 1.2752 111.9382 0 0
O 0 8451 11686 0.7774 1.3512 0.1156 0.9072 0.0020 0.0908 0.9580 84.0975 0 0
O 0 8455 12127 0.8243 0.8678 -0.5903 0.7069 0.0053 0.2877 1.6801 147.4765 0 0
O 0 8456 12128 -0.3289 0.8627 -0.5903 0.8787 0.0056 0.1157 1.3215 116.0032 0 0
O 0 8461 11657 2.0267 3.0634 -0.5895 0.6870 0.0777 0.2353 1.2797 112.3317 0 0
O 0 8465 12152 -0.3899 0.9516 -0.6830 0.5680 0.0766 0.3554 0.9279 81.4495 0 0
O 0 8468 11249 1.2558 1.0713 -0.5903 0.2272 0.0289 0.7439 1.1774 103.3559 0 0
O 0 8469 12171 0.7776 1.2038 -0.5903 0.0250 0.6409 0.3341 1.3703 120.2870 0 0
O 0 8509 11684 0.4510 1.1261 0.5957 0.4385 0.0168 0.5447 1.7347 152.2723 0 0
O 0 8520 11665 -0.4354 1.8278 0.7970 0.8427 0.0102 0.1471 1.6305 143.1219 0 0
O 0 8533 11807 -1.1068 2.5379 -0.4615 0.9892 0.0011 0.0097 18.2056 1598.0885 0 0
O 0 8544 11806 -1.0939 2.2580 -0.3243 0.7394 0.0037 0.2569 1.1674 102.4760 0 0
O 0 8547 11300 -0.7814 0.9010 -0.3096 0.0094 0.6881 0.3025 1.3159 115.5139 0 0
O 0 8548 12174 0.8763 1.4449 -0.0328 0.7671 0.0526 0.1803 1.3791 121.0586 0 0
O 0 8561 11669 4.6203 1.4757 -0.0313 0.9529 0.0024 0.0447 0.8827 77.4824 0 0
O 0 8564 11825 1.7331 1.8557 -0.0328 0.9385 0.0071 0.0544 1.6823 147.6763 0 0
O 0 8570 11679 1.6417 10.5070 0.3840 0.3177 0.0241 0.6583 1.0812 94.9057 0 0
O 0 8581 11247 0.6335 0.8226 0.6328 0.2469 0.0272 0.7258 0.9180 80.5834 0 0
O 0 8593 11813 -1.1566 0.9094 -0.6269 0.4645 0.3443 0.1912 1.0824 95.0166 0 0
O 0 8622 11271 1.9881 4.2365 -0.2429 0.9173 0.0206 0.0621 2.5654 225.1865 0 0
O 0 8634 13 0.2106 0.9089 0.0392 0.7441 0.0306 0.2254 0.8476 74.4027 0 0
O 0 8646 477 7.7278 0.9638 -0.0313 0.0091 0.8139 0.1771 0.9293 81.5755 1 0
O 0 8659 11832 -1.3384 0.9290 0.6324 0.8584 0.0001 0.1415 0.8246 72.3817 0 0
O 0 8693 11837 -1.4799 1.9261 -0.4616 0.0191 0.6806 0.3003 1.9305 169.4557 0 0
O 0 8707 10994 0.3448 1.8288 -0.5271 0.7302 0.0020 0.2678 1.0185 89.4056 0 0
O 0 8720 11835 3.8291 2.5175 -0.0328 0.9414 0.0239 0.0347 4.6476 407.9629 1 0
O 0 8733 11693 -1.9465 0.9170 0.0392 0.9616 0.0136 0.0249 5.0279 441.3452 0 0
O 0 8734 11815 1.1575 1.1206 0.2501 0.4633 0.0124 0.5243 0.8746 76.7706 0 0
O 0 8736 11808 0.8199 0.9433 0.1798 0.9037 0.0003 0.0960 0.8985 78.8745 0 0
O 0 8738 11862 4.0797 1.1478 0.3315 0.8735 0.0054 0.1211 1.0735 94.2353 0 0
O 0 8757 11278 0.3898 1.3161 0.7158 0.6977 0.0156 0.2867 1.0573 92.8124 0 0
O 0 8781 11880 0.8730 0.8196 -0.5061 0.8203 0.0020 0.1777 0.8539 74.9559 0 0
O 0 8792 11882 3.8231 0.9494 -0.5061 0.7254 0.0003 0.2743 0.8060 70.7533 0 0
O 0 8810 15 1.8616 0.8406 -0.5902 0.8238 0.0037 0.1725 5.1447 451.6046 0 0
O 0 8816 11335 2.2699 1.1831 -0.6822 0.3701 0.0008 0.6291 1.1247 98.7226 0 0
O 0 8866 11306 1.3434 1.4477 -0.3949 0.5107 0.0261 0.4632 1.3535 118.8087 0 0
O 0 9164 11293 -1.4050 1.7429 -0.3947 0.9778 0.0037 0.0185 9.7765 858.1840 0 0
O 0 9311 67 9.7180 1.2335 -0.3778 0.0490 0.5040 0.4470 1.2382 108.6853 1 0
O 0 9343 11840 5.9048 1.0347 0.0392 0.3818 0.1286 0.4896 0.9407 82.5735 0 0
O 0 9345 11312 3.8606 1.1577 0.0411 0.6150 0.0152 0.3699 1.0085 88.5263 0 0
O 0 9346 11827 0.6416 3.1324 0.0392 0.7866 0.0123 0.2010 0.9258 81.2636 0 0
O 0 9361 11814 0.6565 1.1406 0.2501 0.3121 0.0385 0.6494 3.3100 290.5525 0 0
O 0 9381 82 8.5761 0.8923 -0.5661 0.0149 0.5622 0.4229 0.9068 79.5970 1 0
O 0 9450 11829 -0.7855 0.9092 0.0411 0.9628 0.0004 0.0368 1.5836 139.0121 0 0
O 0 9461 11386 1.4302 0.9919 0.0411 0.7562 0.0009 0.2430 0.8782 77.0903 0 0
O 0 9481 11368 -0.8326 0.9184 0.1883 0.9685 0.0198 0.0117 21.4085 1879.2395 0 0
O 0 9482 75 9.1168 2.1236 0.3170 0.1926 0.6759 0.1315 2.1002 184.3572 1 0
O 0 9489 11870 5.2067 0.8725 0.1798 0.0330 0.7454 0.2216 0.8569 75.2194 1 0
O 0 9528 11904 -1.1096 0.8165 0.3318 0.5963 0.0014 0.4023 0.9854 86.5005 0 0
O 0 9541 11014 8.2971 1.2053 0.5962 0.0244 0.7515 0.2241 1.2938 113.5734 1 0
O 0 9548 11263 0.5982 1.0088 0.5120 0.9431 0.0006 0.0563 0.8377 73.5351 0 0
O 0 9553 11015 0.7756 2.2976 0.6323 0.3675 0.0057 0.6268 0.8794 77.1911 0 0
O 0 9587 11858 0.9503 1.2437 -0.6269 0.7708 0.0040 0.2253 1.0553 92.6336 0 0
O 0 9601 11895 3.1981 1.5190 -0.3775 0.8994 0.0044 0.0962 1.1213 98.4255 0 0
O 0 9602 11376 6.5647 1.2302 -0.3949 0.6527 0.0064 0.3409 1.4659 128.6755 0 0
O 0 9605 11897 1.4601 2.5148 -0.3096 0.9324 0.0118 0.0558 1.2274 107.7414 0 0
O 0 9634 11885 1.3613 0.8194 -0.3100 0.5401 0.0992 0.3606 1.0143 89.0362 0 0
O 0 9670 11347 -0.5165 1.0244 -0.1731 0.3462 0.4595 0.1943 1.1706 102.7530 0 0
O 0 9704 11878 2.6501 1.0571 -0.1029 0.7769 0.0515 0.1717 1.1207 98.3755 0 0
O 0 9705 11349 4.5787 1.1186 0.0392 0.8440 0.0415 0.1145 1.1830 103.8426 0 0
O 0 9706 11372 0.1664 1.1123 0.1883 0.8154 0.0044 0.1802 1.4776 129.7064 0 0
O 0 9786 11381 3.1719 1.2380 -0.6269 0.1825 0.0959 0.7216 0.9123 80.0803 0 0
O 0 9798 11326 0.2770 1.3231 -0.5061 0.0132 0.4827 0.5041 5.2208 458.2845 0 0
O 0 9838 11360 -1.0846 1.0555 -0.2426 0.6787 0.0029 0.3184 1.0714 94.0502 0 0
O 0 9864 11040 -0.2091 1.0016 -0.4420 0.4227 0.0156 0.5617 0.8122 71.2968 0 0
O 0 9892 11058 -0.0314 2.2282 -0.1810 0.9515 0.0032 0.0452 0.8868 77.8440 0 0
O 0 9925 11371 2.7640 1.5744 0.1156 0.2567 0.0389 0.7044 0.9928 87.1449 0 0
O 0 9944 11377 0.0653 1.8467 0.1882 0.0087 0.7537 0.2376 1.1957 104.9628 0 0
O 0 9968 116 1.8155 1.8244 0.5718 0.0287 0.8012 0.1701 0.8186 71.8587 0 0
O 0 9978 11031 1.4534 0.8468 0.5969 0.0628 0.1553 0.7819 0.8322 73.0473 0 0
O 0 10002 11916 1.7871 0.8401 -0.6268 0.1587 0.2386 0.6027 1.1423 100.2752 0 0
O 0 10023 11366 1.9420 8.4660 -0.3779 0.9678 0.0175 0.0147 7.9355 696.5763 0 0
O 0 10028 11928 8.3447 1.0598 -0.1812 0.0213 0.5745 0.4042 1.0693 93.8668 1 0
O 0 10052 11405 3.0004 1.4588 -0.1030 0.0514 0.7178 0.2308 2.0086 176.3191 0 0
O 0 10054 11401 8.6961 1.3585 -0.0328 0.0289 0.7766 0.1945 1.3379 117.4414 1 0
O 0 10061 11068 2.5733 1.3459 0.1104 0.4651 0.0404 0.4945 2.3849 209.3496 0 0
O 0 10067 11397 3.9490 3.5466 -0.0328 0.9507 0.0152 0.0341 6.6312 582.0853 0 0
O 0 10069 11043 0.0889 1.4926 0.1880 0.7180 0.0046 0.2774 1.3974 122.6666 0 0
O 0 10078 11946 0.1603 1.0919 0.2613 0.9283 0.0049 0.0668 0.9759 85.6672 0 0
O 0 10102 11940 -1.1161 0.8911 -0.3779 0.3521 0.0034 0.6446 0.9153 80.3480 0 0
O 0 10104 133 9.7033 1.3532 -0.3101 0.0059 0.7464 0.2478 1.3462 118.1655 1 0
O 0 10149 11960 -1.8284 1.9277 -0.2538 0.9716 0.0148 0.0136 13.6341 1196.7979 0 0
O 0 10156 11076 -0.3570 4.2404 0.0411 0.2778 0.0608 0.6614 0.9563 83.9459 0 0
O 0 10161 11422 0.7299 1.1676 0.1883 0.2551 0.0079 0.7371 0.8328 73.0990 0 0
O 0 10167 156 7.6582 0.9587 0.1883 0.0034 0.7984 0.1982 0.9808 86.0915 1 0
O 0 10179 113 -1.4257 0.8623 -0.5055 0.5004 0.0155 0.4841 0.9687 85.0297 0 0
O 0 10180 166 8.5766 1.3032 -0.4420 0.0393 0.6515 0.3092 1.2859 112.8723 1 0
O 0 10188 11953 5.3198 1.0657 0.0411 0.1485 0.2626 0.5890 1.1865 104.1471 0 0
O 0 10190 11093 7.2390 0.9107 0.0393 0.0045 0.8318 0.1638 0.9453 82.9773 1 0
O 0 10209 11098 -2.1062 1.1731 0.1883 0.8854 0.0328 0.0817 3.4181 300.0387 0 0
O 0 10225 11967 0.7712 1.2423 -0.5061 0.2511 0.2715 0.4774 1.5011 131.7700 0 0
O 0 10229 11429 4.2670 0.8160 -0.1078 0.0158 0.6871 0.2971 0.8987 78.8839 0 0
O 0 10240 11108 -0.2124 0.8048 0.6322 0.7981 0.0002 0.2017 0.8791 77.1635 0 0
O 0 10242 11439 1.8896 5.3662 0.4683 0.8374 0.0484 0.1142 6.0298 529.2937 0 0
O 0 10256 11950 4.8172 4.1073 0.6886 0.3856 0.4256 0.1888 3.1278 274.5615 0 0
O 0 10261 11468 5.5185 0.8797 0.1104 0.8722 0.0491 0.0787 0.8991 78.9251 1 0
O 0 10266 11460 -0.3464 1.6651 -0.0328 0.8878 0.0290 0.0833 1.4914 130.9123 0 0
O 0 10286 11462 1.2091 1.1413 0.6887 0.4351 0.1457 0.4192 0.9221 80.9461 0 0
O 0 10290 11471 -0.1914 1.8871 -0.5663 0.6903 0.0782 0.2315 1.9885 174.5481 0 0
O 0 10319 239 7.4929 0.8447 -0.3240 0.0046 0.7905 0.2050 0.8579 75.3060 1 0
O 0 10321 222 7.2456 10.1560 -0.3779 0.0306 0.2989 0.6704 8.7302 766.3385 1 1 166
O 0 10371 11484 0.4820 1.8461 -0.1812 0.0080 0.7844 0.2076 1.0417 91.4376 0 0
O 0 10376 12025 0.0454 0.9516 -0.0328 0.9460 0.0069 0.0471 1.5351 134.7512 0 0
O 0 10388 190 1.3435 0.8056 0.2500 0.0389 0.3587 0.6023 0.9460 83.0367 0 0
O 0 10395 11432 1.9431 0.9887 0.4011 0.9440 0.0253 0.0308 5.3980 473.8397 0 0
O 0 10400 11474 -0.9333 1.0766 0.3175 0.3605 0.0184 0.6211 1.1031 96.8262 0 0
O 0 10436 11473 1.4152 4.1516 0.3314 0.5037 0.0007 0.4956 0.8593 75.4294 0 0
O 0 10442 11445 -0.7350 0.8263 0.5727 0.9163 0.0006 0.0831 1.6330 143.3425 0 0
O 0 10443 11503 3.0162 1.0143 0.4682 0.1719 0.0038 0.8243 0.8993 78.9448 0 0
O 0 10445 11451 -1.9947 1.5870 0.7158 0.9219 0.0039 0.0742 11.9817 1051.7544 0 0
O 0 10471 12008 8.9181 2.4849 -0.2429 0.0173 0.6990 0.2837 2.4751 217.2625 1 1 41
O 0 10492 217 -0.0865 0.8251 0.1104 0.9456 0.0176 0.0368 1.8564 162.9507 0 0
O 0 10495 11489 -0.5904 2.1332 0.3175 0.3152 0.3557 0.3290 2.2194 194.8195 0 0
O 0 10499 11977 0.3604 1.2872 0.2499 0.9783 0.0030 0.0187 5.0976 447.4633 0 0
O 0 10531 12490 0.2546 2.5891 -1.5690 0.0088 0.5556 0.4356 0.8586 75.3640 0 0
O 0 10535 12512 2.4874 1.1478 -1.5104 0.0266 0.3875 0.5859 2.1802 191.3797 1 0
O 0 10538 12903 2.1113 1.0899 -1.5015 0.0310 0.0066 0.9624 0.8733 76.6544 0 0
O 0 10550 11804 9.5522 1.4768 -1.5115 0.0075 0.4708 0.5217 1.1984 105.1963 1 0
O 0 10564 210 5.4908 1.0999 -1.5765 0.0079 0.5346 0.4575 0.6928 60.8129 1 0
O 0 10565 209 6.4321 1.1127 -1.5670 0.0029 0.6118 0.3853 0.9244 81.1439 1 0
O 0 10568 12511 2.5411 0.8204 -1.4701 0.5937 0.0774 0.3288 0.4425 38.8414 0 0
O 0 10570 11797 2.6583 1.3844 -1.5099 0.3618 0.0289 0.6093 1.0573 92.8124 0 0
O 0 10584 483 6.4800 1.4126 -1.5023 0.0054 0.6778 0.3168 1.9772 173.5602 1 0
O 0 10590 12416 3.0422 1.9598 -1.4705 0.0095 0.6732 0.3173 2.0639 181.1724 0 0
O 0 10593 12545 1.5839 1.1069 -1.3693 0.6701 0.0010 0.3289 0.9248 81.1780 0 0
O 0 10618 12515 2.0901 1.0456 -1.3266 0.2341 0.0120 0.7539 0.9374 82.2890 0 0
O 0 10643 12500 -0.1710 1.3638 -1.3267 0.7857 0.0243 0.1901 1.8304 160.6709 0 0
O 0 10653 64 0.3242 0.9002 -1.3178 0.1956 0.3129 0.4915 1.7572 154.2465 0 0
O 0 10659 12218 0.1069 0.8216 -1.4054 0.7889 0.0064 0.2047 5.3614 470.6275 0 0
O 0 10663 12476 -1.0372 0.9400 -1.3258 0.4044 0.0821 0.5135 1.0234 89.8384 0 0
O 0 10725 12221 2.7912 1.1890 -1.2887 0.8058 0.0046 0.1896 1.3684 120.1225 0 0
O 0 10727 12539 4.9193 1.4087 -1.2887 0.0916 0.5002 0.4083 1.5796 138.6535 0 0
O 0 10735 63 0.3356 0.8975 -1.3178 0.1928 0.4494 0.3578 2.4945 218.9713 0 0
O 0 10743 11773 -0.9927 0.8845 -1.3687 0.3147 0.4753 0.2100 1.1647 102.2347 0 0
O 0 10751 12441 -0.8899 1.8535 -1.2610 0.0083 0.5456 0.4460 1.8126 159.1082 0 0
O 0 10773 12460 3.3098 0.7981 -1.2235 0.8143 0.0001 0.1856 0.8214 72.1005 0 0
O 0 10788 11104 -1.4741 0.8458 -1.2885 0.0204 0.6414 0.3382 0.9134 80.1778 0 0
O 0 10794 12466 3.6005 1.2585 -1.2186 0.7490 0.1593 0.0917 30.8729 2710.0276 0 0
O 0 10808 12491 -1.3351 1.4844 -1.2332 0.0933 0.0248 0.8818 0.9150 80.3160 0 0
O 0 10810 12031 3.5628 0.8580 -1.2330 0.1624 0.2226 0.6150 0.8065 70.7969 1 0
O 0 10838 12082 -0.0315 2.5059 -1.1413 0.8156 0.1393 0.0451 17.9977 1579.8373 0 0
O 0 10845 378 1.4394 2.4475 -1.2703 0.4404 0.2851 0.2744 1.4468 127.0027 0 0
O 0 10850 12223 1.0424 1.2285 -1.2330 0.2331 0.4913 0.2756 1.8485 162.2647 0 0
O 0 10864 11351 -0.9598 1.3494 -1.2331 0.2523 0.4367 0.3110 1.7674 155.1417 0 0
O 0 10869 11893 -1.1025 2.6294 -1.1411 0.7458 0.0002 0.2540 0.8145 71.4985 0 0
O 0 10915 433 6.0568 1.7574 -1.0455 0.2934 0.2900 0.4166 2.0508 180.0209 1 0
O 0 10917 11796 0.3857 2.0272 -1.2332 0.8181 0.0016 0.1803 0.8072 70.8551 0 0
O 0 10920 11001 5.8571 0.8214 -1.1156 0.0161 0.6394 0.3445 0.8582 75.3316 1 0
O 0 10926 11006 3.5363 1.1312 -1.0991 0.4077 0.0018 0.5905 0.9658 84.7797 0 0
O 0 10927 66 9.1945 1.1411 -1.1156 0.0060 0.7417 0.2523 1.1861 104.1115 1 0
O 0 10937 93 3.0726 1.4803 -1.0989 0.7874 0.0052 0.2074 1.2801 112.3670 0 0
O 0 10954 11906 -0.4388 1.1910 -1.1157 0.0036 0.7683 0.2281 1.4415 126.5328 0 0
O 0 10957 11438 -0.1650 2.8495 -1.1411 0.0438 0.5277 0.4285 1.2393 108.7816 0 0
O 0 10959 11772 5.9249 1.1684 -1.1083 0.2802 0.1378 0.5820 1.3447 118.0365 1 0
O 0 10968 11516 7.0671 2.6367 -1.0855 0.0263 0.6777 0.2960 2.4656 216.4343 1 0
O 0 10970 11127 1.5191 0.8149 -1.0995 0.2718 0.4358 0.2924 0.9565 83.9630 0 0
O 0 10985 375 8.4469 1.0519 -1.0453 0.3703 0.0731 0.5566 1.0096 88.6202 0 0
O 0 11011 11182 0.7674 3.7934 -1.0995 0.0856 0.5777 0.3366 1.7080 149.9283 0 0
O 0 11015 11590 7.9913 0.8932 -1.0456 0.0078 0.6468 0.3454 0.8898 78.1057 1 0
O 0 11017 11661 0.0900 2.9259 -1.0789 0.1516 0.3852 0.4632 2.8380 249.1154 0 0
O 0 11020 11664 0.8223 1.1367 -1.0800 0.0066 0.7510 0.2424 1.4765 129.6112 0 0
O 0 11028 11002 6.3852 0.8184 -1.1156 0.0093 0.7841 0.2066 0.8526 74.8403 1 0
O 0 11039 11875 6.9469 1.0445 -1.0501 0.0135 0.7126 0.2739 1.0589 92.9513 1 0
O 0 11051 11089 7.7287 1.1831 -1.0800 0.5350 0.1345 0.3305 1.1782 103.4240 0 0
O 0 11074 12097 2.8070 2.8094 -1.0068 0.1750 0.1846 0.6405 2.2065 193.6834 1 1 92
O 0 11080 11589 1.6112 0.8464 -0.9796 0.0367 0.2318 0.7315 1.3949 122.4419 0 0
O 0 11088 12143 0.4058 0.9676 -0.8934 0.5963 0.0083 0.3954 1.5783 138.5446 0 0
O 0 11119 11903 0.2838 2.3291 -1.0792 0.8904 0.0007 0.1089 1.2885 113.1046 0 0
O 0 11122 11033 9.9190 1.4827 -1.0076 0.0064 0.7484 0.2452 1.4963 131.3434 1 0
O 0 11125 11403 0.0065 1.2412 -1.0076 0.2596 0.2620 0.4784 1.5429 135.4344 0 0
O 0 11133 11514 4.3036 0.9691 -0.9795 0.3786 0.0188 0.6026 1.0753 94.3859 0 0
O 0 11135 11126 7.3389 1.2735 -0.9792 0.0169 0.6626 0.3205 1.2709 111.5623 1 0
O 0 11143 11547 -0.6486 2.2299 -0.9053 0.2474 0.1360 0.6166 1.5924 139.7810 0 0
O 0 11146 11148 1.4203 3.1499 -0.8257 0.4219 0.0353 0.5428 1.2467 109.4392 0 0
O 0 11158 12060 1.7438 1.2415 -0.8933 0.1759 0.0280 0.7961 1.0969 96.2878 0 0
O 0 11177 11388 1.1841 0.9452 -0.8252 0.8783 0.0071 0.1145 2.3100 202.7728 0 0
O 0 11184 11039 2.8676 1.0692 -0.8252 0.7280 0.0002 0.2718 0.8405 73.7754 0 0
O 0 11189 11424 1.3216 0.8120 -0.9321 0.2325 0.3247 0.4428 1.7110 150.1952 0 0
O 0 11194 11890 6.3921 1.2260 -0.9058 0.0057 0.7417 0.2527 1.2958 113.7473 1 0
O 0 11199 11420 0.4374 1.1430 -0.8508 0.3875 0.0121 0.6004 1.3776 120.9215 0 0
O 0 11218 11925 -0.3668 2.1054 -0.9723 0.1518 0.1934 0.6548 1.7428 152.9848 0 0
O 0 11239 11134 -0.3880 0.8237 -0.8668 0.4309 0.2185 0.3507 2.4572 215.6942 0 0
O 0 11249 11113 2.6994 0.9748 -0.9451 0.4677 0.0615 0.4708 0.9574 84.0377 0 0
O 0 11250 11118 4.5234 0.9418 -0.9058 0.6580 0.0202 0.3219 0.9011 79.0983 0 0
O 0 11260 11111 0.8419 1.4876 -0.8119 0.1933 0.0233 0.7834 1.4432 126.6880 0 0
O 0 11266 12063 8.0889 2.2866 -0.8510 0.0116 0.7822 0.2062 2.3004 201.9327 1 1 37
O 0 11288 12179 4.9282 0.9802 -0.8120 0.0116 0.7198 0.2686 1.2302 107.9900 0 0
O 0 11292 11850 5.7887 1.2042 -0.8113 0.1884 0.3077 0.5039 1.3028 114.3565 0 0
O 0 11295 10990 -0.2737 0.8001 -0.7437 0.0382 0.5759 0.3860 1.8177 159.5550 0 0
O 0 11303 11385 0.4115 5.0775 -0.8505 0.0468 0.1936 0.7596 1.4325 125.7454 0 0
O 0 11311 11071 1.6239 1.7569 -0.7437 0.9316 0.0362 0.0322 42.0840 3694.1375 0 0
O 0 11314 11173 6.5061 1.4355 -0.7224 0.0211 0.6810 0.2979 1.5936 139.8831 1 0
O 0 11324 461 1.5286 0.8089 -0.7876 0.8057 0.0466 0.1476 1.2440 109.1969 0 0
O 0 11329 11911 2.2979 1.0400 -0.7874 0.8765 0.0170 0.1065 0.8706 76.4204 0 0
O 0 11334 11398 0.3849 3.5734 -0.7874 0.8143 0.0009 0.1848 1.2047 105.7493 0 0
O 0 11337 11929 1.2217 8.7175 -0.7672 0.0032 0.7837 0.2131 0.9216 80.9001 0 0
O 0 11339 12053 5.6152 0.9413 -0.6306 0.0717 0.6325 0.2958 0.9282 81.4748 1 0
O 0 11346 12110 3.2471 1.4376 -0.6105 0.4642 0.1019 0.4339 1.5089 132.4495 0 0
O 0 11370 264 8.7716 2.5769 0.6150 0.0259 0.5087 0.4654 2.6506 232.6733 1 0
O 0 11372 11490 0.6250 1.0886 0.6821 0.0076 0.7114 0.2810 1.3158 115.4988 0 0
O 0 11378 12096 2.6375 1.0141 0.6148 0.0325 0.2764 0.6911 0.9947 87.3122 0 0
O 0 11396 11692 4.1075 0.8105 0.7294 0.0585 0.7385 0.2030 0.8389 73.6403 1 0
O 0 11408 221 8.1453 0.8673 0.7719 0.0031 0.7962 0.2008 0.8595 75.4483 1 0
O 0 11416 11556 2.9598 22.8095 0.7482 0.3935 0.0419 0.5646 4.0707 357.3271 0 0
O 0 11418 11520 1.2763 1.2700 0.7921 0.3812 0.0091 0.6097 3.3540 294.4127 0 0
O 0 11419 11568 1.3310 3.0011 0.7717 0.0087 0.7348 0.2565 1.0704 93.9583 0 0
O 0 11421 11180 1.1542 2.7773 0.8158 0.2489 0.0836 0.6675 1.1680 102.5234 0 0
O 0 11422 11167 2.1889 22.9128 0.7292 0.3984 0.1620 0.4396 1.0425 91.5129 0 0
O 0 11430 11289 -0.2270 1.4040 0.5661 0.8139 0.0031 0.1830 1.3178 115.6721 0 0
O 0 11438 11820 1.4805 2.0722 0.7922 0.8656 0.0152 0.1192 1.1415 100.2040 0 0
O 0 11455 11075 -0.1359 13.9151 0.7919 0.7327 0.0111 0.2562 3.4149 299.7633 0 0
O 0 11464 11496 2.7497 2.3615 0.8579 0.2995 0.2568 0.4437 1.0971 96.3029 0 0
O 0 11499 11423 4.5130 1.3287 0.8323 0.0140 0.7154 0.2707 1.7478 153.4261 0 0
O 0 11500 11036 0.0348 2.4404 0.8580 0.2161 0.0191 0.7648 0.8929 78.3770 0 0
O 0 11501 11433 0.9316 2.7741 0.7919 0.0164 0.7463 0.2373 2.6229 230.2387 0 0
O 0 11509 11161 6.3916 0.9481 0.8578 0.0790 0.5846 0.3364 0.9262 81.3027 1 0
O 0 11512 11576 4.3933 1.1379 0.8741 0.8112 0.0519 0.1369 1.3511 118.5998 0 0
O 0 11516 11642 -0.0867 0.8406 0.8168 0.2094 0.0363 0.7543 0.9493 83.3305 0 0
O 0 11517 12098 2.0791 4.1452 0.9373 0.7667 0.0196 0.2137 0.9833 86.3127 0 0
O 0 11522 11656 -1.3958 2.5894 0.7719 0.6689 0.0426 0.2886 1.5524 136.2666 0 0
O 0 11532 10987 1.9140 5.6433 0.8996 0.2425 0.0212 0.7363 1.0696 93.8854 0 0
O 0 11538 11391 1.0894 0.9777 0.8735 0.8054 0.0011 0.1935 0.9769 85.7540 0 0
O 0 11549 11730 5.5949 0.8336 0.8326 0.1566 0.0574 0.7860 0.8476 74.4004 0 0
O 0 11551 11968 1.7265 2.3499 0.8577 0.7589 0.0439 0.1971 1.7902 157.1460 0 0
O 0 11569 11706 1.6409 1.2240 0.8993 0.4446 0.0573 0.4981 1.3231 116.1416 0 0
O 0 11570 11034 0.8818 0.8951 1.0900 0.4875 0.2974 0.2151 1.0634 93.3427 0 0
O 0 11574 11419 0.4551 0.8893 1.0547 0.0267 0.5305 0.4427 0.9140 80.2312 0 0
O 0 11577 11099 2.8039 87.5187 0.9366 0.0037 0.7582 0.2381 1.0874 95.4478 0 0
O 0 11588 11452 0.0633 2.9767 0.9100 0.4614 0.1043 0.4344 14.5477 1276.9949 0 0
O 0 11598 11979 0.4527 0.8232 0.9371 0.5598 0.0969 0.3433 1.3792 121.0647 0 0
O 0 11614 11102 1.2372 1.4382 0.8741 0.5015 0.0044 0.4941 1.1296 99.1606 0 0
O 0 11633 11599 2.7171 1.1747 1.0904 0.3203 0.0050 0.6748 1.0303 90.4386 0 0
O 0 11634 11595 -0.7973 2.6443 1.0137 0.2673 0.0921 0.6405 1.2501 109.7338 0 0
O 0 11636 11564 1.3067 1.2224 1.0506 0.8408 0.0115 0.1477 0.9152 80.3335 0 0
O 0 11638 11623 4.0081 3.7272 1.0903 0.7986 0.0033 0.1981 1.4339 125.8715 0 0
O 0 11640 12184 0.7330 1.1170 1.0512 0.4953 0.0532 0.4516 4.4626 391.7255 0 0
O 0 11644 25 9.1703 1.5520 1.1085 0.1800 0.5611 0.2589 1.6823 147.6720 1 0
O 0 11679 11298 0.2274 0.9031 0.9763 0.8773 0.0008 0.1219 1.6489 144.7364 0 0
O 0 11706 11105 3.3683 1.0763 1.0895 0.4128 0.0033 0.5839 0.9656 84.7572 0 0
O 0 11718 11115 7.2867 1.0495 1.1831 0.0256 0.4874 0.4869 0.9453 82.9778 1 0
O 0 11759 11607 -2.0312 6.1729 1.0134 0.8612 0.0026 0.1363 2.1176 185.8856 0 0
O 0 11768 11215 6.3501 1.3392 1.1836 0.2405 0.2863 0.4732 1.3129 115.2465 1 0
O 0 11785 12190 5.3889 2.3838 1.0547 0.2329 0.0627 0.7044 1.7457 153.2373 1 0
O 0 11799 12054 2.0851 0.7987 1.2230 0.8240 0.0005 0.1755 0.8880 77.9475 0 0
O 0 11810 12210 3.8393 4.3462 1.2601 0.0646 0.6011 0.3343 1.5243 133.8015 0 0
O 0 11816 11284 3.2307 1.4902 1.2332 0.3025 0.4173 0.2802 2.7906 244.9571 0 0
O 0 11821 12242 1.5111 10.9981 1.2354 0.0554 0.6854 0.2592 2.2521 197.6893 0 0
O 0 11851 11082 8.4236 1.9716 1.2233 0.0042 0.6723 0.3235 1.9485 171.0424 1 0
O 0 11870 241 0.9643 0.8186 1.3266 0.0202 0.6763 0.3035 1.0389 91.1927 0 0
O 0 11875 12387 -0.6026 0.9709 1.3266 0.6968 0.0392 0.2640 6.6003 579.3767 0 0
O 0 11876 12745 -0.8868 5.9946 1.3781 0.8094 0.0050 0.1856 1.5958 140.0831 0 0
O 0 11884 12205 3.7607 1.0457 1.3158 0.0585 0.0479 0.8936 0.9493 83.3312 0 0
O 0 11892 11752 -1.6139 0.9545 1.3781 0.4642 0.2009 0.3349 1.5583 136.7859 0 0
O 0 11899 11710 0.5110 0.8618 1.2695 0.6853 0.0183 0.2964 3.7837 332.1305 0 0
O 0 11937 12243 4.7242 0.9613 1.3179 0.1631 0.2163 0.6206 0.8931 78.3960 0 0
O 0 11947 12305 4.4854 1.8451 1.3182 0.5857 0.0016 0.4127 0.9795 85.9772 0 0
O 0 11949 11120 0.9668 1.1119 1.2437 0.7783 0.0920 0.1297 2.7274 239.4146 0 0
O 0 11953 12626 -0.8287 1.0330 1.3779 0.1834 0.4397 0.3770 9.2568 812.5624 0 0
O 0 11970 11745 -0.3091 1.2745 1.4134 0.0448 0.6361 0.3190 5.0429 442.6664 0 0
O 0 11993 80 0.3856 0.8782 1.4041 0.0219 0.6921 0.2860 4.0067 351.7040 0 0
O 0 12005 10983 0.1793 1.1757 1.3692 0.0450 0.4049 0.5501 0.8038 70.5566 0 0
O 0 12006 12255 0.8336 1.1832 1.3175 0.6937 0.0610 0.2453 2.9914 262.5824 0 0
O 0 12044 11702 3.4882 2.4666 1.5024 0.1049 0.4699 0.4252 2.8148 247.0809 0 0
O 0 12045 12251 0.9480 0.8023 1.4623 0.0552 0.0405 0.9043 2.3940 210.1427 0 0
O 0 12047 12574 2.6021 2.4711 1.5106 0.0274 0.5680 0.4046 1.0632 93.3245 0 0
O 0 12049 12295 3.6573 1.4354 1.5021 0.0056 0.6898 0.3046 4.8472 425.4832 0 0
O 0 12050 189 5.3179 1.0681 1.4131 0.0078 0.5728 0.4195 1.4543 127.6598 1 0
O 0 12060 12596 -0.5890 1.0238 1.3263 0.8802 0.0027 0.1171 3.0393 266.7898 0 0
O 0 12068 11738 -0.3660 0.8167 1.5115 0.4441 0.2754 0.2805 10.1266 888.9166 0 0
O 0 12073 11723 -2.1638 6.6354 1.5115 0.7855 0.0327 0.1818 0.9508 83.4587 0 0
O 0 12077 12684 -0.0774 1.0747 1.5022 0.0167 0.6350 0.3483 1.9926 174.9071 0 0
O 0 12079 11732 3.7904 1.2950 1.5780 0.0035 0.5264 0.4701 1.2987 113.9976 0 0
O 0 12087 12677 4.2067 1.2452 1.5109 0.1416 0.0113 0.8472 0.6750 59.2487 0 0
O 0 12096 120 9.2606 1.2005 1.5017 0.0031 0.5841 0.4128 1.2017 105.4887 1 0
O 0 12097 118 5.3452 1.1955 1.5017 0.0432 0.0082 0.9486 0.6534 57.3542 1 0
O 0 12106 276 7.3577 1.0105 -0.3166 0.7191 0.0274 0.2536 0.9440 82.8683 0 0
O 0 12107 279 7.8439 1.0109 -0.3166 0.1137 0.6848 0.2015 1.0180 89.3623 1 0
O 0 12131 220 0.9917 2.4498 0.1498 0.7196 0.0707 0.2097 3.2778 287.7272 0 0
O 0 12138 12029 -0.5555 1.0776 0.5853 0.3299 0.0207 0.6494 1.8676 163.9371 0 0
O 0 12147 244 -1.1983 0.8533 0.0920 0.3669 0.0642 0.5689 1.0490 92.0845 0 0
O 0 12167 11510 -0.4087 2.0434 -0.4120 0.9122 0.0408 0.0470 17.5707 1542.3528 0 0
O 0 12224 12049 4.4230 0.9867 -0.3588 0.4187 0.0145 0.5668 0.8735 76.6742 0 0
O 0 12226 11540 -0.3229 1.0125 -0.3054 0.9634 0.0165 0.0201 7.2591 637.2055 0 0
O 0 12235 296 7.9241 3.2010 -0.1957 0.0331 0.6625 0.3045 2.9538 259.2861 1 0
O 0 12239 12009 2.2109 0.9513 -0.1957 0.7213 0.0109 0.2677 0.8571 75.2365 0 0
O 0 12250 11994 1.8515 1.6180 0.5660 0.0136 0.7824 0.2040 0.9161 80.4175 0 0
O 0 12251 12026 1.2476 1.9774 0.5660 0.8694 0.0230 0.1076 1.1908 104.5282 0 0
O 0 12263 12042 2.8829 0.9854 -0.5614 0.8626 0.0306 0.1068 1.2214 107.2179 0 0
O 0 12338 11501 -1.1707 0.9732 -0.3588 0.8630 0.0039 0.1332 2.1267 186.6844 0 0
O 0 12340 394 0.4129 1.2367 -0.3053 0.7127 0.0658 0.2215 1.1506 101.0009 0 0
O 0 12353 12074 -1.5033 0.8861 -0.1392 0.6670 0.0337 0.2993 1.8466 162.0965 0 0
O 0 12370 12015 1.2802 1.1115 0.6607 0.5101 0.0373 0.4526 8.3843 735.9745 0 0
O 0 12371 11146 0.3873 11.2838 0.6354 0.8622 0.0362 0.1016 1.4608 128.2312 0 0
O 0 12373 11557 1.6928 1.2508 0.6822 0.9091 0.0022 0.0887 1.3949 122.4458 0 0
O 0 12375 12103 0.6081 1.5635 -0.5619 0.8331 0.0007 0.1663 0.9305 81.6836 0 0
O 0 12378 353 7.3460 1.2177 -0.5130 0.1246 0.6589 0.2165 1.2489 109.6280 1 0
O 0 12381 351 9.8593 2.3173 0.0327 0.0055 0.7545 0.2400 2.3338 204.8571 1 0
O 0 12411 11548 0.3605 1.9970 0.2657 0.7795 0.0201 0.2004 0.9200 80.7556 0 0
O 0 12432 11175 5.5879 2.6391 -0.4267 0.2324 0.0254 0.7422 1.9194 168.4849 1 0
O 0 12433 11177 7.3360 3.1686 -0.4267 0.0061 0.7849 0.2090 3.3286 292.1834 1 0
O 0 12436 12036 0.7655 0.8970 -0.4620 0.8151 0.0058 0.1792 1.2176 106.8835 0 0
O 0 12439 12089 5.1303 2.6877 -0.4117 0.9290 0.0007 0.0703 2.8443 249.6690 0 0
O 0 12467 11136 1.2254 2.5817 0.3636 0.8854 0.0211 0.0935 1.4104 123.8056 0 0
O 0 12487 289 0.0915 0.8133 -0.1442 0.8697 0.0035 0.1269 1.0565 92.7406 0 0
O 0 12556 11553 1.0934 2.0213 -0.3716 0.8677 0.0663 0.0660 0.8100 71.1016 0 0
O 0 12563 12114 1.2403 0.8631 -0.3055 0.9281 0.0002 0.0717 0.8817 77.3927 0 0
O 0 12581 12109 0.9486 0.8441 -0.2028 0.4003 0.0248 0.5748 1.2076 106.0012 0 0
O 0 12606 11592 -0.3837 1.4950 -0.1442 0.9251 0.0145 0.0605 0.9279 81.4477 0 0
O 0 12613 366 8.7588 1.6229 -0.1444 0.0185 0.7081 0.2733 1.6708 146.6586 1 0
O 0 12629 11571 1.6569 1.7972 0.4319 0.5361 0.0140 0.4499 1.6528 145.0857 0 0
O 0 12639 11613 7.1207 1.4422 -0.5308 0.0298 0.7138 0.2564 1.3162 115.5342 1 0
O 0 12641 12094 2.3821 1.1156 -0.4121 0.9771 0.0122 0.0107 5.2773 463.2444 1 0
O 0 12645 12062 1.3556 0.9019 -0.4267 0.2322 0.0446 0.7233 0.8897 78.0959 0 0
O 0 12658 11635 3.5771 3.3089 -0.2591 0.9756 0.0168 0.0075 32.5785 2859.7449 0 0
O 0 12671 11618 2.8449 1.0201 -0.3054 0.4217 0.0315 0.5469 0.9589 84.1698 0 0
O 0 12678 11591 1.8764 2.0153 -0.3053 0.9107 0.0292 0.0602 2.2031 193.3882 0 0
O 0 12679 11214 -0.1692 0.8198 -0.3055 0.0524 0.7019 0.2457 1.8691 164.0733 0 0
O 0 12687 11160 0.7201 1.0123 0.3227 0.8415 0.0088 0.1497 0.8131 71.3710 0 0
O 0 12688 11541 -0.3994 1.2050 0.5853 0.0069 0.7588 0.2344 2.4158 212.0605 0 0
O 0 12697 11626 4.3712 0.8150 0.5852 0.2350 0.0841 0.6809 0.8465 74.3076 1 0
O 0 12700 11598 0.2430 1.7072 0.7291 0.8724 0.0013 0.1263 0.8124 71.3096 0 0
O 0 12704 12124 3.9241 1.4557 -0.6534 0.8976 0.0008 0.1015 0.8635 75.7990 0 0
O 0 12724 12129 1.8358 5.8133 -0.4777 0.7744 0.0662 0.1594 1.2041 105.6927 0 0
O 0 12745 11610 2.7737 0.8550 0.4843 0.2436 0.0315 0.7249 0.8058 70.7301 0 0
O 0 12754 12117 6.3101 0.9564 -0.4121 0.0275 0.7465 0.2259 0.9538 83.7222 1 0
O 0 12755 12125 0.9231 1.1550 -0.1956 0.9436 0.0026 0.0538 0.9991 87.7007 0 0
O 0 12783 12105 0.6848 48.3376 0.6147 0.0260 0.4556 0.5185 1.2174 106.8616 0 0
O 0 12785 11638 0.9521 0.8950 -0.5803 0.0111 0.7399 0.2490 0.9987 87.6639 0 0
O 0 12820 11653 -0.9426 1.3608 -0.0251 0.9412 0.0187 0.0402 2.7285 239.5043 0 0
O 0 12822 11224 2.2667 4.8960 0.2012 0.0102 0.7210 0.2687 1.4443 126.7792 0 0
O 0 12841 11646 1.4912 3.0582 0.0920 0.9601 0.0296 0.0103 13.1439 1153.7744 0 0
O 0 12844 11229 8.7791 1.5205 0.0920 0.0349 0.7002 0.2649 1.6063 141.0041 1 0
O 0 12851 11228 -2.0067 1.6638 -0.2029 0.4577 0.1491 0.3932 4.5282 397.4848 0 0
O 0 12861 12162 5.3376 1.3262 0.5190 0.4772 0.0291 0.4936 1.1707 102.7618 0 0
O 0 12862 11824 -0.7798 1.1797 0.5661 0.9122 0.0010 0.0868 0.8259 72.4955 0 0
O 0 12864 11264 -1.1209 1.0281 -0.6307 0.3603 0.0121 0.6276 2.2830 200.3982 0 0
O 0 12872 11817 1.1440 1.0549 -0.6105 0.4778 0.0023 0.5199 0.8287 72.7443 0 0
O 0 12888 11258 2.6336 1.1835 -0.4120 0.3784 0.1411 0.4804 1.7799 156.2379 0 0
O 0 12902 442 0.5810 3.2723 0.3635 0.6635 0.0419 0.2946 1.3759 120.7746 0 0
O 0 12906 11305 -1.3413 1.5575 0.5190 0.9729 0.0164 0.0108 10.0336 880.7476 0 0
O 0 12917 471 7.2725 0.8722 -0.5134 0.0824 0.6807 0.2369 0.8925 78.3429 1 0
O 0 12940 11836 0.2929 1.2352 -0.3162 0.9374 0.0011 0.0615 0.8711 76.4679 0 0
O 0 12941 440 -1.0197 0.8913 -0.1391 0.8232 0.0063 0.1705 1.2850 112.7998 0 0
O 0 12961 18 8.7882 2.0037 -0.3716 0.1162 0.6737 0.2101 2.0888 183.3551 1 0
O 0 12973 11818 -0.7329 6.3742 0.5850 0.2769 0.3598 0.3634 4.4476 390.4120 0 0
O 0 12991 11838 8.7924 1.8790 -0.2501 0.1911 0.6269 0.1820 1.8431 161.7866 1 0
O 0 12995 11294 6.3326 2.0022 -0.2501 0.9131 0.0271 0.0598 2.2047 193.5259 1 0
O 0 13002 11285 8.6519 2.3392 0.0315 0.0077 0.7618 0.2304 2.2626 198.6119 1 0
O 0 13012 10996 2.2800 1.1154 0.4313 0.1634 0.0694 0.7672 1.1051 97.0059 0 0
O 0 13015 12175 1.8150 1.1509 0.5853 0.6257 0.0276 0.3466 1.5909 139.6524 0 0
O 0 13102 59 6.8481 0.8673 0.0327 0.0046 0.8001 0.1954 0.8458 74.2434 1 0
O 0 13109 62 6.7028 0.8256 0.3227 0.0497 0.5320 0.4183 0.8456 74.2236 1 0
O 0 13110 11308 6.0774 0.8759 0.3227 0.2846 0.1654 0.5500 0.9192 80.6849 0 0
O 0 13116 11000 3.0641 2.2080 0.6605 0.8969 0.0219 0.0812 12.0691 1059.4218 0 0
O 0 13150 85 6.3093 0.8298 0.0327 0.0809 0.6731 0.2459 0.8547 75.0272 1 0
O 0 13161 11268 -0.6074 1.0963 0.5190 0.9231 0.0006 0.0763 1.7122 150.2979 0 0
O 0 13169 11859 4.3959 1.8499 -0.3588 0.1524 0.1472 0.7004 1.0766 94.5067 0 0
O 0 13201 11348 6.1461 1.1179 -0.0261 0.2497 0.1118 0.6385 1.2100 106.2141 0 0
O 0 13206 23 0.7839 1.2789 0.0887 0.7872 0.0050 0.2079 4.8887 429.1263 0 0
O 0 13212 11317 1.0480 2.0098 0.3114 0.6441 0.0798 0.2761 1.2836 112.6701 0 0
O 0 13217 11913 1.3424 0.8362 -0.6308 0.0055 0.8188 0.1757 0.9289 81.5357 0 0
O 0 13241 11319 4.9933 1.3409 -0.1392 0.0522 0.6645 0.2832 1.3423 117.8251 0 0
O 0 13255 11902 4.1832 4.3066 -0.3588 0.9437 0.0265 0.0298 5.9677 523.8439 0 0
O 0 13266 11072 1.5581 1.0068 -0.1391 0.9344 0.0012 0.0644 1.6388 143.8518 0 0
O 0 13331 11028 2.8908 1.4344 -0.6106 0.1649 0.1219 0.7132 1.4139 124.1090 0 0
O 0 13332 11005 2.1910 1.3810 -0.4777 0.0189 0.5934 0.3877 5.2219 458.3820 0 0
O 0 13335 11352 0.6003 3.0608 -0.4777 0.5544 0.0067 0.4388 2.6407 231.8001 0 0
O 0 13347 11046 2.2037 1.1046 -0.4265 0.0405 0.5187 0.4407 0.9422 82.7024 0 0
O 0 13352 11934 -0.0182 1.5227 -0.1956 0.6485 0.0077 0.3437 1.4108 123.8394 0 0
O 0 13361 157 3.1655 0.8684 -0.1391 0.6586 0.0168 0.3245 1.3482 118.3418 0 0
O 0 13381 11342 0.4438 3.0746 -0.1391 0.2620 0.0843 0.6537 0.8427 73.9719 0 0
O 0 13390 11428 -0.3999 1.1584 0.2563 0.0142 0.7191 0.2666 2.7132 238.1652 0 0
O 0 13401 11406 0.5674 1.2087 0.5367 0.8974 0.0008 0.1019 1.0331 90.6878 0 0
O 0 13406 111 7.7464 2.1419 -0.4265 0.0529 0.6636 0.2835 2.0353 178.6565 1 0
O 0 13414 11908 3.5749 1.2690 -0.0261 0.9005 0.0389 0.0606 2.9897 262.4333 1 0
O 0 13415 11907 8.4617 1.2542 -0.0251 0.0263 0.7239 0.2498 1.2338 108.3013 1 0
O 0 13433 154 6.4471 0.8256 -0.1956 0.0214 0.7524 0.2263 0.8162 71.6434 1 0
O 0 13503 11364 1.0514 1.3135 -0.1391 0.0132 0.7451 0.2417 1.5489 135.9598 0 0
O 0 13506 11883 -0.3205 0.8742 0.0920 0.9486 0.0252 0.0262 5.3863 472.8100 0 0
O 0 13509 11431 5.7736 1.1592 0.0315 0.6954 0.0601 0.2445 1.1539 101.2932 0 0
O 0 13510 11956 5.1277 0.8627 -0.0251 0.1248 0.0650 0.8102 0.8188 71.8762 0 0
O 0 13518 11945 1.5030 10.4562 -0.5618 0.1622 0.0758 0.7621 1.1460 100.5946 0 0
O 0 13522 11077 1.1100 3.0595 -0.0857 0.3659 0.0309 0.6031 0.9994 87.7232 0 0
O 0 13527 11939 -0.5350 1.6080 0.5368 0.9354 0.0096 0.0550 1.3518 118.6596 0 0
O 0 13528 11408 0.0217 1.3963 0.5368 0.8384 0.0104 0.1512 1.0490 92.0788 0 0
O 0 13531 11487 -1.7574 2.3015 0.0887 0.9598 0.0218 0.0184 5.0914 446.9237 0 0
O 0 13536 11488 1.8307 1.4569 0.1498 0.9080 0.0249 0.0671 6.7458 592.1446 0 0
O 0 13570 11073 2.8021 2.3585 0.5853 0.2285 0.1693 0.6022 2.2946 201.4174 0 0
O 0 13573 11456 0.7807 5.7783 -0.6306 0.0245 0.6744 0.3011 2.0564 180.5117 0 0
O 0 13581 11497 0.4419 2.1948 -0.1442 0.9481 0.0265 0.0254 7.8100 685.5611 0 0
O 0 13583 168 5.9277 0.8400 -0.0261 0.1208 0.6935 0.1857 0.8236 72.2933 1 0
O 0 13603 230 7.0159 1.0831 -0.3164 0.0139 0.7477 0.2383 1.0413 91.4058 1 1 164
O 0 13606 202 6.6707 1.0452 -0.5134 0.0973 0.1048 0.7979 0.9497 83.3670 1 0
O 0 13690 11124 1.0229 0.8910 0.4843 0.7120 0.0096 0.2783 1.0365 90.9853 0 0
O 0 13691 11500 -0.1781 1.0464 -0.4616 0.8128 0.0234 0.1638 1.0399 91.2813 0 0
O 0 13694 12018 1.3608 1.0067 -0.4616 0.2447 0.0286 0.7267 0.9614 84.3885 0 0
O 0 13698 11437 -1.8448 5.6509 -0.2592 0.7748 0.0020 0.2232 0.8387 73.6170 0 0
O 0 13712 11495 0.5224 1.5345 -0.2501 0.8832 0.0365 0.0803 1.4993 131.6087 0 0
O 0 13716 11492 0.6367 7.3226 -0.3052 0.9335 0.0011 0.0654 0.9709 85.2240 0 0
O 0 13721 280 1.2715 1.0344 -0.3053 0.8855 0.0010 0.1135 1.5723 138.0193 0 0
O 0 13748 11944 3.3466 0.8310 -0.4150 0.9462 0.0009 0.0529 1.1988 105.2308 0 0
O 0 13764 11470 1.3012 1.6118 -0.1998 0.8705 0.0106 0.1189 1.9211 168.6383 0 0
O 0 13806 11145 1.9144 5.6961 0.6684 0.7467 0.0784 0.1750 2.1248 186.5111 0 0
O 0 13820 317 3.3690 0.9323 0.1187 0.4933 0.0560 0.4507 1.0310 90.4990 0 0
O 0 13822 12012 -0.3041 1.3521 0.2052 0.9242 0.0433 0.0325 9.1343 801.8120 0 0
O 0 13835 12038 0.0985 0.8767 -0.9350 0.5469 0.2654 0.1878 0.9630 84.5343 0 0
O 0 13886 11483 0.7925 0.9865 -0.5332 0.7401 0.0348 0.2251 1.9911 174.7761 0 0
O 0 13928 12081 3.1682 0.8995 -0.5881 0.5870 0.0011 0.4119 0.8372 73.4854 0 0
O 0 13955 11563 0.2778 0.9387 -0.1610 0.1717 0.0554 0.7729 1.8020 158.1788 0 0
O 0 13959 11981 2.4148 0.8029 0.0707 0.9472 0.0014 0.0515 1.1320 99.3682 0 0
O 0 13964 11545 1.9404 2.4085 0.3779 0.9009 0.0021 0.0970 3.3990 298.3678 0 0
O 0 13966 12041 0.5082 1.3539 0.3777 0.7788 0.0073 0.2140 1.1132 97.7188 0 0
O 0 13993 11162 0.6233 1.0957 1.2887 0.5681 0.0027 0.4292 0.4424 38.8302 0 0
O 0 13994 11198 2.0147 1.1091 -1.2361 0.1824 0.1783 0.6393 30.7264 2697.1631 0 0
O 0 13995 11151 1.6833 2.4730 -0.7354 0.1029 0.2565 0.6405 1.6129 141.5829 0 0
O 0 13996 11585 3.3921 0.8540 -0.7175 0.4301 0.0041 0.5658 0.8166 71.6849 0 0
O 0 13999 11509 2.3649 140.8249 -0.6810 0.4633 0.0040 0.5328 0.8644 75.8751 0 0
O 0 14029 12011 -0.6094 6.2619 0.2569 0.1698 0.0344 0.7958 0.8386 73.6120 0 0
O 0 14039 11731 1.4464 4.2021 1.2887 0.4423 0.2216 0.3361 2.2781 199.9690 0 0
O 0 14042 257 5.0063 2.2443 -1.0724 0.6000 0.2112 0.1888 1.5628 137.1838 0 0
O 0 14094 11549 1.6433 0.9907 1.0994 0.0436 0.5272 0.4291 0.9929 87.1588 0 0
O 0 14104 11197 -0.7922 1.4142 1.2361 0.1879 0.4361 0.3760 3.0951 271.6873 0 0
O 0 14108 12340 4.7109 10.9580 1.2805 0.0561 0.5650 0.3789 1.4649 128.5863 0 0
O 0 14114 11546 2.0845 1.2469 -0.8816 0.7310 0.0018 0.2672 0.8757 76.8714 0 0
O 0 14159 314 7.6096 0.8641 0.2496 0.0119 0.4128 0.5753 0.8280 72.6806 1 0
O 0 14183 11150 0.3451 1.6631 0.4998 0.5700 0.1129 0.3170 2.8259 248.0606 0 0
O 0 14203 11727 -0.9334 0.8200 1.0426 0.4207 0.4295 0.1498 31.8302 2794.0603 0 0
O 0 14208 455 0.5133 1.0095 -1.1778 0.8726 0.0662 0.0612 11.2090 983.9284 0 0
O 0 14214 12100 4.7793 1.4311 -0.8505 0.5522 0.0022 0.4456 1.3010 114.2061 0 0
O 0 14224 12088 3.2887 1.3850 -0.4266 0.5011 0.0034 0.4955 0.8161 71.6338 0 0
O 0 14230 11511 -0.9661 0.8799 -0.2517 0.9633 0.0007 0.0360 0.9498 83.3742 0 0
O 0 14234 300 3.1558 1.7316 0.3449 0.0144 0.5523 0.4334 1.5807 138.7575 0 0
O 0 14235 12035 1.6319 16.7587 0.3003 0.8760 0.0067 0.1172 1.2171 106.8338 0 0
O 0 14248 12052 6.5095 1.2511 -0.6811 0.7914 0.0375 0.1711 1.3180 115.6902 0 0
O 0 14273 12065 5.1773 1.2498 -0.2518 0.9079 0.0189 0.0732 1.2373 108.6101 0 0
O 0 14281 391 10.8194 1.2313 -0.2447 0.0045 0.8002 0.1953 1.2245 107.4854 1 0
O 0 14286 392 4.7300 1.2352 -0.2447 0.0825 0.6437 0.2738 1.2373 108.6091 1 0
O 0 14304 11158 1.3537 1.1026 0.4716 0.3888 0.0088 0.6025 0.9063 79.5521 0 0
O 0 14308 11791 7.4486 2.2773 -1.1778 0.0463 0.4185 0.5353 2.1655 190.0845 1 0
O 0 14313 12116 1.5516 1.0774 -1.1416 0.7948 0.0006 0.2046 0.8818 77.4008 0 0
O 0 14322 11169 3.3104 0.8395 -1.1777 0.2147 0.4036 0.3817 0.6604 57.9715 0 0
O 0 14323 11212 -0.6573 0.9129 -0.7705 0.8932 0.0009 0.1059 1.7851 156.6954 0 0
O 0 14324 11615 2.8060 1.2891 -0.8505 0.0118 0.6285 0.3598 1.3265 116.4384 0 0
O 0 14336 12104 3.6309 1.8528 -0.1998 0.6364 0.0029 0.3607 1.0333 90.7015 0 0
O 0 14414 11580 3.1490 3.2209 -0.1610 0.8648 0.0348 0.1004 6.8526 601.5242 0 0
O 0 14451 11172 -0.0687 0.9278 0.5138 0.8140 0.0011 0.1849 0.8134 71.3983 0 0
O 0 14477 11558 1.3518 0.9635 0.9167 0.8583 0.0059 0.1358 0.9496 83.3546 0 0
O 0 14483 11196 -0.1227 1.5473 -1.2107 0.0317 0.5489 0.4194 6.7216 590.0212 0 0
O 0 14544 12050 2.1544 3.0363 0.1607 0.5139 0.0621 0.4240 1.1094 97.3826 0 0
O 0 14547 11570 1.7159 1.3697 0.3003 0.0104 0.6297 0.3599 1.3892 121.9479 0 0
O 0 14569 11630 3.3127 1.7045 0.9170 0.6587 0.0035 0.3377 2.2922 201.2079 0 0
O 0 14571 11578 1.4174 1.4507 1.1779 0.0720 0.2245 0.7035 1.7361 152.3950 0 0
O 0 14574 12135 -1.5499 1.3644 1.3266 0.7109 0.1088 0.1803 0.7006 61.4954 0 0
O 0 14595 11575 0.6527 1.5206 -0.3725 0.7686 0.0091 0.2223 2.7298 239.6247 0 0
O 0 14604 11631 1.9188 2.5321 -0.1564 0.2724 0.1332 0.5944 50.8450 4463.1729 0 0
O 0 14608 12112 0.5121 4.1242 0.5394 0.9218 0.0000 0.0782 0.9112 79.9889 0 0
O 0 14617 11619 2.5347 6.1147 0.7903 0.9031 0.0297 0.0672 12.9028 1132.6110 0 0
O 0 14634 11164 -0.2263 1.4944 1.0721 0.2316 0.1600 0.6084 1.9841 174.1674 0 0
O 0 14642 11634 0.2584 5.3064 -0.7358 0.7314 0.0035 0.2651 1.0549 92.6026 0 0
O 0 14654 12083 0.3008 6.3101 -0.4149 0.3704 0.0226 0.6070 1.0176 89.3229 0 0
O 0 14667 11621 0.0362 1.4796 0.7742 0.4088 0.0156 0.5756 1.2346 108.3709 0 0
O 0 14712 12130 5.7508 2.1016 -0.3828 0.8790 0.0006 0.1204 1.8738 164.4849 0 0
O 0 14734 411 5.7205 1.3869 0.4316 0.1435 0.0844 0.7721 1.1668 102.4227 1 0
O 0 14752 11217 4.4724 0.9480 0.5138 0.2315 0.1104 0.6581 1.0270 90.1541 1 0
O 0 14758 11218 5.2322 0.9457 0.5138 0.1370 0.1350 0.7280 0.9719 85.3111 1 0
O 0 14766 11606 -0.1848 1.0788 0.7902 0.5748 0.1345 0.2907 1.2289 107.8719 0 0
O 0 14768 310 0.7953 1.3451 1.1779 0.8152 0.0827 0.1021 6.6901 587.2548 0 0
O 0 14771 11236 2.9600 0.8876 -0.8822 0.2703 0.0049 0.7249 0.9543 83.7711 0 0
O 0 14776 400 7.7956 0.9172 -0.4686 0.0298 0.6764 0.2938 0.9106 79.9349 1 0
O 0 14777 11654 0.7324 0.9017 -0.1564 0.3730 0.0212 0.6058 0.8857 77.7501 0 0
O 0 14792 11624 -0.1510 1.1226 -0.6652 0.6394 0.2319 0.1287 1.2169 106.8237 0 0
O 0 14849 11554 -1.6566 0.8122 -0.0678 0.9322 0.0478 0.0200 8.7824 770.9233 0 0
O 0 14867 12137 2.1064 1.4720 0.8768 0.3358 0.3211 0.3431 1.6452 144.4143 0 0
O 0 14894 12136 1.6000 1.3760 0.9058 0.4571 0.0201 0.5227 1.1746 103.1043 0 0
O 0 14903 11809 -0.5455 1.0273 0.9053 0.8889 0.0180 0.0930 6.7619 593.5634 0 0
O 0 14906 12374 4.1184 3.2360 1.2884 0.0187 0.4715 0.5098 0.6214 54.5473 0 0
O 0 14909 11237 1.6208 1.9952 -0.7175 0.0071 0.6912 0.3017 0.9245 81.1545 0 0
O 0 14912 12126 0.3734 1.0623 -0.6985 0.7292 0.0629 0.2078 1.2738 111.8151 0 0
O 0 14919 12140 5.0010 1.8981 -0.1564 0.0071 0.7326 0.2603 1.9145 168.0545 1 0
O 0 14937 11683 5.6892 0.9127 0.8768 0.0293 0.3016 0.6692 0.8745 76.7607 1 0
O 0 14946 12428 0.4133 0.8686 -1.2435 0.9224 0.0278 0.0498 10.0681 883.7749 0 0
O 0 14952 11216 2.0725 1.0085 -0.2517 0.9770 0.0123 0.0107 5.7540 505.0829 0 0
O 0 14961 5 -0.7480 1.3596 -0.2447 0.9195 0.0001 0.0804 1.0899 95.6751 0 0
O 0 14972 12147 -0.1576 3.1824 1.2437 0.0835 0.4230 0.4935 1.0324 90.6252 0 0
O 0 14980 11220 0.8417 7.5901 0.0251 0.9326 0.0198 0.0476 2.1560 189.2526 0 0
O 0 15010 11755 2.6015 1.5106 1.2435 0.7420 0.0051 0.2529 0.9922 87.0960 0 0
O 0 15022 20 2.8361 1.2261 -0.8506 0.8445 0.0034 0.1521 1.7503 153.6451 0 0
O 0 15043 11816 1.4444 0.8259 -0.6985 0.3364 0.0835 0.5800 0.9914 87.0269 0 0
O 0 15047 11282 0.9358 0.9153 -0.1563 0.5110 0.0064 0.4826 2.3098 202.7554 0 0
O 0 15052 11274 -1.4013 1.4050 -0.1563 0.7214 0.0007 0.2779 1.6209 142.2835 0 0
O 0 15054 12145 0.6478 1.6658 0.0251 0.0551 0.2176 0.7272 0.9325 81.8516 0 0
O 0 15056 12146 0.6842 1.7005 0.0251 0.8485 0.0122 0.1392 1.2106 106.2660 0 0
O 0 15071 12206 -0.0070 1.0354 1.2884 0.4026 0.0287 0.5687 0.4803 42.1607 0 0
O 0 15076 12207 -0.2562 1.0265 1.2881 0.8239 0.0866 0.0895 20.7593 1822.2548 0 0
O 0 15077 12187 1.2327 0.8112 1.2881 0.6588 0.0012 0.3401 1.5067 132.2580 0 0
O 0 15103 11246 2.8362 0.9801 -1.2434 0.0546 0.5364 0.4090 1.4500 127.2814 0 0
O 0 15108 12148 0.9846 5.2715 -1.1773 0.5696 0.0083 0.4222 2.2459 197.1434 0 0
O 0 15111 12121 0.2064 0.9351 0.6683 0.1829 0.0993 0.7178 1.0551 92.6206 0 0
O 0 15113 12166 2.0284 1.6525 0.7741 0.0075 0.6866 0.3060 1.0055 88.2593 0 0
O 0 15117 12156 0.3397 1.0514 -0.7870 0.0132 0.6195 0.3672 1.3917 122.1643 0 0
O 0 15118 11250 0.3863 1.2431 -0.7174 0.8826 0.0416 0.0758 1.9364 169.9783 0 0
O 0 15120 10988 1.0530 1.3922 -0.6483 0.8197 0.0330 0.1473 2.0656 181.3176 0 0
O 0 15124 476 8.0009 3.1137 -0.3831 0.0165 0.6576 0.3259 3.1959 280.5334 1 0
O 0 15153 12177 1.8032 1.2932 0.4199 0.3515 0.0241 0.6245 0.8203 72.0077 0 0
O 0 15188 12161 1.1434 0.8861 0.4591 0.8439 0.0039 0.1522 1.0247 89.9455 0 0
O 0 15197 11678 2.5645 0.8572 0.7054 0.1392 0.0446 0.8162 0.8233 72.2721 0 0
O 0 15199 11769 -0.6309 1.4661 -1.2433 0.5411 0.2722 0.1866 6.9720 612.0057 0 0
O 0 15201 12157 2.5553 0.9343 -0.9351 0.0215 0.7209 0.2576 1.1027 96.7945 0 0
O 0 15217 12173 1.9342 1.6000 -0.0658 0.8078 0.0023 0.1899 1.0080 88.4849 0 0
O 0 15220 11323 3.3399 1.8964 0.4201 0.9491 0.0292 0.0216 11.7056 1027.5167 0 0
O 0 15222 11328 1.5286 0.8159 0.8562 0.6781 0.0146 0.3073 0.8402 73.7566 0 0
O 0 15229 11242 4.2191 0.8597 1.2886 0.0514 0.5699 0.3787 0.8046 70.6296 1 0
O 0 15269 11681 0.2209 0.8787 1.2356 0.7255 0.2057 0.0688 165.4157 14520.1982 0 0
O 0 15272 10991 -0.3819 3.4876 1.1695 0.4980 0.0002 0.5018 1.1838 103.9167 0 0
O 0 15276 11872 3.6856 1.3100 -0.9029 0.3275 0.0270 0.6455 1.1280 99.0146 0 0
O 0 15294 11008 2.0590 0.8689 0.1654 0.9035 0.0174 0.0791 1.5061 132.2019 1 0
O 0 15298 10999 2.7585 1.4568 -1.2433 0.1321 0.1304 0.7375 4.0576 356.1725 0 0
O 0 15311 11823 0.7269 1.5470 -0.8818 0.5856 0.0167 0.3978 0.8182 71.8190 0 0
O 0 15317 11327 1.5588 0.9574 -0.8170 0.2724 0.1050 0.6226 0.9229 81.0123 0 0
O 0 15318 11336 1.7544 2.8263 -0.6807 0.6865 0.0770 0.2365 1.0577 92.8486 0 0
O 0 15330 11313 3.0076 2.6109 -0.5328 0.8533 0.0002 0.1465 0.9028 79.2482 0 0
O 0 15361 11854 1.6087 1.4575 -0.5881 0.0071 0.5959 0.3970 0.8254 72.4574 0 0
O 0 15403 11708 3.5559 1.3937 1.2796 0.0863 0.4768 0.4369 1.6334 143.3807 0 0
O 0 15419 11919 2.8059 1.6837 1.1777 0.8334 0.0910 0.0756 6.1891 543.2770 0 0
O 0 15443 11265 -0.3526 1.1595 -1.2442 0.0725 0.0934 0.8341 0.9775 85.8041 0 0
O 0 15460 11311 3.1543 1.2718 -0.0200 0.4548 0.0596 0.4855 1.0812 94.9062 0 0
O 0 15465 11357 2.1336 0.9194 -0.0658 0.1720 0.0254 0.8026 0.8747 76.7780 0 0
O 0 15470 11873 2.7384 2.0417 0.7905 0.8630 0.0002 0.1368 1.3012 114.2175 0 0
O 0 15476 11052 3.5436 1.0690 0.7905 0.8537 0.0004 0.1459 1.2229 107.3455 0 0
O 0 15479 11822 1.9437 4.5525 0.9381 0.0137 0.6435 0.3428 3.5639 312.8434 0 0
O 0 15514 10997 6.0924 2.2812 0.8768 0.0230 0.6519 0.3251 2.3738 208.3718 1 0
O 0 15522 11303 1.3567 1.3368 1.1779 0.1029 0.0750 0.8220 0.9916 87.0417 0 0
O 0 15526 11085 2.0678 0.9057 -1.1410 0.8268 0.0884 0.0848 11.0558 970.4789 0 0
O 0 15528 11767 0.5142 6.5160 -1.0724 0.1513 0.2990 0.5498 2.3158 203.2798 0 0
O 0 15538 11888 3.6032 2.2932 -0.6807 0.7515 0.0014 0.2471 1.0462 91.8341 0 0
O 0 15565 27 7.8727 0.8725 -0.8167 0.0165 0.7566 0.2269 0.8984 78.8606 1 0
O 0 15595 11881 2.0184 1.3763 -0.2517 0.4326 0.0562 0.5111 1.1755 103.1867 0 0
O 0 15621 11894 2.6630 0.9323 -0.2517 0.0822 0.6149 0.3029 1.1118 97.5914 0 0
O 0 15631 11855 1.5892 1.4447 0.3356 0.9205 0.0158 0.0638 1.7845 156.6411 0 0
O 0 15632 11857 2.0699 3.4121 0.5393 0.0097 0.7424 0.2479 1.9708 172.9931 0 0
O 0 15635 11760 2.8835 0.9224 1.3175 0.1234 0.0559 0.8207 3.3798 296.6775 0 0
O 0 15641 11712 2.5856 1.1430 1.0719 0.0916 0.4553 0.4531 1.0466 91.8731 0 0
O 0 15642 11711 0.6935 1.9805 1.2188 0.6361 0.1984 0.1655 0.7001 61.4516 0 0
O 0 15656 11037 1.8817 2.5179 -0.7518 0.5256 0.0171 0.4572 1.1666 102.4030 0 0
O 0 15667 11041 3.1314 1.7505 1.0427 0.5059 0.2897 0.2045 1.4664 128.7230 0 0
O 0 15697 11455 1.5164 1.3536 -1.1779 0.7757 0.1451 0.0792 5.2305 459.1359 0 0
O 0 15698 11090 0.0531 3.0863 -1.1779 0.4585 0.1658 0.3757 2.1491 188.6454 0 0
O 0 15719 11354 1.8274 1.1081 0.7905 0.7561 0.0823 0.1616 1.2126 106.4380 0 0
O 0 15746 11927 6.0747 1.2916 -0.0206 0.0142 0.5857 0.4001 1.3133 115.2817 1 0
O 0 15754 11918 0.6047 1.8297 0.2111 0.0091 0.7372 0.2537 1.2088 106.1046 0 0
O 0 15763 11081 0.0522 0.8561 0.4201 0.5468 0.1013 0.3519 1.6129 141.5809 0 0
O 0 15768 44 -0.0521 0.7988 0.8232 0.8540 0.0006 0.1454 1.0633 93.3352 0 0
O 0 15779 11938 0.6565 1.2265 1.2887 0.6692 0.0015 0.3293 0.7644 67.0948 0 0
O 0 15791 11365 -0.3843 1.5786 -0.2883 0.3706 0.0656 0.5638 1.4195 124.6006 0 0
O 0 15800 11978 0.9028 0.8178 0.8234 0.8914 0.0007 0.1079 1.1364 99.7568 0 0
O 0 15802 11080 2.4276 1.1386 1.2438 0.2455 0.0190 0.7355 2.9837 261.9132 0 0
O 0 15830 11410 1.5965 3.4395 -0.8369 0.8456 0.0394 0.1149 2.2731 199.5330 0 0
O 0 15833 134 9.8492 1.3577 -0.2881 0.0084 0.7494 0.2422 1.3583 119.2353 1 0
O 0 15836 11116 -0.5954 2.0669 -0.2056 0.8823 0.0703 0.0474 4.9154 431.4722 0 0
O 0 15838 11436 1.8519 1.1764 -0.1564 0.0089 0.7735 0.2176 1.5514 136.1828 0 0
O 0 15843 11025 1.4138 2.1732 0.7556 0.0071 0.7359 0.2569 1.7171 150.7256 0 0
O 0 15851 11932 4.7392 2.9599 1.1778 0.0497 0.5516 0.3987 2.9864 262.1476 1 0
O 0 15879 11459 1.3248 0.8378 -0.1564 0.5782 0.0676 0.3542 1.6954 148.8201 0 0
O 0 15945 11065 0.8008 3.4774 1.2189 0.0306 0.3982 0.5713 1.7674 155.1394 0 0
O 0 15959 203 9.5198 1.4573 0.4318 0.0120 0.7845 0.2035 1.4840 130.2695 1 0
O 0 15978 12897 -1.3701 0.8737 -1.2802 0.3384 0.0922 0.5694 3.6859 323.5517 0 0
O 0 15979 12486 -0.4235 1.6574 -1.2188 0.9059 0.0006 0.0936 5.8413 512.7485 0 0
O 0 15983 11142 -0.3135 0.8172 -1.2361 0.3233 0.0011 0.6756 1.3831 121.4064 0 0
O 0 16011 11993 1.6290 0.8842 -1.0430 0.7918 0.1064 0.1018 0.8831 77.5192 0 0
O 0 16033 11427 1.2282 1.3850 -0.1609 0.6772 0.0095 0.3133 1.4045 123.2830 0 0
O 0 16048 11083 7.9406 0.9944 1.0428 0.0607 0.4390 0.5003 0.9664 84.8337 1 0
O 0 16053 12188 1.3451 0.8435 1.2187 0.2017 0.4530 0.3453 99.2927 8715.9189 0 0
O 0 16060 11985 2.8210 1.4784 -0.9140 0.0812 0.3491 0.5697 1.6725 146.8109 0 0
O 0 16063 11941 3.5201 1.3080 -0.8706 0.6133 0.0075 0.3792 1.5937 139.8920 0 0
O 0 16065 213 6.2615 19.6264 -0.8706 0.2474 0.0589 0.6937 12.0867 1060.9733 1 1 159
O 0 16070 11975 2.3394 1.2567 -0.8171 0.1474 0.4258 0.4269 0.8839 77.5877 0 0
O 0 16071 11101 1.7771 1.2876 -0.9139 0.0852 0.4883 0.4265 0.9014 79.1217 0 0
O 0 16072 12003 1.1604 0.9665 -0.6653 0.2196 0.0392 0.7412 0.9851 86.4702 0 0
O 0 16078 12022 5.9942 1.2001 -0.8822 0.7785 0.0027 0.2188 0.8856 77.7405 0 0
O 0 16081 11084 2.6962 5.8380 -0.5331 0.6425 0.1578 0.1997 1.2888 113.1352 0 0
O 0 16086 11469 4.4156 1.1571 -0.4265 0.7919 0.0244 0.1837 1.1423 100.2725 0 0
O 0 16132 11458 5.6143 1.3610 1.0336 0.1242 0.6224 0.2534 1.1059 97.0771 1 1 90
O 0 16169 284 3.5362 1.0518 -0.3723 0.7309 0.0204 0.2488 1.3607 119.4456 0 0
O 0 16186 11094 6.0795 1.1915 1.0336 0.8276 0.0037 0.1687 1.1178 98.1215 0 0
O 0 16190 11096 3.0931 1.5062 -1.2805 0.8151 0.0589 0.1260 5.6665 497.4073 0 0
O 0 16203 11491 0.0393 4.1275 0.1153 0.1244 0.3386 0.5370 2.1912 192.3424 0 0
L 0 3528 14 0.9345 0.7233 1 0
L 0 3602 19 1.1286 0.9706 1 1 87
L 0 3616 19 1.1286 0.9706 1 1 87
L 0 5324 21 0.8206 -0.3974 1 0
L 0 5325 21 0.8206 -0.3974 1 0
L 0 3180 46 0.8161 -0.7876 1 0
L 0 7208 46 0.8161 -0.7902 1 0
L 0 5406 58 1.3803 -0.5629 1 0
L 0 5411 58 1.3803 -0.5629 1 0
L 0 3306 58 1.3803 -0.5629 1 0
L 0 8763 58 1.3803 -0.5654 1 0
L 0 5475 67 1.2335 -0.3410 1 0
L 0 5491 67 1.2335 -0.3410 1 0
L 0 9311 67 1.2335 -0.3778 1 0
L 0 9320 67 1.2335 -0.3778 1 0
L 0 5534 75 2.1236 0.2441 1 0
L 0 9482 75 2.1236 0.3170 1 0
L 0 2746 86 1.0901 -1.6080 1 0
L 0 6711 86 1.0901 -1.6139 1 0
L 0 5825 94 1.5313 -0.1357 1 0
L 0 9657 94 1.5313 -0.1078 1 0
L 0 9658 94 1.5313 -0.1079 1 0
L 0 9659 94 1.5313 -0.1079 1 0
L 0 5855 97 1.9259 0.0804 1 0
L 0 5870 97 1.9259 0.0804 1 0
L 0 6197 148 1.5428 0.1668 1 0
L 0 10168 148 1.5428 0.1883 1 0
L 0 10169 148 1.5428 0.1883 1 0
L 0 10170 148 1.5428 0.1883 1 0
L 0 2999 152 0.8107 -1.0918 1 0
L 0 3000 152 0.8107 -1.0971 1 0
L 0 3002 152 0.8107 -1.0918 1 0
L 0 3003 152 0.8107 -1.0971 1 0
L 0 3111 152 0.8107 -1.0918 1 0
L 0 3112 152 0.8107 -1.0971 1 0
L 0 3113 152 0.8107 -1.0918 1 0
L 0 3114 152 0.8107 -1.0971 1 0
L 0 3687 153 0.9532 1.2405 1 0
L 0 3688 153 0.9532 1.2405 1 0
L 0 3689 153 0.9532 1.2405 1 0
L 0 3690 153 0.9532 1.2405 1 0
L 0 3749 153 0.9532 1.2405 1 0
L 0 3750 153 0.9532 1.2405 1 0
L 0 3756 153 0.9532 1.2405 1 0
L 0 3757 153 0.9532 1.2405 1 0
L 0 3679 153 0.9532 1.2405 1 0
L 0 3680 153 0.9532 1.2405 1 0
L 0 3681 153 0.9532 1.2405 1 0
L 0 3682 153 0.9532 1.2405 1 0
L 0 7580 153 0.9532 1.3154 1 0
L 0 7582 153 0.9532 1.3154 1 0
L 0 7586 153 0.9532 1.3154 1 0
L 0 7592 153 0.9532 1.3154 1 0
L 0 6138 158 0.8715 -0.1659 1 0
L 0 10154 158 0.8715 -0.1078 1 0
L 0 6118 166 1.3032 -0.4728 1 0
L 0 6119 166 1.3032 -0.4728 1 0
L 0 10180 166 1.3032 -0.4420 1 0
L 0 10181 166 1.3032 -0.4420 1 0
L 0 3635 181 0.9921 0.8206 1 0
L 0 3567 181 0.9921 0.8206 1 0
L 0 2765 196 0.8192 -1.6607 1 0
L 0 2766 196 0.8192 -1.6604 1 0
L 0 3765 201 1.0685 1.4005 1 0
L 0 3766 201 1.0685 1.4005 1 0
L 0 3842 201 1.0685 1.4005 1 0
L 0 3844 201 1.0685 1.4005 1 0
L 0 3581 219 0.8220 0.7144 1 0
L 0 3494 219 0.8220 0.7144 1 0
L 0 3912 223 0.9613 1.4225 1 0
L 0 3913 223 0.9613 1.4240 1 0
L 0 3840 223 0.9613 1.4225 1 0
L 0 3841 223 0.9613 1.4240 1 0
L 0 7715 223 0.9613 1.4260 1 0
L 0 7716 223 0.9613 1.4260 1 0
L 0 7718 223 0.9613 1.4260 1 0
L 0 7719 223 0.9613 1.4260 1 0
L 0 6443 229 3.8652 -0.3192 1 1 167
L 0 6448 229 3.8652 -0.3192 1 1 167
L 0 10345 229 3.8652 -0.3238 1 1 167
L 0 2768 242 0.8818 -1.6720 1 0
L 0 2819 242 0.8818 -1.6720 1 0
L 0 3132 250 1.0968 -0.7775 1 0
L 0 7180 250 1.0968 -0.7902 1 0
L 0 2699 255 0.8485 -1.6804 1 0
L 0 4281 259 1.1956 0.4629 1 0
L 0 4284 259 1.1956 0.4629 1 0
L 0 7930 259 1.1956 0.5127 1 0
L 0 6941 257 2.2443 -1.0656 0 0
L 0 7932 259 1.1956 0.5127 1 0
L 0 7943 260 0.8128 -0.5061 1 0
L 0 7944 260 0.8128 -0.5061 1 0
L 0 4267 282 0.8876 0.0015 1 0
L 0 4259 283 1.0709 -0.2702 1 0
L 0 4270 282 0.8876 0.0015 1 0
L 0 7921 282 0.8876 -0.0328 1 0
L 0 2932 295 0.9235 -1.0081 1 1 64
L 0 2933 295 0.9235 -1.0068 1 1 64
L 0 6971 295 0.9235 -1.0301 1 1 64
L 0 3701 307 0.8820 1.2725 1 0
L 0 7541 307 0.8820 1.2745 1 0
L 0 7542 307 0.8820 1.2745 1 0
L 0 7543 307 0.8820 1.2745 1 0
L 0 3222 308 0.9340 -0.6774 1 0
L 0 3223 308 0.9340 -0.6770 1 0
L 0 3225 315 0.8518 -0.6262 1 1 95
L 0 3226 315 0.8518 -0.6262 1 1 95
L 0 4343 323 0.9833 0.2101 1 0
L 0 8004 323 0.9833 0.2617 1 0
L 0 2828 357 0.8514 -1.2819 1 0
L 0 2883 357 0.8514 -1.2819 1 0
L 0 6808 357 0.8514 -1.3064 1 0
L 0 4496 361 1.6498 -0.3061 1 0
L 0 4497 361 1.6498 -0.3088 1 0
L 0 4498 361 1.6498 -0.3061 1 0
L 0 4406 367 0.8406 -0.6544 1 0
L 0 4407 367 0.8406 -0.6490 1 0
L 0 4439 367 0.8406 -0.6544 1 0
L 0 4440 367 0.8406 -0.6490 1 0
L 0 3227 367 0.8406 -0.6544 1 0
L 0 3228 367 0.8406 -0.6490 1 0
L 0 3234 367 0.8406 -0.6544 1 0
L 0 3235 367 0.8406 -0.6490 1 0
L 0 2633 371 0.8171 -1.8034 1 0
L 0 2634 371 0.8171 -1.8022 1 0
L 0 4572 376 0.9501 0.4207 1 0
L 0 4582 376 0.9501 0.4207 1 0
L 0 4659 376 0.9501 0.4207 1 0
L 0 8243 376 0.9501 0.4683 1 0
L 0 3032 385 0.9153 -1.0001 1 0
L 0 7038 385 0.9153 -1.0296 1 0
L 0 3511 401 1.0593 0.5890 1 0
L 0 3515 401 1.0593 0.5890 1 0
L 0 7284 401 1.0593 0.5349 1 0
L 0 8280 401 1.0593 0.5349 1 0
L 0 4768 426 0.8481 0.0073 1 0
L 0 8384 426 0.8481 0.0411 1 0
L 0 4721 441 1.4647 -0.6144 1 0
L 0 4722 441 1.4647 -0.6181 1 0
L 0 4723 441 1.4647 -0.6144 1 0
L 0 4724 441 1.4647 -0.6181 1 0
L 0 4725 441 1.4647 -0.6144 1 0
L 0 4726 441 1.4647 -0.6181 1 0
L 0 4727 441 1.4647 -0.6144 1 0
L 0 4728 441 1.4647 -0.6144 1 0
L 0 4729 441 1.4647 -0.6181 1 0
L 0 4730 441 1.4647 -0.6144 1 0
L 0 4731 441 1.4647 -0.6181 1 0
L 0 4750 441 1.4647 -0.6144 1 0
L 0 4751 441 1.4647 -0.6144 1 0
L 0 4752 441 1.4647 -0.6181 1 0
L 0 4753 441 1.4647 -0.6144 1 0
L 0 4754 441 1.4647 -0.6181 1 0
L 0 3251 441 1.4647 -0.6144 1 0
L 0 3252 441 1.4647 -0.6181 1 0
L 0 3254 441 1.4647 -0.6144 1 0
L 0 3255 441 1.4647 -0.6181 1 0
L 0 3257 441 1.4647 -0.6144 1 0
L 0 3258 441 1.4647 -0.6181 1 0
L 0 3432 445 1.0216 0.5749 1 0
L 0 3433 445 1.0216 0.5821 1 0
L 0 3434 445 1.0216 0.5845 1 0
L 0 3435 445 1.0216 0.5869 1 0
L 0 4776 446 1.0375 0.2731 1 0
L 0 4796 445 1.0216 0.5749 1 0
L 0 4797 445 1.0216 0.5821 1 0
L 0 4798 445 1.0216 0.5845 1 0
L 0 4799 445 1.0216 0.5869 1 0
L 0 4875 445 1.0216 0.5749 1 0
L 0 4876 445 1.0216 0.5821 1 0
L 0 4877 445 1.0216 0.5845 1 0
L 0 4878 445 1.0216 0.5869 1 0
L 0 8485 459 0.9261 -0.3243 1 0
L 0 8486 459 0.9261 -0.3243 1 0
L 0 2840 460 1.0455 -1.4311 1 0
L 0 6789 460 1.0455 -1.4157 1 0
L 0 3263 470 1.0085 -0.5702 1 0
L 0 4884 470 1.0085 -0.5702 1 0
L 0 4886 470 1.0085 -0.5702 1 0
L 0 4800 470 1.0085 -0.5702 1 0
L 0 4953 479 0.9394 -0.1129 1 0
L 0 4974 479 0.9394 -0.1129 1 0
L 0 8632 479 0.9394 -0.1731 1 0
L 0 8633 479 0.9394 -0.1731 1 0
L 0 8639 479 0.9394 -0.1731 1 0
L 0 8640 479 0.9394 -0.1731 1 0
L 0 4945 482 0.8693 -0.4226 1 0
L 0 4946 482 0.8693 -0.4113 1 0
L 0 4238 582 1.0021 2.2878 1 0
L 0 4241 582 1.0021 2.2878 1 0
L 0 4246 599 0.8328 2.3505 1 0
L 0 4247 599 0.8328 2.3505 1 0
L 0 4250 599 0.8328 2.3505 1 0
L 0 4251 599 0.8328 2.3505 1 0
L 0 1672 723 1.1654 2.4119 1 0
L 0 1673 723 1.1654 2.4119 1 0
L 0 1697 851 1.7740 2.3445 1 0
L 0 1700 851 1.7740 2.3445 1 0
L 0 2537 1122 1.5088 -2.1775 1 0
L 0 2476 1122 1.5088 -2.1775 1 0
L 0 1718 1492 0.8642 2.2887 1 0
L 0 1719 1492 0.8642 2.2905 1 0
L 0 1680 1779 1.3588 2.4002 1 0
L 0 1674 2068 0.8140 2.4087 0 0
L 0 1675 2068 0.8140 2.4160 0 0
L 0 1676 2068 0.8140 2.4087 0 0
L 0 1677 2068 0.8140 2.4160 0 0
L 0 4100 2072 1.6815 1.9723 1 0
L 0 4101 2072 1.6815 1.9716 1 0
L 0 4102 2072 1.6815 1.9723 1 0
L 0 4103 2072 1.6815 1.9716 1 0
L 0 4104 2072 1.6815 1.9723 1 0
L 0 4105 2072 1.6815 1.9716 1 0
L 0 4106 2072 1.6815 1.9723 1 0
L 0 4107 2072 1.6815 1.9716 1 0
L 0 4096 2072 1.6815 1.9723 1 0
L 0 4097 2072 1.6815 1.9716 1 0
L 0 4098 2072 1.6815 1.9723 1 0
L 0 4099 2072 1.6815 1.9716 1 0
L 0 1372 2072 1.6815 1.9706 1 0
L 0 1373 2072 1.6815 1.9706 1 0
L 0 1428 2072 1.6815 1.9706 1 0
L 0 1429 2072 1.6815 1.9706 1 0
L 0 35 2147 2.1189 -2.3525 1 0
L 0 2475 2508 0.7981 -2.1830 1 0
L 0 2542 2599 1.7255 -1.8451 1 0
L 0 6573 2599 1.7255 -1.8347 1 0
L 0 2442 2786 0.8021 -2.3037 1 0
L 0 6 2786 0.8021 -2.3044 1 0
L 0 7 2786 0.8021 -2.3083 1 0
L 0 2497 2854 1.3994 -2.0950 1 0
L 0 2589 2959 1.0649 -1.9111 1 0
L 0 2590 2959 1.0649 -1.9140 1 0
L 0 154 2959 1.0649 -1.9067 1 0
L 0 155 2959 1.0649 -1.9067 1 0
L 0 1669 3489 0.8700 2.4082 1 0
L 0 1697 3715 1.9587 2.3445 1 0
L 0 1700 3715 1.9587 2.3445 1 0
L 0 2525 4104 0.9704 -2.1874 1 0
L 0 2470 4104 0.9704 -2.1874 1 0
L 0 84 4104 0.9704 -2.1874 1 0
L 0 2537 4169 1.3030 -2.1775 1 0
L 0 2476 4169 1.3030 -2.1775 1 0
L 0 6 4450 0.7958 -2.3044 1 0
L 0 7 4450 0.7958 -2.3083 1 0
L 0 1672 5263 1.0874 2.4119 1 0
L 0 1673 5263 1.0874 2.4119 1 0
L 0 5347 10992 1.6002 -0.1613 1 0
L 0 5412 11005 1.3810 -0.5115 1 0
L 0 5428 11005 1.3810 -0.5115 1 0
L 0 3314 11005 1.3810 -0.5115 1 0
L 0 3317 11005 1.3810 -0.5115 1 0
L 0 3672 11042 0.8249 0.9958 1 0
L 0 5694 11048 0.8036 -0.4156 1 0
L 0 5696 11048 0.8036 -0.4156 1 0
L 0 5698 11048 0.8036 -0.4156 1 0
L 0 3686 11065 3.4774 1.1562 1 0
L 0 7534 11065 3.4774 1.1578 1 0
L 0 7535 11065 3.4774 1.1578 1 0
L 0 6138 11072 1.0068 -0.1659 0 0
L 0 10154 11072 1.0068 -0.1078 0 0
L 0 6512 11123 0.8913 -0.0428 1 1 99
L 0 6513 11123 0.8913 -0.0458 1 1 99
L 0 6514 11123 0.8913 -0.0428 1 1 99
L 0 6515 11123 0.8913 -0.0458 1 1 99
L 0 7089 11126 1.2735 -0.9842 1 0
L 0 3646 11133 1.0433 1.0951 1 0
L 0 3647 11133 1.0433 1.0951 1 0
L 0 3648 11133 1.0433 1.0951 1 0
L 0 3649 11133 1.0433 1.0951 1 0
L 0 3702 11133 1.0433 1.0951 1 0
L 0 3703 11133 1.0433 1.0951 1 0
L 0 3774 11154 5.6337 1.4263 1 0
L 0 3775 11154 5.6337 1.4345 1 0
L 0 2946 11157 4.5804 -1.0609 1 0
L 0 3021 11157 4.5804 -1.0609 1 0
L 0 3039 11170 1.3439 -0.7537 1 0
L 0 7183 11170 1.3439 -0.7392 1 0
L 0 4508 11187 1.0047 -0.1657 1 0
L 0 8113 11187 1.0047 -0.1728 1 0
L 0 2833 11205 0.9338 -1.3989 1 0
L 0 2834 11205 0.9338 -1.3989 1 0
L 0 6830 11205 0.9338 -1.4257 1 0
L 0 6787 11205 0.9338 -1.4257 1 0
L 0 8281 11211 0.8506 0.5725 1 0
L 0 3806 11230 0.9735 1.4694 1 0
L 0 7683 11230 0.9735 1.4929 1 0
L 0 3663 11234 0.8056 1.2306 1 0
L 0 3664 11234 0.8056 1.2306 1 0
L 0 3596 11239 0.9859 0.9935 1 0
L 0 7461 11239 0.9859 0.9810 1 0
L 0 3163 11248 1.3448 -0.7182 1 0
L 0 7196 11248 1.3448 -0.6829 1 0
L 0 5347 11280 1.6561 -0.1613 1 0
L 0 3672 11373 0.8123 0.9958 1 0
L 0 6512 11493 0.8552 -0.0428 1 1 99
L 0 6513 11493 0.8552 -0.0458 1 1 99
L 0 6514 11493 0.8552 -0.0428 1 1 99
L 0 6515 11493 0.8552 -0.0458 1 1 99
L 0 4508 11581 1.0108 -0.1657 1 0
L 0 8113 11581 1.0108 -0.1728 1 0
L 0 8660 11692 0.8105 0.6885 1 0
L 0 2859 11772 1.1684 -1.1600 1 0
L 0 2860 11772 1.1684 -1.1600 1 0
L 0 6925 11772 1.1684 -1.1521 1 0
L 0 6928 11772 1.1684 -1.1521 1 0
L 0 6931 11772 1.1684 -1.1521 1 0
L 0 2833 11793 0.9253 -1.3989 1 0
L 0 2834 11793 0.9253 -1.3989 1 0
L 0 2833 11795 0.9246 -1.3989 1 0
L 0 2834 11795 0.9246 -1.3989 1 0
L 0 6830 11793 0.9253 -1.4257 1 0
L 0 6830 11795 0.9246 -1.4257 1 0
L 0 6787 11793 0.9253 -1.4257 1 0
L 0 6787 11795 0.9246 -1.4257 1 0
L 0 5588 11870 0.8725 0.2449 1 0
L 0 9489 11870 0.8725 0.1798 1 0
L 0 3550 11920 0.8048 0.7847 1 0
L 0 2938 12014 0.9725 -1.1741 1 0
L 0 2939 12014 0.9725 -1.1768 1 0
L 0 2940 12014 0.9725 -1.1741 1 0
L 0 2941 12014 0.9725 -1.1768 1 0
L 0 2878 12014 0.9725 -1.1741 1 0
L 0 2879 12014 0.9725 -1.1768 1 0
L 0 2880 12014 0.9725 -1.1741 1 0
L 0 2881 12014 0.9725 -1.1768 1 0
L 0 7187 12070 0.8045 -0.8202 1 0
L 0 4650 12102 0.8446 0.0015 1 0
L 0 3242 12108 0.8997 -0.5997 1 1 147
L 0 3247 12108 0.8997 -0.5997 1 1 147
L 0 4719 12111 0.9995 0.7876 1 0
L 0 4720 12111 0.9995 0.7876 1 0
L 0 7230 12108 0.8997 -0.6268 1 1 147
L 0 3429 12111 0.9995 0.7876 1 0
L 0 3430 12111 0.9995 0.7876 1 0
L 0 7286 12111 0.9995 0.8495 1 0
L 0 8255 12108 0.8997 -0.6268 1 1 147
L 0 7352 12111 0.9995 0.8495 1 0
L 0 4695 12115 0.8694 -0.3290 1 0
L 0 4764 12123 1.0952 -0.0247 1 0
L 0 4765 12123 1.0952 -0.0247 1 0
L 0 8361 12123 1.0952 -0.0313 1 0
L 0 8367 12123 1.0952 -0.0313 1 0
L 0 2974 12134 0.8423 -1.0219 1 0
L 0 2975 12134 0.8423 -1.0219 1 0
L 0 3743 12191 1.5053 1.1799 1 0
L 0 6582 12220 1.2428 -1.8438 1 0
L 0 3863 12339 1.7775 1.5895 1 0
L 0 3923 12339 1.7775 1.5895 1 0
L 0 3924 12339 1.7775 1.5895 1 0
L 0 3937 12360 1.2038 1.6557 1 0
L 0 3938 12360 1.2038 1.6562 1 0
L 0 3874 12379 0.8786 1.4347 1 0
L 0 3873 12379 0.8786 1.4347 1 0
L 0 2727 12424 1.5564 -1.6457 1 0
L 0 2728 12424 1.5564 -1.6483 1 0
L 0 2729 12424 1.5564 -1.6470 1 0
L 0 2731 12424 1.5564 -1.6470 1 0
L 0 2732 12424 1.5564 -1.6457 1 0
L 0 2733 12424 1.5564 -1.6483 1 0
L 0 6702 12424 1.5564 -1.6525 1 0
L 0 6703 12424 1.5564 -1.6525 1 0
L 0 6704 12424 1.5564 -1.6525 1 0
L 0 6699 12424 1.5564 -1.6525 1 0
L 0 6700 12424 1.5564 -1.6525 1 0
L 0 6701 12424 1.5564 -1.6525 1 0
L 0 2707 12525 1.4110 -1.6042 1 0
L 0 2707 12530 1.4797 -1.6042 1 0
L 0 1743 12674 3.7900 2.3601 0 0
L 0 1744 12674 3.7900 2.3594 0 0
L 0 116 12880 0.8791 -2.0992 0 0
L 0 117 12880 0.8791 -2.0992 0 0
L 0 72 12880 0.8791 -2.0992 0 0
L 0 73 12880 0.8791 -2.0992 0 0
L 0 2475 13042 0.8082 -2.1830 1 0
S 1 0 4.9308 0.6967 0.0014 0.0001
S 1 1 2.2190 0.4376 0.0014 -0.0008
S 1 2 2.4473 3.7641 0.0014 0.0014
S 1 3 0.8147 2.5149 0.0014 -0.0011
S 1 4 0.8083 4.0111 0.0014 -0.0010
S 1 5 0.1926 1.4808 0.0014 -0.0004
S 1 6 1.8599 2.2222 0.0014 0.0014
S 1 7 2.1417 2.0597 0.0014 0.0011
S 1 8 1.6856 -0.6565 0.0014 0.0012
S 1 9 0.5928 -2.2340 0.0014 0.0011
S 1 10 2.0255 -1.0507 0.0014 0.0013
S 1 11 1.4538 -1.7033 0.0014 0.0014
S 1 12 8.1581 3.5308 0.0014 -0.0000
S 1 13 0.7918 1.6137 0.0014 0.0001
S 1 14 0.5545 3.5276 0.0014 -0.0001
S 1 15 0.5725 3.2464 0.0014 0.0003
S 1 16 2.2496 -0.2974 0.0014 0.0006
S 1 17 4.0776 -0.5087 0.0014 0.0003
S 1 18 0.9785 -0.3910 0.0014 0.0002
S 1 19 1.3071 1.6727 0.0014 0.0013
S 1 20 0.6645 3.8221 0.0014 -0.0013
S 1 21 0.3652 1.2951 0.0014 0.0009
S 1 22 0.5117 0.1167 0.0014 0.0014
S 1 23 0.7947 0.6472 0.0014 -0.0005
S 1 24 0.1395 2.5762 0.0014 -0.0012
S 1 25 0.7233 2.7169 0.0014 0.0010
S 1 26 0.5043 -2.7285 0.0014 0.0014
S 1 27 0.1592 -3.9363 0.0014 0.0014
S 1 28 0.4303 -3.8919 0.0014 -0.0011
S 1 29 0.1209 -3.4739 0.0014 0.0004
S 1 30 0.7225 0.5223 0.0014 0.0012
S 1 31 2.8213 1.4964 0.0014 0.0009
S 1 32 2.5699 1.4362 0.0014 0.0010
S 1 33 0.7617 0.4080 0.0014 -0.0004
S 1 34 0.3041 -0.7692 0.0014 -0.0013
S 1 35 0.8197 -1.1016 0.0014 0.0002
S 1 36 0.1718 -2.6982 0.0014 0.0006
S 1 37 1.5004 2.7549 0.0014 0.0014
S 1 38 2.0233 3.4765 0.0014 0.0014
S 1 39 0.6368 -1.8674 0.0014 0.0009
S 1 40 0.8989 -1.3113 0.0014 -0.0014
S 1 41 0.4105 -2.0235 0.0014 -0.0013
S 1 42 1.1540 -3.0982 0.0014 -0.0005
S 1 43 18.6350 -0.5851 0.0014 0.0011
S 1 44 0.6688 -0.5782 0.0014 0.0011
S 1 45 4.5567 -0.6511 0.0014 0.0010
S 1 46 2.3947 -0.5639 0.0014 0.0013
S 1 47 0.6985 -0.8835 0.0014 -0.0013
S 1 48 0.1817 -1.8605 0.0014 -0.0003
S 1 49 0.6093 -1.3204 0.0014 -0.0006
S 1 50 1.2732 -1.4301 0.0014 -0.0000
S 1 51 0.5267 4.9435 0.0014 -0.0006
S 1 52 1.4704 4.5377 0.0014 -0.0013
S 1 53 0.2437 0.2786 0.0014 -0.0003
S 1 54 0.3812 -0.1296 0.0014 -0.0013
S 1 55 0.3665 -0.3267 0.0014 0.0014
S 1 56 0.5264 -1.7191 0.0014 -0.0000
S 1 57 0.2377 -2.7092 0.0014 0.0013
S 1 58 0.1315 -4.5495 0.0014 -0.0011
S 1 59 0.5045 4.4559 0.0014 0.0006
S 1 60 0.2906 3.1155 0.0014 0.0011
S 1 61 0.6625 -1.1098 0.0014 -0.0007
S 1 62 5.8242 1.6178 0.0014 -0.0001
S 1 63 7.6504 1.6507 0.0014 -0.0000
S 1 64 9.6109 1.5745 0.0014 -0.0001
S 1 65 4.9065 0.5873 0.0014 -0.0005
S 1 66 0.6754 -1.1151 0.0014 -0.0013
S 1 67 0.7062 -0.2319 0.0014 -0.0014
S 1 68 1.0127 -0.7590 0.0014 -0.0006
S 1 69 0.3695 -1.6942 0.0014 0.0013
S 1 70 0.4157 -4.0993 0.0014 -0.0002
S 1 71 0.1884 1.7558 0.0014 0.0011
S 1 72 1.1461 1.0552 0.0014 0.0011
S 1 73 0.5822 1.5904 0.0014 0.0013
S 1 74 0.5763 -4.2807 0.0014 -0.0014
S 1 75 0.7266 -1.4553 0.0014 -0.0006
S 1 76 0.3724 -1.1525 0.0014 -0.0000
S 1 77 0.5996 -0.2845 0.0014 0.0013
S 1 78 0.5195 1.5240 0.0014 0.0013
S 1 79 0.4602 2.1778 0.0014 -0.0002
S 1 80 0.3656 4.9148 0.0014 0.0007
S 1 81 0.4617 -1.1927 0.0014 -0.0004
S 1 82 1.1279 -0.2951 0.0014 -0.0014
S 1 83 0.7626 -1.0571 0.0014 -0.0013
S 1 84 0.4723 -0.6793 0.0014 -0.0014
S 1 85 0.8804 1.8615 0.0014 -0.0007
S 1 86 0.2840 2.4090 0.0014 0.0012
S 1 87 2.3310 2.2228 0.0014 -0.0007
S 1 88 1.0854 2.8594 0.0014 -0.0013
S 1 89 0.6223 1.5474 0.0014 -0.0001
S 1 90 0.8252 1.4651 0.0014 -0.0012
S 1 91 1.7744 0.5250 0.0014 -0.0007
S 1 92 0.1709 2.8927 0.0014 -0.0006
S 1 93 0.4526 1.0137 0.0014 0.0003
S 1 94 1.2097 1.7676 0.0014 -0.0005
S 1 95 1.6287 1.0303 0.0014 0.0005
S 1 96 0.2705 1.2727 0.0014 0.0012
S 1 97 2.6054 1.8308 0.0014 0.0006
S 1 98 8.2352 1.8305 0.0014 0.0005
S 1 99 1.7694 2.4327 0.0014 0.0005
S 1 100 2.2441 2.5312 0.0014 0.0003
S 1 101 0.6097 3.5163 0.0014 0.0014
S 1 102 1.0154 3.3358 0.0014 0.0007
S 1 103 2.2482 4.0734 0.0014 0.0012
S 1 104 0.6895 2.8917 0.0014 0.0013
S 1 105 0.4448 1.3804 0.0014 -0.0013
S 1 106 0.3163 -2.5932 0.0014 -0.0003
S 1 107 0.2785 1.6659 0.0014 -0.0011
S 1 108 0.2281 3.1897 0.0014 0.0010
S 1 109 0.3264 3.3743 0.0014 -0.0004
S 1 110 0.1125 -3.9027 0.0014 -0.0006
S 1 111 0.1053 -0.8964 0.0014 0.0008
S 1 112 0.3491 -1.9230 0.0014 0.0007
S 1 113 1.4920 3.4773 0.0014 0.0013
S 1 114 0.3373 1.3689 0.0014 0.0002
S 1 115 0.4747 -2.9841 0.0014 -0.0007
S 1 116 0.3036 -3.3284 0.0014 0.0003
S 1 117 0.1675 -3.7966 0.0014 0.0013
S 1 118 0.3454 -2.8414 0.0014 -0.0013
S 1 119 0.7877 -3.3091 0.0014 -0.0010
S 1 120 4.9572 -3.2569 0.0014 -0.0013
S 1 121 0.1909 0.8602 0.0014 -0.0014
S 1 122 2.3557 0.2674 0.0014 -0.0012
S 1 123 1.2856 0.4025 0.0014 -0.0009
S 1 124 0.1677 -0.9046 0.0014 0.0011
S 1 125 0.7355 -2.4326 0.0014 0.0010
S 1 126 0.8184 -3.4390 0.0014 0.0002
S 1 127 0.3888 -3.0199 0.0014 -0.0006
S 1 128 0.7406 -2.5421 0.0014 0.0014
S 1 129 0.5525 -3.3058 0.0014 -0.0007
S 1 130 1.2983 -3.8772 0.0014 0.0005
S 1 131 0.2974 -3.8726 0.0014 -0.0011
S 1 132 3.8160 -4.4728 0.0014 -0.0002
S 1 133 1.5920 -4.6802 0.0014 -0.0014
S 1 134 0.6866 -2.7133 0.0014 -0.0012
S 1 135 0.4044 -2.9029 0.0014 0.0000
S 1 136 1.3235 -2.1884 0.0014 -0.0004
S 1 137 0.2141 -2.2947 0.0014 0.0008
S 1 138 1.3574 -1.2716 0.0014 -0.0007
S 1 139 0.5000 -2.2366 0.0014 0.0009
S 1 140 0.1182 -1.6814 0.0014 0.0001
S 1 141 0.2937 -3.0622 0.0014 0.0004
S 1 142 0.6564 2.4741 0.0014 -0.0005
S 1 143 0.5730 4.3494 0.0014 -0.0001
S 1 144 1.8043 3.9000 0.0014 -0.0007
S 1 145 0.5258 4.4150 0.0014 -0.0001
S 1 146 1.2444 4.0202 0.0014 -0.0013
S 1 147 0.1621 3.8284 0.0014 -0.0001
S 1 148 0.5768 3.2848 0.0014 -0.0013
S 1 149 0.6093 2.7487 0.0014 -0.0004
S 1 150 0.3964 3.4531 0.0014 -0.0008
S 1 151 1.3744 2.5962 0.0014 -0.0008
S 1 152 0.4891 3.5073 0.0014 -0.0011
S 1 153 0.6348 2.5966 0.0014 -0.0001
S 1 154 0.3103 3.8291 0.0014 0.0009
S 1 155 2.3464 0.5244 0.0014 -0.0001
S 1 156 0.5940 4.0767 0.0014 -0.0004
S 1 157 0.4418 4.4382 0.0014 -0.0009
S 1 158 0.5290 2.6543 0.0014 0.0010
S 1 159 0.2857 1.5009 0.0014 -0.0003
S 1 160 0.1764 -0.5247 0.0014 0.0010
S 1 161 1.1080 0.1217 0.0014 0.0007
S 1 162 0.1430 1.5841 0.0014 0.0008
S 1 163 1.3044 1.8496 0.0014 0.0010
S 1 164 0.8212 2.4699 0.0014 0.0006
S 1 165 0.9692 2.4503 0.0014 0.0009
S 1 166 1.4522 -1.5511 0.0014 0.0010
S 1 167 1.0676 3.0660 0.0014 -0.0003
S 1 168 0.5587 3.0057 0.0014 0.0005
S 1 169 0.4784 2.4118 0.0014 -0.0004
S 1 170 0.1404 1.2139 0.0014 0.0001
S 1 171 0.5266 1.9464 0.0014 -0.0002
S 1 172 0.2254 1.1530 0.0014 -0.0002
S 1 173 0.3153 -0.4724 0.0014 0.0002
S 1 174 3.2235 -0.4989 0.0014 0.0002
S 1 175 0.6651 -0.3776 0.0014 -0.0004
S 1 176 0.5793 3.1978 0.0014 0.0013
S 1 177 0.2159 3.5890 0.0014 -0.0004
S 1 178 0.5637 0.6642 0.0014 0.0013
S 1 179 3.6619 1.0724 0.0014 0.0014
S 1 180 2.8859 0.4279 0.0014 0.0012
S 1 181 1.0275 0.2927 0.0014 0.0012
S 1 182 0.2450 0.3344 0.0014 -0.0009
S 1 183 0.3921 -3.7304 0.0014 0.0004
S 1 184 0.4639 4.6745 0.0014 -0.0012
S 1 185 0.4586 4.8989 0.0014 -0.0012
S 1 186 0.7389 2.0034 0.0014 0.0014
S 1 187 0.2373 4.1277 0.0014 0.0008
S 1 188 0.5307 0.5911 0.0014 0.0009
S 1 189 0.1871 -0.4920 0.0014 -0.0002
S 1 190 0.9886 0.4892 0.0014 0.0014
S 1 191 0.7056 2.2192 0.0014 -0.0008
S 1 192 0.6008 0.9825 0.0014 0.0004
S 1 193 0.1174 3.1280 0.0014 0.0014
S 1 194 0.5193 -2.4626 0.0014 -0.0010
S 1 195 2.9936 0.0194 0.0014 -0.0001
S 1 196 0.5843 -0.3184 0.0014 -0.0008
S 1 197 0.4484 -0.4015 0.0014 -0.0002
S 1 198 0.4841 -2.1807 0.0014 -0.0012
S 1 199 0.3757 -2.0516 0.0014 -0.0008
S 1 200 0.4397 -2.0185 0.0014 0.0008
S 1 201 0.3852 -2.5477 0.0014 -0.0013
S 1 202 0.2356 -1.3677 0.0014 -0.0005
S 1 203 0.1307 2.0474 0.0014 -0.0001
S 1 204 0.5388 1.5966 0.0014 0.0008
S 1 205 0.6619 4.6987 0.0014 -0.0014
S 1 206 0.6220 2.5510 0.0014 -0.0003
S 1 207 1.0881 -1.8151 0.0014 -0.0010
S 1 208 0.2837 -2.7394 0.0014 -0.0012
S 1 209 1.1035 -2.0990 0.0014 -0.0011
S 1 210 0.7694 -1.8554 0.0014 -0.0002
S 1 211 1.3864 1.6707 0.0014 0.0001
S 1 212 1.4630 1.7966 0.0014 0.0004
S 1 213 0.5485 0.5528 0.0014 0.0001
S 1 214 3.8629 0.4947 0.0014 -0.0006
S 1 215 0.8168 0.5924 0.0014 -0.0009
S 1 216 0.3089 3.7026 0.0014 -0.0011
S 1 217 0.3050 0.0133 0.0014 0.0003
S 1 218 0.4670 0.2805 0.0014 -0.0011
S 1 219 0.5028 0.1401 0.0014 -0.0007
S 1 220 0.2826 -1.5345 0.0014 -0.0014
S 1 221 0.3483 -3.0025 0.0014 -0.0006
S 1 222 0.6239 -2.6959 0.0014 0.0006
S 1 223 0.6824 -2.4128 0.0014 0.0014
S 1 224 0.2992 0.0083 0.0014 0.0012
S 1 225 0.4232 -3.5426 0.0014 0.0014
S 1 226 0.3776 -0.6289 0.0014 -0.0014
S 1 227 0.6404 0.8516 0.0014 -0.0000
S 1 228 0.1372 4.5369 0.0014 -0.0012
S 1 229 0.3881 4.1420 0.0014 -0.0013
S 1 230 0.4360 3.2587 0.0014 0.0008
S 1 231 0.3502 3.7037 0.0014 -0.0006
S 1 232 1.4406 -0.7025 0.0014 -0.0013
S 1 233 0.7560 -0.2460 0.0014 -0.0000
S 1 234 1.7180 1.8177 0.0014 -0.0006
S 1 235 5.0156 2.1134 0.0014 -0.0006
S 1 236 2.1194 2.0924 0.0014 -0.0005
S 1 237 2.1687 1.9780 0.0014 -0.0004
S 1 238 0.7208 2.1916 0.0014 -0.0009
S 1 239 0.5759 2.2790 0.0014 -0.0008
S 1 240 0.8613 3.0911 0.0014 -0.0002
S 1 241 0.4338 2.5656 0.0014 -0.0014
S 1 242 0.3295 1.1522 0.0014 0.0002
S 1 243 0.1457 3.4249 0.0014 -0.0012
S 1 244 2.1702 1.5732 0.0014 0.0004
S 1 245 2.5374 1.6004 0.0014 0.0002
S 1 246 2.0428 2.3086 0.0014 0.0007
S 1 247 0.4787 3.4373 0.0014 0.0003
S 1 248 0.4967 3.6115 0.0014 0.0014
S 1 249 0.2083 4.8466 0.0014 -0.0014
S 1 250 0.2812 1.7648 0.0014 -0.0013
S 1 251 0.2000 0.3714 0.0014 0.0006
S 1 252 0.6067 0.3163 0.0014 0.0002
S 1 253 0.6407 0.8449 0.0014 -0.0005
S 1 254 0.2857 -0.1844 0.0014 0.0009
S 1 255 0.2248 -2.5548 0.0014 -0.0005
S 1 256 0.3656 -1.4367 0.0014 0.0011
S 1 257 0.3134 1.1643 0.0014 0.0010
S 1 258 0.4023 2.7021 0.0014 0.0013
S 1 259 0.3971 2.6747 0.0014 0.0006
S 1 260 0.4450 3.3076 0.0014 0.0013
S 1 261 0.2682 1.9280 0.0014 0.0006
S 1 262 0.7960 -4.2909 0.0014 -0.0003
S 1 263 0.1517 -3.3906 0.0014 -0.0013
S 1 264 0.2392 -4.0915 0.0014 -0.0013
S 1 265 0.1948 -2.0789 0.0014 0.0005
S 1 266 0.4651 -0.8987 0.0014 0.0000
S 1 267 0.2049 -3.6780 0.0014 0.0006
S 1 268 0.1456 -4.6608 0.0014 0.0012
S 1 269 0.4609 -0.9688 0.0014 -0.0014
S 1 270 0.5922 -0.5939 0.0014 0.0007
S 1 271 0.2573 -0.7898 0.0014 -0.0008
S 1 272 0.2899 1.0239 0.0014 0.0002
S 1 273 0.4538 2.5179 0.0014 0.0009
S 1 274 0.3201 2.3344 0.0014 -0.0006
S 1 275 1.1464 3.0734 0.0014 0.0013
S 1 276 0.4441 3.7809 0.0014 0.0011
S 1 277 0.4881 1.5396 0.0014 0.0012
S 1 278 0.5739 1.5687 0.0014 -0.0010
S 1 279 2.2691 -3.2269 0.0014 0.0006
S 1 280 0.7075 -3.4009 0.0014 -0.0003
S 1 281 0.3283 -2.9514 0.0014 0.0009
S 1 282 1.2341 -3.1266 0.0014 0.0007
S 1 283 1.9009 -2.9602 0.0014 -0.0013
S 1 284 0.3787 -0.6909 0.0014 0.0009
S 1 285 0.3619 -1.5112 0.0014 -0.0013
S 1 286 0.3325 0.0788 0.0014 0.0011
S 1 287 0.5572 -4.0603 0.0014 0.0002
S 1 288 1.0586 -4.4089 0.0014 -0.0010
S 1 289 0.4780 -4.6742 0.0014 -0.0012
S 1 290 0.1478 -3.4826 0.0014 -0.0009
S 1 291 0.6177 -3.7252 0.0014 0.0003
S 1 292 0.1258 -3.8309 0.0014 0.0014
S 1 293 1.0450 -3.2103 0.0014 -0.0002
S 1 294 0.3185 -3.1614 0.0014 0.0012
S 1 295 0.3801 -3.8192 0.0014 0.0011
S 1 296 1.5117 -3.4231 0.0014 0.0014
S 1 297 0.6248 -2.8598 0.0014 -0.0013
S 1 298 2.0585 -2.7623 0.0014 -0.0013
S 1 299 0.1129 -2.1952 0.0014 -0.0002
S 1 300 0.3868 -1.8961 0.0014 -0.0013
S 1 301 0.1848 -4.5092 0.0014 -0.0008
S 1 302 0.6617 -4.0951 0.0014 0.0012
S 1 303 0.3888 -1.1594 0.0014 -0.0009
S 1 304 0.1503 4.4072 0.0014 -0.0013
S 1 305 3.2168 3.6287 0.0014 -0.0011
S 1 306 1.0190 3.8709 0.0014 -0.0014
S 1 307 0.1467 3.4179 0.0014 0.0003
S 1 308 2.0279 3.7646 0.0014 -0.0012
S 1 309 0.2655 3.9211 0.0014 0.0012
S 1 310 0.2702 2.0476 0.0014 -0.0001
S 1 311 1.6361 3.4794 0.0014 -0.0001
S 1 312 1.2169 3.7163 0.0014 -0.0005
S 1 313 0.6625 2.4746 0.0014 -0.0007
S 1 314 0.7520 2.5204 0.0014 -0.0010
S 1 315 0.3734 4.6986 0.0014 0.0006
S 1 316 0.8455 -0.3692 0.0014 -0.0004
S 1 317 0.7354 -0.2583 0.0014 0.0000
S 1 318 0.1679 -0.4486 0.0014 0.0008
S 1 319 1.1073 -0.3317 0.0014 0.0009
S 1 320 0.2906 -3.8390 0.0014 0.0009
S 1 321 0.4562 -4.5466 0.0014 0.0014
S 1 322 0.2557 -4.7721 0.0014 -0.0000
S 1 323 0.7914 0.9570 0.0014 0.0011
S 1 324 2.1767 1.2847 0.0014 0.0010
S 1 325 0.1894 -1.4902 0.0014 0.0008
S 1 326 0.3985 -0.5445 0.0014 0.0013
S 1 327 0.1028 -2.5627 0.0014 -0.0011
S 1 328 0.2739 -1.6065 0.0014 0.0010
S 1 329 0.3596 4.3034 0.0014 -0.0000
S 1 330 0.1668 3.4594 0.0014 -0.0014
S 1 331 0.7130 2.3241 0.0014 -0.0008
S 1 332 0.1071 1.5823 0.0014 -0.0011
S 1 333 0.2213 -0.5260 0.0014 -0.0013
S 1 334 0.2214 -0.6180 0.0014 -0.0008
S 1 335 0.5410 2.0355 0.0014 0.0004
S 1 336 0.3133 1.8992 0.0014 -0.0008
S 1 337 0.3803 0.8114 0.0014 0.0012
S 1 338 0.4795 -4.7728 0.0014 0.0010
S 1 339 0.1461 -3.1274 0.0014 -0.0014
S 1 340 0.2030 -3.6629 0.0014 0.0003
S 1 341 0.3299 2.5604 0.0014 0.0000
S 1 342 1.1002 2.0265 0.0014 -0.0006
S 1 343 0.8434 1.5788 0.0014 -0.0009
S 1 344 1.0499 1.5687 0.0014 -0.0006
S 1 345 0.7947 1.5028 0.0014 0.0005
S 1 346 1.8626 1.4986 0.0014 0.0002
S 1 347 0.3546 0.7119 0.0014 -0.0011
S 1 348 0.4762 -4.8316 0.0014 0.0001
S 1 349 0.1457 -4.1034 0.0014 -0.0014
S 1 350 0.7272 1.5151 0.0014 0.0009
S 1 351 0.2918 1.8243 0.0014 0.0003
S 1 352 0.1304 -1.6917 0.0014 0.0013
S 1 353 0.1033 -0.5971 0.0014 0.0013
S 1 354 0.4852 -2.9159 0.0014 -0.0001
S 1 355 0.3425 -2.9350 0.0014 0.0004
S 1 356 0.3185 -2.4873 0.0014 -0.0012
S 1 357 0.3633 -1.9682 0.0014 -0.0014
S 1 358 0.1042 -1.9378 0.0014 0.0010
S 1 359 0.1678 -1.8346 0.0014 0.0004
S 1 360 0.2121 3.8831 0.0014 -0.0012
S 1 361 0.4383 4.5880 0.0014 -0.0012
S 1 362 0.3052 4.4110 0.0014 -0.0012
S 1 363 0.8985 3.9077 0.0014 -0.0011
S 1 364 6.5799 1.2319 0.1146 0.0064
S 1 365 5.6366 -1.0062 0.0961 0.0045
S 1 366 0.4223 0.2903 0.8387 0.1125
S 1 367 2.9047 0.3175 0.8387 -0.0055
S 1 368 0.1186 -0.7396 0.0014 0.0000
S 1 369 0.9762 -3.1066 0.0014 -0.0009
S 1 370 1.4030 -3.0318 0.0014 -0.0013
S 1 371 1.2584 1.3310 0.1549 0.0215
S 1 372 1.0082 0.2097 0.8387 -0.1105
S 1 373 3.9195 0.2925 0.8387 -0.0027
S 1 374 9.4342 0.4127 0.8387 -0.0693
S 1 375 2.6005 0.3778 1.2405 0.0176
S 1 376 9.1729 0.4489 1.2405 -0.0110
S 1 377 14.3543 0.3653 1.2405 0.0066
S 1 378 3.2683 0.3923 1.2405 0.0090
S 1 379 5.2957 0.3707 1.2406 0.0870
S 1 380 2.1429 0.3706 117.5039 33.9054
S 1 381 3.1526 0.3709 117.5039 -23.9595
S 1 382 2.6696 0.3399 1.2406 0.0641
S 1 383 0.2319 0.3323 6.3764 0.9823
S 1 384 2.4380 0.3403 6.3764 -0.0286
S 1 385 0.4018 0.6831 0.8387 -0.0676
S 1 386 0.2444 0.6826 131.8438 112.0754
S 1 387 0.1572 0.6852 131.8438 -118.6408
S 1 388 0.2293 0.3433 0.8387 0.1710
S 1 389 0.1499 0.3537 117.4492 -105.0212
S 1 390 0.5837 0.5106 0.8387 -0.1889
S 1 391 0.4889 0.5039 130.4354 0.0000
S 1 392 1.9693 0.3641 0.8387 0.0080
S 1 393 0.2139 0.3636 35.4603 21.4358
S 1 394 1.7554 0.3642 35.4603 -4.0416
S 1 395 0.2150 0.4673 0.8387 0.1581
S 1 396 0.1714 0.4689 3.2607 0.5003
S 1 397 2.7512 1.2256 0.1549 0.0011
S 1 398 1.1932 1.3239 0.1899 0.0264
S 1 399 1.5764 1.1348 0.1899 -0.0181
S 1 400 0.1533 -0.5737 0.0014 -0.0008
S 1 401 0.1494 -0.5743 21.0024 -11.6833
S 1 402 0.1460 1.2657 0.0014 -0.0009
S 1 403 0.1367 1.2628 12.2639 -5.1879
S 1 404 0.1606 1.2232 0.0014 -0.0013
S 1 405 0.1420 1.2110 129.8343 117.8675
S 1 406 0.2153 1.9380 0.0014 -0.0007
S 1 407 0.1513 1.9378 95.6493 -82.6893
S 1 408 0.4837 -1.3557 0.0961 -0.0016
S 1 409 0.4028 -1.3564 66.6373 -39.9993
S 1 410 0.3844 5.3389 0.0014 -0.0010
S 1 411 0.1330 0.1161 2.8675 2.0054
S 1 412 0.1826 3.6498 2.8675 2.2002
S 1 413 0.1591 2.9172 2.8675 -1.9466
S 1 414 0.1218 3.5585 2.8675 -2.5750
S 1 415 0.3575 2.2168 2.8675 1.6010
S 1 416 0.3061 2.9431 2.8675 -0.8820
S 1 417 0.2853 2.3426 2.8675 1.3322
S 1 418 0.3108 3.0862 3.9291 3.6977
S 1 419 0.6158 0.0562 3.8784 -1.3551
S 1 420 0.2288 0.3639 3.8784 -2.7834
S 1 421 0.1332 2.8698 2.8675 2.2144
S 1 422 0.1654 1.9718 0.0014 -0.0014
S 1 423 0.1318 1.9716 90.1528 -78.7929
S 1 424 0.3691 2.4932 0.0014 -0.0010
S 1 425 0.3425 2.4929 53.1031 -30.1297
S 1 426 0.1499 2.3047 0.0014 -0.0014
S 1 427 0.1372 2.2969 64.3950 -53.3731
S 1 428 0.3747 -2.0735 0.0014 -0.0008
S 1 429 0.2708 -2.0661 78.0238 0.0000
S 1 430 0.1052 -2.0789 78.0238 -68.9696
S 1 431 0.3593 -2.3376 0.0014 -0.0004
S 1 432 0.2100 -2.3377 6.1386 0.9972
S 1 433 0.1495 -2.3362 6.1386 -1.3667
S 1 434 0.6008 -2.6270 0.0014 -0.0005
S 1 435 0.1711 -2.6250 22.9125 12.2999
S 1 436 0.4297 -2.6277 22.9125 -6.3554
S 1 437 0.1956 -4.2004 0.0014 -0.0014
S 1 438 0.1424 -4.1905 8.0780 2.3925
S 1 439 2.6530 0.3219 47.3945 -0.0277
S 1 440 0.2045 0.8856 0.0014 -0.0007
S 1 441 0.1512 0.8830 129.5809 -116.9519
S 1 442 0.2411 -3.3432 0.0014 0.0012
S 1 443 0.1798 -3.3410 27.8065 15.4297
S 1 444 0.4944 1.5409 0.0014 -0.0003
S 1 445 0.4511 1.5415 142.0114 106.5073
S 1 446 0.5222 1.6574 0.0014 0.0000
S 1 447 0.4819 1.6570 86.8693 -53.7999
S 1 448 0.3165 1.4542 0.0014 -0.0002
S 1 449 0.1777 1.4547 55.1862 41.8186
S 1 450 0.1388 1.4539 55.1862 -44.3319
S 1 451 0.9004 2.3837 0.0014 -0.0006
S 1 452 0.6924 2.3839 56.6168 21.5738
S 1 453 0.2078 2.3837 56.6168 0.0000
S 1 454 0.2015 -0.1775 0.0014 -0.0012
S 1 455 0.1883 -0.1808 129.2334 113.8883
S 1 456 0.2318 -3.1312 0.0014 0.0013
S 1 457 0.2139 -3.1316 28.3633 -14.7881
S 1 458 0.1743 -4.9295 0.0014 0.0014
S 1 459 0.1266 -4.9345 2.4213 0.2749
S 1 460 1.7334 0.4929 0.0014 -0.0005
S 1 461 0.1869 0.4895 52.4864 38.6327
S 1 462 1.5464 0.4934 52.4864 -9.8278
S 1 463 0.9797 0.4920 52.4864 24.8294
S 1 464 0.1231 0.4914 118.0460 111.4128
S 1 465 0.8567 0.4920 118.0460 -40.8662
S 1 466 0.2920 0.6787 0.0014 -0.0005
S 1 467 0.2020 0.6732 117.5116 -101.2230
S 1 468 0.1267 0.7571 0.0014 -0.0006
S 1 469 0.1211 0.7584 126.9174 -116.7150
S 1 470 0.1409 1.7950 0.0014 -0.0014
S 1 471 0.1364 1.7965 109.0533 97.2172
S 1 472 0.2034 3.8580 0.0014 -0.0007
S 1 473 0.1334 3.8614 7.2193 -2.0468
S 1 474 7.7870 -1.0574 0.0961 -0.0012
S 1 475 3.5469 -1.1143 46.5023 0.3951
S 1 476 2.5215 -1.0959 46.5023 -0.3736
S 1 477 1.3001 -1.0961 51.6748 10.8325
S 1 478 1.2214 -1.0957 51.6748 -12.1613
S 1 479 0.6388 -1.0983 51.6748 -1.7485
S 1 480 0.3677 -1.0987 94.2760 0.0000
S 1 481 0.2713 -1.0970 94.2760 -73.7372
S 1 482 1.0266 -1.1574 46.5023 2.2828
S 1 483 1.0018 -1.1569 118.0544 -57.6756
S 1 484 4.2404 -1.0078 46.5023 -0.3328
S 1 485 0.6606 -1.0814 46.5023 -0.2346
S 1 486 0.2915 -1.0797 113.2323 90.3210
S 1 487 0.3690 -1.0830 113.2323 -85.3018
S 1 488 3.5797 -0.9937 46.5023 -0.3509
S 1 489 0.8795 -0.9934 130.0368 73.6492
S 1 490 2.7004 -0.9937 130.0368 -33.4878
S 1 491 0.2558 -1.7198 0.0014 0.0014
S 1 492 0.2312 -1.7175 112.8487 -93.6475
S 1 493 0.1316 -1.3242 0.0014 0.0009
S 1 494 0.1060 -1.3246 130.9499 121.7727
S 1 495 0.6747 1.2343 0.0014 0.0009
S 1 496 0.3912 1.2339 12.6902 2.2528
S 1 497 0.2836 1.2345 12.6902 -3.0429
S 1 498 0.2025 1.5201 0.0014 0.0007
S 1 499 0.1240 1.5168 113.2405 -102.5664
S 1 500 0.6296 1.9088 243.3955 -205.0311
S 1 501 9.5480 1.1742 0.1146 -0.0043
S 1 502 0.4236 1.2281 117.4902 -163.2786
S 1 503 0.6604 1.7223 117.4902 -103.7883
S 1 504 0.9111 0.7667 117.4902 81.9187
S 1 505 1.3322 0.6888 117.4902 46.0640
S 1 506 4.3771 1.1330 117.4902 -12.1793
S 1 507 0.5742 1.2018 117.4902 177.5872
S 1 508 0.5233 1.0690 117.4902 -73.8296
S 1 509 0.2290 0.3959 117.4902 117.8047
S 1 510 0.1819 0.4909 86.0614 -86.0297
S 1 511 0.4956 0.4034 117.4902 -8.4778
S 1 512 0.4974 0.2309 117.6225 88.0139
S 1 513 0.1158 0.7113 117.6225 -117.6184
S 1 514 0.4609 0.9738 119.1614 -107.9778
S 1 515 0.3521 1.1685 117.2440 155.3605
S 1 516 0.4595 0.4976 0.0014 0.0006
S 1 517 0.1938 0.4979 129.3851 113.5312
S 1 518 0.2658 0.4973 129.3851 -108.1910
S 1 519 0.6950 0.5365 0.0014 0.0011
S 1 520 0.4557 0.5351 133.3108 99.1768
S 1 521 0.2395 0.5373 133.3108 -113.9663
S 1 522 0.3180 0.5754 0.0014 0.0006
S 1 523 0.1940 0.5727 130.4675 114.6403
S 1 524 0.1239 0.5810 130.4675 -120.1325
S 1 525 0.8120 -0.4955 0.0014 0.0012
S 1 526 0.1209 -0.5013 132.0173 121.9620
S 1 527 0.6909 -0.4955 132.0173 -84.8087
S 1 528 0.1432 0.9664 0.0014 0.0011
S 1 529 0.1436 0.9626 118.2583 106.2987
S 1 530 0.2529 -0.1122 0.0014 0.0014
S 1 531 0.1445 -0.1129 117.7016 105.7585
S 1 532 0.1085 -0.1034 117.7016 127.4638
S 1 533 0.2345 -0.5746 0.0014 0.0013
S 1 534 0.1722 -0.5760 10.3453 3.2354
S 1 535 0.6539 -0.5103 0.0014 0.0011
S 1 536 0.6368 -0.5102 129.9947 197.0329
S 1 537 1.1500 1.6473 0.0014 0.0007
S 1 538 1.0693 1.6473 73.0421 24.7656
S 1 539 1.5037 1.6771 0.0014 0.0008
S 1 540 0.5031 1.6767 99.7939 64.1535
S 1 541 1.0005 1.6776 99.7939 -44.1969
S 1 542 0.2513 2.9386 0.0014 -0.0007
S 1 543 0.1804 2.9380 33.5915 20.8360
S 1 544 0.2532 2.4224 0.0014 -0.0005
S 1 545 0.1100 2.4240 53.2895 44.1954
S 1 546 0.1430 2.4222 53.2895 -41.7575
S 1 547 0.2460 -2.5530 0.0014 -0.0006
S 1 548 0.1715 -2.5605 48.8638 0.0000
S 1 549 0.2855 -2.2608 0.0014 0.0011
S 1 550 0.1829 -2.2588 63.9299 49.3025
S 1 551 0.1029 -2.2616 63.9299 -55.1786
S 1 552 0.5766 -1.5715 0.0014 -0.0014
S 1 553 0.4988 -1.5706 141.7450 0.0000
S 1 554 0.3642 -2.8197 0.0014 0.0012
S 1 555 0.1321 -2.8199 19.8108 11.2810
S 1 556 0.2322 -2.8194 19.8108 -7.9454
S 1 557 0.3575 -3.2163 0.0014 0.0014
S 1 558 0.3511 -3.2161 27.2762 -9.8792
S 1 559 0.5373 -3.4115 0.0014 0.0014
S 1 560 0.4467 -3.4147 2.2345 0.0651
S 1 561 0.9051 -3.8493 0.0014 0.0014
S 1 562 0.3878 -3.8462 2.2029 0.0782
S 1 563 0.5175 -3.8513 2.2029 -0.0555
S 1 564 0.5164 -3.0511 0.0014 -0.0010
S 1 565 0.4972 -3.0513 31.4773 9.6768
S 1 566 0.1505 -2.8488 0.0014 -0.0005
S 1 567 0.1213 -2.8475 35.4779 -26.0268
S 1 568 0.2492 -3.9370 0.0014 0.0000
S 1 569 0.1504 -3.9341 7.0292 -1.7468
S 1 570 0.4221 -2.5446 0.0014 0.0005
S 1 571 0.2203 -2.5538 9.2845 2.0812
S 1 572 0.2005 -2.5406 9.2845 -2.2867
S 1 573 0.4516 -0.8565 0.0014 -0.0013
S 1 574 0.3634 -0.8564 126.6173 -98.6626
S 1 575 0.1703 -0.5228 0.0014 -0.0014
S 1 576 0.1321 -0.5220 129.6994 -118.6736
S 1 577 0.2185 -0.1267 0.0014 0.0012
S 1 578 0.1211 -0.1228 50.8183 -41.2665
S 1 579 0.4930 -3.1237 0.0014 0.0003
S 1 580 0.4425 -3.1236 20.7608 5.0987
S 1 581 0.2781 1.7598 0.0014 0.0005
S 1 582 0.1476 1.7696 21.0394 11.7734
S 1 583 0.1298 1.7538 21.0394 -12.5448
S 1 584 0.4389 1.0338 0.0014 -0.0011
S 1 585 0.2455 1.0332 130.4800 110.7031
S 1 586 0.1935 1.0340 130.4800 -114.5283
S 1 587 0.2029 1.5471 0.0014 0.0003
S 1 588 0.1716 1.5600 15.7904 -6.8316
S 1 589 1.1285 3.4541 0.0013 0.0008
S 1 590 0.9963 3.4544 4.9622 0.1437
S 1 591 0.1321 3.4523 4.9622 -1.0295
S 1 592 0.3259 3.4427 4.9622 -0.5884
S 1 593 0.3025 3.4424 14.3364 2.5207
S 1 594 0.2344 3.4523 4.9622 -0.4355
S 1 595 0.1426 3.4471 16.4805 7.5400
S 1 596 0.3650 3.2673 0.0013 0.0006
S 1 597 0.3240 3.2690 26.7569 -10.0811
S 1 598 0.5071 1.6338 0.0014 0.0008
S 1 599 0.5009 1.6331 124.9912 87.2505
S 1 600 0.3086 1.8274 0.0014 0.0006
S 1 601 0.2913 1.8283 20.9328 -7.4834
S 1 602 0.8921 1.6458 0.0014 0.0008
S 1 603 0.7675 1.6465 125.9204 73.7906
S 1 604 0.1242 1.6452 125.9204 -115.0218
S 1 605 0.1919 0.6793 0.0014 0.0002
S 1 606 0.1743 0.6824 130.5481 -116.2389
S 1 607 0.3173 1.1831 0.0014 -0.0001
S 1 608 0.2265 1.1841 5.8834 0.8456
S 1 609 0.4558 1.3595 0.0014 -0.0008
S 1 610 0.3024 1.3599 131.2706 106.8790
S 1 611 0.1534 1.3592 131.2706 -118.2075
S 1 612 0.3154 0.7283 0.0014 -0.0014
S 1 613 0.2966 0.7150 66.9108 -97.7904
S 1 614 0.3137 0.7374 0.0014 -0.0013
S 1 615 0.1468 0.7116 129.7317 -142.8655
S 1 616 0.1690 0.7394 129.7317 -115.7130
S 1 617 0.1627 1.1522 0.0014 -0.0003
S 1 618 0.1523 1.1506 117.4325 104.6962
S 1 619 0.3123 1.5100 0.0014 -0.0009
S 1 620 0.2480 1.5089 113.3785 93.1796
S 1 621 0.5110 2.2854 0.0014 -0.0010
S 1 622 0.2928 2.2874 65.4033 -97.8078
S 1 623 0.2188 2.2804 65.4033 -48.0945
S 1 624 0.5653 2.1110 0.0014 -0.0011
S 1 625 0.2199 2.1124 71.8474 54.4830
S 1 626 0.3457 2.1093 71.8474 -46.8588
S 1 627 0.7437 -0.2645 0.0014 -0.0011
S 1 628 0.1492 -0.2781 129.2278 116.7929
S 1 629 0.5941 -0.2633 129.2278 191.0383
S 1 630 0.3012 -0.2862 0.0014 -0.0013
S 1 631 0.2795 -0.2859 131.2606 109.1074
S 1 632 0.2188 -1.5170 0.0014 -0.0013
S 1 633 0.1686 -1.5153 117.0364 -102.7960
S 1 634 0.3935 1.0469 0.0014 -0.0005
S 1 635 0.1517 1.0431 17.7625 8.8788
S 1 636 0.2421 1.0476 17.7625 -6.4547
S 1 637 0.1257 -0.6816 0.0014 0.0013
S 1 638 0.1162 -0.6820 130.5374 120.8172
S 1 639 0.2448 -1.7347 0.0014 0.0014
S 1 640 0.1303 -1.7335 24.7142 15.7216
S 1 641 0.1146 -1.7351 24.7142 36.7104
S 1 642 0.1352 -1.6378 0.0014 0.0001
S 1 643 0.1309 -1.6281 2.2156 0.2722
S 1 644 0.2803 1.8342 0.0014 0.0013
S 1 645 0.2523 1.8338 41.1010 -24.4405
S 1 646 0.5341 -0.9848 0.0014 0.0007
S 1 647 0.4836 -0.9840 132.3288 0.0000
S 1 648 0.2129 -1.2764 0.0014 -0.0004
S 1 649 0.2024 -1.2694 131.3143 114.3334
S 1 650 0.2688 -1.5684 0.0014 0.0003
S 1 651 0.1915 -1.5680 16.4092 6.7192
S 1 652 0.2991 -1.3736 0.0014 0.0014
S 1 653 0.2868 -1.3726 117.4887 94.6167
S 1 654 0.6104 1.7164 0.0014 -0.0005
S 1 655 0.5733 1.7166 117.5218 76.1149
S 1 656 0.8153 2.2950 0.0014 0.0004
S 1 657 0.5752 2.3007 59.7562 27.2640
S 1 658 0.2378 2.2913 59.7562 -41.9056
S 1 659 1.1516 2.3877 0.0014 0.0005
S 1 660 0.1483 2.3930 27.3678 17.2136
S 1 661 1.0042 2.3860 27.3678 -4.1088
S 1 662 0.6669 2.4600 0.0014 0.0001
S 1 663 0.6400 2.4584 6.1772 0.3448
S 1 664 0.9483 2.2933 0.0014 0.0001
S 1 665 0.8890 2.2935 61.2074 -20.3654
S 1 666 4.6522 1.5948 0.0012 -0.0001
S 1 667 0.3587 1.5948 20.9476 6.3216
S 1 668 4.2934 1.5949 20.9476 -0.5797
S 1 669 0.3420 1.5945 20.9476 1.7561
S 1 670 0.2073 1.5913 64.3698 0.0000
S 1 671 0.1351 1.5957 64.3698 -52.9520
S 1 672 15.2188 1.5924 0.0012 -0.0001
S 1 673 4.3038 1.5927 113.3551 16.1407
S 1 674 10.9141 1.5924 113.3551 -6.4711
S 1 675 0.1999 3.1639 0.0014 -0.0014
S 1 676 0.1970 3.1660 29.4326 -16.3353
S 1 677 0.1357 -1.3337 0.0014 -0.0006
S 1 678 0.1199 -1.3337 127.1849 116.8289
S 1 679 0.2553 0.3300 0.0014 -0.0002
S 1 680 0.1196 0.3125 118.0115 108.2422
S 1 681 0.1363 0.3304 118.0115 -106.7087
S 1 682 0.5577 0.5458 0.0014 -0.0006
S 1 683 0.5052 0.5479 130.2742 0.0000
S 1 684 0.4575 2.5860 0.0014 0.0008
S 1 685 0.2995 2.5869 47.9317 27.6257
S 1 686 0.1584 2.5812 47.9317 -35.3866
S 1 687 0.3006 -3.3535 0.0014 0.0009
S 1 688 0.2189 -3.3540 29.2957 -14.9390
S 1 689 2.4479 0.3492 0.0013 0.0003
S 1 690 0.4102 0.3495 27.8292 9.5341
S 1 691 2.0378 0.3491 27.8292 -2.1609
S 1 692 0.7189 0.3065 0.0013 0.0004
S 1 693 0.6650 0.3063 130.0829 -84.5535
S 1 694 0.1529 2.0963 0.0014 0.0007
S 1 695 0.1417 2.0959 79.6366 -67.5923
S 1 696 0.8116 1.4774 0.0014 0.0013
S 1 697 0.7944 1.4783 134.7409 80.7065
S 1 698 2.3588 1.4933 0.0014 0.0013
S 1 699 1.9598 1.4933 140.8882 48.8489
S 1 700 0.3989 1.4935 140.8882 -109.1073
S 1 701 0.5551 0.8377 0.0014 0.0008
S 1 702 0.1128 0.8377 131.1498 121.6472
S 1 703 0.4423 0.8377 131.1498 -97.9336
S 1 704 0.4066 0.6215 0.0014 0.0006
S 1 705 0.3669 0.6217 129.1291 -100.9649
S 1 706 1.8175 3.1984 0.0015 -0.0004
S 1 707 0.3681 3.1977 27.8038 9.8466
S 1 708 1.4493 3.1986 27.8038 -2.8294
S 1 709 2.5695 -1.8723 0.0014 0.0011
S 1 710 2.5328 -1.8722 103.1130 21.6713
S 1 711 1.1548 0.6302 0.0014 0.0011
S 1 712 0.2716 0.6169 117.6278 96.3407
S 1 713 0.8842 0.6321 117.6278 -63.4429
S 1 714 0.2511 0.8783 0.0014 0.0011
S 1 715 0.1569 0.9047 67.2238 -54.9577
S 1 716 0.2375 1.0506 0.0014 0.0005
S 1 717 0.1118 1.0749 131.2722 121.6914
S 1 718 0.1239 1.0467 131.2722 -120.7629
S 1 719 0.5872 0.7902 0.0014 0.0002
S 1 720 0.3506 0.7886 130.9947 103.7781
S 1 721 0.2365 0.7936 130.9947 -111.8672
S 1 722 0.2082 4.9552 0.0014 0.0010
S 1 723 0.1554 4.9757 13.5684 0.4654
S 1 724 0.3582 -2.0624 0.0014 0.0007
S 1 725 0.2746 -2.0665 78.8878 0.0000
S 1 726 0.6026 -1.7935 0.0014 -0.0013
S 1 727 0.1712 -1.8006 13.1927 5.0466
S 1 728 0.4309 -1.7916 13.1927 -2.2633
S 1 729 0.3302 -1.8033 13.1927 1.3157
S 1 730 0.1200 -1.8022 16.8995 10.1536
S 1 731 0.2102 -1.8038 16.8995 -5.4317
S 1 732 0.8991 -1.9133 0.0014 -0.0014
S 1 733 0.5337 -1.9131 5.9510 0.3784
S 1 734 0.3654 -1.9137 5.9510 -0.5533
S 1 735 0.2579 -1.9127 5.9510 -0.6929
S 1 736 0.2221 -1.9184 37.2092 21.9776
S 1 737 2.5623 -1.5575 0.0014 -0.0006
S 1 738 2.3528 -1.5812 7.9942 0.1993
S 1 739 0.5081 -1.6601 9.8635 -0.2773
S 1 740 1.8460 -1.5577 9.8635 0.3302
S 1 741 0.2183 -1.2158 7.9942 -2.1551
S 1 742 0.2280 -1.1925 7.9942 -1.9506
S 1 743 0.1321 -1.1928 117.2800 105.9578
S 1 744 0.3100 -1.1035 6.4425 2.4529
S 1 745 0.1709 -1.8001 17.9020 0.0088
S 1 746 0.3381 0.6827 17.9020 12.0585
S 1 747 0.1406 0.0897 17.9020 0.0000
S 1 748 0.1703 -1.7721 22.1352 0.0000
S 1 749 0.2402 -2.3302 0.0014 -0.0013
S 1 750 0.2254 -2.3330 61.4992 0.0000
S 1 751 0.4447 -1.8047 29.7241 -28.4318
S 1 752 0.4017 -1.4394 29.7241 -29.6581
S 1 753 0.2344 -0.8688 29.7241 26.2708
S 1 754 0.3703 -3.5416 0.0014 0.0012
S 1 755 0.3636 -3.5410 5.1933 -0.4203
S 1 756 0.2885 -3.1451 0.0014 0.0011
S 1 757 0.1987 -3.1528 27.7896 -14.9154
S 1 758 0.1560 1.4311 112.1672 112.6739
S 1 759 0.6240 1.5219 0.0014 -0.0003
S 1 760 0.2545 1.5232 146.4491 124.8894
S 1 761 0.3702 1.5188 146.4491 -116.2173
S 1 762 0.2153 0.2080 0.0014 -0.0010
S 1 763 0.1440 0.2058 129.5407 -117.6970
S 1 764 2.1214 -3.1153 0.0014 -0.0011
S 1 765 0.9955 -3.1158 28.2635 4.2508
S 1 766 1.1257 -3.1151 28.2635 -3.7771
S 1 767 0.1876 -3.6303 0.0014 -0.0012
S 1 768 0.1573 -3.6311 10.9128 3.7468
S 1 769 0.5809 -3.2343 0.0014 -0.0011
S 1 770 0.5364 -3.2362 27.8195 7.1478
S 1 771 0.2181 1.0668 0.0014 0.0003
S 1 772 0.1304 1.0647 130.7620 -119.7334
S 1 773 0.4897 2.5311 0.0014 -0.0014
S 1 774 0.1151 2.5338 16.6981 9.3955
S 1 775 0.3749 2.5296 16.6981 -3.9816
S 1 776 0.2964 2.8046 0.0014 -0.0014
S 1 777 0.2028 2.8049 36.2281 -22.1029
S 1 778 0.5477 2.7595 0.0014 0.0007
S 1 779 0.4387 2.7600 31.5862 11.0583
S 1 780 0.1091 2.7567 31.5862 0.0000
S 1 781 0.1428 2.5179 0.0014 0.0002
S 1 782 0.1416 2.5122 49.4251 -38.1237
S 1 783 0.1849 -0.5134 0.0014 0.0012
S 1 784 0.1320 -0.4985 131.6749 120.5551
S 1 785 0.1750 0.0170 0.0014 0.0006
S 1 786 0.1488 0.0200 129.4369 117.1160
S 1 787 0.5019 -3.4333 0.0014 -0.0009
S 1 788 0.4045 -3.4340 26.8918 8.3503
S 1 789 0.1967 -1.5032 0.0014 -0.0013
S 1 790 0.1114 -1.4964 17.6964 10.4396
S 1 791 0.2072 -2.0833 0.0014 -0.0010
S 1 792 0.1792 -2.0853 26.5783 15.0750
S 1 793 0.1311 -2.3152 0.0014 -0.0012
S 1 794 0.1135 -2.3141 45.6586 36.6152
S 1 795 0.2034 -5.2101 0.0014 0.0008
S 1 796 0.4803 -1.7426 2.2225 1.1973
S 1 797 0.6468 -1.4981 2.2225 -1.4906
S 1 798 0.2902 -1.3955 2.2225 -2.1106
S 1 799 0.7278 -0.9023 2.2225 1.3188
S 1 800 0.1947 -2.0899 2.2225 0.5521
S 1 801 0.8318 -2.4364 2.2225 0.0037
S 1 802 0.2446 -1.2232 2.2225 2.1276
S 1 803 0.2844 -2.3570 2.2225 0.2161
S 1 804 0.2967 -1.6032 2.2225 0.1989
S 1 805 0.1712 -1.9653 16.7024 3.1930
S 1 806 0.0323 -4.5402 2.2225 -1.6161
S 1 807 0.2649 -1.8880 2.6877 2.2670
S 1 808 0.2078 -1.8082 2.6877 -2.3683
S 1 809 0.4597 -0.3773 0.0014 -0.0013
S 1 810 0.3932 -0.3772 131.5447 -101.6297
S 1 811 0.2651 -0.3458 38.6977 43.3544
S 1 812 0.2347 1.1595 38.6977 -23.7289
S 1 813 0.2207 3.4545 0.0014 0.0013
S 1 814 0.1962 3.4565 14.3427 5.1125
S 1 815 0.2981 2.4686 0.0014 0.0007
S 1 816 0.2024 2.4703 4.8655 -0.6549
S 1 817 0.3147 1.9491 0.0014 0.0007
S 1 818 0.2068 1.9466 92.2221 75.0622
S 1 819 0.1083 1.9503 92.2221 -82.7624
S 1 820 1.7784 2.8317 0.0014 0.0004
S 1 821 1.1359 2.8317 23.2837 2.5849
S 1 822 0.6425 2.8317 23.2837 -4.4886
S 1 823 0.6877 2.8344 23.2837 -1.3665
S 1 824 0.1459 2.8312 34.5720 0.0000
S 1 825 0.5418 2.8351 34.5720 -12.0595
S 1 826 0.8823 2.8783 0.0014 0.0006
S 1 827 0.1196 2.8810 34.0925 0.0000
S 1 828 0.7641 2.8761 34.0925 -7.8360
S 1 829 0.3072 1.4593 0.0014 0.0011
S 1 830 0.3050 1.4584 3.2198 0.1922
S 1 831 1.3052 1.2668 16.2691 4.1725
S 1 832 0.1573 -0.4529 16.5939 -3.8676
S 1 833 0.1664 -0.5488 16.5939 -5.2751
S 1 834 0.1136 -0.5497 26.4218 -20.0616
S 1 835 0.3680 1.8540 0.0014 0.0006
S 1 836 0.1571 1.8524 36.4332 25.1191
S 1 837 0.2093 1.8630 36.4332 -22.3095
S 1 838 0.3896 3.1891 0.0014 0.0003
S 1 839 0.2204 3.1884 27.1157 13.5309
S 1 840 0.1693 3.1898 27.1157 -15.6414
S 1 841 0.3544 2.7131 0.0014 0.0005
S 1 842 0.1455 2.7157 16.7234 8.2140
S 1 843 0.2088 2.7115 16.7234 -6.4351
S 1 844 0.2581 2.2431 0.0014 0.0013
S 1 845 0.1126 2.2381 68.5297 58.9583
S 1 846 0.1458 2.2443 68.5297 -56.3695
S 1 847 0.2034 2.6399 0.0014 0.0014
S 1 848 0.1555 2.6463 16.7839 -7.9452
S 1 849 0.4716 -1.0449 0.0014 -0.0013
S 1 850 0.4146 -1.0464 132.7445 -101.2177
S 1 851 0.1519 -1.2089 0.0014 -0.0014
S 1 852 0.1494 -1.2144 16.9206 8.3507
S 1 853 0.1690 -1.0069 0.0014 -0.0006
S 1 854 0.1558 -1.0116 130.8786 -117.8475
S 1 855 0.2225 -1.0558 0.0014 -0.0013
S 1 856 0.1776 -1.0552 117.5501 102.9187
S 1 857 0.2906 -4.3156 0.0014 -0.0012
S 1 858 0.1033 -2.9424 0.2033 -0.0144
S 1 859 0.1219 -2.6228 0.2033 0.0515
S 1 860 0.1058 -2.6348 25.5091 0.0000
S 1 861 0.1356 0.4063 0.0014 -0.0011
S 1 862 0.1258 0.3958 22.3501 -13.9013
S 1 863 0.2321 0.6242 0.0014 0.0010
S 1 864 0.1722 0.6280 132.5290 118.3240
S 1 865 1.0556 0.7903 0.0014 0.0007
S 1 866 0.2977 0.7867 107.0619 84.0637
S 1 867 0.7584 0.7907 107.0619 -59.5205
S 1 868 0.2021 0.7936 117.7324 16.4896
S 1 869 0.1890 0.7929 117.7569 104.5418
S 1 870 0.2623 -3.7471 0.0014 -0.0013
S 1 871 0.1634 -3.7489 9.7642 2.9614
S 1 872 0.1562 -1.9798 0.0014 -0.0011
S 1 873 0.1501 -1.9787 38.5559 0.0000
S 1 874 0.2906 -1.4000 0.0014 -0.0009
S 1 875 0.2436 -1.4005 20.9733 8.5754
S 1 876 0.1403 0.1757 0.0014 -0.0009
S 1 877 0.1369 0.1771 127.9251 -116.5927
S 1 878 0.9269 -0.5555 0.0014 0.0009
S 1 879 0.5502 -0.5544 117.4355 -175.0552
S 1 880 0.3768 -0.5567 117.4355 -89.0371
S 1 881 0.4761 0.2013 0.0014 0.0006
S 1 882 0.4448 0.2015 117.6810 0.0000
S 1 883 0.4093 -0.1032 0.0014 0.0006
S 1 884 0.3606 -0.1017 24.0610 8.1106
S 1 885 0.1591 2.8464 0.0014 0.0012
S 1 886 0.1080 2.8525 34.3868 25.8904
S 1 887 0.4404 0.4136 0.0014 -0.0002
S 1 888 0.2345 0.4216 132.0648 113.1938
S 1 889 0.2055 0.4088 132.0648 -115.3420
S 1 890 0.3045 0.2366 0.0014 -0.0006
S 1 891 0.2793 0.2401 130.2623 -108.0463
S 1 892 0.8633 0.5423 0.0014 -0.0009
S 1 893 0.4839 0.5426 25.6380 7.1145
S 1 894 0.3793 0.5420 25.6380 -8.7185
S 1 895 1.8927 0.5743 0.0014 -0.0004
S 1 896 0.7353 0.5749 70.1554 30.9421
S 1 897 1.1573 0.5742 70.1554 -21.9424
S 1 898 0.2934 0.5740 111.0185 36.4057
S 1 899 0.2564 0.5740 117.3174 103.6928
S 1 900 0.2623 0.4495 0.0014 -0.0003
S 1 901 0.2450 0.4478 131.7596 111.9069
S 1 902 2.3176 0.7571 0.0014 -0.0004
S 1 903 0.2792 0.4696 11.9545 -2.1843
S 1 904 0.2724 0.5484 11.9545 -1.7721
S 1 905 0.2608 0.5507 118.2717 -97.9732
S 1 906 0.5237 2.1656 0.0014 0.0007
S 1 907 0.3896 2.1660 73.4909 45.8191
S 1 908 0.1348 2.1594 73.4909 -61.9690
S 1 909 2.0222 2.0479 0.0014 0.0006
S 1 910 1.4854 2.0478 5.2547 0.1075
S 1 911 0.5367 2.0481 5.2547 -0.3050
S 1 912 0.1375 2.0487 5.2547 -0.2995
S 1 913 0.1064 2.0461 67.9966 58.9511
S 1 914 1.6492 1.5180 0.0014 0.0003
S 1 915 0.9537 1.5172 150.4998 86.4161
S 1 916 0.6959 1.5184 150.4998 0.0000
S 1 917 0.2499 1.7796 0.0014 0.0012
S 1 918 0.2466 1.7791 63.4691 -89.1544
S 1 919 0.1742 -0.4737 35.7595 -37.5825
S 1 920 0.1646 -0.6686 29.7829 34.3820
S 1 921 0.5655 -0.8732 0.0014 0.0005
S 1 922 0.1570 -0.8710 117.5085 104.5253
S 1 923 0.4078 -0.8762 117.5085 -87.0345
S 1 924 0.2742 -0.3572 0.0014 -0.0007
S 1 925 0.2696 -0.3580 129.7256 108.2830
S 1 926 0.7548 -0.5944 0.0015 0.0009
S 1 927 0.6067 -0.5952 117.4701 75.8880
S 1 928 0.1479 -0.5930 117.4701 -105.2717
S 1 929 1.7812 -0.5004 0.0015 0.0008
S 1 930 1.7604 -0.5013 131.0861 48.2894
S 1 931 0.1363 1.2815 0.0014 0.0002
S 1 932 0.1303 1.2828 132.3672 -121.2680
S 1 933 0.1056 3.0156 0.0014 0.0006
S 1 934 0.1020 3.0147 26.0462 0.0000
S 1 935 0.3084 -0.3790 0.0014 0.0013
S 1 936 0.2696 -0.3773 117.8699 -96.6538
S 1 937 0.1536 0.3873 117.6466 0.0000
S 1 938 0.1287 1.1890 0.0014 0.0003
S 1 939 0.1132 1.1887 129.4207 -119.7412
S 1 940 0.2086 -3.3438 0.0014 0.0012
S 1 941 0.1246 -3.3418 4.0938 -0.7355
S 1 942 1.2956 0.1418 0.0014 0.0008
S 1 943 1.0737 0.1420 129.2590 65.9604
S 1 944 0.2220 0.1359 129.2590 -111.2559
S 1 945 0.7957 0.2720 0.0014 0.0009
S 1 946 0.4479 0.2716 126.9761 93.7642
S 1 947 0.3475 0.2748 126.9761 -100.2176
S 1 948 0.8784 0.8555 0.0014 0.0013
S 1 949 0.8266 0.8550 143.6222 88.2819
S 1 950 0.4011 -0.0375 0.0014 0.0013
S 1 951 0.2429 -0.0323 136.7402 117.2077
S 1 952 0.1582 -0.0409 136.7402 -123.6505
S 1 953 0.3866 1.2131 0.0014 0.0014
S 1 954 0.3177 1.2140 133.2330 -107.9740
S 1 955 0.9104 0.6048 0.0014 0.0011
S 1 956 0.1839 0.6025 130.2934 115.2084
S 1 957 0.7264 0.6054 130.2934 -81.4138
S 1 958 1.0103 -0.3396 86.8289 4.5486
S 1 959 0.7811 -0.6744 0.0014 0.0012
S 1 960 0.6855 -0.6750 130.2542 83.4302
S 1 961 0.2251 -0.3034 138.5499 -127.2486
S 1 962 0.3922 -0.0452 0.0014 0.0012
S 1 963 0.1933 -0.0454 129.4304 113.7047
S 1 964 0.1989 -0.0452 129.4304 -113.2584
S 1 965 0.4164 0.2433 0.0014 0.0011
S 1 966 0.3290 0.2417 130.3862 -104.8124
S 1 967 0.2665 0.2723 0.0014 0.0009
S 1 968 0.2549 0.2697 106.4725 -86.6106
S 1 969 0.1987 1.6828 0.0014 -0.0014
S 1 970 0.1824 1.6808 114.6402 99.1907
S 1 971 0.2252 1.6164 0.0014 -0.0005
S 1 972 0.2156 1.6194 131.3344 113.0435
S 1 973 0.1525 1.5598 0.0014 -0.0008
S 1 974 0.1189 1.5541 20.9530 12.9937
S 1 975 0.5145 3.1770 0.0014 0.0014
S 1 976 0.2935 3.1757 8.8825 1.4797
S 1 977 0.2209 3.1789 8.8825 -1.9225
S 1 978 0.2427 2.8032 0.0014 0.0014
S 1 979 0.1876 2.8023 32.0119 -19.1705
S 1 980 0.3295 5.1088 0.0014 -0.0011
S 1 981 0.1665 4.0639 0.5240 -0.3479
S 1 982 0.4285 0.8318 42.9790 18.4070
S 1 983 0.2838 -0.8486 0.0014 -0.0013
S 1 984 0.1039 -1.7881 2.4753 2.1910
S 1 985 0.2467 0.1258 2.4753 -1.0121
S 1 986 0.1368 -0.2741 11.1172 -9.2903
S 1 987 0.4224 0.6752 0.0014 -0.0013
S 1 988 0.1752 0.4374 0.0219 -0.0212
S 1 989 0.4032 0.5395 0.0219 0.0078
S 1 990 0.3148 -0.4369 28.5687 -23.4749
S 1 991 0.2178 4.2696 0.0014 -0.0005
S 1 992 0.2698 0.9726 2.1715 -1.9477
S 1 993 0.1945 1.7937 2.1715 1.3894
S 1 994 0.3321 2.1460 2.1715 -2.1710
S 1 995 0.6911 1.8130 2.1715 2.0968
S 1 996 0.3892 1.7643 2.1715 -2.0589
S 1 997 0.6704 0.2871 17.2522 -0.9885
S 1 998 0.1415 1.9816 17.2522 -8.9461
S 1 999 0.4005 0.9333 17.2522 -14.1224
S 1 1000 0.3392 0.8034 17.2522 -12.8127
S 1 1001 0.3185 0.7990 28.0142 1.0421
S 1 1002 0.2174 2.5600 2.1715 -2.0840
S 1 1003 0.2361 1.6675 2.1715 -1.1782
S 1 1004 0.7849 0.8821 0.0014 0.0014
S 1 1005 0.5867 0.7786 0.1406 0.0461
S 1 1006 0.2949 0.8486 0.1406 -0.0880
S 1 1007 3.5995 0.7039 0.0014 -0.0004
S 1 1008 2.7477 0.7068 4.5652 0.3068
S 1 1009 0.8710 0.6811 4.5652 -0.9641
S 1 1010 1.0111 0.7208 21.1975 -1.2729
S 1 1011 0.2927 1.0365 21.1975 2.7054
S 1 1012 0.8140 0.7712 21.1975 -3.4574
S 1 1013 0.7090 0.7630 21.7857 -4.0830
S 1 1014 45.3680 1.5854 0.0014 -0.0001
S 1 1015 19.9599 1.5763 5.6360 0.0355
S 1 1016 25.4085 1.5925 5.6360 -0.0280
S 1 1017 0.3423 1.2536 0.0014 0.0014
S 1 1018 0.3461 1.1907 2.0610 -0.5748
S 1 1019 0.1084 0.3089 2.0610 2.0412
S 1 1020 0.3995 1.4745 57.4592 -52.0313
S 1 1021 0.2200 3.9459 0.0014 -0.0014
S 1 1022 0.2549 2.8166 1.6148 -0.9492
S 1 1023 0.1567 3.8178 1.6148 1.6023
S 1 1024 2.3049 2.5803 0.0014 0.0012
S 1 1025 1.0270 2.7249 1.8447 -0.1970
S 1 1026 1.2907 2.4372 1.8447 0.1589
S 1 1027 1.9122 -1.7546 0.0014 -0.0013
S 1 1028 0.6922 -1.7994 0.4920 -0.1373
S 1 1029 0.5791 -1.8688 0.4920 -0.1339
S 1 1030 0.1775 -1.8606 34.9558 22.5597
S 1 1031 0.4019 -1.8716 34.9558 -14.4232
S 1 1032 0.1132 -1.3495 0.4920 -0.1549
S 1 1033 0.1044 -1.3623 14.0218 7.5570
S 1 1034 1.2616 -1.6969 0.4920 0.0734
S 1 1035 1.1923 -1.6653 0.4921 0.0744
S 1 1036 0.7678 -1.6655 3.3723 0.1583
S 1 1037 0.4249 -1.6640 3.3723 -0.0741
S 1 1038 0.1696 -1.6545 21.3696 6.2548
S 1 1039 0.1401 -1.6512 53.6798 -41.3422
S 1 1040 2.5384 -2.1913 0.0014 -0.0006
S 1 1041 0.4349 -1.6427 2.7867 -1.1042
S 1 1042 1.4619 -0.7163 2.7867 0.0347
S 1 1043 0.4537 -2.6270 2.7867 -1.0064
S 1 1044 0.2595 -1.9271 2.7867 -2.7126
S 1 1045 0.1426 -0.9419 2.7867 1.4954
S 1 1046 0.2169 -1.0802 2.7867 -2.7812
S 1 1047 0.2850 -0.4910 2.7867 2.7794
S 1 1048 0.2931 0.6604 2.7867 0.8336
S 1 1049 0.2797 -2.0329 2.7867 -1.8657
S 1 1050 0.2583 -1.3952 28.4849 -25.4266
S 1 1051 0.2863 -0.4963 3.6543 2.7633
S 1 1052 0.3323 -0.8708 21.0024 -10.9557
S 1 1053 0.3899 -1.1416 21.0024 -0.9731
S 1 1054 0.4967 -1.2359 2.7871 -1.7575
S 1 1055 0.3658 -1.5535 2.7871 -1.3452
S 1 1056 0.5040 -0.7939 2.7871 0.4620
S 1 1057 0.1360 0.5779 2.7871 2.0739
S 1 1058 0.1624 0.4917 2.7871 2.0718
S 1 1059 0.1177 0.4952 117.5862 108.0172
S 1 1060 0.2105 -3.2401 11.8252 6.0917
S 1 1061 0.6052 -1.7210 11.8252 11.2227
S 1 1062 0.1758 -3.0788 11.8252 -4.4951
S 1 1063 0.1591 -2.3306 11.8252 -4.9613
S 1 1064 0.2832 -2.0569 11.8252 -7.0258
S 1 1065 0.4407 -2.4650 11.8252 10.6830
S 1 1066 0.2030 -2.1037 11.8252 10.2626
S 1 1067 0.1085 -2.1075 17.7231 0.0000
S 1 1068 0.4171 -0.6559 30.3877 25.0952
S 1 1069 0.2945 0.0627 33.9612 16.5175
S 1 1070 0.2577 0.2237 33.9612 19.3041
S 1 1071 0.1795 0.2262 113.2060 0.0000
S 1 1072 0.1566 -0.2290 61.5657 -62.5592
S 1 1073 0.5945 -1.1953 0.0014 -0.0008
S 1 1074 0.3069 -1.5284 52.5069 -38.7819
S 1 1075 0.1661 0.1905 52.5069 38.3687
S 1 1076 0.3861 -0.6318 52.5069 -1.5698
S 1 1077 0.1721 -1.6260 110.7484 6.2521
S 1 1078 0.2765 -0.8669 112.9567 104.7452
S 1 1079 0.1643 -0.8173 112.9567 -112.3735
S 1 1080 0.4343 -1.2083 40.2445 -6.5539
S 1 1081 0.2998 -0.7566 18.0532 -10.2578
S 1 1082 0.1883 -0.0976 18.0532 8.5911
S 1 1083 0.7596 0.0632 18.0532 17.1620
S 1 1084 0.1789 0.3749 18.6325 15.8849
S 1 1085 0.3003 -2.6035 18.0532 -6.8611
S 1 1086 0.3434 -2.3419 18.4272 -3.5247
S 1 1087 0.1985 -1.9413 18.4272 -3.6884
S 1 1088 0.1626 -1.9425 45.4422 63.8793
S 1 1089 0.6476 -1.8795 18.0532 -12.2355
S 1 1090 0.1742 -1.7470 21.4960 -5.0102
S 1 1091 0.0843 -2.2116 21.4960 -11.2327
S 1 1092 0.2439 -1.7170 30.5435 27.0708
S 1 1093 0.4093 -0.2232 31.5348 5.6404
S 1 1094 0.4624 -3.6728 18.0532 3.4231
S 1 1095 0.4713 -3.4931 22.7603 5.6807
S 1 1096 0.7268 2.5998 27.2683 -7.3147
S 1 1097 0.1534 1.4238 27.2683 -27.9652
S 1 1098 0.3494 2.0809 27.2683 5.5768
S 1 1099 0.4811 0.6118 27.2683 11.4112
S 1 1100 0.2335 -0.3863 20.9272 -6.9853
S 1 1101 0.3573 -0.1255 30.7154 52.3229
S 1 1102 0.4782 -0.0935 0.0014 0.0012
S 1 1103 0.3264 -0.2094 52.7850 -30.3778
S 1 1104 0.1508 -0.9844 52.7850 44.7101
S 1 1105 0.4907 0.3792 52.7850 -50.7311
S 1 1106 0.1636 -0.0237 50.9089 -55.8823
S 1 1107 0.1457 -1.8187 2.8855 -2.2889
S 1 1108 0.4096 -3.4900 0.0014 0.0013
S 1 1109 0.3750 -3.3838 3.8140 1.4943
S 1 1110 0.1406 -2.8303 3.8140 -3.5585
S 1 1111 0.7842 -0.7703 55.9329 -55.2640
S 1 1112 0.5738 -0.4749 55.9329 0.0000
S 1 1113 0.3754 -0.0518 35.1051 -20.3897
S 1 1114 0.1019 -1.4809 42.5514 -42.1658
S 1 1115 0.1123 1.3643 37.5131 42.4010
S 1 1116 0.2764 0.4709 37.5131 18.7997
S 1 1117 0.2749 0.4276 37.5131 22.4985
S 1 1118 0.2429 0.4220 41.1816 33.7431
S 1 1119 0.2753 2.5445 23.8863 23.8062
S 1 1120 0.4720 0.4360 20.9074 3.4744
S 1 1121 0.7801 1.8073 29.0839 -8.9569
S 1 1122 0.2295 1.9809 29.0839 -6.5324
S 1 1123 0.5543 2.4856 29.0839 18.0223
S 1 1124 0.1472 2.6442 29.0839 24.9199
S 1 1125 0.1321 2.6435 34.9834 39.6757
S 1 1126 0.2839 1.6137 2.8216 -0.8438
S 1 1127 0.4786 2.1379 2.8216 0.5588
S 1 1128 0.1850 2.1908 2.8216 0.0131
S 1 1129 1.0541 1.5666 2.8216 -0.5728
S 1 1130 0.1237 1.0656 2.8216 2.4041
S 1 1131 1.2168 1.1834 2.8216 -1.3605
S 1 1132 0.7953 2.5305 2.8216 -0.7915
S 1 1133 0.5281 1.5002 2.8216 0.2786
S 1 1134 1.0436 1.0214 47.4041 -2.8881
S 1 1135 0.4147 1.0457 17.8054 -6.5962
S 1 1136 0.2751 2.1622 40.8894 10.8408
S 1 1137 1.0167 1.8810 2.8216 1.5999
S 1 1138 0.2268 1.3606 6.4224 3.0060
S 1 1139 0.1637 1.2311 6.4224 0.5136
S 1 1140 0.1573 1.2323 34.8089 0.0000
S 1 1141 0.1928 2.7378 0.0014 -0.0014
S 1 1142 0.2126 2.5422 1.1625 0.3438
S 1 1143 0.4340 1.1210 0.0014 -0.0014
S 1 1144 0.1662 0.0880 1.0020 -0.5148
S 1 1145 0.3072 1.3930 1.0020 0.2730
S 1 1146 0.6211 1.3303 0.0014 -0.0013
S 1 1147 0.7944 0.8372 30.0577 -13.1642
S 1 1148 0.6922 0.7831 30.8666 -18.6858
S 1 1149 0.1440 0.6834 30.8666 -8.4577
S 1 1150 0.1329 0.6844 67.5267 0.0000
S 1 1151 0.5605 0.7935 30.8666 -20.9020
S 1 1152 0.1128 0.7900 52.8697 -59.6430
S 1 1153 0.4475 0.7952 52.8697 -37.9906
S 1 1154 1.3085 -0.4926 84.3150 -60.8654
S 1 1155 0.3282 -1.3217 84.3150 84.3145
S 1 1156 0.4495 0.3942 38.8275 -27.9548
S 1 1157 0.3314 0.8985 39.6813 38.9892
S 1 1158 0.1576 -1.5216 15.8492 -1.8316
S 1 1159 0.1760 -3.5967 0.0014 -0.0006
S 1 1160 0.3058 -2.6124 0.6452 -0.0462
S 1 1161 0.1312 -2.8532 0.6452 0.1074
S 1 1162 0.5046 -0.3313 14.3071 4.6493
S 1 1163 0.3816 -0.3490 14.3071 2.5291
S 1 1164 0.3789 -0.3507 14.3709 5.1964
S 1 1165 0.5239 1.1780 0.0014 -0.0005
S 1 1166 0.4011 1.0152 0.0685 0.0336
S 1 1167 0.2531 0.8839 0.0685 0.0180
S 1 1168 0.1437 0.8822 129.7068 117.6683
S 1 1169 0.1092 0.8881 129.7068 139.6538
S 1 1170 0.1675 1.1111 0.0685 0.0533
S 1 1171 0.1387 1.1127 130.9026 119.2157
S 1 1172 0.2660 0.9422 0.0685 -0.0516
S 1 1173 0.2593 0.8439 0.0685 -0.0576
S 1 1174 0.1287 0.8480 134.8126 124.0662
S 1 1175 0.1291 0.8482 134.8126 -123.9515
S 1 1176 0.4834 -0.7611 0.0014 -0.0012
S 1 1177 0.1612 -0.3708 2.9040 -2.6338
S 1 1178 0.4477 -0.7065 2.9040 0.8681
S 1 1179 0.4148 0.0907 110.7516 112.3031
S 1 1180 0.3414 1.3448 110.7516 122.2355
S 1 1181 0.1319 -0.0251 110.7516 -116.7009
S 1 1182 0.2247 1.6899 0.0014 -0.0004
S 1 1183 0.1006 0.4519 28.4937 -18.9704
S 1 1184 0.3567 1.0655 28.4937 11.3193
S 1 1185 0.1464 2.7336 0.0014 0.0013
S 1 1186 0.1183 1.1238 0.9146 0.8946
S 1 1187 0.2071 2.2374 0.9146 -0.5246
S 1 1188 2.5327 1.5286 0.0014 0.0002
S 1 1189 2.2137 1.5217 11.4723 -0.1480
S 1 1190 0.3345 1.5317 11.4723 0.9973
S 1 1191 0.6929 -1.2290 5.9490 -3.2479
S 1 1192 0.4225 -0.4428 5.9490 -5.7633
S 1 1193 0.5696 -0.2142 5.9490 2.9180
S 1 1194 0.5696 -0.2308 5.9490 3.0019
S 1 1195 0.4942 -0.2301 117.4916 -169.3353
S 1 1196 0.4663 -0.6098 36.0078 35.9661
S 1 1197 0.8332 -1.0641 77.9629 -38.6615
S 1 1198 0.4000 -1.3262 77.9629 -78.5693
S 1 1199 0.1959 -1.3946 77.9629 -85.5524
S 1 1200 0.1023 3.3944 4.0919 -2.3274
S 1 1201 0.2157 1.9067 4.0919 -1.3827
S 1 1202 0.7832 1.5784 4.0919 3.9482
S 1 1203 0.3164 2.8082 4.0919 -4.0192
S 1 1204 1.0153 2.5642 4.0919 -3.1492
S 1 1205 0.2884 1.6291 4.0919 2.1296
S 1 1206 0.3031 1.3774 4.0919 -3.9850
S 1 1207 0.3953 0.6585 4.0919 1.7962
S 1 1208 0.2319 0.6607 92.1000 73.7883
S 1 1209 0.2922 2.9915 4.0919 3.9434
S 1 1210 0.2127 2.7309 4.0919 3.5585
S 1 1211 0.2082 2.7314 4.1969 3.6678
S 1 1212 8.6985 -0.6150 0.0014 0.0011
S 1 1213 2.5742 -0.6750 56.2805 5.0082
S 1 1214 6.1265 -0.5889 56.2805 -2.1220
S 1 1215 0.4609 -1.2860 66.3596 -72.6798
S 1 1216 0.3351 -0.6447 66.3596 60.5930
S 1 1217 0.3727 -1.3678 66.3596 -54.5816
S 1 1218 0.5591 -1.3573 61.3331 75.0719
S 1 1219 0.3697 -0.9368 61.3331 0.0000
S 1 1220 0.3739 -1.8939 17.2499 -15.9244
S 1 1221 0.1747 -1.0633 17.2499 3.9094
S 1 1222 0.4561 -1.2045 16.6440 -14.5857
S 1 1223 0.3378 -1.0266 16.6440 -7.5471
S 1 1224 0.3387 -0.7698 70.7050 -73.9329
S 1 1225 1.3776 0.0013 0.0014 -0.0001
S 1 1226 0.8305 -0.0994 0.6455 -0.1401
S 1 1227 0.5967 0.1412 0.6455 0.1949
S 1 1228 0.4434 -0.2767 38.9944 11.3738
S 1 1229 0.3278 -0.8124 54.4913 58.9089
S 1 1230 0.5099 0.7127 83.3241 -31.4599
S 1 1231 0.1077 -0.9094 83.3241 75.7752
S 1 1232 0.3991 1.7598 17.2167 -12.8889
S 1 1233 0.7711 0.8737 17.2167 8.6871
S 1 1234 0.4709 0.5570 35.0316 -3.6923
S 1 1235 0.5715 1.5410 20.8863 -3.0161
S 1 1236 0.2533 1.3458 20.8863 -9.4030
S 1 1237 0.3818 0.8189 20.8863 17.1173
S 1 1238 0.4627 0.9353 20.8863 -17.3934
S 1 1239 0.3379 1.0114 20.8862 -18.8973
S 1 1240 0.3184 1.0102 117.7334 153.9954
S 1 1241 0.4819 0.8288 95.9291 98.0672
S 1 1242 0.9138 2.7571 0.0014 0.0012
S 1 1243 0.8103 2.5858 1.1971 -0.1569
S 1 1244 0.1592 3.1316 1.1971 0.8291
S 1 1245 0.3274 0.9508 110.4020 0.0000
S 1 1246 0.7260 0.9944 0.0014 -0.0004
S 1 1247 0.1682 1.9676 2.2117 -1.6774
S 1 1248 0.3406 0.2674 2.2117 -0.1183
S 1 1249 0.1613 0.0546 20.9044 24.4627
S 1 1250 0.2574 -0.0597 22.5682 -22.4687
S 1 1251 0.6570 0.4787 17.8841 -2.2916
S 1 1252 1.3421 -1.5123 0.0014 0.0012
S 1 1253 0.6274 -1.7841 0.4935 0.0385
S 1 1254 0.7177 -1.1987 0.4935 -0.0313
S 1 1255 0.5736 -1.1535 119.2695 -70.3170
S 1 1256 0.2793 -1.1783 119.2695 0.0000
S 1 1257 1.2256 2.1984 0.0014 0.0009
S 1 1258 1.1462 2.1524 0.4042 -0.0127
S 1 1259 0.2398 -0.0972 23.0536 13.3536
S 1 1260 0.1280 0.2394 15.4272 0.0000
S 1 1261 0.2131 -1.5599 20.8797 13.8737
S 1 1262 0.3124 2.3921 40.0676 -22.5675
S 1 1263 0.2848 1.2579 40.0676 0.0000
S 1 1264 0.3818 1.9857 40.0676 7.5139
S 1 1265 0.3857 1.9503 40.0676 14.0837
S 1 1266 0.2993 1.9936 40.0038 -4.0663
S 1 1267 0.4383 3.0066 0.0014 0.0004
S 1 1268 1.0198 1.1125 25.8084 25.3455
S 1 1269 0.2130 2.2481 25.8084 -6.8333
S 1 1270 0.4470 -0.1330 25.8084 -16.2673
S 1 1271 0.6639 0.9628 25.8084 -25.7317
S 1 1272 0.4439 1.0905 25.8084 -25.7483
S 1 1273 0.2918 1.0904 26.1771 -21.7702
S 1 1274 0.1519 1.0924 26.1771 -26.0361
S 1 1275 0.1620 0.8165 25.8305 0.0000
S 1 1276 2.3724 0.4106 118.1196 -1.0034
S 1 1277 0.5692 4.0399 5.4405 -1.0688
S 1 1278 0.2832 3.6680 5.4405 2.2409
S 1 1279 0.2004 1.7630 5.4405 -5.3727
S 1 1280 0.1600 2.4045 5.4405 -5.1392
S 1 1281 0.1613 4.4465 5.4405 -0.9533
S 1 1282 0.2519 1.5064 5.4405 2.1644
S 1 1283 0.0947 2.8472 5.4405 -4.0706
S 1 1284 0.3028 1.6087 10.0892 -7.4061
S 1 1285 0.5413 0.6532 5.4099 -5.3181
S 1 1286 0.2433 -0.0243 5.4099 0.7360
S 1 1287 2.3248 4.2100 0.0014 -0.0012
S 1 1288 0.3901 3.9703 1.4060 -0.1791
S 1 1289 1.9398 4.2494 1.4060 0.0345
S 1 1290 1.9592 5.4372 0.0014 -0.0012
S 1 1291 0.2862 2.5465 2.1961 0.3452
S 1 1292 0.2197 2.9398 2.1961 2.1958
S 1 1293 0.8135 2.0851 2.1961 0.3995
S 1 1294 0.3336 1.7217 2.1961 1.0201
S 1 1295 0.8400 2.4129 2.1961 -2.1230
S 1 1296 0.2352 3.6431 2.1961 0.5682
S 1 1297 0.1576 2.3351 62.9901 19.9716
S 1 1298 1.0488 5.3878 2.1961 -0.1654
S 1 1299 0.4586 3.5493 2.2649 -2.0010
S 1 1300 0.2174 4.1436 2.2649 -0.5323
S 1 1301 0.3822 1.1663 2.2649 1.8938
S 1 1302 0.4269 1.6911 2.2649 -0.9949
S 1 1303 0.1740 2.1566 2.2649 0.8972
S 1 1304 0.4329 2.0150 2.2649 1.7585
S 1 1305 0.2807 1.1227 2.2649 1.8467
S 1 1306 0.5994 4.1255 2.2649 -1.1588
S 1 1307 0.1599 4.9769 2.2649 -0.6698
S 1 1308 0.2870 1.7743 2.2649 1.8346
S 1 1309 0.2876 2.8795 2.2649 -1.9428
S 1 1310 0.2032 0.8682 2.2649 2.2622
S 1 1311 0.1272 1.6494 2.2649 -1.8037
S 1 1312 0.1070 0.6521 2.2649 -0.6195
S 1 1313 0.2556 2.1811 52.1426 39.9323
S 1 1314 0.2351 0.7842 2.2401 1.4063
S 1 1315 0.3727 1.6404 2.2401 -1.9175
S 1 1316 0.3106 2.0293 2.2401 -1.0652
S 1 1317 0.7237 1.5262 2.2401 -2.2284
S 1 1318 0.6290 1.5695 2.2401 -2.2158
S 1 1319 0.4796 1.5688 2.2203 -2.2159
S 1 1320 0.1495 1.5709 2.2203 -2.2158
S 1 1321 0.5843 1.9354 2.2401 1.7864
S 1 1322 0.2654 0.9832 2.2401 1.3109
S 1 1323 0.2513 2.2571 2.2401 2.1346
S 1 1324 0.2769 1.5632 2.2401 2.2270
S 1 1325 0.2176 1.3330 2.2649 2.0993
S 1 1326 0.2350 1.1585 2.2649 2.1287
S 1 1327 0.2257 1.1645 2.2383 2.1403
S 1 1328 0.1966 -0.4958 2.2649 -0.1967
S 1 1329 0.1384 -0.8532 2.2649 -0.0301
S 1 1330 0.1214 -0.8467 26.3609 -17.6560
S 1 1331 0.1468 6.0714 2.2649 0.7521
S 1 1332 0.3005 3.2003 2.7127 -1.9195
S 1 1333 0.4905 2.1366 2.7127 -2.0864
S 1 1334 0.1581 2.2890 2.7127 1.6130
S 1 1335 0.3472 -1.2627 2.7127 -1.5445
S 1 1336 0.3475 2.3977 2.7127 2.2141
S 1 1337 0.5471 3.6184 2.7127 -0.1714
S 1 1338 0.3759 2.4670 2.7127 2.6197
S 1 1339 0.5349 -0.3956 2.7127 2.6996
S 1 1340 0.1106 1.2701 2.7127 -0.9475
S 1 1341 0.2244 -1.3007 52.4263 -63.8566
S 1 1342 0.1759 3.1227 2.7276 -1.5810
S 1 1343 0.2601 5.1612 2.1961 0.9598
S 1 1344 0.2273 0.2092 2.2377 0.8232
S 1 1345 0.1373 3.9594 2.2377 2.1760
S 1 1346 0.2867 1.6785 2.2377 1.4970
S 1 1347 0.3134 3.1154 2.2377 -0.9101
S 1 1348 0.6789 1.4019 2.2377 0.0232
S 1 1349 0.3422 2.6725 2.2377 0.0282
S 1 1350 0.5068 2.1720 2.2377 0.0185
S 1 1351 0.2741 2.7000 2.2377 -1.5622
S 1 1352 0.1049 1.9980 2.2377 -1.4559
S 1 1353 0.1356 -1.5648 2.2377 0.6857
S 1 1354 0.3555 0.3868 2.2377 -2.0703
S 1 1355 0.2199 2.2943 2.2377 1.9246
S 1 1356 0.3092 1.9037 2.2634 0.2070
S 1 1357 0.1791 3.6628 32.0847 -10.0978
S 1 1358 0.2516 2.4984 2.2377 -2.2364
S 1 1359 0.1475 1.7351 2.2377 -0.8697
S 1 1360 0.4430 1.6049 2.2377 2.2075
S 1 1361 0.2860 1.2032 2.2377 2.1551
S 1 1362 0.9159 3.3945 2.1961 -2.0387
S 1 1363 0.1610 3.8220 2.1961 -1.9976
S 1 1364 0.3184 3.3317 2.1961 -1.9753
S 1 1365 0.4385 3.2249 2.1961 -2.0895
S 1 1366 0.1546 3.2743 2.1961 -1.8737
S 1 1367 0.1145 3.9356 20.4839 -7.3235
S 1 1368 1.4277 -1.7203 0.0014 -0.0010
S 1 1369 0.8615 -1.4796 40.1737 -4.5997
S 1 1370 0.3035 -1.2316 40.1737 -32.6840
S 1 1371 0.2626 -1.3017 40.1737 -2.1505
S 1 1372 0.1545 1.7642 40.1737 40.8162
S 1 1373 0.2187 -1.1177 40.1737 2.2524
S 1 1374 0.1685 -0.7049 40.1737 -6.4637
S 1 1375 0.1305 -0.7007 29.5467 -22.4353
S 1 1376 0.7406 -1.2293 40.1737 -2.8371
S 1 1377 0.6895 -0.7788 117.5298 -96.6111
S 1 1378 0.6236 -2.6849 0.0014 -0.0007
S 1 1379 0.8884 -0.6474 7.8452 1.1663
S 1 1380 0.8344 -1.0741 7.8452 -5.4342
S 1 1381 0.5465 -5.1757 0.0014 -0.0013
S 1 1382 0.2510 -0.5919 2.1832 1.9647
S 1 1383 0.2544 -4.5893 2.1832 -2.0927
S 1 1384 0.4966 -0.3574 2.1832 1.1142
S 1 1385 0.3680 -5.0916 2.1832 -1.7075
S 1 1386 0.3239 -4.9750 2.1832 -1.5011
S 1 1387 0.2857 -4.9752 2.2511 -1.5542
S 1 1388 0.1411 -3.0415 2.2584 -1.5017
S 1 1389 0.1890 -2.8057 2.2584 0.7350
S 1 1390 0.3195 -1.9354 2.2584 2.2276
S 1 1391 0.2584 -2.0828 2.2584 -1.4595
S 1 1392 0.2422 -1.9027 2.2584 -1.7453
S 1 1393 0.1570 -3.4979 2.2584 -0.8571
S 1 1394 0.2022 -2.9007 2.2584 1.2136
S 1 1395 0.1942 -2.5967 2.2584 0.1964
S 1 1396 0.3793 -1.1476 2.2584 0.5503
S 1 1397 0.3664 -1.1599 32.0572 -0.5430
S 1 1398 0.7397 -0.8231 7.5749 3.2125
S 1 1399 0.5493 -0.8827 7.5749 -4.4231
S 1 1400 0.9358 -0.3960 2.1832 1.4080
S 1 1401 0.1369 -0.3609 2.1832 1.7933
S 1 1402 0.6940 -0.4128 2.1832 1.2975
S 1 1403 0.4529 -0.8517 110.2931 -114.8236
S 1 1404 0.2368 -0.6280 26.2314 28.8311
S 1 1405 0.3025 -2.7922 26.2314 -18.5189
S 1 1406 0.2999 -2.6037 26.2314 -18.2709
S 1 1407 0.2404 -2.6030 29.4224 1.2742
S 1 1408 0.5975 -2.6323 17.9269 5.6812
S 1 1409 0.3288 2.4190 6.7678 -4.2809
S 1 1410 0.6111 0.9093 25.8193 -22.6762
S 1 1411 0.9265 -5.4850 0.0014 0.0006
S 1 1412 0.1234 -3.7166 2.1785 0.3004
S 1 1413 0.3119 -3.9860 2.1785 -0.5585
S 1 1414 0.2467 -3.7743 2.1785 -1.4301
S 1 1415 0.6186 -1.4749 2.1785 1.2456
S 1 1416 0.6904 -1.7696 2.1785 1.4226
S 1 1417 1.1025 -1.3656 2.1785 -1.4696
S 1 1418 0.4530 -2.2490 2.1785 -2.1246
S 1 1419 1.5999 -1.2464 2.1785 -0.2206
S 1 1420 0.8243 -4.4526 2.1785 -0.9317
S 1 1421 0.2803 -2.8999 2.1785 -2.0667
S 1 1422 0.3507 -3.3573 2.1785 2.1456
S 1 1423 0.7846 -2.3735 2.1785 1.7739
S 1 1424 0.2827 -1.8125 2.1785 1.7717
S 1 1425 0.5872 -3.5024 2.1785 -0.9511
S 1 1426 0.2329 -0.9875 2.1785 1.2886
S 1 1427 0.1232 -3.2401 61.2316 -10.3950
S 1 1428 0.1096 -0.9347 3.3483 1.5830
S 1 1429 0.1301 -1.7516 3.3483 1.8679
S 1 1430 0.2695 -2.5111 3.3483 -0.4880
S 1 1431 0.8815 -1.0801 3.3483 -2.1659
S 1 1432 0.1924 -2.2972 3.4215 -0.3646
S 1 1433 0.2101 -2.8767 3.4215 2.3191
S 1 1434 0.1478 -2.8328 4.5427 -1.1984
S 1 1435 0.1026 -3.0183 46.9587 4.2776
S 1 1436 0.4054 -2.3165 2.1953 -0.6968
S 1 1437 0.3282 -1.3555 2.2034 -0.7321
S 1 1438 0.3078 -1.3195 2.2034 2.1092
S 1 1439 0.3038 -1.2671 2.2034 2.1603
S 1 1440 0.3552 -0.5189 2.3032 2.1584
S 1 1441 0.4467 -3.5965 2.1785 -1.9562
S 1 1442 0.4037 -3.6056 2.0946 -1.9207
S 1 1443 0.1134 2.4776 2.1898 2.0994
S 1 1444 0.4108 1.4691 2.1898 -0.8704
S 1 1445 0.3194 1.2488 2.1898 -0.7902
S 1 1446 0.2065 1.2490 3.1274 -0.5110
S 1 1447 0.1129 1.2487 3.1274 -1.2193
S 1 1448 0.1212 3.5101 2.1898 0.7150
S 1 1449 0.1234 3.3584 2.1898 0.0992
S 1 1450 0.1146 1.6810 2.4464 -1.2643
S 1 1451 0.1216 1.5441 10.8280 -1.4061
S 1 1452 0.1314 1.8243 18.6127 13.4140
S 1 1453 0.3613 2.1452 18.6127 -5.4465
S 1 1454 0.2707 1.4153 18.6127 18.6044
S 1 1455 0.1151 3.0991 18.6127 -16.6746
S 1 1456 0.5474 2.3898 18.6127 -12.4647
S 1 1457 0.2426 3.3703 18.6127 4.8364
S 1 1458 0.1513 0.0980 18.6127 -4.4342
S 1 1459 0.2222 1.1070 18.6127 -14.1137
S 1 1460 0.5182 1.4699 18.6127 2.7334
S 1 1461 0.2134 1.6002 18.6127 -2.2458
S 1 1462 0.1329 1.5998 32.7022 21.9177
S 1 1463 0.3710 1.2116 18.6127 11.7518
S 1 1464 0.2116 1.4697 18.6127 11.2917
S 1 1465 0.1902 1.4723 31.8136 -12.9137
S 1 1466 1.4213 2.3157 1.7293 0.0078
S 1 1467 0.3197 1.5936 16.7376 4.8192
S 1 1468 0.3614 1.4880 16.7376 6.0709
S 1 1469 0.4179 1.0809 18.0358 -9.5582
S 1 1470 6.5918 1.8396 10.5238 0.2655
S 1 1471 1.6487 1.7887 10.5238 -1.0714
S 1 1472 1.5840 1.7819 10.5238 -0.8987
S 1 1473 0.2082 1.7835 17.7371 6.5360
S 1 1474 1.3763 1.7812 17.7371 -2.1779
S 1 1475 2.6129 1.2470 26.6429 7.8900
S 1 1476 1.0244 1.6704 26.6429 -26.2789
S 1 1477 0.5219 1.7678 26.6429 -25.8781
S 1 1478 0.1289 1.7704 30.1776 -32.6884
S 1 1479 0.3929 1.7672 30.1776 -27.8557
S 1 1480 0.1491 0.6483 15.2554 9.4914
S 1 1481 0.1650 0.2092 15.2554 -8.7765
S 1 1482 0.1526 0.4590 15.2554 -10.6422
S 1 1483 0.1490 0.4589 129.8434 0.0000
S 1 1484 1.0745 -0.1546 84.2412 -18.4620
S 1 1485 0.3284 0.6294 84.2412 69.7632
S 1 1486 0.6613 -0.7576 117.2854 -58.4357
S 1 1487 0.4870 0.4578 117.2854 128.9284
S 1 1488 0.5910 -0.5014 119.1548 140.8400
S 1 1489 0.3657 -0.5674 119.1548 -116.0849
S 1 1490 0.4891 0.5604 12.0561 8.7707
S 1 1491 0.2948 0.2399 12.0561 -10.5158
S 1 1492 0.4899 0.2546 70.2622 72.7256
S 1 1493 0.2562 1.0859 67.8604 78.1153
S 1 1494 0.6639 -1.4880 50.5556 24.3894
S 1 1495 0.5168 -4.3409 0.5378 0.0561
S 1 1496 0.3480 -3.0889 2.1821 1.2793
S 1 1497 0.4463 -3.0441 2.1821 0.3957
S 1 1498 0.3908 -1.1113 0.0014 0.0002
S 1 1499 0.4371 -0.8770 7.2499 -0.1644
S 1 1500 0.3322 -0.3493 10.7281 -4.6759
S 1 1501 0.1476 -1.5131 10.7281 1.3634
S 1 1502 0.1093 -1.5084 118.2612 -108.7712
S 1 1503 0.2170 -1.5352 2.2393 -2.0551
S 1 1504 0.4047 0.0789 2.2393 -1.3597
S 1 1505 0.1975 -1.0054 2.2393 -1.0938
S 1 1506 0.1677 -1.7998 2.2393 0.2449
S 1 1507 0.1548 -1.5432 2.2393 -2.0308
S 1 1508 0.4823 -2.5940 2.2393 -0.5938
S 1 1509 0.2213 -1.5279 2.2393 2.2261
S 1 1510 0.6192 -2.2869 2.2393 1.4138
S 1 1511 0.5939 -2.2478 2.2393 1.4955
S 1 1512 0.3068 -2.2512 48.7781 28.9242
S 1 1513 0.2870 -2.2449 48.7781 -28.3952
S 1 1514 0.3495 -0.6012 27.6676 -18.6421
S 1 1515 0.2068 -0.5439 27.3229 -31.8413
S 1 1516 0.1718 -1.4867 9.6127 5.0078
S 1 1517 0.6814 -0.3732 30.1851 -9.7775
S 1 1518 0.2677 -0.2745 30.1851 1.7991
S 1 1519 0.9701 0.5565 17.0032 -2.0076
S 1 1520 0.2471 -0.9534 108.5929 109.0375
S 1 1521 0.2624 3.9706 0.1758 -0.0650
S 1 1522 0.2785 4.6640 0.1758 0.0625
S 1 1523 0.1627 0.1430 2.2461 -0.2842
S 1 1524 0.2470 2.1537 2.2461 -1.6643
S 1 1525 0.5577 1.9645 2.2461 0.5154
S 1 1526 0.9160 -0.0504 2.2461 2.2210
S 1 1527 0.3727 1.9599 24.2709 4.7906
S 1 1528 0.0254 4.8695 2.2461 -1.6060
S 1 1529 0.2005 0.3361 3.4840 -2.9633
S 1 1530 0.4725 1.3576 3.4840 -2.2015
S 1 1531 0.2433 0.8046 3.4840 0.9158
S 1 1532 0.1854 -1.2935 33.9058 -24.7615
S 1 1533 0.1586 -1.4251 33.9058 -20.6419
S 1 1534 0.1178 -1.4206 36.6351 -32.9788
S 1 1535 0.3511 -0.2824 27.5144 1.4489
S 1 1536 0.1379 -1.1248 52.4809 52.5183
S 1 1537 0.1380 0.9614 10.7839 -9.6546
S 1 1538 0.1846 -0.3097 10.7839 10.4998
S 1 1539 0.2178 0.2421 10.7839 -7.3178
S 1 1540 0.2746 -2.1513 6.4006 -0.9555
S 1 1541 0.3710 -0.5797 6.3971 -0.3615
S 1 1542 0.9047 -0.9421 6.3971 -2.0443
S 1 1543 1.3377 -0.4159 6.3971 0.3003
S 1 1544 0.8327 -0.3493 6.3971 0.5854
S 1 1545 0.6576 -0.3494 117.2790 73.4934
S 1 1546 0.1751 -0.3484 117.2790 -103.0550
S 1 1547 0.3546 -0.5120 33.6829 -0.1324
S 1 1548 0.2992 -1.4060 2.8385 -2.5066
S 1 1549 1.0063 -1.2648 6.0104 2.7992
S 1 1550 0.4484 -0.7514 6.0104 -5.9930
S 1 1551 0.1913 0.5380 6.0104 -0.6164
S 1 1552 0.1999 0.5725 6.0104 -0.0468
S 1 1553 0.1893 0.5725 35.6755 -22.7918
S 1 1554 0.2846 0.2719 82.8735 0.0000
S 1 1555 0.2200 0.6683 82.8735 79.3923
S 1 1556 0.2714 0.2658 82.8735 89.5355
S 1 1557 0.2187 0.1714 62.0287 -49.7759
S 1 1558 0.2486 0.2431 54.7988 -53.5683
S 1 1559 0.6076 0.4886 113.2358 104.5514
S 1 1560 0.2159 1.3533 113.2358 113.3220
S 1 1561 0.3218 1.5149 113.2358 123.3220
S 1 1562 0.2348 0.5502 113.2358 101.9697
S 1 1563 0.1710 -1.7290 107.1122 108.3821
S 1 1564 0.3784 0.4664 107.1122 -108.6777
S 1 1565 0.8315 1.3268 0.0014 0.0010
S 1 1566 0.8012 1.3501 53.3236 -2.0255
S 1 1567 0.3003 -1.3082 21.0444 -3.9590
S 1 1568 0.3553 -0.5374 21.0444 -13.1240
S 1 1569 0.1499 -1.6395 21.0444 20.6229
S 1 1570 0.2132 -0.5134 11.6263 -8.1643
S 1 1571 0.1814 -1.1245 3.9452 0.1448
S 1 1572 0.2710 3.9060 4.9786 -2.1990
S 1 1573 0.3052 1.6529 4.9786 -4.1997
S 1 1574 0.7065 2.1721 4.9786 0.7790
S 1 1575 0.3286 1.4404 4.9786 -0.4059
S 1 1576 0.2435 1.4224 4.9786 0.8398
S 1 1577 0.1836 1.4144 17.2410 8.0544
S 1 1578 0.5883 1.3767 4.9786 4.9449
S 1 1579 0.5452 1.4556 27.1194 3.8087
S 1 1580 0.2055 2.1159 34.2807 22.3822
S 1 1581 0.3397 0.7170 34.2807 -12.9440
S 1 1582 0.5174 2.1604 4.9786 -1.2087
S 1 1583 0.3031 1.6752 4.9786 -1.3056
S 1 1584 0.3811 0.7571 52.3501 -37.1992
S 1 1585 0.8612 -0.1688 52.3501 25.5815
S 1 1586 0.4373 -0.2810 52.3501 69.3570
S 1 1587 0.1756 -0.0745 52.3501 -56.5617
S 1 1588 0.1431 1.0826 50.7267 -50.3230
S 1 1589 0.2306 0.7564 102.2710 102.7572
O 1 5 1722 6.5335 1.3474 -2.3032 0.1562 0.0243 0.8194 0.7730 67.8502 1 0
O 1 7 3958 0.0705 1.2997 -2.2437 0.0320 0.0048 0.9632 1.0942 96.0523 0 0
O 1 10 3976 11.0884 1.3676 -2.3075 0.0020 0.7075 0.2905 1.3627 119.6205 1 0
O 1 13 1772 9.0930 0.8749 -2.2686 0.0007 0.8103 0.1890 0.8750 76.8040 1 0
O 1 14 1764 4.2787 0.8915 -2.2602 0.7426 0.0627 0.1946 4.4095 387.0631 1 0
O 1 18 1824 10.1315 1.0196 -2.2498 0.0008 0.7959 0.2034 1.0151 89.1076 1 0
O 1 19 6451 6.5810 0.8764 -2.2738 0.0010 0.7792 0.2198 0.9699 85.1350 1 0
O 1 21 1866 9.9548 1.1348 -2.3065 0.0012 0.7580 0.2408 1.1162 97.9824 1 0
O 1 25 1910 8.3717 1.0760 -2.2700 0.0026 0.5685 0.4289 1.0915 95.8090 1 0
O 1 27 4340 9.5369 1.0316 -2.2700 0.0041 0.2960 0.6998 1.0374 91.0639 1 0
O 1 32 1901 8.9845 1.0496 -2.2700 0.0020 0.6221 0.3760 1.0491 92.0861 1 0
O 1 34 6602 9.6524 0.9965 -2.2700 0.0033 0.3460 0.6506 0.9975 87.5619 1 0
O 1 38 1907 8.0001 1.0641 -2.2775 0.0014 0.7687 0.2299 1.2011 105.4297 1 0
O 1 41 1937 3.8756 1.2413 -2.2991 0.4737 0.0052 0.5211 1.0548 92.5895 0 0
O 1 44 15171 0.2485 10.1718 -2.1981 0.3656 0.0013 0.6331 1.1293 99.1341 0 0
O 1 47 5842 8.4149 1.3491 -2.3267 0.0013 0.7893 0.2094 1.4186 124.5280 1 0
O 1 49 5865 8.2143 0.9909 -2.2729 0.0011 0.7854 0.2134 1.0609 93.1281 1 0
O 1 51 5925 9.8497 2.1360 -2.3604 0.0024 0.7226 0.2750 2.1251 186.5450 1 0
O 1 52 3557 8.4126 1.9611 -2.2790 0.0062 0.6683 0.3255 2.2020 193.2954 1 0
O 1 53 1406 9.4290 1.0972 -2.3267 0.0069 0.1082 0.8849 1.1001 96.5696 1 0
O 1 57 5987 9.0092 0.9669 -2.2643 0.0011 0.7826 0.2163 0.9583 84.1212 1 0
O 1 59 8011 6.4427 1.3712 -2.3602 0.5052 0.1206 0.3742 4.9419 433.7978 1 0
O 1 60 8009 7.2118 1.3752 -2.3602 0.3570 0.1285 0.5145 3.1446 276.0295 1 0
O 1 62 5992 8.8877 0.9672 -2.2643 0.0008 0.8218 0.1774 0.9525 83.6078 1 0
O 1 63 3603 8.9498 1.5644 -2.3602 0.0014 0.7834 0.2152 1.5960 140.0940 1 0
O 1 66 1482 8.6713 1.5995 -2.3021 0.0012 0.6986 0.3003 1.5852 139.1510 1 0
O 1 70 1664 10.7408 2.4687 -2.3106 0.0095 0.5849 0.4057 2.5024 219.6612 1 0
O 1 74 1670 11.0863 6.8906 -2.3276 0.0134 0.3665 0.6201 6.8454 600.8911 1 0
O 1 78 6235 7.1175 7.5318 -2.3276 0.0209 0.4270 0.5521 5.0148 440.2002 1 0
O 1 79 8339 6.2522 0.8887 -2.3721 0.0014 0.7758 0.2228 0.8536 74.9307 1 0
O 1 80 3955 8.9481 1.3268 -2.1721 0.0018 0.6819 0.3163 1.3717 120.4070 1 1 136
O 1 81 3996 10.7126 2.4585 -2.1101 0.0014 0.7413 0.2573 2.4426 214.4152 1 0
O 1 82 4041 8.5746 1.4740 -2.1108 0.0011 0.7646 0.2343 1.4187 124.5310 1 0
O 1 84 4045 8.2393 1.2821 -2.1745 0.0009 0.7635 0.2356 1.1552 101.4015 1 0
O 1 86 4000 1.6634 2.4632 -2.1442 0.0007 0.8238 0.1756 0.8118 71.2611 0 0
O 1 88 1802 2.2195 1.0898 -2.1313 0.0050 0.4528 0.5423 1.1231 98.5874 0 0
O 1 92 6407 9.4787 1.0592 -2.2083 0.0011 0.7689 0.2300 1.0579 92.8590 1 0
O 1 95 1837 9.1195 0.8808 -2.2002 0.0010 0.7449 0.2541 0.8558 75.1180 1 0
O 1 96 1887 0.9503 0.9676 -2.2343 0.0075 0.0522 0.9403 0.9377 82.3078 0 0
O 1 97 14706 -0.0475 0.9925 -2.1043 0.7937 0.0092 0.1970 2.3276 204.3139 0 0
O 1 103 1965 10.0281 1.4380 -2.2298 0.0015 0.7686 0.2300 1.4643 128.5330 1 0
O 1 104 4446 8.9026 1.3986 -2.2298 0.0030 0.4500 0.5470 1.2637 110.9253 1 0
O 1 106 1964 10.2434 1.4395 -2.2298 0.0011 0.7946 0.2042 1.4139 124.1079 1 0
O 1 113 1573 10.5554 2.3011 -2.1724 0.0019 0.7993 0.1988 2.2852 200.5971 1 0
O 1 114 1569 9.7242 1.9258 -2.2326 0.0025 0.7655 0.2320 1.9559 171.6929 1 0
O 1 115 1568 5.7601 1.8889 -2.2367 0.4957 0.1737 0.3305 40.8684 3587.4321 0 0
O 1 124 4233 9.7714 1.0654 -2.0895 0.0016 0.7698 0.2285 1.0641 93.4094 1 1 209
O 1 126 1945 8.9218 1.5152 -2.0961 0.0013 0.8283 0.1704 1.7041 149.5885 1 0
O 1 131 3400 8.9434 1.2404 -2.0947 0.0024 0.4935 0.5040 1.2296 107.9380 1 0
O 1 133 1446 8.5742 2.6959 -2.0875 0.0054 0.7051 0.2895 2.8461 249.8281 1 0
O 1 136 1562 8.0041 1.0006 -2.0942 0.0009 0.8161 0.1831 1.0772 94.5551 1 0
O 1 137 177 7.6501 0.9298 -2.0291 0.0012 0.7741 0.2248 0.9194 80.7010 1 0
O 1 140 3883 9.8487 1.6200 -1.9948 0.0019 0.7779 0.2202 1.6256 142.6947 1 0
O 1 141 252 8.1529 1.4829 -1.9948 0.0013 0.7833 0.2154 1.5176 133.2107 1 0
O 1 142 3893 9.2802 1.6871 -2.0391 0.0013 0.8028 0.1959 1.7837 156.5716 1 0
O 1 144 1650 2.5270 0.8440 -1.9487 0.0329 0.0009 0.9662 0.8191 71.9008 0 0
O 1 155 1844 8.1347 1.1339 -1.9398 0.0009 0.7938 0.2053 1.1509 101.0274 1 0
O 1 156 4248 7.8108 1.2251 -1.9869 0.0011 0.7824 0.2165 1.3342 117.1187 1 0
O 1 162 4397 10.4673 2.2936 -1.9745 0.0015 0.8358 0.1626 2.2684 199.1201 1 0
O 1 165 4403 7.2462 1.4148 -1.9550 0.0038 0.3040 0.6923 1.2967 113.8282 1 0
O 1 167 1385 2.0643 1.4245 -1.9380 0.2926 0.0504 0.6570 1.1316 99.3329 0 0
O 1 169 1389 10.3671 1.9993 -1.9681 0.0021 0.7381 0.2598 2.0314 178.3179 1 0
O 1 171 4456 7.9846 0.9929 -1.9633 0.0013 0.7060 0.2928 0.9949 87.3326 1 0
O 1 172 4455 7.2189 0.9826 -1.9614 0.0013 0.6987 0.2999 1.0276 90.2054 1 0
O 1 174 1971 8.2499 0.9859 -1.9614 0.0024 0.5182 0.4794 0.9920 87.0751 1 0
O 1 175 4449 7.5714 0.9773 -1.9633 0.0018 0.6382 0.3601 0.9628 84.5126 1 0
O 1 179 13800 8.1160 1.8771 -1.9869 0.0022 0.7828 0.2150 2.0045 175.9514 1 0
O 1 195 4350 7.9014 0.8457 -1.8672 0.0035 0.6411 0.3554 0.8028 70.4699 1 0
O 1 205 1463 4.0611 1.2693 -1.7717 0.0800 0.2958 0.6241 3.0149 264.6487 1 0
O 1 206 101 7.3179 0.9366 -1.8746 0.0015 0.7789 0.2196 0.9103 79.9021 1 0
O 1 208 113 9.9843 1.3142 -1.8948 0.0015 0.7852 0.2133 1.3060 114.6391 1 0
O 1 209 1577 6.9647 1.0133 -1.8556 0.0020 0.6611 0.3369 0.9922 87.0986 1 0
O 1 212 3765 4.2568 1.3899 -1.8809 0.0023 0.7358 0.2620 1.5448 135.6045 1 0
O 1 215 305 1.4235 0.9021 -1.7715 0.6314 0.0108 0.3578 1.1626 102.0505 0 0
O 1 223 1691 2.7578 1.1577 -1.8767 0.7116 0.0522 0.2361 1.4206 124.6978 1 0
O 1 235 15070 0.1998 1.7433 -1.7085 0.0406 0.1612 0.7982 3.4488 302.7384 0 0
O 1 254 15101 0.1917 1.3255 -1.7714 0.0436 0.4059 0.5505 10.9555 961.6735 0 0
O 1 267 1517 4.2563 0.9883 -1.7717 0.0042 0.5527 0.4431 0.8637 75.8161 1 0
O 1 271 220 3.1988 1.2065 -1.7805 0.0047 0.5238 0.4715 1.2646 111.0038 0 0
O 1 274 14647 0.8167 0.8764 -1.6552 0.0065 0.5152 0.4783 1.3209 115.9527 0 0
O 1 280 14720 2.5103 0.8459 -1.6492 0.0029 0.6970 0.3001 1.7829 156.5001 0 0
O 1 305 13805 3.5701 0.8436 -1.7091 0.0043 0.6763 0.3194 2.1572 189.3622 1 0
O 1 306 14624 1.6999 2.2731 -1.6487 0.0039 0.6956 0.3005 1.7756 155.8586 0 0
O 1 308 1635 -0.3664 1.0319 -1.7005 0.0091 0.6220 0.3689 1.3066 114.6937 0 0
O 1 313 232 4.6479 0.8694 -1.7095 0.0025 0.6747 0.3228 1.3333 117.0408 1 0
O 1 322 13823 -3.7143 3.2592 -1.4963 0.5370 0.0014 0.4616 1.2266 107.6720 0 0
O 1 329 15116 1.5919 1.6963 -1.5951 0.0050 0.6832 0.3118 2.3537 206.6105 0 0
O 1 334 1967 2.2232 0.8335 -1.5884 0.5224 0.0914 0.3862 0.7403 64.9845 0 0
O 1 339 15094 3.8555 0.9832 -1.5885 0.5891 0.0066 0.4043 0.8803 77.2695 0 0
O 1 341 14702 3.3758 0.9516 -1.5493 0.5152 0.0002 0.4847 1.3094 114.9370 0 0
O 1 348 14990 -4.1068 1.0322 -1.7008 0.7209 0.0527 0.2264 1.0972 96.3163 0 0
O 1 349 15015 -2.0449 1.0838 -1.4090 0.7526 0.0001 0.2473 0.9852 86.4832 0 0
O 1 350 1637 1.8964 1.0297 -1.5496 0.5563 0.1194 0.3243 22.6594 1989.0432 0 0
O 1 351 212 0.7464 1.6774 -1.4889 0.8375 0.0003 0.1621 0.9010 79.0927 0 0
O 1 355 226 -1.1491 0.7977 -1.5496 0.1155 0.0179 0.8667 0.8995 78.9546 0 0
O 1 361 15006 1.0279 2.3567 -1.6561 0.3578 0.0197 0.6225 1.7429 152.9960 0 0
O 1 385 357 4.8087 0.8418 -1.5956 0.0161 0.5592 0.4248 0.7748 68.0084 1 0
O 1 388 319 3.3361 1.1693 -1.4963 0.1333 0.2051 0.6616 1.8550 162.8347 1 0
O 1 389 15083 -0.3348 1.9208 -1.5504 0.3546 0.2769 0.3684 3.1253 274.3378 0 0
O 1 390 14687 -0.1284 0.9894 -1.5888 0.5874 0.0054 0.4072 0.6616 58.0750 0 0
O 1 401 14691 1.0761 1.2155 -1.5502 0.0154 0.5331 0.4515 19.2744 1691.9050 0 0
O 1 402 14587 1.8085 1.7665 -1.4955 0.0232 0.1317 0.8451 11.9552 1049.4243 0 0
O 1 406 14704 2.3907 0.9675 -1.5885 0.6493 0.0007 0.3500 0.8028 70.4710 0 0
O 1 408 14703 3.7300 0.9767 -1.5885 0.6755 0.0005 0.3241 0.7325 64.2987 0 0
O 1 416 15013 1.2510 0.8346 -1.4888 0.4691 0.0130 0.5180 0.7590 66.6243 0 0
O 1 439 15024 3.3727 1.0448 -1.4562 0.2525 0.0015 0.7460 0.9672 84.9015 0 0
O 1 450 15105 3.4079 1.2114 -1.4963 0.0132 0.6001 0.3868 0.4813 42.2482 0 0
O 1 460 14373 3.0952 0.8240 -1.4961 0.0338 0.5464 0.4198 0.5449 47.8322 1 0
O 1 463 1621 1.6370 0.7985 -1.5504 0.8784 0.0079 0.1137 0.4976 43.6818 0 0
O 1 466 210 1.6711 1.6732 -1.4561 0.5609 0.0000 0.4391 1.3758 120.7649 0 0
O 1 467 231 3.9795 1.3565 -1.5416 0.7710 0.0395 0.1894 3.7896 332.6485 0 0
O 1 470 211 7.9957 1.7117 -1.4489 0.0619 0.2854 0.6527 1.8668 163.8692 1 0
O 1 488 4364 9.4844 0.8855 -2.4118 0.0009 0.7743 0.2248 0.8866 77.8289 1 0
O 1 493 8092 9.0048 1.0490 -2.4128 0.0009 0.8153 0.1838 1.0269 90.1397 1 0
O 1 494 8301 0.5674 1.1869 -2.3963 0.0461 0.0036 0.9503 1.1084 97.2994 0 0
O 1 498 1692 9.9595 2.9869 -2.3102 0.0039 0.6741 0.3220 3.0321 266.1590 1 0
O 1 503 1773 8.7265 0.8681 -2.2724 0.0007 0.8217 0.1776 0.8549 75.0458 1 0
O 1 504 1775 9.0901 0.8711 -2.2715 0.0007 0.8173 0.1820 0.8720 76.5406 1 0
O 1 508 6643 8.9512 0.9731 -2.3318 0.0011 0.7899 0.2090 1.0272 90.1646 1 0
O 1 509 6645 10.5953 1.2834 -2.3350 0.0010 0.7789 0.2201 1.2719 111.6464 1 0
O 1 511 15203 1.8761 9.7654 -2.2883 0.0055 0.2941 0.7003 2.3141 203.1307 0 0
O 1 513 5861 8.0861 0.9917 -2.2736 0.0007 0.8116 0.1877 0.9931 87.1760 1 0
O 1 515 7881 9.6195 1.2506 -2.3958 0.0026 0.7361 0.2612 1.2825 112.5808 1 0
O 1 516 1407 8.1226 1.1178 -2.3302 0.0012 0.7407 0.2581 1.1208 98.3839 1 0
O 1 517 1437 11.0171 1.8214 -2.2789 0.0017 0.7715 0.2269 1.8357 161.1345 1 0
O 1 520 5922 9.7899 2.0530 -2.3586 0.0026 0.7241 0.2733 2.0506 180.0006 1 0
O 1 521 5988 7.8563 0.9722 -2.2671 0.0011 0.7779 0.2211 1.0512 92.2755 1 0
O 1 522 3602 9.0590 1.5761 -2.3586 0.0015 0.7756 0.2228 1.6237 142.5317 1 0
O 1 526 6108 9.5412 1.4913 -2.3123 0.0025 0.6767 0.3208 1.4820 130.0891 1 0
O 1 527 6177 8.3816 1.2746 -2.3438 0.0011 0.7450 0.2539 1.1366 99.7740 1 0
O 1 532 6232 10.3240 2.1570 -2.3158 0.0049 0.5847 0.4104 2.1820 191.5389 1 0
O 1 533 6233 9.9468 2.1331 -2.3173 0.0054 0.5700 0.4246 2.0703 181.7345 1 0
O 1 536 8341 5.3010 0.8959 -2.3759 0.0009 0.8021 0.1970 0.9086 79.7547 1 0
O 1 537 3910 8.9179 8.9591 -2.3342 0.0187 0.2427 0.7386 9.1598 804.0491 1 0
O 1 540 1671 9.6915 7.5480 -2.3342 0.0142 0.2496 0.7362 7.6698 673.2530 1 0
O 1 542 3935 10.2680 2.3533 -2.2999 0.0023 0.7321 0.2657 2.3192 203.5756 1 0
O 1 543 3934 10.1069 2.4390 -2.2977 0.0027 0.7280 0.2693 2.4411 214.2774 1 0
O 1 547 4068 7.9627 0.8000 -2.2450 0.0008 0.8212 0.1780 0.7939 69.6920 1 0
O 1 550 1768 9.0369 0.8844 -2.2715 0.0008 0.8158 0.1834 0.8867 77.8344 1 0
O 1 552 1758 3.5206 1.4100 -2.1651 0.0062 0.1278 0.8660 1.8245 160.1564 0 0
O 1 554 6405 9.1946 1.0635 -2.2106 0.0010 0.7768 0.2222 1.0732 94.2025 1 0
O 1 555 6406 9.4408 1.0542 -2.2106 0.0011 0.7618 0.2371 1.0567 92.7586 1 0
O 1 556 4142 8.8925 0.9709 -2.2545 0.0009 0.8052 0.1939 0.9719 85.3172 1 0
O 1 559 6429 9.1426 0.8907 -2.2009 0.0017 0.6855 0.3129 0.9230 81.0225 1 0
O 1 561 4344 3.0931 1.5590 -2.2277 0.7511 0.0190 0.2299 1.0662 93.5944 0 0
O 1 564 6597 9.5552 1.6403 -2.2079 0.0039 0.6093 0.3868 1.6685 146.4626 1 0
O 1 565 6603 9.2158 0.9894 -2.2804 0.0008 0.8126 0.1866 0.9827 86.2576 1 0
O 1 567 6601 7.2986 0.9880 -2.2804 0.0027 0.4454 0.5519 0.8886 78.0009 1 0
O 1 568 6728 10.6947 1.4508 -2.2354 0.0014 0.7846 0.2140 1.4566 127.8635 1 0
O 1 572 5856 7.1714 0.9665 -2.2768 0.0007 0.8221 0.1771 0.9461 83.0492 1 0
O 1 575 5990 7.6323 0.9687 -2.2671 0.0013 0.7617 0.2370 1.0618 93.2080 1 0
O 1 577 5985 9.9144 3.2556 -2.2196 0.0037 0.6646 0.3317 3.2017 281.0423 1 0
O 1 578 3725 11.3790 2.1736 -2.1749 0.0025 0.7524 0.2451 2.1669 190.2148 1 0
O 1 581 3872 11.0300 5.0744 -2.2370 0.0189 0.4537 0.5274 5.0985 447.5455 1 0
O 1 582 15033 1.6613 1.7233 -2.1565 0.0023 0.7593 0.2384 1.5313 134.4184 0 0
O 1 583 1701 2.8295 0.8560 -2.2363 0.0192 0.0097 0.9711 1.0642 93.4167 0 0
O 1 585 1745 10.1346 1.5244 -2.1111 0.0019 0.7386 0.2595 1.5245 133.8228 1 0
O 1 587 4001 3.4462 2.5086 -2.1101 0.7889 0.0109 0.2002 1.1604 101.8590 1 0
O 1 590 1694 3.7692 0.8200 -2.1520 0.0017 0.6861 0.3122 0.7876 69.1350 0 0
O 1 591 15061 -0.4368 4.4129 -2.0504 0.0129 0.0359 0.9512 1.3988 122.7836 0 0
O 1 595 3457 9.0936 1.8948 -2.1498 0.0014 0.7635 0.2351 1.8483 162.2472 1 0
O 1 599 3598 7.5343 2.4195 -2.0948 0.0085 0.1606 0.8309 2.1412 187.9559 1 0
O 1 604 4082 11.4159 2.4273 -1.9838 0.0036 0.7250 0.2714 2.4389 214.0826 1 0
O 1 605 4083 6.2217 2.4204 -1.9499 0.0370 0.6076 0.3554 14.4054 1264.5098 1 0
O 1 606 1877 8.3537 1.2438 -1.9930 0.0021 0.7766 0.2214 1.2574 110.3720 1 0
O 1 609 1881 5.7167 0.8607 -1.9500 0.0228 0.1502 0.8271 1.0617 93.1926 1 0
O 1 618 3700 10.5772 1.7683 -1.9944 0.0033 0.6903 0.3063 1.7722 155.5665 1 0
O 1 619 3697 4.8046 1.7396 -1.9510 0.0640 0.0120 0.9240 1.4634 128.4600 1 0
O 1 623 1656 -0.1500 1.4769 -1.9845 0.5274 0.0008 0.4718 1.1753 103.1646 0 0
O 1 626 3888 8.7955 1.6065 -2.0008 0.0021 0.7557 0.2422 1.6014 140.5727 1 0
O 1 646 14670 3.4688 3.3369 -1.9424 0.2867 0.2692 0.4441 1.3865 121.7027 0 0
O 1 675 14971 -4.6231 1.2494 -1.7607 0.3826 0.0032 0.6142 1.7299 151.8539 0 0
O 1 682 3877 5.9860 0.8107 -1.9427 0.0035 0.4767 0.5199 0.9541 83.7496 1 0
O 1 684 281 0.2419 0.8013 -1.8226 0.0691 0.0105 0.9204 1.1032 96.8400 0 0
O 1 691 1813 6.3298 1.2683 -1.8166 0.0036 0.6882 0.3082 2.0744 182.0881 1 0
O 1 692 1871 3.1044 1.6271 -1.8155 0.1833 0.1006 0.7161 0.7116 62.4623 1 0
O 1 693 1949 1.3857 0.9451 -1.8227 0.4962 0.0014 0.5024 0.8316 72.9982 0 0
O 1 707 14977 -0.9847 1.3032 -1.7103 0.6566 0.0115 0.3320 2.8708 252.0029 0 0
O 1 710 15112 0.4141 0.8048 -1.8164 0.5961 0.1196 0.2844 0.5876 51.5768 0 0
O 1 732 1455 3.8369 0.9277 -1.8699 0.0186 0.0265 0.9548 0.8381 73.5701 1 0
O 1 743 15002 1.1943 0.8943 -1.8718 0.0849 0.2416 0.6735 51.1837 4492.9048 0 0
O 1 744 1433 1.1747 0.9056 -1.8719 0.0348 0.2895 0.6757 10.9604 962.1039 0 0
O 1 747 15003 1.8624 2.4034 -1.7104 0.6487 0.0001 0.3512 0.9875 86.6786 0 0
O 1 750 14662 5.3853 0.9750 -1.8227 0.3946 0.3470 0.2584 0.9461 83.0456 0 0
O 1 752 3901 5.6980 2.0982 -1.8227 0.0107 0.6578 0.3315 1.5033 131.9620 1 0
O 1 753 14665 0.0461 10.7516 -1.7610 0.3249 0.0037 0.6714 0.6990 61.3591 0 0
O 1 754 1751 0.6695 1.1073 -1.7610 0.2277 0.1486 0.6238 1.6191 142.1227 0 0
O 1 758 1626 3.2850 1.0478 -1.7599 0.6526 0.0001 0.3473 1.2892 113.1661 0 0
O 1 760 15076 0.1600 2.0882 -1.6539 0.1641 0.0049 0.8310 1.2159 106.7276 0 0
O 1 764 14696 1.9913 0.8892 -1.6546 0.5933 0.0000 0.4067 0.8600 75.4931 0 0
O 1 766 14675 0.6107 1.1452 -1.7160 0.6056 0.0024 0.3920 0.7027 61.6793 0 0
O 1 770 14382 2.1282 1.1376 -1.7535 0.0981 0.0044 0.8974 1.0498 92.1512 0 0
O 1 779 15078 3.0118 1.0702 -1.7091 0.4369 0.0522 0.5110 1.0759 94.4420 0 0
O 1 782 13814 1.4201 1.3600 -1.7535 0.0434 0.3439 0.6126 4.9940 438.3738 0 0
O 1 788 15081 2.5859 1.2749 -1.6611 0.2764 0.0000 0.7236 0.7858 68.9813 0 0
O 1 792 460 5.2810 1.8905 -1.7166 0.1622 0.1585 0.6793 3.2159 282.2932 1 0
O 1 797 1941 3.4398 0.9414 -1.7545 0.0636 0.0135 0.9229 1.5081 132.3837 0 0
O 1 819 15115 2.7648 1.3573 -1.7547 0.1155 0.0008 0.8837 1.1506 101.0012 0 0
O 1 835 15109 -2.8052 2.0573 -1.8719 0.6629 0.0276 0.3095 0.5934 52.0860 0 0
O 1 837 1975 -3.3908 0.9871 -1.8227 0.8156 0.0295 0.1549 0.3966 34.8097 0 0
O 1 841 1488 1.8610 0.9302 -1.8159 0.1844 0.0265 0.7891 0.6506 57.1113 0 0
O 1 842 14618 3.1788 1.4409 -1.7100 0.3482 0.0002 0.6517 0.8935 78.4316 0 0
O 1 849 1638 1.4551 0.9609 -1.7606 0.0083 0.5324 0.4593 1.4243 125.0281 1 0
O 1 854 15028 1.6657 1.2811 -1.8165 0.1737 0.0230 0.8033 0.6218 54.5788 0 0
O 1 870 13827 2.8798 2.0106 -1.7535 0.0723 0.0979 0.8298 2.9312 257.3048 0 0
O 1 880 1810 2.4279 0.8732 -1.6548 0.6948 0.0020 0.3032 0.9426 82.7401 0 0
O 1 881 14714 5.3053 1.0951 -1.7167 0.0402 0.6098 0.3500 1.6121 141.5085 1 0
O 1 882 1966 2.7344 0.8347 -1.6542 0.5904 0.0002 0.4094 0.9195 80.7152 0 0
O 1 884 14717 2.1688 1.3434 -1.7102 0.2678 0.0011 0.7310 1.0381 91.1242 0 0
O 1 896 15114 0.7805 1.3684 -1.7547 0.8713 0.0034 0.1253 1.0500 92.1712 0 0
O 1 906 14728 -0.8946 0.8548 -1.6543 0.8142 0.0020 0.1838 1.3575 119.1637 0 0
O 1 915 91 7.7478 2.5379 -1.6611 0.0453 0.5869 0.3677 2.0668 181.4238 1 0
O 1 916 1451 7.6221 2.5862 -1.6610 0.2754 0.4258 0.2989 3.2792 287.8451 1 0
O 1 928 1578 1.5786 0.8023 -1.6103 0.5757 0.0006 0.4237 1.2994 114.0595 0 0
O 1 930 15032 0.2249 1.1250 -1.6104 0.3406 0.0009 0.6585 1.1281 99.0262 0 0
O 1 943 13828 3.5993 1.0550 -1.6171 0.6338 0.0117 0.3545 0.4300 37.7492 0 0
O 1 948 1969 1.5128 0.8361 -1.6542 0.4199 0.0007 0.5794 0.8288 72.7498 0 0
O 1 954 14730 0.1808 1.2128 -1.5343 0.5682 0.0003 0.4315 1.1896 104.4201 0 0
O 1 957 422 4.1492 0.8328 -1.6168 0.1213 0.3591 0.5196 0.9827 86.2635 0 0
O 1 962 1968 4.4627 0.8370 -1.6608 0.0109 0.4895 0.4997 0.8603 75.5167 1 0
O 1 966 1452 3.4559 2.5754 -1.6611 0.0610 0.0148 0.9242 1.4153 124.2347 1 0
O 1 973 14635 3.5131 1.1848 -1.6103 0.7936 0.0005 0.2060 0.9558 83.9032 0 0
O 1 979 1714 7.0178 0.8710 -2.3236 0.0016 0.7913 0.2071 0.8953 78.5890 1 0
O 1 980 6255 10.4980 2.6867 -2.3068 0.0041 0.4970 0.4989 2.6834 235.5468 1 0
O 1 982 3986 9.1146 1.3795 -2.3182 0.0020 0.7857 0.2123 1.5757 138.3184 1 0
O 1 983 15282 1.1583 1.2717 -2.3142 0.3487 0.0153 0.6359 0.7906 69.4023 0 0
O 1 989 4363 8.9582 0.8751 -2.4147 0.0008 0.8035 0.1957 0.8549 75.0395 1 0
O 1 994 3477 10.1298 1.4078 -2.4045 0.0025 0.6938 0.3037 1.4213 124.7612 1 0
O 1 999 3590 9.6314 2.2910 -2.3563 0.0046 0.6530 0.3424 2.3084 202.6317 1 0
O 1 1001 1479 8.3712 1.6239 -2.3058 0.0020 0.7329 0.2651 1.6413 144.0728 1 0
O 1 1004 8095 6.1826 1.0506 -2.4153 0.0014 0.8013 0.1974 1.3259 116.3842 1 0
O 1 1008 8214 10.8526 1.5470 -2.3071 0.0034 0.6684 0.3282 1.5526 136.2849 1 0
O 1 1009 6173 8.7968 1.2911 -2.3397 0.0021 0.6911 0.3068 1.3499 118.4916 1 0
O 1 1014 1646 4.2889 0.8055 -2.3849 0.0008 0.8162 0.1830 0.8172 71.7372 1 0
O 1 1017 3906 8.6252 9.9743 -2.3387 0.0134 0.2442 0.7424 10.0946 886.1086 1 0
O 1 1021 6250 9.9531 2.3959 -2.2931 0.0046 0.6803 0.3150 2.3925 210.0167 1 0
O 1 1022 6249 9.9188 2.4011 -2.2939 0.0051 0.6725 0.3224 2.4061 211.2041 1 0
O 1 1023 6247 1.9149 2.1188 -2.3849 0.0041 0.5300 0.4659 1.2082 106.0597 0 0
O 1 1024 3930 2.2317 1.9472 -2.3849 0.0074 0.4427 0.5499 1.4109 123.8462 0 0
O 1 1025 6267 7.4224 0.8645 -2.3236 0.0018 0.7911 0.2072 0.8941 78.4831 1 0
O 1 1032 4065 7.8353 0.8064 -2.2535 0.0011 0.8025 0.1964 0.8196 71.9416 1 0
O 1 1035 1763 8.8207 0.9032 -2.2767 0.0011 0.7865 0.2124 0.9124 80.0906 1 0
O 1 1037 1821 7.6915 1.0162 -2.2570 0.0014 0.7665 0.2321 1.1367 99.7835 1 0
O 1 1041 14699 -0.1983 0.8069 -2.3051 0.0875 0.4741 0.4384 2.4918 218.7302 0 0
O 1 1042 1864 8.7157 1.1377 -2.3060 0.0025 0.6964 0.3011 1.2469 109.4540 1 0
O 1 1048 15075 -0.2906 1.4455 -2.2421 0.7497 0.0040 0.2463 0.8249 72.4139 0 0
O 1 1049 15194 4.6733 1.2374 -2.2789 0.0172 0.0196 0.9632 0.6940 60.9186 0 0
O 1 1051 6598 7.4898 0.9939 -2.2843 0.0010 0.7691 0.2299 1.0940 96.0312 1 0
O 1 1058 6664 -0.0558 0.8537 -2.2956 0.0066 0.0913 0.9021 1.0051 88.2259 0 0
O 1 1061 3555 10.9125 1.9734 -2.2782 0.0018 0.7464 0.2518 1.9884 174.5402 1 0
O 1 1064 1471 7.1219 1.6382 -2.3058 0.0021 0.7141 0.2838 1.6591 145.6324 1 0
O 1 1067 6042 11.2158 1.7708 -2.2371 0.0026 0.7533 0.2441 1.7663 155.0472 1 0
O 1 1068 1645 10.6610 4.6923 -2.2382 0.0107 0.4545 0.5348 4.6894 411.6362 1 0
O 1 1074 1667 0.8510 6.4074 -2.3128 0.3794 0.0026 0.6179 2.8199 247.5302 0 0
O 1 1076 3936 9.4155 2.4631 -2.2931 0.0048 0.6895 0.3057 2.4802 217.7156 1 0
O 1 1079 3954 8.2557 1.3106 -2.1866 0.0027 0.7558 0.2415 1.4583 128.0131 1 1 136
O 1 1081 6323 2.8687 1.5469 -2.1175 0.0535 0.0095 0.9371 0.7487 65.7187 1 0
O 1 1083 6327 7.8915 1.5448 -2.1175 0.0043 0.6551 0.3406 1.2808 112.4304 1 0
O 1 1088 1757 1.7227 1.2338 -2.1234 0.1445 0.3359 0.5196 3.2057 281.3976 0 0
O 1 1093 4343 10.2521 1.5867 -2.2057 0.0056 0.6402 0.3542 1.6247 142.6162 1 0
O 1 1096 14739 0.7576 1.0744 -2.1850 0.0026 0.4730 0.5244 1.0298 90.3976 1 0
O 1 1097 5814 4.8822 1.9238 -2.1188 0.0180 0.6381 0.3439 5.5344 485.8067 1 0
O 1 1099 14606 3.7096 0.9067 -2.1252 0.0046 0.6628 0.3326 1.6884 148.2039 1 0
O 1 1102 15012 2.7094 2.9015 -2.1234 0.2489 0.4794 0.2717 9.0703 796.1876 0 0
O 1 1104 15037 1.5496 1.3139 -2.1727 0.7731 0.0100 0.2169 1.0754 94.4027 0 0
O 1 1106 1648 5.9961 0.8191 -2.2140 0.0011 0.7850 0.2140 0.8443 74.1137 1 0
O 1 1107 1647 5.6124 0.8165 -2.2140 0.0012 0.7643 0.2346 0.8589 75.3976 1 0
O 1 1110 4029 6.8216 1.4466 -2.1230 0.0055 0.6820 0.3125 1.2632 110.8800 1 0
O 1 1112 3998 6.9813 2.5568 -2.1252 0.0076 0.6740 0.3185 1.7793 156.1858 1 0
O 1 1114 14680 -0.8738 1.1212 -2.0447 0.5977 0.0009 0.4013 2.8437 249.6177 0 0
O 1 1121 4249 0.3769 1.2184 -2.0519 0.0236 0.0412 0.9352 1.4165 124.3430 0 0
O 1 1122 4251 0.4691 1.2162 -1.9853 0.3733 0.0302 0.5964 0.9755 85.6279 0 0
O 1 1123 3399 6.4814 1.2509 -2.1187 0.0067 0.6543 0.3389 0.9464 83.0786 1 0
O 1 1127 14986 5.0282 1.1786 -2.0438 0.0082 0.1010 0.8909 1.2482 109.5661 0 0
O 1 1133 3597 7.2597 2.4618 -2.1186 0.0503 0.6019 0.3478 2.0017 175.7102 1 0
O 1 1135 1557 5.0615 0.9810 -2.1189 0.0061 0.6677 0.3262 0.8116 71.2433 1 0
O 1 1139 14625 1.2945 6.8784 -1.9853 0.2267 0.0056 0.7677 0.6345 55.6921 0 0
O 1 1140 14644 2.1367 1.0351 -1.9861 0.7506 0.0468 0.2026 1.3013 114.2322 0 0
O 1 1142 14654 -0.7766 0.9754 -1.9861 0.4893 0.0297 0.4810 1.4005 122.9324 0 0
O 1 1149 1753 3.1149 0.8732 -1.9924 0.0203 0.5404 0.4393 1.7856 156.7389 1 0
O 1 1150 1856 0.3307 1.1351 -1.9226 0.6709 0.0000 0.3290 1.5085 132.4196 0 0
O 1 1151 15077 1.4982 1.4605 -1.8866 0.5268 0.0000 0.4732 1.0665 93.6178 0 0
O 1 1153 4288 -0.7487 3.6503 -2.0451 0.2743 0.3604 0.3654 13.9668 1226.0085 0 0
O 1 1156 4289 4.5381 0.8322 -1.9924 0.0173 0.5370 0.4457 0.4009 35.1944 1 0
O 1 1160 1883 6.2928 0.8650 -1.9923 0.6210 0.1709 0.2081 0.6085 53.4144 0 0
O 1 1170 541 1.5786 4.1083 -1.8860 0.4034 0.0012 0.5954 1.3201 115.8769 0 0
O 1 1177 3699 8.2779 1.7622 -1.9862 0.0093 0.6733 0.3173 2.8287 248.2998 1 0
O 1 1178 1591 5.3625 0.9146 -2.0518 0.0082 0.6116 0.3802 0.8084 70.9632 1 0
O 1 1188 1657 0.3037 1.1497 -1.9920 0.0634 0.0040 0.9326 0.9387 82.3954 0 0
O 1 1189 253 -1.3329 1.4515 -1.9920 0.3496 0.2239 0.4265 2.5979 228.0459 0 0
O 1 1191 15019 0.1587 1.7627 -1.9924 0.0191 0.0835 0.8974 2.3930 210.0578 0 0
O 1 1193 15005 0.4320 1.1072 -1.9924 0.1703 0.0026 0.8271 0.8998 78.9863 0 0
O 1 1195 3885 6.9119 1.6011 -1.9862 0.0107 0.6539 0.3354 2.6567 233.2053 1 0
O 1 1203 1655 2.8752 1.4755 -1.9918 0.0289 0.4080 0.5630 1.5881 139.4018 0 0
O 1 1213 224 0.8796 1.4961 -1.9860 0.2713 0.3704 0.3582 0.8717 76.5193 0 0
O 1 1220 15188 2.1862 2.9758 -1.9284 0.2993 0.0408 0.6599 7.4310 652.2969 0 0
O 1 1223 15086 1.5827 0.7968 -1.8292 0.8142 0.0074 0.1785 4.2111 369.6465 0 0
O 1 1224 4176 6.3693 1.1139 -1.9230 0.0145 0.5446 0.4409 2.0511 180.0496 1 0
O 1 1225 4178 4.2359 1.1110 -1.9855 0.6023 0.0982 0.2995 0.9512 83.4954 1 0
O 1 1230 1954 4.5106 1.9107 -1.9920 0.0441 0.6019 0.3540 0.6160 54.0717 0 0
O 1 1232 1970 1.6630 3.8595 -1.8857 0.7012 0.0255 0.2733 3.8895 341.4214 0 0
O 1 1234 4467 6.7938 1.3528 -1.9289 0.0159 0.5408 0.4433 3.6397 319.4927 1 0
O 1 1242 1456 0.3744 0.9247 -1.8298 0.7887 0.0000 0.2113 0.7940 69.7010 0 0
O 1 1245 1404 8.3641 2.5358 -1.9295 0.0101 0.6405 0.3494 3.1568 277.1062 1 0
O 1 1253 3548 1.1693 0.8602 -1.8238 0.6227 0.0004 0.3769 1.0012 87.8882 0 0
O 1 1258 1711 5.2784 0.9172 -1.8811 0.1017 0.0057 0.8925 0.8307 72.9175 0 0
O 1 1261 285 7.6241 1.1339 -1.8809 0.0332 0.0327 0.9341 0.9951 87.3535 0 0
O 1 1263 15001 4.4941 0.8039 -1.8862 0.7527 0.0031 0.2442 0.7844 68.8588 0 0
O 1 1266 1710 3.7217 0.9151 -1.8811 0.4111 0.2215 0.3674 1.3306 116.7972 0 0
O 1 1270 14643 4.3199 1.0497 -1.9295 0.1498 0.0014 0.8488 0.9076 79.6734 0 0
O 1 1274 14672 1.8359 3.6388 -1.9848 0.4587 0.0198 0.5216 0.8110 71.1893 0 0
O 1 1278 15035 2.9859 2.4519 -1.8294 0.1045 0.0447 0.8508 0.6794 59.6384 0 0
O 1 1280 15072 -2.0350 6.5100 -1.7331 0.6237 0.0001 0.3762 0.6521 57.2412 0 0
O 1 1287 15103 6.5195 1.0670 -1.8241 0.8367 0.0079 0.1554 0.9928 87.1473 0 0
O 1 1291 14732 1.3596 3.4542 -1.8245 0.1285 0.0055 0.8659 1.0530 92.4353 0 0
O 1 1292 13831 2.9596 0.8822 -1.7827 0.7727 0.0002 0.2270 0.4447 39.0394 0 0
O 1 1307 14741 2.8802 0.9224 -1.8299 0.0281 0.1437 0.8282 1.1290 99.1000 0 0
O 1 1308 15097 1.2673 8.3026 -1.7776 0.3692 0.0001 0.6308 0.7347 64.4910 0 0
O 1 1328 14712 -2.9852 0.8737 -1.6939 0.5976 0.0001 0.4023 0.6607 57.9974 0 0
O 1 1342 14609 2.7061 1.0676 -1.7830 0.3807 0.0016 0.6177 1.3038 114.4462 0 0
O 1 1346 1589 6.0849 1.2927 -1.8810 0.0041 0.6681 0.3278 1.7964 157.6911 0 0
O 1 1349 14651 3.8052 0.9128 -1.8864 0.3205 0.0001 0.6794 0.8473 74.3735 0 0
O 1 1350 3900 5.9327 2.0985 -1.8241 0.0160 0.6023 0.3816 2.4080 211.3714 1 0
O 1 1351 3899 7.1756 2.1160 -1.7826 0.1381 0.4998 0.3621 10.3013 904.2450 1 0
O 1 1354 1627 3.4035 1.0456 -1.8801 0.0151 0.6777 0.3072 2.2763 199.8115 1 0
O 1 1357 15014 -4.2183 1.1854 -1.7325 0.5242 0.0004 0.4755 2.1836 191.6754 0 0
O 1 1358 14646 -5.2951 0.9071 -1.7278 0.7905 0.0000 0.2095 2.2233 195.1653 0 0
O 1 1359 15053 -2.0949 1.6419 -1.7774 0.6243 0.0000 0.3757 0.7672 67.3444 0 0
O 1 1360 14645 0.9005 2.6109 -1.9231 0.0608 0.5258 0.4134 1.1936 104.7699 0 0
O 1 1364 2785 -0.4484 1.7351 2.3503 0.6146 0.0361 0.3494 1.5656 137.4287 0 0
O 1 1368 1075 -0.5903 1.8167 2.3829 0.7413 0.1119 0.1468 7.9826 700.7086 0 0
O 1 1373 3111 0.1105 1.4786 2.3347 0.0303 0.0047 0.9650 0.7945 69.7437 0 0
O 1 1375 1209 7.6538 1.3259 2.3347 0.0029 0.7272 0.2699 1.6462 144.5053 1 0
O 1 1385 740 11.0832 1.8220 2.2560 0.0020 0.7509 0.2471 1.7947 157.5360 1 1 6
O 1 1386 743 6.9039 1.9805 2.2560 0.0052 0.0391 0.9558 1.1106 97.4855 1 1 6
O 1 1391 2355 8.0165 0.8123 2.3596 0.0043 0.5396 0.4562 0.9898 86.8861 1 0
O 1 1399 7066 3.4629 4.2556 2.3845 0.3682 0.0051 0.6267 1.0458 91.7995 1 0
O 1 1401 7060 5.2290 1.7043 2.4015 0.5997 0.0239 0.3764 1.2932 113.5208 1 0
O 1 1404 5022 10.2013 1.0256 2.3138 0.0022 0.7138 0.2840 1.0316 90.5501 1 0
O 1 1406 2567 7.9438 1.0824 2.3114 0.0027 0.6687 0.3286 1.1863 104.1364 1 0
O 1 1407 2542 10.1526 1.3564 2.3540 0.0011 0.7224 0.2764 1.3459 118.1452 1 0
O 1 1410 939 7.3312 0.9336 2.2300 0.0011 0.7843 0.2147 1.1114 97.5605 1 0
O 1 1415 3002 8.0480 13.1367 2.2222 0.0396 0.2487 0.7118 14.6806 1288.6602 1 0
O 1 1424 3104 8.0624 3.1956 2.2018 0.0237 0.6522 0.3241 3.2632 286.4421 1 0
O 1 1426 3228 7.5530 2.0374 2.1088 0.0026 0.7509 0.2466 2.1865 191.9270 1 0
O 1 1427 1274 8.2365 0.9546 2.1580 0.0021 0.5420 0.4559 0.8830 77.5114 1 0
O 1 1430 1276 8.9902 0.9613 2.1580 0.0014 0.6945 0.3041 0.9800 86.0278 1 0
O 1 1433 2058 3.6942 1.0107 2.1465 0.0854 0.0010 0.9136 0.9471 83.1404 0 0
O 1 1436 599 8.9004 1.0754 2.1588 0.0017 0.7605 0.2377 1.0553 92.6300 1 0
O 1 1443 694 9.2143 2.2191 2.0847 0.0018 0.7473 0.2509 2.2004 193.1468 1 1 7
O 1 1447 756 9.4693 1.7597 2.1111 0.0028 0.5566 0.4407 1.7628 154.7410 1 0
O 1 1450 827 7.7253 1.0887 2.1968 0.0011 0.7468 0.2522 1.1292 99.1221 1 1 1258
O 1 1452 1029 8.1503 1.2464 2.0929 0.0047 0.6958 0.2995 1.2835 112.6687 1 0
O 1 1454 967 7.3791 2.3057 2.0022 0.0025 0.4567 0.5408 2.1807 191.4176 1 1 237
O 1 1456 964 7.2350 1.3833 2.0470 0.0013 0.7877 0.2110 1.6161 141.8612 1 0
O 1 1457 2746 7.9410 1.0891 2.0615 0.0010 0.7560 0.2430 1.0661 93.5825 1 1 342
O 1 1462 1082 9.4068 1.5638 2.0913 0.0024 0.7246 0.2730 1.5878 139.3739 1 0
O 1 1465 1151 8.1227 1.0771 2.0712 0.0046 0.2189 0.7766 1.0685 93.7956 1 0
O 1 1469 1153 8.1117 1.0785 2.0712 0.0042 0.2852 0.7105 1.0772 94.5600 1 0
O 1 1481 688 4.3080 2.1414 2.0847 0.0211 0.0054 0.9734 1.0715 94.0541 1 1 7
O 1 1484 2347 9.9002 1.7784 2.1111 0.0023 0.6232 0.3746 1.7793 156.1891 1 0
O 1 1488 822 9.5208 1.5544 2.0145 0.0042 0.6735 0.3223 1.5792 138.6216 1 0
O 1 1491 2496 7.6862 0.9558 1.9841 0.0019 0.5880 0.4101 0.8750 76.8099 1 0
O 1 1492 2572 9.1677 1.2040 2.0479 0.0012 0.7177 0.2810 1.1762 103.2431 1 0
O 1 1496 13730 6.6232 1.2045 2.0308 0.0069 0.5195 0.4736 1.2035 105.6472 1 0
O 1 1503 2640 9.8336 2.0281 2.0295 0.0023 0.7707 0.2270 2.0199 177.3092 1 0
O 1 1504 2650 6.2808 4.5664 1.9024 0.0337 0.4527 0.5136 8.7973 772.2235 1 0
O 1 1506 2735 8.8217 1.3165 1.9682 0.0010 0.8041 0.1950 1.2461 109.3807 1 0
O 1 1512 3071 5.7877 1.2167 1.9043 0.6600 0.1462 0.1939 141.1611 12391.1260 1 0
O 1 1513 3073 8.1998 1.2275 1.9043 0.0018 0.6957 0.3025 1.2165 106.7872 1 0
O 1 1514 3242 8.1456 1.1955 1.9470 0.0012 0.7372 0.2615 1.2656 111.0914 1 0
O 1 1518 3274 8.6011 0.9133 1.9509 0.0022 0.5484 0.4493 0.9099 79.8714 1 0
O 1 1519 3273 8.6585 0.9164 1.9508 0.0022 0.5523 0.4455 0.9197 80.7328 1 0
O 1 1524 1992 8.3359 0.9288 1.9602 0.0009 0.7791 0.2200 0.9247 81.1727 1 0
O 1 1529 587 8.3870 1.0022 1.9588 0.0008 0.8035 0.1957 1.0151 89.1051 1 0
O 1 1530 1313 7.8479 1.3572 1.9523 0.0026 0.5180 0.4794 1.3594 119.3308 1 0
O 1 1533 1364 8.1204 1.1947 1.9159 0.0013 0.7183 0.2804 1.2147 106.6275 1 0
O 1 1537 2171 8.8273 1.4455 1.9269 0.0012 0.7816 0.2172 1.4666 128.7401 1 0
O 1 1539 2271 8.2486 0.9400 1.9623 0.0013 0.6621 0.3366 0.9408 82.5858 1 0
O 1 1540 753 7.8017 2.9063 1.9391 0.0064 0.6868 0.3068 3.4920 306.5284 1 0
O 1 1543 798 8.6784 1.5105 1.8872 0.0019 0.6947 0.3034 1.4951 131.2415 1 1 163
O 1 1545 2474 7.9864 1.7981 1.9164 0.0020 0.6851 0.3129 1.6557 145.3353 1 0
O 1 1546 200 1.4804 1.5395 1.9705 0.0063 0.2326 0.7610 1.0424 91.5054 0 0
O 1 1548 1005 8.3901 1.6890 1.8450 0.0021 0.7267 0.2712 1.7847 156.6581 1 1 234
O 1 1558 10 8.3574 0.8092 1.8188 0.0026 0.6964 0.3009 0.8493 74.5480 1 0
O 1 1566 14406 5.9815 7.5504 1.8627 0.0164 0.5118 0.4718 7.8780 691.5337 0 0
O 1 1576 14436 2.3478 1.4582 1.7713 0.0560 0.0026 0.9414 1.4970 131.4049 0 0
O 1 1579 137 5.4829 2.0271 1.7799 0.0139 0.6202 0.3659 8.5716 752.4175 1 0
O 1 1585 804 8.2314 1.5119 1.8872 0.0015 0.7196 0.2789 1.4574 127.9282 1 1 163
O 1 1590 14828 0.5715 0.8238 1.9272 0.2162 0.0068 0.7770 0.6380 56.0021 0 0
O 1 1596 864 8.6310 1.2863 1.8220 0.0030 0.7275 0.2696 1.3503 118.5319 1 0
O 1 1613 1034 3.7372 1.3528 1.7712 0.0053 0.6345 0.3602 0.9123 80.0781 1 0
O 1 1615 1223 5.9604 0.8275 1.7793 0.0024 0.6971 0.3006 0.8964 78.6825 1 0
O 1 1617 15156 0.8567 1.1493 1.7716 0.0033 0.7334 0.2633 2.2192 194.8022 0 0
O 1 1627 14577 -0.1034 346.3770 1.7807 0.0041 0.6640 0.3319 4.0046 351.5262 0 0
O 1 1647 713 5.2442 0.8391 1.7709 0.0110 0.6039 0.3851 0.6965 61.1365 1 0
O 1 1675 13739 2.1154 1.0065 1.7003 0.0466 0.0157 0.9377 0.8777 77.0420 0 0
O 1 1680 413 6.7466 1.0103 1.7089 0.0028 0.6954 0.3019 1.0278 90.2219 1 0
O 1 1681 468 9.1300 3.4621 1.6491 0.0067 0.6551 0.3382 3.4518 303.0008 1 0
O 1 1684 13761 6.3654 0.8652 1.6552 0.0068 0.6490 0.3442 0.8166 71.6835 1 0
O 1 1694 1345 8.5390 1.4133 1.7005 0.0042 0.6044 0.3914 1.3280 116.5717 1 0
O 1 1696 457 0.6337 0.8210 1.7003 0.2085 0.1977 0.5938 3.3630 295.2011 0 0
O 1 1697 14746 1.4728 0.9911 1.7007 0.0448 0.0006 0.9545 0.9777 85.8214 0 0
O 1 1704 1308 4.5413 4.1988 1.7003 0.2619 0.0004 0.7378 0.8970 78.7419 1 0
O 1 1706 0 2.4107 0.8987 1.5962 0.1331 0.0044 0.8625 0.6407 56.2428 0 0
O 1 1724 552 6.4692 1.4306 1.7086 0.0238 0.0401 0.9362 1.4482 127.1210 1 1 211
O 1 1726 555 9.6344 1.4281 1.7086 0.0112 0.0541 0.9347 1.4192 124.5806 1 1 211
O 1 1728 600 6.1454 1.1666 1.6566 0.0241 0.0208 0.9551 1.0815 94.9314 1 0
O 1 1731 14431 0.8404 1.0502 1.6484 0.0447 0.0061 0.9492 1.1403 100.0969 0 0
O 1 1743 179 3.0605 0.9924 1.5948 0.1687 0.0485 0.7828 1.1330 99.4583 0 0
O 1 1747 13727 0.5009 1.4223 1.6488 0.0045 0.6682 0.3273 0.9945 87.2955 0 0
O 1 1754 404 4.0549 0.9712 1.5959 0.0076 0.6133 0.3791 0.7883 69.1927 1 0
O 1 1760 1169 5.8673 1.0456 1.5957 0.2929 0.2267 0.4804 0.6322 55.4929 1 0
O 1 1763 14916 2.5420 1.2318 1.5502 0.1575 0.0188 0.8238 1.5003 131.6950 0 0
O 1 1772 14574 1.1672 3.3128 1.4888 0.7372 0.0000 0.2628 1.7011 149.3251 0 0
O 1 1780 14369 -2.5593 2.5912 1.6993 0.5481 0.1458 0.3061 0.3136 27.5300 0 0
O 1 1798 13782 0.3419 1.3165 1.5429 0.2695 0.0015 0.7291 0.6646 58.3378 0 0
O 1 1802 14578 4.9635 23.9933 1.5959 0.1105 0.2273 0.6622 6.0504 531.1082 1 1 1015
O 1 1813 14580 7.3145 30.9085 1.5962 0.0130 0.1898 0.7971 30.6084 2686.8105 1 1 1016
O 1 1835 615 5.4723 2.2462 1.5888 0.2263 0.3999 0.3738 1.7799 156.2439 1 1 244
O 1 1837 19 6.5760 2.3185 1.5888 0.0752 0.1381 0.7867 1.1560 101.4747 1 1 244
O 1 1840 13781 3.6883 0.9060 1.4963 0.8872 0.0000 0.1127 0.6900 60.5698 0 0
O 1 1841 14450 1.2043 1.1877 1.6564 0.8538 0.0114 0.1348 1.3233 116.1629 0 0
O 1 1842 13702 3.9299 2.9658 1.6567 0.0258 0.6099 0.3643 1.2702 111.4967 0 0
O 1 1845 14790 0.4811 1.1682 1.5503 0.3597 0.0039 0.6364 0.7135 62.6294 0 0
O 1 1848 14433 3.1302 0.8435 1.5888 0.0296 0.0973 0.8731 0.7499 65.8231 0 0
O 1 1854 219 6.1176 1.3644 1.6482 0.0069 0.6226 0.3705 1.0677 93.7195 1 0
O 1 1858 13721 4.2013 0.9650 1.5962 0.0150 0.6214 0.3636 0.6242 54.7930 0 0
O 1 1861 178 3.1851 1.0069 1.6488 0.0029 0.6457 0.3514 1.1495 100.9042 0 0
O 1 1862 214 2.5306 0.8184 1.4888 0.1889 0.0018 0.8094 0.8495 74.5696 0 0
O 1 1866 14547 1.7558 0.8984 1.5495 0.0562 0.5098 0.4339 13.2527 1163.3232 1 0
O 1 1890 13696 2.3283 1.5524 1.5424 0.5970 0.0071 0.3959 0.9745 85.5397 0 0
O 1 1895 3 6.2584 1.7597 1.5502 0.0057 0.6807 0.3135 15.3155 1344.3933 1 1 346
O 1 1897 14396 2.0084 4.0837 1.5424 0.6377 0.0046 0.3577 3.9782 349.2076 0 0
O 1 1899 14566 -0.0619 0.9224 1.5502 0.0171 0.6567 0.3262 0.7458 65.4688 0 0
O 1 1901 14422 4.2394 0.9531 1.4889 0.2870 0.0550 0.6579 0.8032 70.5042 0 0
O 1 1902 504 -0.3139 1.3004 1.4090 0.4589 0.0000 0.5410 0.8646 75.8905 0 0
O 1 1905 13701 3.9165 1.8756 1.4889 0.1067 0.0106 0.8828 1.7137 150.4244 1 0
O 1 1920 297 3.1726 0.8792 1.4962 0.3624 0.0003 0.6373 1.1949 104.8880 0 0
O 1 1930 14512 3.3567 2.2308 1.4489 0.1124 0.0229 0.8648 1.6342 143.4492 0 0
O 1 1932 14923 4.0353 1.0532 1.4017 0.4664 0.0001 0.5335 0.9324 81.8478 0 0
O 1 1941 14542 0.4920 1.5373 1.4482 0.5599 0.1081 0.3320 7.5634 663.9180 0 0
O 1 1943 14564 1.2155 3.2851 1.4016 0.6158 0.0025 0.3817 2.7399 240.5081 0 0
O 1 1945 13760 4.2777 1.5568 1.4019 0.7306 0.0005 0.2689 0.8823 77.4464 0 0
O 1 1953 13757 3.7099 0.8528 1.4957 0.0092 0.5210 0.4698 0.7982 70.0625 0 0
O 1 1969 14792 3.0237 1.3973 1.4887 0.8465 0.0062 0.1473 0.8639 75.8356 0 0
O 1 1977 14764 0.1456 1.1637 1.5429 0.0178 0.5172 0.4650 0.4879 42.8270 0 0
O 1 1984 14507 0.7275 1.1153 1.4962 0.0083 0.6789 0.3128 5.1023 447.8794 0 0
O 1 1989 14772 -0.6201 1.3132 2.4050 0.6861 0.0189 0.2950 1.0092 88.5841 0 0
O 1 1994 4696 5.2342 1.5251 2.4023 0.6554 0.0193 0.3252 1.7106 150.1550 1 0
O 1 2001 2296 8.7936 1.7042 2.4161 0.0014 0.7066 0.2920 1.6563 145.3901 1 0
O 1 2010 14885 -0.1443 1.1246 2.3465 0.7226 0.0048 0.2726 0.5630 49.4186 0 0
O 1 2012 2937 7.0746 2.0066 2.3574 0.0015 0.7703 0.2282 1.9063 167.3366 1 0
O 1 2013 5466 9.1880 1.7636 2.3511 0.0037 0.6714 0.3249 1.8933 166.1982 1 0
O 1 2014 14927 -0.0960 2.5505 2.3333 0.1164 0.0018 0.8819 0.8309 72.9360 0 0
O 1 2020 5699 9.2605 0.8991 2.3361 0.0012 0.7238 0.2750 0.8899 78.1139 1 0
O 1 2027 3339 7.2642 1.0635 2.3201 0.0023 0.4830 0.5147 1.1281 99.0220 1 0
O 1 2028 4491 6.8273 0.9718 2.4041 0.0007 0.8239 0.1754 0.9450 82.9485 1 0
O 1 2029 643 11.1451 1.9938 2.3364 0.0016 0.6692 0.3292 1.9774 173.5791 1 1 246
O 1 2034 4679 5.5558 0.8349 2.2980 0.0020 0.6486 0.3494 0.9018 79.1619 1 0
O 1 2035 6975 5.3667 1.6729 2.4023 0.0091 0.0650 0.9259 1.2575 110.3860 0 0
O 1 2039 6963 5.6173 1.4776 2.4023 0.6069 0.0129 0.3803 1.2957 113.7385 1 0
O 1 2043 6973 5.9362 1.4641 2.4034 0.0022 0.7040 0.2938 1.0261 90.0669 0 0
O 1 2046 742 11.5228 1.9111 2.2522 0.0019 0.7500 0.2481 1.9081 167.4914 1 1 6
O 1 2047 7040 9.3881 0.8840 2.3578 0.0015 0.6844 0.3141 0.8925 78.3423 1 0
O 1 2049 2356 8.9527 0.8365 2.3578 0.0013 0.7051 0.2936 0.8701 76.3776 1 0
O 1 2051 4858 8.9905 1.8617 2.4021 0.0019 0.7471 0.2510 1.9978 175.3711 1 0
O 1 2056 15222 2.4563 1.0742 2.3171 0.7385 0.0221 0.2394 1.1019 96.7233 0 0
O 1 2059 882 10.3574 1.0211 2.3137 0.0011 0.7726 0.2263 1.0209 89.6136 1 0
O 1 2061 2565 8.7031 1.0858 2.3137 0.0010 0.7893 0.2097 1.0957 96.1818 1 0
O 1 2063 5018 9.4429 1.0072 2.3137 0.0010 0.7790 0.2200 0.9886 86.7804 1 0
O 1 2064 852 8.8900 1.5632 2.3538 0.0016 0.7865 0.2119 1.6980 149.0462 1 0
O 1 2065 916 5.4653 1.0091 2.3544 0.6261 0.0178 0.3561 2.0520 180.1272 0 0
O 1 2072 817 0.2921 1.0195 2.3181 0.0123 0.0099 0.9779 1.0613 93.1646 0 0
O 1 2077 915 7.2756 1.0182 2.3697 0.0025 0.7448 0.2527 1.2951 113.6836 1 0
O 1 2078 5104 7.7067 1.1950 2.3718 0.0030 0.7281 0.2689 1.2250 107.5289 1 0
O 1 2079 5115 8.1365 0.9704 2.2318 0.0014 0.6724 0.3263 0.9868 86.6216 1 0
O 1 2080 1014 10.0828 2.2711 2.2476 0.0024 0.6907 0.3069 2.2572 198.1330 1 1 87
O 1 2085 1157 6.2012 0.9076 2.1998 0.0013 0.7876 0.2111 0.9341 81.9940 1 0
O 1 2087 1099 7.5669 8.2442 2.2234 0.0074 0.2621 0.7305 8.3159 729.9672 1 0
O 1 2090 1101 5.3288 7.6887 2.2234 0.3859 0.0134 0.6007 0.8837 77.5726 1 0
O 1 2091 3238 6.9382 0.9701 2.1646 0.0010 0.7986 0.2004 1.1046 96.9656 1 0
O 1 2097 14412 3.5550 1.4434 2.1619 0.0039 0.1494 0.8467 1.4025 123.1140 0 0
O 1 2099 744 10.6608 1.8897 2.2522 0.0014 0.7423 0.2563 1.8605 163.3164 1 1 6
O 1 2120 3102 -0.5650 3.1054 2.1103 0.1845 0.0008 0.8148 1.4037 123.2171 0 0
O 1 2134 14523 1.5681 0.9973 2.1294 0.5122 0.0012 0.4867 0.9140 80.2302 0 0
O 1 2164 3207 10.5499 1.9748 2.1082 0.0037 0.6768 0.3195 1.9784 173.6662 1 0
O 1 2165 1262 10.0073 1.8801 2.1082 0.0039 0.6878 0.3083 1.8574 163.0389 1 0
O 1 2172 3333 8.2845 1.2559 2.0871 0.0011 0.7760 0.2229 1.2976 113.8997 1 0
O 1 2176 2275 2.3447 0.8340 2.0881 0.2231 0.0009 0.7760 1.1250 98.7488 0 0
O 1 2178 2198 9.7928 1.9482 2.0481 0.0020 0.7680 0.2300 1.9229 168.7949 1 0
O 1 2180 14808 1.0345 1.2145 2.1335 0.2087 0.3122 0.4790 2.9467 258.6584 0 0
O 1 2181 2280 8.2797 0.8489 2.1335 0.0016 0.6902 0.3082 0.8486 74.4895 1 0
O 1 2190 889 9.7906 1.2413 2.0516 0.0013 0.8021 0.1965 1.2538 110.0570 1 0
O 1 2191 850 8.1276 0.8916 2.1056 0.0010 0.7460 0.2529 0.8710 76.4549 1 0
O 1 2194 277 8.5485 2.2151 2.0354 0.0047 0.7112 0.2841 2.2825 200.3573 1 0
O 1 2198 2693 9.4582 1.3906 2.0464 0.0042 0.2089 0.7869 1.3942 122.3802 1 0
O 1 2202 2747 9.2402 1.1010 2.0620 0.0014 0.7006 0.2980 1.1004 96.5953 1 1 342
O 1 2204 2749 8.3488 1.1033 2.0602 0.0015 0.6847 0.3138 1.1450 100.5044 1 1 342
O 1 2205 14899 0.9295 2.1426 1.9517 0.6325 0.0070 0.3605 0.9653 84.7313 0 0
O 1 2209 1177 1.4457 2.2766 1.9984 0.0089 0.0363 0.9549 2.5889 227.2530 1 0
O 1 2210 15155 0.1846 1.1690 1.9510 0.5143 0.0026 0.4831 1.0084 88.5155 0 0
O 1 2220 15118 7.8465 1.0373 1.9442 0.0193 0.0509 0.9298 1.1133 97.7298 0 0
O 1 2224 674 2.3287 1.1149 1.9514 0.0118 0.4354 0.5528 1.5144 132.9321 0 0
O 1 2230 660 0.8238 1.3224 1.9496 0.1205 0.3905 0.4890 14.1159 1239.0956 0 0
O 1 2232 2269 4.6539 0.9479 1.9512 0.1690 0.1399 0.6912 1.9542 171.5363 1 0
O 1 2240 14487 -1.4984 1.3511 1.9439 0.0296 0.2437 0.7267 1.9067 167.3690 0 0
O 1 2241 2522 6.9271 2.6741 2.0264 0.0029 0.7266 0.2705 2.4319 213.4690 1 0
O 1 2243 836 4.9367 0.9719 1.9513 0.0261 0.4918 0.4821 2.3728 208.2879 1 0
O 1 2251 909 3.6423 2.1816 2.0448 0.1134 0.0017 0.8849 0.7935 69.6535 1 0
O 1 2256 933 3.2388 4.4764 1.8779 0.6503 0.0040 0.3457 4.0592 356.3188 0 0
O 1 2260 14939 -0.3705 0.8296 1.9442 0.0612 0.0215 0.9173 0.6361 55.8411 0 0
O 1 2262 487 8.4275 1.1894 1.9506 0.0018 0.7451 0.2531 1.2281 107.8034 1 0
O 1 2265 1998 6.8677 0.9357 1.9422 0.0238 0.0482 0.9280 0.8624 75.7036 0 0
O 1 2267 1997 5.7597 0.9384 1.9507 0.0553 0.0251 0.9196 0.6689 58.7183 0 0
O 1 2289 668 4.1798 1.0172 1.9419 0.0173 0.5652 0.4175 0.6476 56.8431 1 0
O 1 2290 664 5.6478 1.3122 1.9518 0.0077 0.5810 0.4113 0.8271 72.6029 1 0
O 1 2302 14509 1.0853 0.8212 1.9518 0.0436 0.0078 0.9486 0.9008 79.0751 0 0
O 1 2303 14882 0.6794 1.1228 1.7607 0.2306 0.0061 0.7633 1.0772 94.5589 0 0
O 1 2304 14896 2.5750 0.9556 1.7610 0.2524 0.0004 0.7472 0.7052 61.9005 0 0
O 1 2311 14902 2.2714 11.5657 1.8220 0.3379 0.0326 0.6296 0.5107 44.8280 0 0
O 1 2315 11 6.6631 0.7968 1.8227 0.0058 0.5224 0.4718 1.0685 93.7935 1 0
O 1 2318 14743 0.8168 7.9608 1.7538 0.6861 0.0030 0.3110 1.2947 113.6491 0 0
O 1 2319 607 6.5329 1.4113 1.8164 0.0142 0.6057 0.3800 2.4763 217.3683 1 1 212
O 1 2328 14413 1.7690 1.2727 1.8152 0.0071 0.6875 0.3054 2.4512 215.1661 0 0
O 1 2333 14809 0.5528 1.3668 1.7166 0.2900 0.0000 0.7099 0.5850 51.3478 0 0
O 1 2336 709 7.6651 2.7589 1.8157 0.0086 0.7302 0.2612 3.6635 321.5843 1 0
O 1 2340 14782 0.1219 0.8084 1.7608 0.4903 0.0014 0.5082 0.9857 86.5278 0 0
O 1 2341 760 6.5740 2.2072 1.8226 0.0177 0.6994 0.2829 0.9503 83.4187 1 0
O 1 2343 14421 -0.5548 0.9212 1.7543 0.4727 0.0003 0.5270 0.8873 77.8864 0 0
O 1 2356 815 0.2305 1.8503 1.8793 0.0029 0.6959 0.3012 1.8442 161.8796 0 0
O 1 2365 250 3.8669 2.3676 1.7610 0.0097 0.5549 0.4354 1.5128 132.7943 0 0
O 1 2367 14524 3.6942 1.1336 1.7601 0.0099 0.6197 0.3704 4.6355 406.9013 0 0
O 1 2369 418 6.0313 1.2053 1.8162 0.0195 0.6382 0.3422 0.5953 52.2519 1 0
O 1 2370 15157 0.3799 1.0434 1.7103 0.7558 0.0633 0.1808 1.4053 123.3581 0 0
O 1 2371 1370 3.5023 0.9534 1.7596 0.5075 0.0005 0.4921 1.2394 108.7976 0 0
O 1 2372 14909 2.1477 0.8034 1.7103 0.7801 0.0245 0.1953 3.6951 324.3552 0 0
O 1 2378 1220 1.5705 0.8280 1.7164 0.2733 0.0747 0.6520 3.8942 341.8293 0 0
O 1 2380 1332 1.9253 6.5349 1.6547 0.6523 0.0000 0.3476 1.5155 133.0297 0 0
O 1 2385 1333 1.5151 6.6465 1.6548 0.6391 0.0000 0.3608 1.7381 152.5711 0 0
O 1 2413 623 2.1079 0.8843 1.7167 0.2823 0.1366 0.5811 4.6229 405.8021 1 0
O 1 2417 14442 -0.4210 1.0196 1.6542 0.5710 0.0030 0.4261 1.2806 112.4143 0 0
O 1 2422 111 2.9915 1.5596 1.8229 0.3187 0.3848 0.2965 1.0605 93.0878 1 0
O 1 2424 14420 -0.2238 0.8600 1.6612 0.7305 0.0109 0.2587 2.9597 259.8057 0 0
O 1 2437 745 1.0261 1.5796 1.8226 0.8589 0.0122 0.1290 1.5968 140.1704 0 0
O 1 2446 249 8.2289 2.3617 1.7602 0.0084 0.4607 0.5308 3.6491 320.3159 1 0
O 1 2449 275 0.6503 0.8290 1.6541 0.3350 0.2555 0.4094 5.0199 440.6506 0 0
O 1 2466 1342 3.9369 8.3796 1.6104 0.7795 0.0334 0.1871 3.7706 330.9861 0 0
O 1 2492 14576 2.6448 1.6892 1.6605 0.3932 0.0959 0.5109 0.9608 84.3395 0 0
O 1 2500 14930 -0.2944 1.1423 1.5680 0.5314 0.0000 0.4686 1.1146 97.8429 0 0
O 1 2501 480 4.3657 0.8203 1.6543 0.2201 0.0800 0.6999 0.9576 84.0576 0 0
O 1 2505 1271 6.0375 0.8594 1.6606 0.3458 0.0057 0.6486 1.3274 116.5165 0 0
O 1 2506 537 8.1564 8.4261 1.6543 0.1346 0.1590 0.7064 12.4166 1089.9316 1 1 63
O 1 2542 14482 5.1907 2.1280 1.7166 0.0892 0.5674 0.3434 2.2622 198.5736 1 0
O 1 2546 14454 1.0408 0.8742 1.7103 0.0611 0.4681 0.4707 4.7368 415.7997 0 0
O 1 2547 14830 2.3937 0.9890 1.7103 0.0185 0.0796 0.9019 2.3797 208.8879 0 0
O 1 2548 15132 1.1559 1.9719 1.7610 0.2642 0.3194 0.4164 1.2872 112.9936 0 0
O 1 2551 14895 2.9295 1.3092 1.6110 0.1417 0.0142 0.8441 2.7518 241.5543 0 0
O 1 2555 14918 1.5856 1.1876 1.6168 0.2490 0.1444 0.6066 2.3279 204.3469 0 0
O 1 2560 14562 7.5127 0.9447 1.6612 0.0107 0.4544 0.5349 1.0609 93.1225 1 0
O 1 2566 14545 -0.2479 0.9027 1.5621 0.5449 0.0196 0.4355 2.4450 214.6235 0 0
O 1 2582 1184 4.9665 0.8407 1.6110 0.7617 0.0009 0.2374 0.9777 85.8188 0 0
O 1 2583 1182 4.4077 0.8390 1.6111 0.7187 0.0005 0.2808 1.8022 158.1949 0 0
O 1 2588 1334 3.4084 6.6279 1.6548 0.1218 0.0145 0.8637 2.9633 260.1197 0 0
O 1 2591 1331 5.8520 6.5734 1.6548 0.2298 0.2340 0.5363 7.3871 648.4360 1 1 62
O 1 2603 14568 2.9406 0.9531 1.5619 0.5090 0.0002 0.4908 0.8341 73.2151 0 0
O 1 2604 14966 3.5769 15.9516 1.6173 0.2577 0.0855 0.6568 5.3627 470.7411 0 0
O 1 2612 443 6.1615 0.8815 1.6104 0.7894 0.0007 0.2100 0.9684 85.0023 0 0
O 1 2613 441 5.4446 0.8919 1.6110 0.6127 0.1308 0.2564 79.9219 7015.5464 0 0
O 1 2624 1183 5.6866 0.8525 1.6104 0.7660 0.0012 0.2328 1.0653 93.5079 0 0
O 1 2625 532 6.1580 9.9076 1.6110 0.4380 0.2328 0.3292 9.8035 860.5491 1 1 64
O 1 2632 14943 4.0268 1.2331 1.6167 0.3006 0.2741 0.4252 1.1582 101.6700 0 0
O 1 2644 1376 7.1508 2.4684 1.6104 0.0488 0.5684 0.3828 55.9766 4913.6299 1 1 245
O 1 2645 1372 6.5571 2.4476 1.6110 0.3764 0.0019 0.6216 1.4187 124.5340 1 1 245
O 1 2662 14355 7.3095 1.1839 1.6610 0.0096 0.5075 0.4829 1.0976 96.3482 1 0
O 1 2667 14453 1.3686 1.1390 1.5680 0.6522 0.0153 0.3325 1.4792 129.8421 0 0
O 1 2672 842 5.6449 1.3599 1.6544 0.0111 0.6066 0.3823 1.6669 146.3226 1 0
O 1 2673 757 5.8473 0.8730 1.6164 0.0672 0.5698 0.3630 1.0584 92.9041 0 0
O 1 2683 14873 2.5037 0.8152 1.6610 0.0067 0.5548 0.4385 0.9410 82.5972 0 0
O 1 2685 2788 -0.1302 1.8012 2.3722 0.2326 0.1637 0.6037 7.4634 655.1354 0 0
O 1 2687 2845 6.2384 1.0939 2.3087 0.0013 0.7210 0.2777 1.1204 98.3507 0 0
O 1 2691 5402 8.3074 2.0229 2.3559 0.0020 0.7691 0.2289 2.2645 198.7816 1 0
O 1 2692 5602 7.9936 1.3923 2.3399 0.0025 0.7334 0.2641 1.6827 147.7098 1 0
O 1 2694 3110 1.1209 1.4789 2.3399 0.1499 0.0009 0.8492 1.0799 94.7927 0 0
O 1 2702 6771 6.5501 1.0233 2.4080 0.0012 0.7987 0.2001 1.0201 89.5452 1 0
O 1 2705 644 10.9674 2.1479 2.3338 0.0024 0.7201 0.2775 2.1660 190.1290 1 1 246
O 1 2714 2254 10.9113 1.5664 2.4013 0.0025 0.7425 0.2550 1.5690 137.7308 1 0
O 1 2716 2255 6.0080 1.4761 2.4013 0.0187 0.0139 0.9674 0.8495 74.5655 1 0
O 1 2718 6974 5.8955 1.6868 2.4013 0.0221 0.0110 0.9669 0.8180 71.8071 0 0
O 1 2719 6968 3.6748 1.4613 2.4066 0.3688 0.1252 0.5060 1.7054 149.6978 0 0
O 1 2722 729 8.7202 1.5257 2.4182 0.0017 0.7843 0.2140 1.6187 142.0938 1 0
O 1 2726 15133 10.8822 4.2833 2.3730 0.0136 0.5576 0.4287 4.3008 377.5236 1 0
O 1 2727 7063 10.9265 4.1227 2.3750 0.0143 0.5459 0.4397 4.1264 362.2198 1 0
O 1 2735 14491 1.6763 1.8217 2.3520 0.0338 0.0113 0.9549 1.0100 88.6594 0 0
O 1 2738 5103 9.4488 1.1799 2.3805 0.0023 0.7506 0.2471 1.1556 101.4357 1 0
O 1 2739 1013 9.0112 2.3091 2.2446 0.0026 0.7316 0.2657 2.4906 218.6263 1 1 87
O 1 2743 2987 7.9059 10.8849 2.2235 0.0174 0.0642 0.9184 4.8827 428.6049 1 0
O 1 2746 1158 1.1194 0.9076 2.2211 0.0263 0.0161 0.9577 1.4588 128.0513 0 0
O 1 2747 1277 1.2503 0.8019 2.2889 0.0139 0.6383 0.3479 3.0421 267.0373 0 0
O 1 2756 772 8.7442 1.4684 2.2291 0.0025 0.7738 0.2237 1.5252 133.8835 1 0
O 1 2757 2475 10.1803 1.0302 2.3127 0.0010 0.7766 0.2223 1.0313 90.5263 1 0
O 1 2758 880 7.7453 1.0299 2.3174 0.0026 0.7027 0.2947 1.0950 96.1148 1 0
O 1 2783 3175 0.2613 0.8476 2.1188 0.1051 0.0000 0.8949 0.8632 75.7725 0 0
O 1 2784 1188 -0.3439 0.9505 2.1184 0.0136 0.1055 0.8809 1.5014 131.7958 0 0
O 1 2804 1189 -0.3543 0.9338 2.1247 0.0436 0.0234 0.9331 0.6249 54.8497 0 0
O 1 2820 5678 0.4824 1.8021 2.1188 0.6137 0.0075 0.3788 0.7012 61.5501 0 0
O 1 2827 3177 -0.4959 0.8373 2.1189 0.0858 0.0007 0.9135 2.2367 196.3374 0 0
O 1 2852 3173 0.1670 0.8408 2.1188 0.0954 0.0001 0.9046 0.9155 80.3632 0 0
O 1 2863 1268 6.4939 1.8573 2.1250 0.0054 0.6806 0.3140 1.3788 121.0285 1 0
O 1 2869 2277 5.8132 0.8463 2.1236 0.0053 0.5755 0.4193 1.3470 118.2436 1 0
O 1 2873 14811 5.8538 1.3696 2.1246 0.0068 0.5678 0.4254 0.9360 82.1581 0 0
O 1 2875 15234 -0.2562 2.2509 2.1175 0.3283 0.0008 0.6708 0.8343 73.2382 0 0
O 1 2876 2345 -0.6612 1.7652 2.1175 0.4387 0.1828 0.3784 6.3173 554.5359 0 0
O 1 2879 2494 6.2572 1.0211 2.1962 0.0019 0.7159 0.2822 1.2582 110.4412 1 1 1258
O 1 2881 14875 2.6162 0.9274 2.1784 0.0060 0.6559 0.3381 1.0075 88.4427 0 0
O 1 2885 2639 7.4658 2.0624 2.0519 0.0588 0.0238 0.9174 1.3568 119.0967 1 0
O 1 2886 2701 2.8930 2.5671 1.9862 0.7518 0.0003 0.2479 0.9145 80.2774 0 0
O 1 2887 15140 2.8730 1.1085 1.9854 0.4371 0.0004 0.5625 1.1361 99.7253 0 0
O 1 2888 14504 1.7513 4.7630 2.0454 0.2874 0.0003 0.7122 0.9446 82.9201 0 0
O 1 2894 962 8.2245 1.3733 2.0438 0.0059 0.6873 0.3068 1.7349 152.2864 1 0
O 1 2900 1083 5.2920 1.5410 2.1181 0.0242 0.6073 0.3685 1.0713 94.0398 1 0
O 1 2909 14552 -0.8796 0.8618 2.1189 0.3078 0.0083 0.6839 2.0396 179.0385 0 0
O 1 2912 14528 1.3329 1.3979 2.1188 0.3140 0.0007 0.6853 0.9685 85.0135 0 0
O 1 2918 1258 0.6941 1.1086 2.1188 0.6110 0.0068 0.3822 0.8112 71.2106 0 0
O 1 2925 569 0.7107 1.0117 2.1166 0.0370 0.0171 0.9458 0.9974 87.5487 0 0
O 1 2928 14400 0.6909 2.0469 1.9917 0.6759 0.0001 0.3240 1.1177 98.1158 0 0
O 1 2930 40 5.3742 2.0348 2.0518 0.0785 0.0023 0.9192 0.9571 84.0104 1 0
O 1 2931 41 6.6487 2.0354 2.0514 0.0121 0.6368 0.3512 3.7041 325.1486 1 0
O 1 2932 14749 1.4793 1.2791 2.0517 0.2427 0.0260 0.7314 8.3707 734.7762 0 0
O 1 2933 2106 3.3423 1.5129 2.0509 0.3628 0.0013 0.6359 0.9244 81.1424 0 0
O 1 2936 4659 7.7937 2.2864 2.0515 0.5095 0.2642 0.2263 25.4915 2237.6465 1 1 7
O 1 2937 4656 7.5555 2.2564 2.0517 0.0146 0.5575 0.4279 3.3778 296.4998 1 1 7
O 1 2940 770 4.9639 1.3533 2.1184 0.0112 0.6344 0.3545 0.9392 82.4471 1 0
O 1 2944 2346 8.2628 1.8038 2.1235 0.0059 0.6916 0.3025 1.8002 158.0247 1 0
O 1 2945 2383 8.3226 1.7540 2.0449 0.0063 0.6802 0.3135 1.8912 166.0109 1 0
O 1 2947 2573 7.3163 1.0235 2.0448 0.0038 0.7038 0.2923 1.0238 89.8655 1 0
O 1 2948 267 6.6863 1.0918 2.0448 0.0032 0.7237 0.2730 1.1215 98.4456 1 0
O 1 2949 264 3.9959 1.1179 2.0453 0.0814 0.0104 0.9082 0.7288 63.9701 0 0
O 1 2952 884 7.9256 1.2338 2.0498 0.0034 0.6900 0.3066 1.4442 126.7703 1 0
O 1 2961 966 8.5991 2.3088 1.9861 0.0109 0.6676 0.3215 3.1736 278.5749 1 1 237
O 1 2964 14488 2.7153 0.8476 1.9851 0.0803 0.0459 0.8738 0.5319 46.6881 0 0
O 1 2968 14893 0.3079 1.4808 1.9232 0.4838 0.0126 0.5036 1.0156 89.1528 0 0
O 1 2969 14900 0.2139 1.5440 1.8812 0.6793 0.0000 0.3207 2.5483 223.6929 0 0
O 1 2972 1022 -1.3007 0.9258 1.9295 0.3087 0.0065 0.6848 0.8373 73.4947 0 0
O 1 2974 14911 -0.7890 0.9826 1.9857 0.3195 0.0162 0.6643 1.2642 110.9673 0 0
O 1 2975 15144 4.2435 0.8958 1.9282 0.1261 0.0057 0.8682 1.3877 121.8093 0 0
O 1 2987 50 1.1388 1.0335 1.9857 0.0434 0.6327 0.3239 1.0256 90.0262 0 0
O 1 2992 1281 3.7713 1.0079 1.9862 0.0866 0.3247 0.5887 1.0479 91.9847 0 0
O 1 2995 1320 6.0923 1.1973 1.9282 0.2421 0.2012 0.5567 1.7716 155.5100 0 0
O 1 2999 1315 5.7250 1.3491 1.9294 0.2317 0.0010 0.7673 0.8735 76.6738 0 0
O 1 3001 573 5.9952 1.5401 1.9849 0.0872 0.3294 0.5834 2.7087 237.7692 1 0
O 1 3003 576 7.4091 1.5528 1.9849 0.0241 0.2533 0.7226 2.6628 233.7406 1 0
O 1 3005 14773 4.4297 1.1087 1.9854 0.5618 0.1359 0.3023 0.8040 70.5715 0 0
O 1 3008 14767 2.3493 2.5900 1.9287 0.4082 0.0160 0.5758 1.9094 167.6053 0 0
O 1 3009 677 1.8285 1.9162 1.8865 0.3776 0.0039 0.6184 1.7794 156.1970 0 0
O 1 3010 2169 3.4357 1.4367 1.9233 0.1687 0.0238 0.8075 1.4459 126.9214 1 0
O 1 3013 14785 1.0173 1.7953 1.8808 0.2914 0.0226 0.6860 0.5644 49.5396 0 0
O 1 3016 14814 3.5068 1.7522 1.9924 0.3247 0.0020 0.6733 0.8663 76.0455 0 0
O 1 3020 820 5.9884 1.5449 2.0455 0.0167 0.6501 0.3333 1.1766 103.2781 1 0
O 1 3022 2536 5.1913 2.6858 2.0445 0.0073 0.6894 0.3032 1.5471 135.8064 1 0
O 1 3027 5140 -4.1116 1.9725 2.0519 0.6486 0.0206 0.3308 0.5739 50.3809 0 0
O 1 3032 2779 2.9893 0.9165 1.9294 0.0128 0.5447 0.4425 3.1923 280.2186 1 1 85
O 1 3034 15145 0.5273 2.1503 1.8288 0.5248 0.0032 0.4720 1.4656 128.6493 0 0
O 1 3039 14946 1.7518 1.4147 1.9219 0.5487 0.0000 0.4512 0.8313 72.9748 0 0
O 1 3040 14917 -0.7242 1.5015 1.9857 0.3550 0.0164 0.6286 1.2219 107.2615 0 0
O 1 3043 1150 -5.2870 1.0788 1.9862 0.5959 0.0049 0.3992 0.6147 53.9623 0 0
O 1 3045 1280 5.1124 1.1427 1.9858 0.0120 0.6649 0.3230 0.7438 65.2903 1 0
O 1 3048 3074 2.4882 1.2159 1.9218 0.0578 0.0383 0.9039 1.8043 158.3824 0 0
O 1 3058 1301 2.8388 0.9394 1.8863 0.4560 0.0004 0.5436 0.9494 83.3393 0 0
O 1 3061 1314 6.5254 1.3566 1.9294 0.2318 0.0007 0.7675 0.7407 65.0227 0 0
O 1 3064 3314 5.9068 1.4999 1.9293 0.1337 0.0045 0.8618 1.2780 112.1805 0 0
O 1 3074 1282 4.4956 0.9989 1.9857 0.3634 0.0186 0.6180 0.7340 64.4322 0 0
O 1 3077 1318 6.1088 1.2037 1.9294 0.2342 0.0010 0.7648 0.8951 78.5716 0 0
O 1 3079 14766 2.0877 0.9090 1.8298 0.1211 0.0023 0.8766 0.8959 78.6454 0 0
O 1 3080 669 5.9813 1.0181 1.9233 0.0133 0.5380 0.4487 3.2758 287.5497 1 0
O 1 3082 14956 1.1205 4.4337 1.8864 0.3663 0.0209 0.6128 1.6566 145.4159 0 0
O 1 3083 2080 1.4042 1.7934 1.8863 0.2046 0.0895 0.7059 2.2634 198.6849 0 0
O 1 3086 3346 2.9655 2.1570 1.8294 0.8319 0.0000 0.1680 1.6068 141.0452 0 0
O 1 3088 14967 3.6584 20.9443 1.9233 0.0832 0.5149 0.4020 7.0557 619.3471 0 0
O 1 3090 14962 -2.0518 1.1011 1.9916 0.8377 0.0055 0.1568 1.0580 92.8717 0 0
O 1 3096 662 7.2393 1.3133 1.9233 0.0115 0.6283 0.3602 7.9330 696.3608 1 0
O 1 3108 14874 -0.9604 0.9881 1.8288 0.7857 0.0016 0.2126 1.2292 107.9013 0 0
O 1 3112 1011 7.4608 1.6885 1.8299 0.0299 0.5897 0.3803 1.1985 105.2021 1 1 234
O 1 3116 14931 2.6618 3.0654 1.8801 0.0292 0.0239 0.9468 0.8156 71.5946 0 0
O 1 3126 15154 3.7759 2.6852 1.8298 0.4713 0.3020 0.2267 2.1001 184.3483 0 0
O 1 3127 604 6.9740 1.4069 1.8298 0.0142 0.5257 0.4600 0.9794 85.9727 1 1 212
O 1 3128 14938 2.0620 0.8277 1.8245 0.5433 0.0146 0.4422 1.0313 90.5237 0 0
O 1 3131 15119 2.2022 2.3768 1.8245 0.4454 0.0191 0.5355 1.0894 95.6233 0 0
O 1 3133 14404 2.7391 7.4511 1.8861 0.7115 0.0001 0.2885 0.7394 64.9010 0 0
O 1 3136 627 3.5455 2.5471 1.8288 0.2989 0.0070 0.6941 0.5182 45.4908 0 0
O 1 3138 1341 5.0979 2.2742 1.8288 0.0106 0.5985 0.3909 1.0652 93.5060 0 0
O 1 3139 14426 1.7738 1.3195 1.8244 0.0794 0.0204 0.9002 1.0735 94.2286 0 0
O 1 3141 2193 -4.0467 1.4345 1.8865 0.6939 0.0004 0.3058 0.7983 70.0773 0 0
O 1 3142 613 0.2570 1.2790 1.8865 0.6668 0.0006 0.3327 0.6445 56.5778 0 0
O 1 3147 14838 2.6038 1.8419 1.8295 0.6277 0.1350 0.2373 1.3663 119.9354 0 0
O 1 3158 1700 10.5870 1.4957 -2.1675 0.0030 0.7621 0.2349 1.4721 129.2245 1 1 136
O 1 3160 1717 10.5926 1.3088 -2.2998 0.0009 0.7082 0.2909 1.2886 113.1129 1 0
O 1 3162 4071 2.3239 0.7983 -2.2170 0.0628 0.0250 0.9122 0.9784 85.8856 0 0
O 1 3167 1767 10.3687 0.8926 -2.2666 0.0006 0.7987 0.2007 0.9005 79.0479 1 0
O 1 3168 15051 -0.3925 1.2749 -2.2496 0.1560 0.3484 0.4956 2.3270 204.2657 0 0
O 1 3171 1828 9.2426 1.0402 -2.2507 0.0007 0.7783 0.2209 1.1271 98.9390 1 0
O 1 3173 1797 12.0165 1.0865 -2.2082 0.0007 0.7523 0.2470 1.0819 94.9705 1 0
O 1 3178 1889 0.9286 0.9831 -2.2350 0.0044 0.0385 0.9571 1.0250 89.9728 0 0
O 1 3179 4158 1.0384 0.9292 -2.1964 0.5907 0.0939 0.3154 5.1990 456.3688 0 0
O 1 3181 1897 0.6224 0.9701 -2.2350 0.0032 0.0474 0.9494 1.1575 101.6086 0 0
O 1 3193 6644 4.8260 0.9725 -2.2961 0.0006 0.7745 0.2249 1.3115 115.1213 1 0
O 1 3197 1913 8.0952 1.0501 -2.2799 0.5423 0.1848 0.2729 477.3048 41897.8281 1 0
O 1 3198 1914 9.8525 1.0438 -2.2744 0.0007 0.6534 0.3459 0.9381 82.3500 1 0
O 1 3210 14737 0.3588 1.1863 -2.1520 0.0168 0.6319 0.3512 2.0581 180.6631 1 0
O 1 3212 1421 8.5766 1.1557 -2.2715 0.0010 0.6092 0.3898 0.7116 62.4611 1 0
O 1 3213 3481 9.6602 1.2465 -2.3287 0.0012 0.5677 0.4311 0.9672 84.9023 1 0
O 1 3215 3480 7.1462 1.2611 -2.3287 0.7824 0.0800 0.1377 9.7110 852.4302 1 0
O 1 3220 3671 9.1501 0.9912 -2.2596 0.0009 0.6808 0.3183 0.9049 79.4322 1 0
O 1 3221 3670 9.4009 0.9916 -2.2608 0.0008 0.7917 0.2075 0.9041 79.3628 1 0
O 1 3224 1570 9.4847 1.8913 -2.2280 0.0050 0.7031 0.2919 1.6654 146.1928 1 0
O 1 3227 3724 9.7697 2.1496 -2.1721 0.0031 0.6530 0.3438 2.1616 189.7466 1 0
O 1 3231 15004 0.6455 1.5463 -2.1548 0.0142 0.3543 0.6315 1.3352 117.2078 0 0
O 1 3233 15017 -0.5333 1.1508 -2.2739 0.0153 0.5901 0.3945 4.3775 384.2531 0 0
O 1 3236 1642 8.5447 4.4114 -2.2234 0.0743 0.2848 0.6410 2.5136 220.6471 1 0
O 1 3237 3867 9.1927 5.2545 -2.2234 0.0187 0.4356 0.5457 5.9315 520.6636 1 0
O 1 3243 6236 8.6674 7.9123 -2.3232 0.0135 0.3987 0.5878 10.5981 930.3042 1 0
O 1 3247 6355 0.5875 0.8218 -2.2233 0.2236 0.0898 0.6866 2.9281 257.0305 0 0
O 1 3248 1744 11.2744 1.6391 -2.1133 0.0095 0.7399 0.2506 1.6850 147.9105 1 0
O 1 3255 4391 10.7752 1.5738 -2.0949 0.0019 0.7500 0.2481 1.5739 138.1611 1 0
O 1 3261 1387 8.0570 1.3041 -2.0905 0.0061 0.7928 0.2011 1.5922 139.7645 1 0
O 1 3271 1390 11.3762 1.9600 -1.9781 0.0082 0.6339 0.3579 1.9358 169.9202 1 0
O 1 3275 3467 7.9362 1.9202 -2.1485 0.0035 0.6889 0.3076 1.7111 150.1982 1 0
O 1 3282 3723 11.4021 2.1064 -2.1721 0.0100 0.7580 0.2320 2.0937 183.7811 1 0
O 1 3285 1593 1.0928 1.2117 -2.0279 0.0478 0.3918 0.5604 2.3053 202.3560 0 0
O 1 3286 3775 9.9858 1.3283 -2.0354 0.0013 0.7963 0.2024 1.3779 120.9488 1 0
O 1 3287 3776 11.2323 1.2966 -2.0384 0.0012 0.8121 0.1867 1.2931 113.5098 1 0
O 1 3297 349 9.8873 0.9492 -1.8664 0.0023 0.7662 0.2315 0.9131 80.1529 1 0
O 1 3299 4085 12.4253 2.3841 -1.9735 0.0107 0.6980 0.2914 2.3751 208.4872 1 0
O 1 3302 1855 5.7186 1.1403 -1.9383 0.1534 0.3290 0.5176 1.5423 135.3801 1 0
O 1 3303 1880 10.2601 1.2459 -1.9833 0.0045 0.7809 0.2146 1.3447 118.0356 1 0
O 1 3305 1882 9.9181 0.8671 -1.9796 0.0403 0.2804 0.6792 0.9146 80.2803 1 0
O 1 3308 1950 10.5261 0.9392 -1.8894 0.0011 0.8490 0.1499 0.9167 80.4643 1 0
O 1 3310 1952 9.4143 1.9436 -1.9720 0.0152 0.6978 0.2871 2.0397 179.0491 1 0
O 1 3314 15111 -0.6522 2.9424 -1.9307 0.3482 0.0202 0.6316 1.4689 128.9374 0 0
O 1 3316 4401 10.0103 1.4135 -1.9521 0.0034 0.7439 0.2528 1.4437 126.7305 1 0
O 1 3318 14723 0.5267 0.8852 -1.8775 0.0343 0.1025 0.8632 1.0722 94.1149 0 0
O 1 3319 4464 8.1512 1.3386 -1.9192 0.0021 0.8224 0.1755 1.2833 112.6451 1 0
O 1 3325 3415 11.6191 1.9416 -1.9781 0.0420 0.6184 0.3396 1.9462 170.8336 1 0
O 1 3326 14976 3.7133 1.1319 -1.9781 0.6805 0.1176 0.2019 4.7841 419.9444 0 0
O 1 3327 1982 11.5057 0.9651 -1.9606 0.0049 0.5238 0.4714 0.9657 84.7648 1 0
O 1 3328 1977 11.6695 0.9804 -1.9610 0.0038 0.6085 0.3877 0.9816 86.1637 1 0
O 1 3330 3413 11.3962 1.9272 -1.9781 0.0576 0.5669 0.3755 1.9274 169.1880 1 0
O 1 3334 1439 10.0890 1.4061 -1.8370 0.0078 0.6520 0.3402 1.3806 121.1928 1 0
O 1 3337 1431 8.2171 0.9092 -1.8456 0.0028 0.7909 0.2063 0.9590 84.1838 1 0
O 1 3342 1549 10.5869 1.4348 -1.8864 0.0025 0.8573 0.1402 1.4032 123.1703 1 0
O 1 3344 15180 -0.3490 0.9077 -1.9208 0.3306 0.0035 0.6659 1.1417 100.2157 0 0
O 1 3346 1565 11.5127 1.7375 -1.9815 0.0330 0.7225 0.2444 1.7378 152.5422 1 0
O 1 3352 14630 -1.5046 1.2814 -1.9981 0.0646 0.0390 0.8964 0.9872 86.6523 0 0
O 1 3353 1661 10.6653 2.1449 -1.8327 0.0156 0.6691 0.3153 2.1554 189.1996 1 0
O 1 3354 3886 11.1056 1.5933 -1.9883 0.0085 0.7723 0.2192 1.5697 137.7877 1 0
O 1 3355 1654 11.4611 1.4750 -1.9883 0.0068 0.7307 0.2624 1.4956 131.2868 1 0
O 1 3363 14656 10.1055 1.9068 -1.9696 0.0264 0.6587 0.3149 1.8621 163.4558 1 0
O 1 3364 15031 7.3326 0.8648 -1.9176 0.0021 0.8543 0.1436 0.8326 73.0855 1 0
O 1 3366 1715 10.0755 0.9297 -1.7429 0.0006 0.8956 0.1039 0.9397 82.4829 1 0
O 1 3369 344 9.4274 1.1314 -1.7643 0.0005 0.8810 0.1185 1.1634 102.1257 1 0
O 1 3372 15073 0.9390 1.0070 -1.8501 0.0049 0.5300 0.4651 2.9493 258.8925 0 0
O 1 3376 1814 9.7471 1.1880 -1.8038 0.1403 0.0519 0.8079 1.0860 95.3300 1 0
O 1 3383 13836 0.5760 1.1660 -1.6500 0.2159 0.0008 0.7832 1.1463 100.6216 0 0
O 1 3387 15087 0.4015 1.0360 -1.5943 0.2477 0.1536 0.5988 2.2098 193.9772 0 0
O 1 3393 4345 8.7253 0.8479 -1.8600 0.0030 0.7808 0.2162 0.8460 74.2589 1 0
O 1 3394 1940 9.7666 0.8510 -1.8112 0.0042 0.8082 0.1877 0.8444 74.1250 1 0
O 1 3395 1958 9.3307 0.9455 -1.7981 0.0085 0.6379 0.3536 0.9307 81.6926 1 0
O 1 3396 1939 1.3550 0.9541 -1.7801 0.1838 0.0007 0.8155 1.3932 122.2932 0 0
O 1 3397 13842 1.1146 1.2822 -1.7700 0.0086 0.0622 0.9292 1.5356 134.7978 0 0
O 1 3402 14972 0.3887 1.7637 -1.6263 0.6014 0.0006 0.3980 2.4144 211.9370 0 0
O 1 3404 14588 -0.8909 1.1306 -1.8028 0.0050 0.8012 0.1937 0.8285 72.7286 0 0
O 1 3406 1438 8.2657 0.8533 -1.8950 0.0050 0.7667 0.2283 0.8268 72.5738 1 0
O 1 3415 14989 8.8845 1.0283 -1.8162 0.0033 0.8130 0.1837 1.0909 95.7625 1 0
O 1 3418 1521 8.1127 0.9897 -1.7708 0.0028 0.8143 0.1830 1.0671 93.6717 1 0
O 1 3421 1457 9.1142 0.9273 -1.8591 0.0013 0.8638 0.1348 0.8735 76.6762 1 0
O 1 3422 1462 10.5347 1.2709 -1.8266 0.0014 0.8589 0.1398 1.2243 107.4671 1 0
O 1 3428 77 0.6919 0.7981 -1.9150 0.1383 0.0807 0.7810 2.2764 199.8186 0 0
O 1 3431 139 8.0107 0.8520 -1.7214 0.0012 0.8689 0.1299 0.9128 80.1258 1 0
O 1 3439 162 9.1691 0.9260 -1.8388 0.0025 0.7361 0.2614 0.9763 85.6985 1 0
O 1 3440 1579 10.0830 1.0123 -1.8404 0.0036 0.8053 0.1910 0.9778 85.8346 1 0
O 1 3442 233 8.4320 0.8749 -1.7072 0.0005 0.9011 0.0984 0.9179 80.5723 1 0
O 1 3443 1634 7.9360 1.0639 -1.6266 0.0079 0.2945 0.6976 0.9670 84.8847 1 0
O 1 3446 1625 9.2238 1.1769 -1.8276 0.0230 0.6214 0.3555 1.2887 113.1189 1 0
O 1 3451 1689 8.4186 1.1631 -1.8675 0.0046 0.7564 0.2390 1.3181 115.7051 1 0
O 1 3452 286 9.1459 1.1379 -1.8699 0.0033 0.8013 0.1954 1.2384 108.7097 1 0
O 1 3453 301 5.2333 0.8833 -1.6069 0.3354 0.0593 0.6054 1.4353 125.9949 1 0
O 1 3455 14676 8.2368 1.0960 -1.5275 0.0004 0.8763 0.1233 1.0781 94.6328 1 0
O 1 3456 356 8.1452 0.8450 -1.5894 0.0020 0.8646 0.1333 0.8849 77.6788 1 0
O 1 3461 13824 2.5243 1.0178 -1.6819 0.0031 0.8483 0.1486 1.7032 149.5075 0 0
O 1 3467 15069 8.2199 1.9504 -1.5868 0.0146 0.7526 0.2328 1.9359 169.9328 1 0
O 1 3476 13832 10.6650 1.0449 -1.5937 0.0016 0.8803 0.1181 1.0394 91.2344 1 0
O 1 3489 522 7.4603 1.0920 -1.6424 0.0013 0.7300 0.2687 1.0035 88.0901 1 0
O 1 3502 94 11.0422 2.5060 -1.6859 0.0046 0.7690 0.2263 2.4918 218.7322 1 0
O 1 3504 13794 9.6540 1.3555 -1.6457 0.0035 0.8357 0.1608 1.4154 124.2451 1 0
O 1 3527 1600 9.0834 0.9031 -1.6344 0.0010 0.8557 0.1432 0.8670 76.1044 1 0
O 1 3528 229 7.8200 0.8022 -1.5935 0.0027 0.8569 0.1404 0.8284 72.7150 1 0
O 1 3530 302 1.6918 0.8901 -1.6069 0.1640 0.0231 0.8128 0.8305 72.9056 0 0
O 1 3538 13815 -0.3178 0.9887 -1.5336 0.0325 0.2573 0.7102 1.8081 158.7117 0 0
O 1 3542 355 8.0198 0.8472 -1.5894 0.0014 0.8908 0.1078 0.8823 77.4494 1 0
O 1 3547 348 6.9436 2.4365 -1.5570 0.1577 0.0053 0.8371 1.3279 116.5620 1 0
O 1 3549 375 7.2186 0.8532 -1.4869 0.0011 0.8930 0.1058 0.8162 71.6448 1 0
O 1 3554 13829 7.5210 0.8808 -1.3876 0.0223 0.0887 0.8890 0.7947 69.7607 1 0
O 1 3566 14598 -1.6242 5.1080 -1.5496 0.0041 0.8618 0.1341 1.7233 151.2705 0 0
O 1 3571 13788 2.1781 6.6114 -1.5401 0.4575 0.0507 0.4919 1.3415 117.7587 0 0
O 1 3590 182 -2.1922 1.3279 -1.4400 0.0988 0.1266 0.7746 1.9629 172.3007 0 0
O 1 3630 517 9.6724 2.2664 -1.4021 0.0063 0.8351 0.1586 2.2569 198.1064 1 0
O 1 3664 27 8.9516 0.8464 -1.2435 0.0003 0.8148 0.1849 0.8379 73.5541 1 0
O 1 3709 14375 8.7421 0.9777 -1.3199 0.0015 0.8342 0.1642 0.9811 86.1248 1 0
O 1 3716 244 9.0992 0.9391 -1.3586 0.0006 0.8666 0.1328 0.9152 80.3355 1 0
O 1 3723 279 7.7389 1.3127 -1.3765 0.0008 0.8556 0.1436 1.2074 105.9884 1 0
O 1 3730 14162 4.9638 0.8128 -1.2555 0.0031 0.8814 0.1155 0.8296 72.8230 1 0
O 1 3736 14381 7.4144 1.9080 -1.2188 0.0149 0.6200 0.3651 1.7885 156.9934 1 0
O 1 3745 13822 6.5232 0.8302 -1.2733 0.0005 0.8890 0.1104 0.9173 80.5239 1 0
O 1 3758 13086 4.5561 0.8583 -1.2069 0.0007 0.8961 0.1032 0.8306 72.9071 1 0
O 1 3759 13584 -3.3132 0.8466 -1.2054 0.0023 0.8203 0.1773 1.5307 134.3662 0 0
O 1 3770 13139 8.4395 1.0449 -1.1611 0.0010 0.8525 0.1465 1.0708 93.9938 1 0
O 1 3773 13840 5.7751 0.9735 -1.0891 0.0011 0.8482 0.1507 0.9331 81.9058 1 0
O 1 3777 13151 7.5332 2.5093 -1.1851 0.0147 0.5413 0.4440 2.4470 214.8020 1 0
O 1 3798 14374 8.8149 0.9736 -1.3199 0.0034 0.8693 0.1273 0.9793 85.9630 1 0
O 1 3803 12960 7.1815 0.9453 -1.2919 0.0028 0.8633 0.1340 0.9226 80.9862 1 0
O 1 3805 13324 -0.1306 53.8955 -1.2919 0.4577 0.0073 0.5350 1.3064 114.6765 0 0
O 1 3816 14376 8.5289 0.9582 -1.2826 0.0032 0.8624 0.1345 0.9797 85.9985 1 0
O 1 3819 12978 5.1528 0.8453 -1.1575 0.0012 0.8692 0.1296 0.9557 83.8941 1 0
O 1 3832 13010 5.2141 1.0844 -0.9262 0.0190 0.7245 0.2565 1.1521 101.1293 1 0
O 1 3835 14139 7.1145 2.1404 -1.0412 0.0024 0.7850 0.2126 2.0612 180.9331 1 0
O 1 3837 13034 6.6720 0.8472 -1.1083 0.0033 0.8903 0.1064 0.8221 72.1606 1 0
O 1 3848 14200 7.7446 1.0403 -1.0379 0.0037 0.8460 0.1503 1.0578 92.8509 1 0
O 1 3850 449 6.8962 0.8110 -1.1992 0.0111 0.8353 0.1536 0.8233 72.2665 1 0
O 1 3875 12918 5.3175 2.2175 -1.1086 0.0034 0.8472 0.1495 1.8843 165.4014 1 0
O 1 3876 12935 4.9984 1.9161 -0.9910 0.1835 0.0150 0.8015 1.6085 141.1985 1 0
O 1 3882 12966 6.7246 0.8050 -1.0938 0.0089 0.6124 0.3787 0.8227 72.2129 1 0
O 1 3885 171 7.0868 0.9398 -1.2238 0.0030 0.8574 0.1396 0.9536 83.7038 1 0
O 1 3887 13339 8.8450 1.5205 -1.1433 0.0040 0.8257 0.1704 1.5382 135.0217 1 0
O 1 3894 13425 0.4252 1.0179 -1.0189 0.0055 0.8419 0.1526 1.2202 107.1089 0 0
O 1 3897 14089 8.1212 1.6532 -1.0401 0.0024 0.8245 0.1731 1.5367 134.8951 1 0
O 1 3909 13017 7.5209 1.1695 -0.9729 0.0059 0.5196 0.4745 1.1101 97.4467 1 0
O 1 3921 379 5.2650 0.8928 -0.8879 0.0007 0.8200 0.1793 0.9261 81.2922 1 0
O 1 3925 13044 -1.0824 0.8378 -1.0904 0.2577 0.0242 0.7180 1.0808 94.8709 0 0
O 1 3930 13558 -2.5404 0.8023 -0.8140 0.2868 0.0011 0.7120 0.9795 85.9815 0 0
O 1 3936 14261 -1.9054 0.8512 -0.9628 0.1000 0.0387 0.8613 2.4167 212.1351 0 0
O 1 3947 13953 0.9757 3.1433 -0.8166 0.1969 0.0109 0.7923 1.0327 90.6505 0 0
O 1 3966 12962 7.0987 1.7569 -0.8743 0.0046 0.7473 0.2481 1.9098 167.6433 1 0
O 1 3969 170 7.5442 0.8276 -1.0343 0.0068 0.6482 0.3450 0.8221 72.1658 1 0
O 1 3974 13361 7.2292 0.8569 -0.9391 0.0013 0.8523 0.1463 0.8478 74.4243 1 0
O 1 3979 12991 0.3974 4.6407 -0.7402 0.7498 0.0009 0.2493 1.1430 100.3299 0 0
O 1 3984 13004 7.8666 1.0116 -1.0681 0.0245 0.5562 0.4194 1.0664 93.6077 1 0
O 1 3986 14093 5.3211 1.1447 -1.0570 0.0126 0.4585 0.5290 1.2189 106.9991 1 0
O 1 3989 13431 6.8225 0.9111 -1.0681 0.1347 0.0200 0.8453 0.7991 70.1433 0 0
O 1 3991 292 8.8607 1.9641 -0.8759 0.0051 0.8032 0.1917 1.9609 172.1239 1 0
O 1 3992 13013 5.7511 0.9848 -0.6359 0.0126 0.7905 0.1970 0.9830 86.2908 1 0
O 1 4022 13848 -0.5611 2.5096 -0.9146 0.1276 0.0287 0.8437 0.8499 74.6027 0 0
O 1 4025 13936 7.5782 0.9639 -0.9194 0.0097 0.6180 0.3723 0.9471 83.1351 1 0
O 1 4026 104 7.7132 1.1241 -0.8024 0.0120 0.6124 0.3755 1.1123 97.6418 1 0
O 1 4035 118 6.4385 0.8923 -0.8057 0.0057 0.8008 0.1935 0.8520 74.7912 1 0
O 1 4037 14014 -1.1173 0.8520 -0.9039 0.0025 0.8467 0.1507 0.8997 78.9715 0 0
O 1 4043 14031 7.0602 0.9149 -0.7823 0.0006 0.8002 0.1991 0.9211 80.8517 1 0
O 1 4060 14094 -0.9297 3.4503 -0.6961 0.8114 0.0095 0.1792 1.1663 102.3792 0 0
O 1 4088 387 7.8178 0.9143 -0.8474 0.0082 0.8180 0.1739 0.9331 81.9063 1 0
O 1 4095 415 8.2501 1.1115 -0.6065 0.0081 0.8017 0.1903 1.0819 94.9706 1 0
O 1 4100 13583 5.6713 0.9839 -0.6291 0.2741 0.0222 0.7038 0.8908 78.1930 0 0
O 1 4102 13625 1.3951 1.1261 -0.5289 0.3972 0.0011 0.6017 0.8524 74.8265 0 0
O 1 4118 434 8.0118 1.3221 -0.6810 0.0065 0.7794 0.2141 1.3065 114.6828 1 0
O 1 4131 489 8.3038 2.0257 -0.7633 0.0243 0.7777 0.1980 2.0071 176.1871 1 0
O 1 4143 13224 0.4551 2.4544 -0.7622 0.7731 0.0373 0.1897 2.1242 186.4646 0 0
O 1 4159 122 7.1598 0.8352 -0.6678 0.0034 0.7603 0.2363 0.7970 69.9578 1 0
O 1 4161 117 9.0849 1.1020 -0.6536 0.0042 0.7542 0.2416 1.1095 97.3956 1 0
O 1 4206 12958 2.3255 0.9078 -0.8850 0.4368 0.0266 0.5365 0.9392 82.4388 0 0
O 1 4217 13401 -0.9895 1.9366 -0.4155 0.5012 0.0013 0.4976 1.1133 97.7234 0 0
O 1 4222 14065 7.5551 2.2928 -0.6659 0.0075 0.8069 0.1857 2.3540 206.6383 1 0
O 1 4234 13000 1.6483 1.4164 -0.7526 0.8029 0.0017 0.1954 1.3119 115.1626 0 0
O 1 4239 14075 0.6227 0.8477 -0.6743 0.0031 0.8008 0.1961 1.3108 115.0609 0 0
O 1 4282 13578 -0.5125 1.3753 0.6314 0.8643 0.0121 0.1236 1.0238 89.8716 0 0
O 1 4289 13466 0.5870 0.8836 0.7855 0.0075 0.8740 0.1185 0.8142 71.4744 0 0
O 1 4292 13511 2.5613 0.9373 0.6341 0.0044 0.8102 0.1855 1.2753 111.9422 0 0
O 1 4294 374 6.9960 0.9011 0.6866 0.0027 0.8551 0.1422 0.9456 83.0051 1 0
O 1 4295 13068 0.6631 1.7121 0.5364 0.7988 0.0131 0.1880 1.1230 98.5758 0 0
O 1 4307 484 6.2345 2.2554 0.5122 0.1808 0.0228 0.7964 1.3644 119.7641 0 0
O 1 4309 486 8.0010 1.8329 0.6082 0.0213 0.7721 0.2066 1.7872 156.8830 1 1 91
O 1 4311 481 8.4260 1.3954 0.7076 0.0037 0.8257 0.1706 1.3491 118.4240 1 0
O 1 4326 12857 7.3901 0.9421 0.6974 0.0032 0.8735 0.1233 0.9055 79.4851 1 0
O 1 4328 12856 8.1118 0.9591 0.6508 0.0033 0.8119 0.1848 0.9596 84.2320 1 0
O 1 4333 13282 1.3551 2.8477 0.7092 0.0041 0.8252 0.1706 0.8176 71.7647 0 0
O 1 4349 119 8.3129 0.9304 0.6748 0.0011 0.8680 0.1309 0.9197 80.7301 1 0
O 1 4372 12955 8.3335 1.2108 0.5842 0.0060 0.8817 0.1124 1.1819 103.7487 1 0
O 1 4377 185 8.2040 1.4018 0.6006 0.0030 0.8134 0.1836 1.3503 118.5283 1 0
O 1 4386 274 7.8513 0.8366 0.8097 0.0029 0.7832 0.2139 0.8461 74.2704 1 0
O 1 4411 14334 6.3221 4.9456 0.7696 0.0328 0.4901 0.4771 4.8485 425.6017 1 1 0
O 1 4413 14335 6.3108 4.6993 0.7696 0.0619 0.4687 0.4694 4.8230 423.3670 1 1 0
O 1 4415 13193 6.6591 1.4222 0.8719 0.0041 0.8004 0.1955 1.3556 118.9973 1 0
O 1 4416 78 6.5836 0.8067 0.9129 0.0112 0.7221 0.2667 0.8282 72.7028 1 0
O 1 4417 13951 2.7834 0.8157 0.8274 0.0032 0.8023 0.1945 0.8570 75.2265 0 0
O 1 4418 13938 -0.7546 6.4234 0.8617 0.0221 0.6758 0.3021 3.9774 349.1331 0 0
O 1 4426 12921 7.3044 0.9767 0.8624 0.0103 0.8429 0.1467 0.9850 86.4619 1 0
O 1 4435 14007 7.1474 0.9683 0.7051 0.0019 0.8341 0.1639 0.9380 82.3340 1 0
O 1 4444 141 7.4448 1.2466 0.9462 0.0221 0.7694 0.2085 1.2460 109.3772 1 0
O 1 4446 196 7.5001 0.9787 0.6824 0.0009 0.9044 0.0947 0.9376 82.3038 1 0
O 1 4448 14043 5.6963 0.8363 0.7541 0.0006 0.8897 0.1097 0.8264 72.5452 1 0
O 1 4449 13417 -1.3067 0.8524 0.7799 0.8647 0.0341 0.1011 1.8217 159.9051 0 0
O 1 4451 13441 -1.1201 2.0645 0.7917 0.6086 0.0322 0.3592 1.6071 141.0709 0 0
O 1 4454 14150 0.9962 1.0347 0.8106 0.3444 0.0011 0.6545 0.9761 85.6802 0 0
O 1 4458 14147 8.7245 1.1125 0.8896 0.0071 0.6643 0.3286 1.1073 97.1961 1 0
O 1 4460 13474 -1.5647 0.9288 0.9456 0.0979 0.1157 0.7864 1.2615 110.7382 0 0
O 1 4463 13050 5.4985 1.6606 0.8347 0.0230 0.2136 0.7634 1.4189 124.5516 0 0
O 1 4465 14173 2.7315 1.3217 0.9620 0.0022 0.8828 0.1150 0.8057 70.7238 0 0
O 1 4467 416 9.4630 1.3310 0.9544 0.0053 0.5670 0.4276 1.3273 116.5075 1 0
O 1 4470 13552 1.5807 13.1611 0.8307 0.0005 0.8483 0.1513 1.1117 97.5855 0 0
O 1 4472 13535 -1.9628 0.8388 0.8853 0.7758 0.0740 0.1502 4.5413 398.6360 0 0
O 1 4485 14307 7.2504 1.4509 0.9455 0.0038 0.7395 0.2567 1.4727 129.2717 1 0
O 1 4497 13206 7.3473 1.3344 1.0628 0.0073 0.7728 0.2200 1.3619 119.5443 1 0
O 1 4500 12896 5.6813 0.8145 1.1148 0.0352 0.6357 0.3291 0.8544 75.0016 1 0
O 1 4507 74 7.1722 1.0222 0.9517 0.0019 0.8871 0.1110 0.9446 82.9150 1 0
O 1 4512 14003 7.8552 1.5858 0.9656 0.0095 0.7530 0.2375 1.6208 142.2734 1 0
O 1 4513 13988 6.0025 0.8794 0.9947 0.0142 0.7105 0.2753 0.8462 74.2791 1 0
O 1 4516 12946 6.7079 0.8858 0.9081 0.0028 0.5810 0.4162 0.8841 77.6079 1 0
O 1 4524 13032 7.8917 1.5817 0.9895 0.0021 0.8279 0.1700 1.6693 146.5282 1 0
O 1 4529 14121 -2.1467 1.3480 0.9456 0.3642 0.0211 0.6147 1.2467 109.4335 0 0
O 1 4537 14258 6.9336 1.1182 1.1462 0.0016 0.8193 0.1791 1.0389 91.1931 1 0
O 1 4549 13174 -1.1028 0.9156 1.0542 0.1306 0.2025 0.6669 0.8173 71.7399 0 0
O 1 4551 12862 7.2378 1.0109 0.9651 0.0021 0.7737 0.2243 1.0057 88.2770 1 0
O 1 4578 12916 7.0849 0.8976 0.9625 0.0016 0.8401 0.1583 0.8996 78.9694 1 0
O 1 4585 12949 6.2699 1.0583 1.0268 0.0008 0.8562 0.1430 0.9553 83.8553 1 0
O 1 4595 13411 -0.3107 37.8537 1.1024 0.7695 0.0027 0.2278 2.0023 175.7615 0 0
O 1 4602 14503 -2.5391 2.1046 1.2844 0.0019 0.8099 0.1882 1.0952 96.1344 0 0
O 1 4604 13736 0.3463 1.9543 1.0681 0.0479 0.6664 0.2857 1.3265 116.4441 0 0
O 1 4610 13091 8.0622 1.2723 1.1784 0.0024 0.7647 0.2329 1.2991 114.0348 1 0
O 1 4633 13990 6.5176 1.1700 1.2946 0.0104 0.8086 0.1810 1.1084 97.2985 1 0
O 1 4645 12944 5.5389 1.3523 1.2358 0.0013 0.8623 0.1364 1.1598 101.8039 1 0
O 1 4669 188 5.5115 2.0028 1.2960 0.4825 0.1269 0.3906 2.5171 220.9545 0 0
O 1 4679 12961 5.2853 1.1941 1.2744 0.0033 0.8012 0.1954 1.0876 95.4656 1 0
O 1 4730 12992 -0.8079 1.3346 1.2323 0.0053 0.7825 0.2123 1.1876 104.2460 0 0
O 1 4739 14516 -2.0888 1.5632 1.4081 0.0062 0.8407 0.1532 1.5552 136.5156 0 0
O 1 4749 14359 8.0495 1.4763 1.3806 0.0038 0.7925 0.2037 1.4509 127.3589 1 0
O 1 4751 13766 8.1053 0.8196 1.3073 0.0009 0.8397 0.1595 0.8179 71.7994 1 0
O 1 4752 14363 5.4564 0.8521 1.3073 0.2925 0.1959 0.5116 0.9977 87.5749 1 0
O 1 4753 447 6.0364 0.8531 1.4575 0.0107 0.8103 0.1790 0.8185 71.8512 1 0
O 1 4754 14365 7.0316 1.0209 1.4494 0.0072 0.8431 0.1497 1.0673 93.6849 1 0
O 1 4760 13775 7.9262 0.8333 1.3633 0.0006 0.9068 0.0926 0.8326 73.0895 1 0
O 1 4764 12848 5.1488 1.3988 1.4367 0.0339 0.7797 0.1864 1.2595 110.5561 1 0
O 1 4768 14397 1.5406 1.0204 1.3820 0.0046 0.7857 0.2098 0.8073 70.8675 0 0
O 1 4774 14347 7.9638 0.9721 1.3676 0.0013 0.7928 0.2059 0.9867 86.6119 1 0
O 1 4778 109 5.3925 1.3596 1.2544 0.2780 0.0076 0.7144 0.9932 87.1827 0 0
O 1 4787 128 7.0906 0.8467 1.4957 0.0076 0.8223 0.1701 0.8719 76.5371 1 0
O 1 4806 14472 8.1221 1.2205 1.3863 0.0024 0.8359 0.1616 1.2173 106.8555 1 1 371
O 1 4828 13725 6.7840 0.8424 1.3532 0.0146 0.4171 0.5683 0.9252 81.2104 1 0
O 1 4833 13733 -0.9757 6.7575 1.6364 0.5785 0.0006 0.4209 1.3347 117.1626 0 0
O 1 4845 13741 6.9308 2.5488 1.3896 0.0025 0.8584 0.1392 2.3099 202.7653 1 0
O 1 4846 405 7.3250 0.9708 1.5760 0.0044 0.8513 0.1442 0.9614 84.3887 1 0
O 1 4853 13759 6.8410 0.8537 1.5255 0.0049 0.8217 0.1734 0.8554 75.0900 1 0
O 1 4858 467 8.8002 0.9455 1.4868 0.0010 0.8934 0.1057 0.9432 82.7905 1 0
O 1 4867 14550 7.6128 0.8299 1.5302 0.0019 0.8648 0.1333 0.7986 70.1047 1 1 90
O 1 4868 14362 1.0912 21.7559 1.5396 0.0782 0.0545 0.8673 1.2182 106.9349 0 0
O 1 4874 14368 8.5538 1.2313 1.5051 0.0257 0.7824 0.1919 1.2353 108.4326 1 0
O 1 4877 13778 7.2432 0.9312 1.5717 0.0144 0.5583 0.4273 0.8785 77.1119 1 0
O 1 4891 13699 5.1372 1.8770 1.4752 0.1925 0.0023 0.8052 0.9547 83.8078 1 0
O 1 4899 13713 1.4824 1.3731 1.6560 0.1092 0.0606 0.8302 0.8064 70.7873 0 0
O 1 4901 129 6.9083 0.8461 1.5048 0.0040 0.8437 0.1524 0.8496 74.5805 1 0
O 1 4913 12986 1.1875 54.4684 1.4952 0.7676 0.0012 0.2313 1.2249 107.5246 0 0
O 1 4922 13765 2.0316 511.6501 1.5514 0.0093 0.6642 0.3265 0.7994 70.1735 0 0
O 1 4933 14496 6.2022 0.9833 1.4373 0.0006 0.8142 0.1852 0.9152 80.3365 1 0
O 1 4934 296 7.3905 0.8858 1.5945 0.0064 0.6538 0.3398 1.0063 88.3350 1 0
O 1 4936 295 3.1068 0.8973 1.6436 0.0006 0.8802 0.1192 1.0012 87.8837 0 0
O 1 4940 14500 2.5622 0.8090 1.5373 0.7987 0.0289 0.1723 1.5877 139.3702 1 0
O 1 4949 14521 8.3721 0.9693 1.5471 0.0006 0.8889 0.1104 0.9468 83.1114 1 0
O 1 4951 14526 7.3997 0.8333 1.5737 0.0014 0.8785 0.1201 0.8326 73.0884 1 0
O 1 4957 412 8.4249 1.0028 1.6858 0.0025 0.8401 0.1574 0.9820 86.1972 1 0
O 1 4958 13752 7.4673 0.9956 1.6077 0.0014 0.8107 0.1879 0.9543 83.7725 1 0
O 1 4965 442 0.4858 0.8920 1.6343 0.0820 0.0244 0.8936 1.0538 92.5069 0 0
O 1 4969 13763 7.1015 0.8253 1.5302 0.0007 0.7084 0.2908 0.7988 70.1149 1 1 90
O 1 4970 13764 0.2109 1.0017 1.5871 0.2491 0.2740 0.4770 2.9792 261.5182 0 0
O 1 4976 14944 1.4065 1.6761 1.7102 0.0014 0.9013 0.0974 0.8157 71.5979 0 0
O 1 4978 13774 1.0387 1.0843 1.6769 0.0031 0.8390 0.1579 1.4814 130.0357 0 0
O 1 4995 495 4.8267 0.8964 1.6117 0.1416 0.0063 0.8521 1.4437 126.7323 0 0
O 1 5008 1336 4.5950 9.6093 1.6112 0.1996 0.0006 0.7998 1.3958 122.5239 0 0
O 1 5011 14965 5.5897 18.1616 1.6117 0.0268 0.0762 0.8970 19.8719 1744.3601 1 1 1015
O 1 5034 1293 2.5256 0.9716 1.6133 0.8641 0.0004 0.1355 0.8287 72.7466 0 0
O 1 5048 20 8.0983 2.3296 1.6183 0.0459 0.5142 0.4399 2.5202 221.2219 0 0
O 1 5049 18 8.5940 2.2798 1.6099 0.0042 0.7956 0.2002 2.2017 193.2679 1 1 244
O 1 5055 15 9.8518 1.1917 1.6624 0.0011 0.8618 0.1371 1.2199 107.0853 1 0
O 1 5061 13689 7.3212 0.8181 1.5688 0.0007 0.8327 0.1666 0.7995 70.1766 1 1 345
O 1 5075 57 9.4698 1.1748 1.6583 0.0048 0.6953 0.2998 1.1259 98.8340 1 0
O 1 5094 796 9.8732 1.0272 1.6466 0.0010 0.8684 0.1307 1.0328 90.6612 1 0
O 1 5119 14529 -0.8870 1.3117 1.8241 0.0985 0.0404 0.8610 0.8342 73.2270 0 0
O 1 5120 13745 10.0529 1.1521 1.8225 0.0015 0.8338 0.1647 1.1523 101.1458 1 0
O 1 5124 14548 0.5975 1.6167 1.7802 0.0012 0.8767 0.1221 0.8490 74.5211 0 0
O 1 5141 525 8.8084 2.3912 1.7314 0.0040 0.7730 0.2230 2.3566 206.8634 1 0
O 1 5143 14398 7.5739 0.8325 1.7684 0.0018 0.8640 0.1342 0.8040 70.5743 1 0
O 1 5152 584 0.8341 1.2024 1.8322 0.1912 0.0014 0.8074 0.8260 72.5070 0 0
O 1 5153 49 0.8177 1.0352 1.8322 0.1476 0.0011 0.8513 0.8558 75.1250 0 0
O 1 5154 2041 10.7868 1.3622 1.8460 0.0023 0.8361 0.1616 1.3760 120.7870 1 1 212
O 1 5157 586 7.8605 1.0464 1.8025 0.0151 0.4724 0.5125 0.9525 83.6089 1 0
O 1 5179 766 8.9977 2.0912 1.7353 0.0010 0.8275 0.1715 2.2130 194.2592 1 0
O 1 5185 14840 -1.0400 2.0331 1.7173 0.0007 0.8941 0.1053 0.8908 78.1909 0 0
O 1 5197 871 10.3377 1.2792 1.8139 0.0023 0.8028 0.1949 1.2682 111.3263 1 0
O 1 5198 878 10.1133 2.4217 1.7625 0.0009 0.8049 0.1942 2.4172 212.1811 1 0
O 1 5200 14493 -0.0518 1.1931 1.8707 0.0090 0.5886 0.4024 1.6176 141.9971 0 0
O 1 5201 2651 9.4733 4.2800 1.9068 0.0140 0.6367 0.3493 4.2030 368.9377 1 0
O 1 5204 2808 9.8721 1.2215 2.0826 0.0655 0.5648 0.3697 1.1962 105.0011 1 0
O 1 5206 2737 4.6204 1.3359 1.9645 0.2899 0.2013 0.5088 1.3458 118.1310 1 0
O 1 5210 2841 8.9046 1.0022 2.0356 0.0021 0.8421 0.1558 0.9793 85.9646 1 0
O 1 5211 2776 8.7095 0.9141 1.9020 0.0072 0.6018 0.3910 0.8878 77.9300 1 1 85
O 1 5214 430 2.9605 1.0664 1.8442 0.1215 0.4975 0.3810 1.2037 105.6644 0 0
O 1 5217 1161 6.9729 1.1131 1.9172 0.0027 0.8309 0.1663 1.2022 105.5324 1 0
O 1 5218 1181 2.7587 2.2549 2.0009 0.1012 0.0034 0.8955 2.5087 220.2099 1 0
O 1 5220 1167 7.8597 1.3649 1.9115 0.0122 0.0659 0.9219 1.0647 93.4600 1 0
O 1 5222 15148 1.0333 0.8651 1.9404 0.2486 0.0004 0.7509 0.8128 71.3446 0 0
O 1 5224 3188 -0.6777 1.0991 1.9776 0.3111 0.0042 0.6847 1.1145 97.8307 0 0
O 1 5229 1302 9.5337 0.9394 1.9529 0.0281 0.4188 0.5531 0.9553 83.8531 1 0
O 1 5241 3315 9.5647 1.4731 1.9511 0.0029 0.7514 0.2457 1.4335 125.8305 1 0
O 1 5245 1994 8.9865 0.9313 1.9562 0.0028 0.6921 0.3051 0.9171 80.5027 1 0
O 1 5246 2064 9.4532 1.5353 1.9284 0.0212 0.6461 0.3327 1.5755 138.2951 1 0
O 1 5247 2067 5.2058 1.5215 1.9284 0.4887 0.0087 0.5026 0.8469 74.3402 1 0
O 1 5250 15120 0.0021 2.2659 1.9246 0.5326 0.0047 0.4627 2.1493 188.6619 0 0
O 1 5251 3362 9.5258 1.1679 1.9171 0.0049 0.7708 0.2243 1.1237 98.6407 1 0
O 1 5252 3353 10.7413 1.1750 1.9171 0.0033 0.7567 0.2400 1.1787 103.4637 1 0
O 1 5255 3372 5.6409 1.1783 1.9081 0.1886 0.3529 0.4585 2.3248 204.0705 1 0
O 1 5259 2183 8.5145 1.4444 1.9263 0.0046 0.7543 0.2411 1.5460 135.7084 1 0
O 1 5260 671 9.6476 1.1041 1.9075 0.0026 0.8304 0.1670 1.0972 96.3110 1 0
O 1 5261 659 9.5029 1.3281 1.9268 0.0028 0.7532 0.2440 1.3452 118.0834 1 0
O 1 5263 667 9.8114 1.3223 1.9268 0.0033 0.6799 0.3168 1.3269 116.4792 1 0
O 1 5267 715 9.3527 0.8814 1.9641 0.0038 0.7393 0.2568 0.9062 79.5478 1 0
O 1 5268 121 -1.0500 2.8812 1.9173 0.7143 0.0021 0.2836 0.9928 87.1439 0 0
O 1 5272 14829 7.4866 0.8249 1.9060 0.0047 0.6575 0.3378 0.8098 71.0872 1 0
O 1 5273 803 2.3880 1.5166 1.9126 0.1226 0.0166 0.8608 1.4894 130.7416 0 0
O 1 5274 2435 9.1984 1.1647 1.8892 0.0035 0.7887 0.2078 1.2415 108.9761 1 1 163
O 1 5279 831 7.4779 0.9088 1.8966 0.0031 0.7747 0.2222 0.8588 75.3882 1 0
O 1 5281 2497 9.7316 0.9484 1.9844 0.0124 0.5643 0.4233 0.9286 81.5109 1 0
O 1 5282 835 10.9563 0.9696 1.9844 0.0094 0.5779 0.4127 0.9727 85.3821 1 0
O 1 5292 960 10.3111 1.3665 2.0469 0.0039 0.6259 0.3703 1.3658 119.8907 1 0
O 1 5295 2745 8.3804 1.0949 2.0625 0.0047 0.7145 0.2808 1.0869 95.4107 1 1 342
O 1 5298 14914 5.8224 1.7493 2.1904 0.0108 0.3738 0.6154 1.7701 155.3834 0 0
O 1 5300 2951 9.8806 1.7623 2.0909 0.0087 0.8182 0.1731 1.7871 156.8756 1 0
O 1 5306 420 10.7999 1.1199 2.0639 0.0066 0.6476 0.3458 1.1089 97.3397 1 0
O 1 5310 14915 3.7873 1.0683 2.1219 0.0333 0.1960 0.7707 34.1524 2997.8997 0 0
O 1 5321 3187 7.8053 1.0906 2.0351 0.0010 0.8279 0.1711 0.9286 81.5149 1 0
O 1 5322 1287 10.8348 1.7626 2.1153 0.0066 0.7069 0.2864 1.6879 148.1669 1 0
O 1 5327 2031 1.1692 0.8879 2.1508 0.2523 0.0365 0.7112 0.4882 42.8549 0 0
O 1 5332 597 10.1632 0.9077 2.1578 0.0034 0.5671 0.4295 0.8938 78.4616 1 0
O 1 5334 52 0.3592 1.0644 1.9686 0.0227 0.0101 0.9672 0.5731 50.3108 0 0
O 1 5335 2201 10.4087 1.9669 2.0475 0.0029 0.7285 0.2685 1.9750 173.3630 1 0
O 1 5338 2155 11.2733 2.2118 2.0679 0.0066 0.6729 0.3205 2.2130 194.2556 1 0
O 1 5340 685 9.1416 2.1788 2.0884 0.0037 0.7418 0.2545 2.1853 191.8222 1 1 7
O 1 5346 2344 8.6658 1.7976 2.1077 0.0050 0.7929 0.2021 1.9214 168.6626 1 0
O 1 5347 2360 11.5034 1.4555 2.0915 0.0023 0.7938 0.2040 1.4639 128.4970 1 0
O 1 5349 769 7.8240 1.3529 2.0915 0.0033 0.5286 0.4681 1.3434 117.9250 1 0
O 1 5350 2358 8.5192 1.4414 2.0915 0.0020 0.7341 0.2639 1.4474 127.0507 1 0
O 1 5352 2384 9.4256 1.6954 2.0601 0.0045 0.7749 0.2206 1.6429 144.2180 1 0
O 1 5357 888 11.0845 1.2267 2.0448 0.0016 0.7709 0.2275 1.2506 109.7788 1 0
O 1 5360 2530 0.9281 2.7294 1.9816 0.0154 0.0315 0.9531 0.7751 68.0420 0 0
O 1 5361 858 7.2126 3.0788 2.0251 0.5039 0.2309 0.2653 14.0510 1233.3934 1 0
O 1 5363 838 9.6248 0.9762 1.9844 0.0035 0.6491 0.3474 1.0141 89.0166 1 0
O 1 5367 938 7.4079 0.9450 2.2292 0.0017 0.7595 0.2388 1.0744 94.3140 1 0
O 1 5377 2986 7.9503 11.5912 2.2241 0.0099 0.5090 0.4811 5.4012 474.1164 1 0
O 1 5379 3128 2.3011 1.4829 2.3244 0.0326 0.0884 0.8790 1.1543 101.3251 0 0
O 1 5389 4794 5.5646 1.9131 2.2582 0.1083 0.0049 0.8869 0.6552 57.5150 1 1 6
O 1 5416 13453 3.1277 1.7705 -0.4501 0.0427 0.2326 0.7247 35.2951 3098.2009 0 0
O 1 5422 13026 1.1724 1.0936 -0.3158 0.2799 0.0082 0.7119 1.2811 112.4531 0 0
O 1 5425 14135 0.5643 1.0928 -0.4935 0.9395 0.0004 0.0601 0.9052 79.4606 0 0
O 1 5483 13025 1.1503 1.8095 0.0247 0.2718 0.0026 0.7256 1.1636 102.1365 0 0
O 1 5511 13448 -1.0843 3.1550 0.7237 0.5741 0.0315 0.3944 1.3396 117.5895 0 0
O 1 5522 308 7.5069 0.8022 -0.2334 0.3529 0.4781 0.1690 0.8223 72.1838 1 0
O 1 5526 334 6.6281 0.8618 -0.3714 0.0054 0.9002 0.0944 0.8152 71.5563 1 0
O 1 5528 13461 0.2280 8.4899 -0.3398 0.8442 0.0025 0.1533 1.0153 89.1202 0 0
O 1 5539 14136 -0.0581 1.1147 -0.5701 0.9486 0.0012 0.0503 0.8415 73.8692 0 0
O 1 5544 14116 -0.5220 0.8165 -0.4200 0.9052 0.0033 0.0915 1.3674 120.0295 0 0
O 1 5560 13458 2.4031 1.2254 -0.1043 0.9687 0.0175 0.0138 9.1445 802.7067 0 0
O 1 5751 14131 -0.7891 0.9373 0.2753 0.8730 0.0017 0.1253 1.4404 126.4387 0 0
O 1 5760 14134 1.5126 1.0472 0.0794 0.0560 0.8327 0.1113 0.8855 77.7296 0 0
O 1 5802 13452 -0.9876 0.9892 0.2227 0.7689 0.0021 0.2290 0.9631 84.5429 0 0
O 1 5811 13450 -2.2754 1.6525 0.1716 0.8344 0.0050 0.1606 1.3258 116.3804 0 0
O 1 5824 13035 4.5806 1.6332 0.4789 0.9109 0.0188 0.0703 3.1623 277.5853 0 0
O 1 5867 333 9.0855 3.2598 0.4789 0.0290 0.7497 0.2213 3.2498 285.2687 1 1 378
O 1 5905 381 8.2726 0.9546 -0.4183 0.0008 0.8801 0.1191 0.9357 82.1397 1 0
O 1 5926 13472 -3.1447 0.8301 -0.2392 0.8848 0.0564 0.0588 6.3968 561.5140 0 0
O 1 5934 13512 -1.5067 1.2408 -0.3810 0.7052 0.0780 0.2169 1.3266 116.4458 0 0
O 1 5944 13525 0.1735 0.8053 -0.1530 0.7474 0.0797 0.1729 1.3715 120.3887 0 0
O 1 5946 14133 1.7163 1.0403 0.0391 0.0079 0.8083 0.1838 1.2096 106.1754 0 0
O 1 5947 14192 2.1250 0.8161 0.3863 0.8536 0.0002 0.1461 0.7997 70.1969 0 0
O 1 5949 13507 1.6908 1.6526 0.2784 0.8295 0.0015 0.1691 1.0452 91.7463 0 0
O 1 5951 14159 0.6359 1.3625 0.1503 0.7450 0.0111 0.2439 0.8638 75.8205 0 0
O 1 5964 13042 3.6608 0.8620 0.3108 0.1278 0.0292 0.8430 0.8467 74.3246 0 0
O 1 5976 13485 -0.0613 0.9061 0.3968 0.1356 0.0141 0.8502 0.8042 70.5963 0 0
O 1 5981 14165 4.4755 1.2472 0.4704 0.0048 0.8319 0.1633 1.1470 100.6807 1 0
O 1 5982 13036 4.3143 1.7615 0.4789 0.7331 0.0629 0.2040 3.0039 263.6815 0 0
O 1 5995 13490 1.2499 0.8075 0.3108 0.6276 0.0455 0.3269 1.1357 99.6910 0 0
O 1 6024 13502 0.5852 3.0903 0.5341 0.9083 0.0008 0.0909 1.5122 132.7430 0 0
O 1 6028 14198 0.6159 1.0249 0.5341 0.5944 0.0046 0.4010 0.9175 80.5378 0 0
O 1 6033 371 8.8058 1.0407 0.5124 0.0060 0.7435 0.2504 1.0273 90.1784 1 0
O 1 6034 14185 5.5205 1.3451 0.5245 0.9108 0.0179 0.0713 1.6156 141.8200 0 0
O 1 6035 367 7.3811 0.9098 0.5586 0.0027 0.8472 0.1501 0.8871 77.8699 1 0
O 1 6041 13464 -0.8056 1.3206 0.6789 0.2976 0.0948 0.6076 1.0949 96.1102 0 0
O 1 6053 13536 7.7560 0.9633 -0.3136 0.0122 0.7847 0.2031 0.9575 84.0514 1 0
O 1 6058 13516 2.0635 2.3880 -0.1602 0.6778 0.0991 0.2232 2.3424 205.6129 0 0
O 1 6062 13556 8.9090 1.2835 -0.3209 0.0100 0.8611 0.1289 1.2753 111.9421 1 0
O 1 6069 13076 -0.2481 1.3269 -0.1722 0.8816 0.0009 0.1174 1.3303 116.7779 0 0
O 1 6077 14183 2.3000 1.4574 -0.0878 0.4974 0.0162 0.4864 1.3953 122.4771 0 0
O 1 6105 13551 -1.3322 0.8639 0.5410 0.9028 0.0002 0.0969 1.0996 96.5227 0 0
O 1 6124 13056 0.5571 0.9203 -0.2548 0.9836 0.0086 0.0078 15.0150 1318.0134 0 0
O 1 6130 13574 -0.7461 0.9834 -0.1640 0.7613 0.0616 0.1771 1.7501 153.6210 0 0
O 1 6134 14211 -1.3105 1.2518 -0.2224 0.8808 0.0510 0.0683 3.5053 307.6930 0 0
O 1 6137 14242 -0.7883 1.4776 -0.2274 0.4636 0.0158 0.5205 0.8331 73.1331 0 0
O 1 6177 14227 0.2921 2.0845 0.3048 0.2552 0.0563 0.6885 1.5434 135.4759 0 0
O 1 6178 14251 -0.4407 0.8961 0.3048 0.8467 0.0009 0.1524 0.8286 72.7361 0 0
O 1 6179 13054 0.9391 0.8112 0.6341 0.9339 0.0066 0.0594 1.5305 134.3433 0 0
O 1 6181 14219 -0.6203 1.1992 0.5722 0.9055 0.0169 0.0776 2.4072 211.3064 0 0
O 1 6188 432 8.3982 1.4690 -0.6291 0.0305 0.8047 0.1648 1.4627 128.3956 1 1 232
O 1 6198 439 7.6751 0.9232 -0.4359 0.0051 0.8999 0.0950 0.9173 80.5219 1 0
O 1 6235 13577 1.0511 1.7197 -0.1826 0.9369 0.0020 0.0611 1.6061 140.9814 0 0
O 1 6252 462 7.3335 4.3925 -0.1184 0.0435 0.4987 0.4578 4.5335 397.9474 1 0
O 1 6266 14228 -2.6029 1.1729 -0.2894 0.9147 0.0453 0.0400 2.5617 224.8663 0 0
O 1 6279 13587 -1.8647 0.9002 -0.1075 0.6871 0.0156 0.2974 1.5331 134.5798 0 0
O 1 6288 13629 -0.2111 1.3999 0.0979 0.9570 0.0009 0.0421 1.6258 142.7148 0 0
O 1 6292 14245 1.5665 0.8866 0.3424 0.0092 0.8125 0.1783 0.8352 73.3119 0 0
O 1 6293 13567 1.4862 1.5338 0.4935 0.0125 0.7645 0.2230 1.4354 125.9977 0 0
O 1 6301 13622 -2.4163 0.9107 0.2230 0.9110 0.0029 0.0862 0.8494 74.5607 0 0
O 1 6306 13591 1.5593 4.2827 0.5678 0.1980 0.0492 0.7527 1.7393 152.6795 0 0
O 1 6309 14281 -0.2834 0.8107 -0.3430 0.6948 0.0183 0.2869 0.8302 72.8770 0 0
O 1 6318 13637 1.3897 2.4199 -0.4313 0.9433 0.0208 0.0359 5.5504 487.2149 0 0
O 1 6327 13613 0.4943 11.4118 -0.1095 0.8911 0.0009 0.1079 1.0211 89.6353 0 0
O 1 6337 13617 7.7917 0.9193 -0.0511 0.0199 0.6396 0.3406 0.9111 79.9753 1 0
O 1 6351 13599 -2.3312 1.1535 0.0767 0.5283 0.0179 0.4538 3.2909 288.8795 0 0
O 1 6363 14287 2.3107 1.2113 0.3050 0.8809 0.0016 0.1175 0.8834 77.5407 0 0
O 1 6381 14254 0.2364 1.6535 0.2305 0.2802 0.0198 0.7000 0.8765 76.9416 0 0
O 1 6388 13589 -0.9461 6.2049 0.3050 0.9472 0.0011 0.0517 1.1597 101.7966 0 0
O 1 6393 13101 2.8465 1.2245 0.1184 0.6672 0.0119 0.3208 1.0430 91.5584 0 0
O 1 6411 13661 2.8303 2.0789 -0.6245 0.7449 0.0626 0.1925 2.3614 207.2809 0 0
O 1 6412 13651 -0.1020 1.3723 -0.6563 0.8718 0.0027 0.1254 1.1538 101.2847 0 0
O 1 6413 491 7.7055 0.9211 -0.3604 0.0098 0.7188 0.2714 0.8948 78.5424 1 0
O 1 6416 12859 2.2589 0.8883 -0.2527 0.8642 0.0055 0.1302 0.8447 74.1441 0 0
O 1 6418 13869 2.4312 0.9695 -0.2527 0.8701 0.0056 0.1243 0.8388 73.6292 0 0
O 1 6420 13642 6.3064 1.0201 -0.1638 0.0047 0.8589 0.1364 1.0087 88.5414 1 0
O 1 6424 14277 2.2749 1.2260 -0.1240 0.6078 0.0434 0.3488 0.8261 72.5139 0 0
O 1 6428 14303 -0.1347 0.8628 -0.1266 0.8723 0.0005 0.1272 1.5072 132.3003 0 0
O 1 6468 13658 -1.1413 0.9507 0.2986 0.6427 0.2007 0.1566 1.3173 115.6296 0 0
O 1 6485 14295 -0.5373 2.0683 0.0431 0.3167 0.0765 0.6068 1.1336 99.5047 0 0
O 1 6512 14284 1.8142 0.8411 0.2799 0.2037 0.1157 0.6806 0.7995 70.1835 0 0
O 1 6516 13131 1.1347 2.8378 0.2362 0.4363 0.0034 0.5604 1.1000 96.5582 0 0
O 1 6558 13646 -1.5448 1.0711 0.6082 0.8231 0.0445 0.1323 2.0063 176.1112 0 0
O 1 6571 13154 7.9350 1.1785 -0.6519 0.0052 0.8076 0.1872 1.2958 113.7458 1 0
O 1 6582 13148 2.8573 17.1717 -0.2684 0.8700 0.0650 0.0651 6.5722 576.9110 0 0
O 1 6602 14 7.5967 0.8856 -0.1394 0.0019 0.8913 0.1068 0.8684 76.2276 1 0
O 1 6621 13669 -2.1954 0.9331 0.0487 0.8672 0.0022 0.1306 2.7239 239.1006 0 0
O 1 6623 14293 0.4994 1.1231 -0.1366 0.0158 0.6591 0.3252 1.1553 101.4127 0 0
O 1 6626 14282 5.4488 0.9708 0.0014 0.8215 0.0048 0.1737 1.0236 89.8508 0 0
O 1 6654 543 1.3583 0.8399 0.1688 0.9444 0.0185 0.0371 3.3197 291.4022 1 0
O 1 6688 538 6.8702 1.5625 0.4370 0.0894 0.7677 0.1429 1.6549 145.2634 1 0
O 1 6691 14299 2.6667 1.8911 0.2285 0.9599 0.0221 0.0180 5.9966 526.3847 0 0
O 1 6692 13677 7.6556 1.7094 0.1487 0.0182 0.7998 0.1820 1.6673 146.3571 1 0
O 1 6708 13852 7.5664 1.4342 0.3133 0.0224 0.6364 0.3412 1.4212 124.7493 0 0
O 1 6739 13674 -1.2537 1.4934 0.7044 0.9445 0.0007 0.0548 1.0728 94.1731 0 0
O 1 6740 13 8.6445 0.9629 -0.5726 0.0074 0.8430 0.1497 0.9539 83.7353 1 0
O 1 6743 13854 7.6085 0.9574 -0.5497 0.0384 0.6422 0.3194 0.9814 86.1439 1 0
O 1 6747 13903 0.5133 0.9694 -0.5988 0.8496 0.0259 0.1245 1.3943 122.3918 0 0
O 1 6750 548 7.8949 1.5195 -0.1073 0.4181 0.4199 0.1620 1.4815 130.0467 1 0
O 1 6752 22 7.3618 0.9168 -0.4118 0.0088 0.8952 0.0960 0.9149 80.3119 1 0
O 1 6758 14329 0.5785 1.3169 -0.2224 0.7515 0.0061 0.2423 1.2086 106.0878 0 0
O 1 6777 13176 1.1937 0.8222 -0.0716 0.1211 0.5459 0.3331 2.2350 196.1880 0 0
O 1 6781 14325 0.4929 1.2283 -0.2224 0.3813 0.0472 0.5715 1.8044 158.3899 0 0
O 1 6783 547 7.5755 0.8121 0.0486 0.0507 0.8511 0.0982 0.8244 72.3658 1 0
O 1 6797 13218 1.8362 1.3119 0.0626 0.9709 0.0050 0.0241 5.1178 449.2444 0 0
O 1 6800 12884 -0.4051 0.9376 0.1582 0.9533 0.0045 0.0422 2.5719 225.7602 0 0
O 1 6808 13200 2.0580 2.2489 0.2854 0.8419 0.0005 0.1576 1.4187 124.5342 0 0
O 1 6809 14324 1.6546 1.5922 0.2174 0.9618 0.0007 0.0375 1.5042 132.0427 0 0
O 1 6813 540 8.2658 0.8227 0.2256 0.0032 0.8725 0.1244 0.8221 72.1600 1 0
O 1 6882 13670 0.6948 1.1360 0.3551 0.5900 0.0283 0.3817 16.6510 1461.6244 0 0
O 1 6907 13851 -0.6286 1.4091 0.3551 0.9569 0.0033 0.0398 8.5117 747.1583 0 0
O 1 6912 13157 8.3341 1.3611 0.3340 0.0074 0.8690 0.1236 1.3625 119.5976 1 0
O 1 6918 13205 -0.5879 10.2377 0.3755 0.0066 0.8591 0.1342 0.9096 79.8424 0 0
O 1 6937 14326 -0.1596 1.3217 0.5421 0.5677 0.0125 0.4199 1.6964 148.9066 0 0
O 1 6976 13896 5.3911 2.4404 -0.4465 0.0058 0.7824 0.2117 1.9498 171.1535 1 0
O 1 6981 13900 -0.4332 1.6230 -0.5550 0.9150 0.0219 0.0631 6.7940 596.3733 0 0
O 1 6988 13178 -0.3595 0.8970 -0.4286 0.8909 0.0056 0.1035 3.1719 278.4337 0 0
O 1 6999 36 7.2215 0.9649 -0.1968 0.0020 0.8754 0.1225 0.9145 80.2756 1 0
O 1 7003 13175 1.2397 1.3907 -0.1237 0.8215 0.0062 0.1723 0.8835 77.5564 0 0
O 1 7007 13945 0.4356 1.8447 -0.0130 0.9354 0.0116 0.0531 1.7202 150.9963 0 0
O 1 7029 82 0.1658 0.8512 0.0917 0.8588 0.0070 0.1342 0.9577 84.0660 0 0
O 1 7043 13232 7.9272 1.3857 0.3791 0.0012 0.8426 0.1562 1.3556 118.9953 1 0
O 1 7044 60 -0.6862 1.1903 0.4863 0.4596 0.0044 0.5360 0.8051 70.6733 0 0
O 1 7061 13952 2.1076 0.8450 -0.4558 0.4099 0.0603 0.5298 0.8289 72.7652 0 0
O 1 7080 61 7.6345 3.3686 -0.0656 0.0974 0.4722 0.4303 3.1902 280.0327 1 0
O 1 7082 13233 0.2186 0.8579 0.0459 0.9038 0.0040 0.0923 0.8242 72.3494 0 0
O 1 7097 13275 0.3850 9.9379 0.1746 0.9356 0.0004 0.0640 1.0580 92.8734 0 0
O 1 7100 12925 -0.6050 0.8544 0.1067 0.6456 0.0004 0.3540 0.7991 70.1410 0 0
O 1 7103 64 6.6009 0.8904 0.2420 0.1723 0.6306 0.1971 0.8559 75.1335 1 0
O 1 7114 13957 2.4612 2.1394 0.2905 0.2852 0.0358 0.6791 1.1589 101.7283 0 0
O 1 7134 13246 0.2443 0.8227 0.2663 0.5750 0.0163 0.4087 0.8235 72.2861 0 0
O 1 7151 13286 0.7294 1.7682 0.4563 0.0969 0.1985 0.7046 1.1985 105.2079 0 0
O 1 7164 84 8.7272 1.0212 0.5435 0.0764 0.2223 0.7013 0.9974 87.5475 1 0
O 1 7177 67 6.3004 0.9740 0.6843 0.0336 0.8163 0.1500 0.9361 82.1731 1 0
O 1 7184 106 6.9965 0.8122 -0.6153 0.0014 0.8646 0.1340 0.8426 73.9592 1 0
O 1 7190 12907 8.7678 0.9197 -0.3893 0.0022 0.8176 0.1802 0.9285 81.5041 1 0
O 1 7191 13963 6.4514 1.0203 -0.3732 0.0728 0.1597 0.7675 1.0460 91.8136 1 0
O 1 7200 14000 0.3248 0.8906 -0.4888 0.9415 0.0002 0.0583 1.2698 111.4598 0 0
O 1 7202 13967 7.3689 1.3359 -0.3372 0.0605 0.6924 0.2471 1.3681 120.0902 1 0
O 1 7203 12909 9.3413 1.2030 -0.3372 0.2228 0.1668 0.6104 1.1998 105.3162 1 0
O 1 7231 12902 1.4766 1.1955 -0.0101 0.9193 0.0380 0.0426 4.0676 357.0529 0 0
O 1 7248 13311 -0.6703 1.0912 0.4334 0.9506 0.0007 0.0487 0.9014 79.1227 0 0
O 1 7255 100 6.7964 0.9446 0.5858 0.0151 0.7974 0.1876 0.9287 81.5255 1 0
O 1 7271 115 8.4433 1.6375 0.5557 0.0084 0.7996 0.1921 1.5855 139.1721 1 0
O 1 7272 12932 0.4713 1.1425 -0.6452 0.6118 0.0017 0.3864 1.2820 112.5352 0 0
O 1 7297 13993 2.6906 2.0779 -0.5254 0.9347 0.0256 0.0397 5.1281 450.1416 0 0
O 1 7307 13359 2.1721 0.8824 -0.4430 0.9311 0.0003 0.0686 0.8316 72.9935 0 0
O 1 7359 12929 -0.1542 1.5659 -0.4430 0.0437 0.6269 0.3293 3.5489 311.5193 0 0
O 1 7369 14028 1.1640 0.9959 -0.2201 0.4684 0.0121 0.5195 0.9992 87.7078 0 0
O 1 7383 13996 -1.8899 0.8817 -0.3888 0.4624 0.0202 0.5174 1.0285 90.2786 0 0
O 1 7386 13964 -0.6331 1.2227 -0.3102 0.9096 0.0163 0.0741 2.1721 190.6652 0 0
O 1 7394 13313 -1.2815 0.8666 -0.0891 0.6120 0.0895 0.2986 1.0100 88.6559 0 0
O 1 7404 13310 7.8585 0.8228 -0.1151 0.0193 0.6420 0.3387 0.8157 71.6005 1 0
O 1 7406 135 7.5520 0.8676 0.0069 0.0036 0.8872 0.1092 0.8579 75.3092 1 0
O 1 7408 13985 1.1237 2.6817 0.2644 0.3596 0.1353 0.5052 0.9382 82.3509 0 0
O 1 7431 13312 -0.7803 2.1480 0.1886 0.5535 0.3218 0.1247 1.3962 122.5550 0 0
O 1 7547 13360 -1.1013 1.5296 -0.0015 0.9127 0.0039 0.0834 0.8484 74.4719 0 0
O 1 7549 14045 -1.4794 0.9791 -0.0014 0.6941 0.0047 0.3011 1.1213 98.4290 0 0
O 1 7564 13343 -1.2270 1.1840 0.4037 0.8563 0.0300 0.1137 1.7179 150.8010 0 0
O 1 7585 12947 -1.3956 1.2371 0.3878 0.8103 0.0432 0.1466 7.9772 700.2375 0 0
O 1 7587 12976 -0.1559 1.1765 -0.5010 0.4201 0.0040 0.5759 0.9155 80.3616 0 0
O 1 7594 12965 2.6783 122.8428 -0.4884 0.9212 0.0003 0.0785 0.8923 78.3305 0 0
O 1 7600 14051 -0.2154 0.8554 -0.6253 0.9385 0.0060 0.0555 2.2556 197.9943 0 0
O 1 7621 14048 7.0434 0.8330 -0.4921 0.0951 0.2985 0.6063 0.8000 70.2255 1 0
O 1 7652 13353 1.1532 2.7349 -0.2733 0.8747 0.0016 0.1238 1.0952 96.1406 0 0
O 1 7654 12977 2.8034 3.1283 -0.0850 0.9643 0.0332 0.0025 29048.5430 2549882.0000 0 0
O 1 7688 12972 1.0709 2.4954 0.0716 0.9203 0.0088 0.0709 3.5477 311.4171 0 0
O 1 7691 14050 -1.3808 0.9137 -0.1269 0.4785 0.1618 0.3596 0.8856 77.7421 0 0
O 1 7692 13390 -0.1525 1.3477 0.1017 0.8331 0.0083 0.1586 0.9055 79.4884 0 0
O 1 7712 215 8.5395 1.1188 -0.6684 0.0094 0.7934 0.1972 1.1276 98.9819 1 0
O 1 7725 13406 0.6430 6.1032 -0.5332 0.9861 0.0053 0.0086 6.1872 543.1169 0 0
O 1 7729 12974 4.9382 0.8308 -0.5219 0.2848 0.0222 0.6930 0.8717 76.5212 0 0
O 1 7735 12985 0.6942 2.0238 -0.5332 0.9163 0.0005 0.0832 1.0738 94.2607 0 0
O 1 7742 13386 -1.9528 1.0167 -0.3759 0.0175 0.7626 0.2199 1.8975 166.5614 0 0
O 1 7747 13408 -0.9774 0.8976 -0.3759 0.2794 0.1298 0.5908 1.3690 120.1687 0 0
O 1 7758 12975 0.5533 0.8252 -0.3759 0.8372 0.0021 0.1607 0.8159 71.6162 0 0
O 1 7761 258 6.4704 1.0093 -0.3132 0.0058 0.8380 0.1562 0.9399 82.5018 1 1 18
O 1 7764 12979 7.2967 1.4859 -0.0628 0.0059 0.8131 0.1810 1.5345 134.7010 1 0
O 1 7777 13394 -1.8518 2.9490 0.1017 0.9592 0.0221 0.0187 12.6566 1110.9928 0 0
O 1 7803 13438 7.3521 1.2684 -0.4403 0.0093 0.8818 0.1089 1.2625 110.8202 1 0
O 1 7814 13457 0.5454 1.3127 -0.4910 0.9279 0.0012 0.0710 0.9519 83.5607 0 0
O 1 7825 13419 2.0580 0.8666 -0.2384 0.8997 0.0035 0.0968 0.8272 72.6148 0 0
O 1 7839 14097 7.1874 0.9361 -0.0980 0.0077 0.8107 0.1815 0.9089 79.7806 1 0
O 1 7841 276 6.5108 1.4463 -0.0246 0.0306 0.7538 0.2156 1.2939 113.5770 1 0
O 1 7846 14117 2.1274 801.9727 -0.0246 0.9040 0.0160 0.0800 1.4095 123.7280 0 0
O 1 7850 14100 7.3998 1.0225 0.0333 0.0177 0.7735 0.2088 1.0166 89.2357 1 0
O 1 7856 13449 -0.2810 0.8216 0.1860 0.4316 0.1485 0.4199 128.9495 11319.1904 0 0
O 1 7895 1951 7.6374 0.9389 -1.8966 0.0017 0.5289 0.4694 0.7789 68.3750 1 0
O 1 7897 14589 2.0690 1.0702 -1.8775 0.6020 0.0185 0.3795 1.1747 103.1147 0 0
O 1 7898 4349 7.0469 0.8467 -1.8587 0.0023 0.4458 0.5519 0.8584 75.3475 1 0
O 1 7900 1963 9.5565 1.3270 -1.8573 0.0049 0.1825 0.8126 1.2303 107.9971 1 0
O 1 7901 1383 9.9006 1.4306 -1.9192 0.0012 0.6922 0.3066 1.1636 102.1442 1 0
O 1 7903 1417 9.5442 1.1895 -1.8321 0.0020 0.5342 0.4637 1.1378 99.8777 1 0
O 1 7904 54 8.9630 1.2292 -1.8321 0.0007 0.7924 0.2068 1.3143 115.3729 1 0
O 1 7918 14993 6.8711 1.1677 -1.8639 0.0010 0.7994 0.1996 1.1436 100.3809 0 0
O 1 7923 145 8.1434 1.0180 -1.8470 0.0013 0.6789 0.3198 1.0773 94.5676 1 0
O 1 7930 1663 8.9123 2.1956 -1.8219 0.0019 0.5545 0.4436 1.8066 158.5857 1 0
O 1 7933 15030 6.6243 0.8668 -1.9176 0.0009 0.7858 0.2133 0.8957 78.6258 1 0
O 1 7940 1776 9.9562 3.4829 -1.7433 0.0044 0.6765 0.3190 3.5183 308.8336 1 0
O 1 7942 401 11.6780 1.2921 -1.8111 0.0063 0.4691 0.5245 1.3237 116.1914 1 0
O 1 7946 454 9.3999 1.6605 -1.7912 0.0012 0.8292 0.1696 1.8112 158.9859 1 0
O 1 7953 1874 11.8544 1.9898 -1.7389 0.0031 0.5905 0.4064 1.9882 174.5242 1 0
O 1 7955 1900 9.5375 1.1348 -1.7952 0.0020 0.7539 0.2441 1.0905 95.7235 1 1 207
O 1 7960 13841 2.2187 1.3081 -1.7811 0.0087 0.0245 0.9668 1.2698 111.4612 1 0
O 1 7962 14591 10.8735 2.0500 -1.7183 0.0049 0.7344 0.2606 2.0716 181.8463 1 0
O 1 7964 1441 10.4480 1.1169 -1.8386 0.0020 0.7786 0.2194 1.1651 102.2734 1 0
O 1 7966 14615 8.4039 1.0384 -1.8268 0.0019 0.7470 0.2511 1.1299 99.1869 1 0
O 1 7968 1505 7.7011 0.9882 -1.7653 0.0031 0.4495 0.5474 1.0553 92.6334 1 0
O 1 7977 14629 8.8601 0.9722 -1.7287 0.0020 0.7536 0.2443 1.0381 91.1246 1 0
O 1 7984 15026 2.0156 0.8295 -1.7936 0.0019 0.7278 0.2703 0.8625 75.7068 0 0
O 1 7999 1899 5.2477 1.0404 -1.6763 0.0094 0.5720 0.4186 1.2060 105.8632 1 0
O 1 8001 13835 8.6507 1.3177 -1.6743 0.0040 0.7965 0.1994 1.2525 109.9482 1 0
O 1 8011 15093 2.8090 0.9837 -1.5776 0.0160 0.5812 0.4028 1.7445 153.1304 0 0
O 1 8014 14590 11.4259 2.0058 -1.7183 0.0129 0.7109 0.2762 2.0249 177.7463 1 0
O 1 8016 93 12.0508 2.5501 -1.6837 0.0045 0.7421 0.2534 2.5514 223.9620 1 0
O 1 8019 1453 10.4734 2.5889 -1.6837 0.0036 0.7562 0.2401 2.6463 232.2912 1 0
O 1 8035 14660 5.0118 1.4191 -1.5688 0.0161 0.6349 0.3490 1.3311 116.8467 0 0
O 1 8048 321 7.5432 1.1649 -1.5108 0.2985 0.0124 0.6890 1.3167 115.5758 1 0
O 1 8049 345 5.8772 2.6208 -1.5604 0.3611 0.3439 0.2950 6.2028 544.4802 1 0
O 1 8052 14684 9.6973 1.2184 -1.4627 0.0032 0.6772 0.3196 1.1891 104.3809 1 0
O 1 8056 478 9.6821 6.5619 -1.5010 0.0084 0.4633 0.5282 6.2051 544.6827 1 0
O 1 8060 14708 7.1343 0.8642 -1.4788 0.0258 0.3324 0.6417 0.8642 75.8579 1 0
O 1 8063 14601 1.4086 1.1543 -1.4143 0.7215 0.0022 0.2763 2.8078 246.4721 0 0
O 1 8065 34 0.9693 0.9237 -1.4245 0.8252 0.0135 0.1614 4.9339 433.1022 0 0
O 1 8069 14599 -0.2461 1.2135 -1.5688 0.2774 0.0116 0.7110 0.9722 85.3365 0 0
O 1 8072 14621 9.0061 1.9536 -1.4808 0.0016 0.7224 0.2760 2.0816 182.7221 1 0
O 1 8082 13045 -0.0354 0.8070 -1.4249 0.2691 0.0143 0.7166 0.8818 77.4007 0 0
O 1 8092 14725 4.6231 1.6299 -1.4253 0.1773 0.0015 0.8213 0.9630 84.5363 1 0
O 1 8095 14729 7.0100 0.9425 -1.4151 0.0076 0.5821 0.4103 0.9499 83.3861 1 0
O 1 8098 518 11.2678 2.2700 -1.4157 0.0034 0.8446 0.1520 2.2748 199.6859 1 0
O 1 8099 14393 10.2509 1.2620 -1.4155 0.0014 0.8525 0.1460 1.2824 112.5671 1 1 50
O 1 8101 14713 -0.1542 1.9747 -1.4157 0.8618 0.0462 0.0919 6.6135 580.5322 0 0
O 1 8116 13144 0.9971 1.9572 -1.2706 0.8777 0.0032 0.1191 1.9140 168.0093 0 0
O 1 8125 14370 -1.0543 6.8236 -1.4157 0.0170 0.4599 0.5232 0.8025 70.4477 0 0
O 1 8126 14619 6.4356 1.0298 -1.3510 0.0084 0.5776 0.4140 1.2290 107.8811 1 0
O 1 8140 14379 1.1503 2.9626 -1.4261 0.0541 0.6243 0.3216 2.1931 192.5102 0 0
O 1 8143 13817 4.1028 0.8065 -1.2688 0.1597 0.0040 0.8362 0.8221 72.1670 0 0
O 1 8158 14384 10.4977 1.1182 -1.3241 0.0043 0.5767 0.4191 1.1028 96.8022 1 0
O 1 8176 13121 8.7936 1.6845 -1.3514 0.0163 0.6179 0.3659 1.6117 141.4735 1 0
O 1 8192 14392 8.1370 1.7702 -1.3615 0.0152 0.6199 0.3650 1.5967 140.1553 1 0
O 1 8200 516 6.4895 0.8307 -1.3616 0.0080 0.8248 0.1672 0.8108 71.1734 1 0
O 1 8211 13785 9.2433 1.9954 -1.3156 0.0128 0.6966 0.2906 2.0792 182.5099 1 0
O 1 8236 12894 5.8366 1.5384 -1.3604 0.0849 0.0331 0.8820 1.0848 95.2235 1 0
O 1 8250 13798 1.3905 1.3643 -1.3158 0.1215 0.4615 0.4169 1.0544 92.5532 0 0
O 1 8268 13802 7.6596 1.0418 -1.3243 0.0066 0.6327 0.3607 1.1042 96.9281 1 0
O 1 8284 194 8.4929 0.8617 -1.3514 0.0150 0.5614 0.4236 0.8490 74.5296 1 0
O 1 8285 13808 4.1646 1.0295 -1.3158 0.0757 0.5424 0.3820 1.2843 112.7347 1 0
O 1 8303 13046 6.7824 0.8053 -1.3155 0.0173 0.7373 0.2454 0.9017 79.1538 1 0
O 1 8334 13117 -3.9156 2.5521 -1.1906 0.7435 0.0960 0.1605 2.9397 258.0463 0 0
O 1 8341 13103 7.0015 0.9820 -1.2672 0.0042 0.7550 0.2408 0.9748 85.5681 1 0
O 1 8375 14377 9.2122 0.9537 -1.3057 0.0164 0.6275 0.3561 0.9416 82.6523 1 0
O 1 8396 13008 -1.8758 1.1443 -1.0305 0.4461 0.2067 0.3472 4.9472 434.2613 0 0
O 1 8398 13047 3.9266 0.9845 -1.1913 0.0584 0.1496 0.7920 0.9153 80.3426 1 0
O 1 8399 13053 5.8697 1.1071 -1.0192 0.0026 0.7870 0.2103 1.0830 95.0638 1 0
O 1 8400 448 5.7378 0.8084 -1.2286 0.0228 0.8227 0.1545 0.8318 73.0150 1 0
O 1 8420 14395 6.1860 1.4411 -0.9738 0.0256 0.4282 0.5462 1.2680 111.3052 1 0
O 1 8433 13807 6.1778 1.0407 -1.0294 0.0177 0.7008 0.2815 1.0562 92.7141 1 0
O 1 8444 13389 -0.5392 0.8309 -1.0304 0.0073 0.7699 0.2228 1.2151 106.6649 0 0
O 1 8471 330 6.5293 0.8036 -0.9233 0.0020 0.7950 0.2030 0.8055 70.7078 1 0
O 1 8477 13519 0.5613 1.3662 -1.0192 0.1795 0.0126 0.8079 1.4836 130.2313 0 0
O 1 8491 12885 4.8640 0.8269 -0.9246 0.0091 0.7879 0.2030 0.8503 74.6401 1 0
O 1 8494 13302 -0.0615 2.3932 -1.1134 0.5438 0.0112 0.4450 0.9839 86.3630 0 0
O 1 8495 12937 7.2665 1.8834 -0.9828 0.0246 0.7035 0.2719 1.8650 163.7115 1 0
O 1 8502 13001 7.1055 1.1293 -0.9406 0.0031 0.7757 0.2212 1.2328 108.2138 1 0
O 1 8504 14086 -0.4193 1.3781 -0.9841 0.7958 0.0345 0.1697 1.7897 157.0993 0 0
O 1 8509 13467 -0.2038 0.9469 -0.9404 0.0063 0.7825 0.2111 0.9807 86.0892 0 0
O 1 8524 500 9.4503 1.3069 -0.9406 0.0084 0.6427 0.3488 1.2635 110.9085 1 0
O 1 8536 14328 0.5497 29.0287 -0.7685 0.0151 0.7544 0.2304 1.4718 129.1940 0 0
O 1 8541 12898 1.0092 1.0221 -0.9399 0.2981 0.0193 0.6825 1.2483 109.5746 0 0
O 1 8559 14038 6.4787 0.8344 -0.9746 0.0070 0.7298 0.2632 0.8183 71.8303 1 0
O 1 8561 12959 0.4859 0.8828 -0.8746 0.2895 0.0445 0.6660 1.1434 100.3701 0 0
O 1 8563 13414 0.2862 1.1439 -0.8911 0.0019 0.8293 0.1688 0.9681 84.9757 0 0
O 1 8564 193 8.0769 1.0003 -0.8431 0.0102 0.7659 0.2239 0.9730 85.4107 1 0
O 1 8568 288 9.0214 1.1656 -0.8431 0.0042 0.7909 0.2049 1.1896 104.4206 1 0
O 1 8574 13477 0.1036 1.1063 -0.7686 0.1984 0.0397 0.7619 1.0594 92.9958 0 0
O 1 8586 13575 7.7083 1.3817 -0.7390 0.0034 0.7383 0.2584 1.4396 126.3687 1 0
O 1 8588 14236 6.1486 1.2712 -0.7394 0.1788 0.0140 0.8073 0.8428 73.9778 1 0
O 1 8596 440 6.6858 0.8745 -0.6830 0.0121 0.5775 0.4105 0.8492 74.5458 1 0
O 1 8597 13570 -0.0633 3.4172 -0.7392 0.4223 0.1656 0.4121 1.6960 148.8748 0 0
O 1 8602 13619 0.3088 4.7857 -0.8905 0.2840 0.0405 0.6754 1.7807 156.3118 0 0
O 1 8604 14288 0.1412 0.8120 -0.8427 0.0415 0.5953 0.3632 1.1075 97.2158 0 0
O 1 8626 13980 2.6281 3.5028 -0.8210 0.9225 0.0361 0.0414 21.6063 1896.5977 0 0
O 1 8639 198 7.7576 1.2212 -0.7106 0.0035 0.7789 0.2176 1.1338 99.5267 1 0
O 1 8641 12948 6.1803 0.8355 -0.7686 0.0337 0.1233 0.8429 0.8193 71.9218 1 0
O 1 8643 14037 2.0094 1.7319 -0.7686 0.0761 0.2056 0.7184 1.7265 151.5534 0 0
O 1 8683 13126 9.7737 1.8425 -0.6268 0.0049 0.7839 0.2112 1.8419 161.6796 1 0
O 1 8692 13305 5.3829 1.1029 -0.6830 0.8406 0.0264 0.1330 1.2664 111.1669 0 0
O 1 8708 13397 8.4777 2.4194 -0.6821 0.0127 0.7325 0.2548 2.3914 209.9156 1 0
O 1 8713 13395 1.6996 0.8414 -0.6826 0.4215 0.1337 0.4447 0.9447 82.9300 0 0
O 1 8720 13012 9.5603 1.5137 0.6583 0.0030 0.7887 0.2083 1.4715 129.1717 1 0
O 1 8732 13569 1.2452 1.9925 0.6579 0.3353 0.1773 0.4874 1.0186 89.4104 0 0
O 1 8735 13581 -0.2946 1.3379 0.6579 0.0124 0.7768 0.2108 0.9295 81.5892 0 0
O 1 8750 23 7.5255 2.0822 0.5721 0.0097 0.7062 0.2841 1.8800 165.0307 1 0
O 1 8768 88 2.6567 0.8173 0.6887 0.5447 0.1327 0.3226 1.1060 97.0848 0 0
O 1 8770 13328 0.3431 1.1565 0.7968 0.5032 0.0081 0.4887 1.4357 126.0295 0 0
O 1 8779 14017 1.0381 1.7506 0.6323 0.6066 0.0367 0.3567 0.8855 77.7289 0 0
O 1 8811 13662 7.3540 1.0562 0.8275 0.0063 0.6787 0.3149 1.0467 91.8751 1 0
O 1 8816 13948 1.9357 0.9761 0.8496 0.4960 0.1346 0.3694 1.1516 101.0888 0 0
O 1 8820 13297 0.1808 0.8431 0.8482 0.1537 0.0139 0.8324 1.0108 88.7296 0 0
O 1 8847 13024 0.0221 3.7245 0.9307 0.0044 0.7391 0.2566 0.8502 74.6328 0 0
O 1 8848 14149 6.9106 1.0257 0.8496 0.0020 0.8371 0.1608 1.0119 88.8240 1 0
O 1 8851 13473 1.5154 0.9081 0.9298 0.0639 0.3071 0.6290 0.9801 86.0346 0 0
O 1 8853 14180 0.3214 1.8006 0.9464 0.2083 0.0406 0.7511 1.8864 165.5847 0 0
O 1 8863 13593 -1.0275 1.0283 0.8806 0.7096 0.0042 0.2862 0.8070 70.8368 0 0
O 1 8866 13565 -1.0074 3.7794 0.9802 0.8013 0.0009 0.1978 0.9224 80.9727 0 0
O 1 8903 12875 2.6728 0.9767 0.8817 0.6101 0.0048 0.3851 0.8053 70.6895 0 0
O 1 8911 13976 0.0746 1.3218 0.7958 0.1033 0.1495 0.7472 1.1752 103.1591 0 0
O 1 8923 13322 2.7946 1.2637 0.8277 0.9050 0.0579 0.0371 15.3329 1345.9200 0 0
O 1 8926 14044 6.8618 1.1105 0.7971 0.1177 0.0286 0.8536 1.0718 94.0859 0 0
O 1 8927 12933 -0.1761 1.2480 0.7750 0.7437 0.0031 0.2533 1.7731 155.6384 0 0
O 1 8941 13071 1.4150 0.9862 0.9911 0.0118 0.7277 0.2605 0.8297 72.8298 0 0
O 1 8945 410 7.8059 1.1468 1.0717 0.0087 0.7108 0.2805 1.1830 103.8456 1 0
O 1 8958 13668 4.3213 1.3586 0.9467 0.9326 0.0412 0.0263 25.7854 2263.4421 1 0
O 1 8959 14306 7.9773 1.4242 0.9467 0.0086 0.4856 0.5058 1.4237 124.9693 1 0
O 1 8961 13143 3.1166 1.3137 0.9467 0.1787 0.1522 0.6691 1.2842 112.7301 1 0
O 1 8968 13892 7.1056 1.3030 1.0723 0.0094 0.7663 0.2243 1.3184 115.7309 1 0
O 1 8980 13249 -0.9781 0.8168 1.0359 0.0059 0.7658 0.2283 1.0541 92.5247 0 0
O 1 8983 14025 1.0966 0.8018 0.8964 0.2955 0.0103 0.6942 0.9000 78.9981 0 0
O 1 8999 173 7.8243 1.7579 0.9309 0.0071 0.7169 0.2760 1.7396 152.7049 1 0
O 1 9003 13073 -1.2871 2.0591 1.0258 0.2856 0.0005 0.7138 1.0790 94.7106 0 0
O 1 9010 13128 5.7183 0.8585 1.1137 0.0068 0.6099 0.3833 0.8769 76.9708 1 0
O 1 9031 12968 2.8468 0.8378 1.1146 0.1313 0.0090 0.8596 0.8291 72.7788 0 0
O 1 9062 13735 0.7086 15.5682 1.1582 0.0858 0.3825 0.5317 2.7007 237.0676 0 0
O 1 9067 13753 7.9486 1.2298 1.1959 0.0040 0.8023 0.1937 1.2707 111.5453 1 0
O 1 9093 14337 1.1366 1.2462 1.2337 0.8389 0.0321 0.1290 1.2112 106.3212 0 0
O 1 9094 13687 8.5938 1.8374 1.1962 0.0123 0.7793 0.2085 1.8854 165.4979 1 0
O 1 9146 13729 -0.0094 1.0781 1.3616 0.4092 0.0039 0.5869 0.9227 80.9940 0 0
O 1 9164 13738 5.4694 1.9945 1.3156 0.0352 0.6298 0.3350 1.7067 149.8180 1 0
O 1 9167 14364 7.5260 0.8506 1.3252 0.0116 0.6269 0.3615 0.8401 73.7476 1 0
O 1 9179 13716 0.0334 1.1493 1.2606 0.5090 0.0004 0.4906 1.0210 89.6215 0 0
O 1 9210 13712 1.7840 1.2607 1.3256 0.7951 0.0012 0.2037 1.0224 89.7454 0 0
O 1 9215 14476 3.9641 0.9785 1.3113 0.0188 0.4680 0.5132 0.8908 78.1951 0 0
O 1 9246 13723 7.8597 6.8266 1.2604 0.0568 0.1790 0.7641 6.8692 602.9766 1 1 364
O 1 9266 386 2.7701 1.2077 1.4259 0.4417 0.3548 0.2035 2.2760 199.7915 1 0
O 1 9267 13094 2.6903 1.6652 1.4155 0.0544 0.6088 0.3368 1.2833 112.6503 1 0
O 1 9276 14367 8.7536 1.2517 1.5134 0.0261 0.6606 0.3133 1.3269 116.4726 1 0
O 1 9277 45 6.4496 1.0210 1.4155 0.0160 0.5533 0.4307 1.0456 91.7821 1 0
O 1 9282 66 8.2253 1.7665 1.4254 0.0091 0.6701 0.3208 2.0638 181.1585 1 0
O 1 9284 14342 5.7935 1.6937 1.4803 0.2508 0.0014 0.7477 1.0311 90.5074 1 0
O 1 9293 152 7.2044 1.7867 1.4261 0.0048 0.5742 0.4211 1.7276 151.6458 1 0
O 1 9301 13718 4.4792 1.4084 1.4261 0.0980 0.0359 0.8660 0.9035 79.3119 0 0
O 1 9317 222 7.1720 1.9195 1.4143 0.0212 0.6774 0.3014 2.6672 234.1313 1 0
O 1 9339 14510 9.1016 1.7688 1.4692 0.0013 0.8031 0.1957 1.8225 159.9804 1 0
O 1 9342 14520 5.0738 0.9719 1.5769 0.0140 0.6816 0.3044 0.9513 83.5041 0 0
O 1 9348 13758 6.3971 0.8514 1.5318 0.0027 0.7618 0.2355 0.8183 71.8272 1 0
O 1 9365 1 9.4117 1.7699 1.5454 0.0099 0.3582 0.6319 1.5716 137.9538 1 1 346
O 1 9402 14461 1.1649 19.5649 1.5829 0.8215 0.0114 0.1671 0.8066 70.7998 0 0
O 1 9409 14465 1.4192 1.6401 1.5548 0.0026 0.7521 0.2453 0.7806 68.5225 0 0
O 1 9411 14851 -0.9706 1.5376 1.4722 0.2691 0.0001 0.7308 1.2044 105.7227 0 0
O 1 9426 14489 8.3527 1.6332 1.5578 0.0017 0.7848 0.2135 1.5621 137.1227 1 0
O 1 9428 946 6.2475 0.9414 1.5945 0.0031 0.5848 0.4121 0.9597 84.2382 1 0
O 1 9433 14898 1.9442 11.2089 1.6445 0.0384 0.3480 0.6135 1.0384 91.1489 0 0
O 1 9437 368 6.9535 0.9798 1.6067 0.0095 0.6361 0.3545 0.9756 85.6407 1 0
O 1 9443 14535 8.0857 0.8773 1.6182 0.0086 0.5643 0.4270 0.9021 79.1864 1 0
O 1 9449 14932 7.6530 0.9531 1.6338 0.0113 0.5382 0.4505 1.0020 87.9539 1 0
O 1 9454 1343 2.4425 8.3920 1.6836 0.0080 0.6770 0.3150 1.4833 130.2075 0 0
O 1 9459 528 8.9503 6.6064 1.6500 0.0407 0.5186 0.4407 5.7322 503.1752 1 1 62
O 1 9461 536 8.7562 8.3130 1.6816 0.0154 0.3471 0.6375 7.9826 700.7122 1 1 63
O 1 9467 1337 5.4838 9.8765 1.6243 0.2610 0.0005 0.7385 2.8010 245.8738 0 0
O 1 9468 1373 5.6722 2.4556 1.6265 0.3527 0.0002 0.6472 1.9887 174.5717 0 0
O 1 9471 14970 7.4345 28.4317 1.6214 0.0508 0.1398 0.8094 29.8414 2619.4810 1 1 1016
O 1 9507 1374 4.4518 2.4631 1.6265 0.0963 0.5728 0.3309 5.2908 464.4258 0 0
O 1 9523 14969 4.8490 26.1688 1.6265 0.4367 0.0000 0.5633 0.8675 76.1492 0 0
O 1 9531 533 4.9171 10.4372 1.6243 0.2219 0.0001 0.7779 1.0968 96.2774 0 0
O 1 9549 1375 10.5544 2.4610 1.6356 0.0200 0.7558 0.2243 2.5707 225.6578 1 1 245
O 1 9553 14419 0.0882 0.8478 1.5771 0.8467 0.0296 0.1237 1.9308 169.4859 0 0
O 1 9554 614 6.1811 2.2507 1.5771 0.0673 0.0365 0.8962 1.9419 170.4583 1 1 244
O 1 9578 13706 8.2988 0.9329 1.6373 0.0058 0.6524 0.3417 0.9975 87.5569 1 0
O 1 9579 13711 3.5032 2.3045 1.7166 0.4881 0.1157 0.3962 2.6770 234.9888 0 0
O 1 9590 786 5.7495 1.3906 1.6243 0.0062 0.7324 0.2615 1.5056 132.1576 1 0
O 1 9595 14483 9.1117 2.1421 1.6741 0.0339 0.5868 0.3793 2.0615 180.9562 1 0
O 1 9596 13720 1.9358 1.1677 1.5674 0.3104 0.0464 0.6431 1.8796 164.9932 0 0
O 1 9600 246 9.2033 3.2863 1.5804 0.0026 0.6295 0.3679 3.5497 311.5950 1 0
O 1 9610 945 2.6333 0.9423 1.5777 0.1334 0.0094 0.8573 0.7636 67.0289 1 0
O 1 9622 14357 0.4761 1.1650 1.6953 0.0041 0.5325 0.4634 1.1283 99.0436 0 0
O 1 9624 1156 9.8416 1.2165 1.7992 0.0056 0.6872 0.3072 1.2509 109.8050 1 0
O 1 9626 14954 1.8722 1.0500 1.7711 0.0025 0.8111 0.1863 2.6145 229.4979 0 0
O 1 9628 511 9.0254 4.1580 1.7120 0.0027 0.5657 0.4316 4.2743 375.2011 1 0
O 1 9630 606 -0.3250 1.4158 1.8090 0.0018 0.6930 0.3052 1.3138 115.3268 0 0
O 1 9634 2035 0.1816 1.3446 1.8090 0.0101 0.0401 0.9498 0.9377 82.3106 0 0
O 1 9641 610 -0.1569 1.3833 1.8090 0.3801 0.0081 0.6119 1.5178 133.2358 0 0
O 1 9642 12 9.4478 0.7990 1.8087 0.0019 0.6774 0.3208 0.8164 71.6664 1 0
O 1 9644 9 9.3158 0.8081 1.8087 0.0019 0.6242 0.3739 0.8194 71.9284 1 0
O 1 9649 554 9.0808 1.4268 1.7147 0.0022 0.7063 0.2915 1.4699 129.0255 1 1 211
O 1 9653 682 8.8214 2.5419 1.7952 0.0023 0.6736 0.3241 2.1525 188.9454 1 0
O 1 9656 120 10.5042 1.3340 1.7233 0.0017 0.7998 0.1985 1.2877 113.0382 1 0
O 1 9659 140 2.5647 0.8659 1.7174 0.0029 0.5747 0.4224 0.9288 81.5334 0 0
O 1 9669 761 9.2584 2.2123 1.8094 0.0023 0.6676 0.3301 2.1092 185.1422 1 0
O 1 9673 165 10.7274 0.9361 1.7957 0.0027 0.7303 0.2670 0.9369 82.2448 1 0
O 1 9675 840 10.4684 1.4834 1.8025 0.0019 0.7150 0.2831 1.4919 130.9596 1 0
O 1 9676 839 10.4582 1.4524 1.8052 0.0018 0.7601 0.2381 1.4224 124.8574 1 0
O 1 9685 866 11.0432 1.2789 1.8162 0.0022 0.4884 0.5094 1.2803 112.3812 1 0
O 1 9688 1003 9.4754 1.6852 1.8494 0.0012 0.7433 0.2555 1.6593 145.6510 1 1 234
O 1 9690 1006 9.5301 1.6918 1.8494 0.0012 0.7371 0.2616 1.7251 151.4328 1 1 234
O 1 9691 1008 10.0165 1.6902 1.8502 0.0013 0.7354 0.2633 1.7002 149.2476 1 1 234
O 1 9692 1023 8.6059 0.9272 1.9020 0.0025 0.4216 0.5759 0.8871 77.8724 1 1 85
O 1 9696 1163 9.3263 1.3936 1.9055 0.0013 0.6895 0.3092 1.5345 134.6952 1 0
O 1 9704 3368 8.3381 1.1803 1.9171 0.0011 0.7658 0.2331 1.0829 95.0610 1 0
O 1 9705 3352 8.1188 1.1862 1.9171 0.0009 0.7796 0.2195 1.2785 112.2253 1 0
O 1 9706 675 10.7314 1.1152 1.9075 0.0007 0.8063 0.1930 1.1149 97.8701 1 0
O 1 9708 656 8.7550 1.3214 1.9268 0.0012 0.5949 0.4038 1.2395 108.8060 1 0
O 1 9720 867 10.6999 1.2825 1.8170 0.0018 0.5342 0.4640 1.2808 112.4315 1 0
O 1 9721 865 10.2058 1.2911 1.8162 0.0019 0.4603 0.5378 1.2981 113.9478 1 0
O 1 9724 204 -0.0517 0.9836 1.8771 0.0012 0.6885 0.3103 1.3874 121.7856 0 0
O 1 9725 13423 2.1363 1.5207 -0.6267 0.7988 0.0177 0.1834 9.5552 838.7571 0 0
O 1 9743 13456 2.0526 3.5823 -0.2541 0.9489 0.0031 0.0480 1.0251 89.9869 0 0
O 1 9749 298 7.5619 4.0684 -0.1079 0.0845 0.6048 0.3107 3.9907 350.3006 1 0
O 1 9789 263 8.3442 0.8375 -0.1030 0.0086 0.7853 0.2061 0.8219 72.1441 1 0
O 1 9790 14148 0.6013 0.8988 0.0411 0.1194 0.0588 0.8218 1.1152 97.8913 0 0
O 1 9796 13476 1.2523 0.8335 0.0411 0.5030 0.0068 0.4903 0.9436 82.8286 0 0
O 1 9809 12994 1.0272 1.0486 0.1796 0.9506 0.0036 0.0458 0.9210 80.8426 0 0
O 1 9811 14080 -0.8060 0.9206 0.1882 0.0169 0.7604 0.2227 2.4745 217.2089 0 0
O 1 9824 14143 8.3870 1.0078 -0.4610 0.0113 0.6834 0.3054 1.0128 88.9079 1 0
O 1 9825 13436 2.2487 0.9510 -0.3243 0.7249 0.0022 0.2730 0.8141 71.4623 0 0
O 1 9837 14125 -1.3126 5.5406 -0.5659 0.7198 0.1352 0.1450 6.5125 571.6659 0 0
O 1 9848 14145 6.7769 0.9986 -0.2537 0.0097 0.6960 0.2943 0.9585 84.1415 1 0
O 1 9850 325 8.6370 1.5392 -0.1728 0.0142 0.7908 0.1950 1.4579 127.9774 1 0
O 1 9892 14127 9.4866 1.4510 -0.1030 0.0172 0.7519 0.2309 1.4486 127.1616 1 0
O 1 9905 14124 0.3389 2.5506 -0.0328 0.7475 0.1595 0.0929 3.0122 264.4091 0 0
O 1 10151 13445 -0.7831 1.0284 0.1881 0.7719 0.0669 0.1612 2.6748 234.7980 0 0
O 1 10262 14099 0.8066 0.9422 0.1156 0.7398 0.0053 0.2549 0.8426 73.9660 0 0
O 1 10287 13481 2.0594 0.8887 0.4482 0.8449 0.0022 0.1529 0.8642 75.8558 0 0
O 1 10304 339 7.6640 0.9939 -0.4616 0.0085 0.7963 0.1953 1.0150 89.1008 1 0
O 1 10331 13491 1.1764 1.3161 0.1104 0.5157 0.0077 0.4767 1.2408 108.9160 0 0
O 1 10358 316 8.9748 1.8454 0.2498 0.0820 0.5462 0.3718 1.8458 162.0229 1 0
O 1 10375 14172 5.6637 1.4537 0.3842 0.6455 0.0013 0.3533 1.4145 124.1679 0 0
O 1 10396 317 5.7943 2.0851 0.4476 0.0138 0.7359 0.2504 1.8762 164.6971 1 0
O 1 10476 13479 2.9332 1.4492 0.5127 0.3830 0.0058 0.6112 0.9436 82.8277 0 0
O 1 10493 13530 -0.4492 1.2521 -0.5275 0.4474 0.0181 0.5346 0.8222 72.1760 0 0
O 1 10494 13027 1.0478 1.6211 -0.6268 0.4172 0.0375 0.5453 1.3424 117.8375 0 0
O 1 10496 13494 4.0534 1.1669 -0.5661 0.2025 0.3522 0.4454 0.8502 74.6278 0 0
O 1 10497 13493 4.1295 1.2806 -0.5659 0.7662 0.0552 0.1786 1.0363 90.9692 0 0
O 1 10498 13064 -0.0850 0.9234 -0.3779 0.6544 0.0005 0.3452 0.8268 72.5803 0 0
O 1 10501 14141 -0.7201 1.3334 -0.4609 0.0100 0.7783 0.2116 1.4892 130.7208 0 0
O 1 10507 13501 -0.6116 1.5655 -0.3772 0.7392 0.0098 0.2510 0.9431 82.7860 0 0
O 1 10509 13075 -1.5274 1.8524 -0.3240 0.7745 0.0151 0.2105 1.1870 104.1971 0 0
O 1 10600 354 8.0140 1.2842 -0.0328 0.0307 0.7758 0.1935 1.2273 107.7298 1 0
O 1 10606 373 9.2364 1.1286 0.2616 0.0039 0.7930 0.2031 1.1212 98.4198 1 0
O 1 10625 366 9.4278 2.2671 0.3174 0.0514 0.5881 0.3605 2.2754 199.7334 1 1 122
O 1 10631 13478 4.9886 1.3936 0.4479 0.5296 0.1233 0.3472 1.2893 113.1721 0 0
O 1 10675 338 7.1176 9.3563 0.5125 0.2926 0.1340 0.5734 10.3178 905.6978 1 1 376
O 1 10708 13506 -0.9776 1.8090 -0.5057 0.2078 0.1677 0.6245 1.8056 158.4940 0 0
O 1 10759 393 9.0523 1.0435 -0.1078 0.0078 0.7838 0.2084 1.0329 90.6680 1 0
O 1 10769 13524 2.6925 0.8055 -0.0313 0.8787 0.0212 0.1001 1.2128 106.4620 1 0
O 1 10770 14225 -0.0445 2.1220 -0.1079 0.9589 0.0062 0.0349 2.0731 181.9807 0 0
O 1 10777 13469 -0.9851 0.9693 0.0393 0.8414 0.0019 0.1566 1.6727 146.8271 0 0
O 1 10778 13566 -0.6997 1.3759 0.0393 0.7848 0.0017 0.2136 1.3412 117.7337 0 0
O 1 10785 14174 2.1113 1.7944 0.1156 0.8288 0.0109 0.1603 0.8683 76.2178 0 0
O 1 10786 363 6.0459 0.8818 -0.0314 0.0311 0.7824 0.1865 0.8452 74.1952 1 0
O 1 10790 14193 -0.5894 1.8411 0.4677 0.5456 0.0352 0.4192 1.6123 141.5252 0 0
O 1 10810 13077 0.5190 7.9736 -0.6524 0.4404 0.0328 0.5269 1.4417 126.5494 0 0
O 1 10814 13063 0.7753 3.9991 -0.4610 0.6326 0.0141 0.3534 1.6428 144.2040 0 0
O 1 10818 14210 0.8111 2.1601 -0.7106 0.4149 0.0089 0.5763 0.9811 86.1204 0 0
O 1 10831 14222 7.5119 1.2415 -0.3242 0.0902 0.1176 0.7923 1.1530 101.2094 1 0
O 1 10860 14177 0.4145 0.9666 0.3170 0.9616 0.0009 0.0375 0.8277 72.6587 0 0
O 1 10870 13549 3.1745 1.8259 0.3169 0.7715 0.0029 0.2256 1.1721 102.8855 0 0
O 1 10896 13546 0.1456 2.1248 -0.5276 0.8445 0.0035 0.1520 1.0609 93.1220 0 0
O 1 10898 13554 -0.5835 5.0046 -0.4613 0.9265 0.0420 0.0315 5.1168 449.1511 0 0
O 1 10917 13539 2.5467 1.2357 -0.2426 0.9110 0.0222 0.0668 1.0478 91.9743 0 0
O 1 10918 14226 1.9474 5.3404 -0.2426 0.8968 0.0489 0.0543 5.1836 455.0146 0 0
O 1 10943 13074 0.3689 31.5487 -0.2426 0.7267 0.0072 0.2661 1.0990 96.4679 0 0
O 1 10944 392 8.2444 1.1374 -0.2426 0.0251 0.7734 0.2015 1.1189 98.2127 1 1 82
O 1 10988 13564 -0.2235 1.9245 0.0411 0.9012 0.0039 0.0949 0.8772 77.0023 0 0
O 1 10990 13093 -0.8972 1.3646 0.1882 0.9284 0.0011 0.0704 2.0762 182.2496 0 0
O 1 10992 13533 0.4719 3.0203 0.2498 0.5436 0.1079 0.3485 1.3111 115.0850 0 0
O 1 11016 14224 0.0176 1.0020 -0.3101 0.8993 0.0173 0.0835 17.1874 1508.7083 0 0
O 1 11027 14255 5.1381 1.0494 -0.1728 0.9116 0.0026 0.0858 0.8665 76.0606 0 0
O 1 11034 13083 3.4712 1.7518 -0.1030 0.8966 0.0020 0.1014 1.7003 149.2486 0 0
O 1 11041 13098 2.7359 0.9110 -0.1079 0.6959 0.0686 0.2355 1.0317 90.5604 0 0
O 1 11046 13085 -0.3448 1.6741 0.5343 0.0257 0.7877 0.1866 1.4137 124.0932 0 0
O 1 11051 13627 -0.1382 6.3870 -0.6258 0.6605 0.0874 0.2522 1.3321 116.9326 0 0
O 1 11099 13115 0.6681 2.3301 -0.1077 0.9498 0.0307 0.0195 13.1682 1155.9011 0 0
O 1 11122 14260 7.1360 0.9797 -0.0328 0.1118 0.3253 0.5629 0.9766 85.7241 1 0
O 1 11158 13113 1.2021 1.3065 -0.1811 0.9638 0.0011 0.0352 1.2608 110.6697 0 0
O 1 11174 423 0.8321 0.9824 -0.1077 0.8482 0.0038 0.1480 0.8576 75.2815 0 0
O 1 11181 14249 4.4440 1.6811 0.4482 0.4272 0.0255 0.5473 0.8720 76.5409 0 0
O 1 11193 13107 3.7671 1.1892 -0.3779 0.0327 0.5892 0.3781 1.1328 99.4338 1 0
O 1 11202 13104 2.3697 0.8851 0.1155 0.9082 0.0358 0.0559 0.8919 78.2908 0 0
O 1 11219 14259 7.8254 0.9663 -0.0328 0.0361 0.6044 0.3595 0.9644 84.6539 1 0
O 1 11220 13620 0.7142 0.9637 -0.0328 0.0180 0.7566 0.2254 0.8913 78.2378 0 0
O 1 11221 463 7.6432 0.8370 -0.0314 0.0239 0.8284 0.1478 0.8147 71.5147 1 0
O 1 11223 13573 0.3299 1.2876 0.1155 0.2542 0.1442 0.6016 0.9261 81.2927 0 0
O 1 11244 13602 1.7977 2.3181 0.2500 0.6848 0.0818 0.2333 1.1606 101.8806 0 0
O 1 11245 13586 0.3249 1.8751 0.2500 0.1985 0.1751 0.6263 1.0450 91.7298 0 0
O 1 11269 13672 6.2190 1.3169 0.3174 0.6196 0.0009 0.3795 1.1977 105.1330 0 0
O 1 11300 492 8.4630 1.1888 -0.0314 0.0086 0.7878 0.2036 1.1757 103.2023 1 0
O 1 11311 13615 1.0219 0.9582 -0.0328 0.9282 0.0126 0.0592 15.8514 1391.4398 0 0
O 1 11330 549 8.8536 0.9319 0.1796 0.0057 0.8293 0.1650 0.9302 81.6505 1 0
O 1 11345 13659 1.3541 1.0418 0.4682 0.8549 0.0422 0.1029 1.0944 96.0678 0 0
O 1 11378 546 6.1846 1.0000 0.4675 0.4019 0.1207 0.4774 1.1652 102.2787 1 0
O 1 11385 545 7.9978 0.9975 0.4678 0.2798 0.0313 0.6889 0.9641 84.6285 0 0
O 1 11450 509 7.5254 0.9560 0.1798 0.0357 0.7566 0.2077 0.9772 85.7814 1 0
O 1 11453 14310 0.3901 1.5756 0.0393 0.9436 0.0010 0.0554 1.6006 140.5030 0 0
O 1 11473 12870 1.4645 2.0845 0.3313 0.5190 0.0007 0.4802 0.9527 83.6253 0 0
O 1 11478 13650 0.2669 1.3792 0.3313 0.8823 0.0049 0.1129 1.3105 115.0373 0 0
O 1 11498 535 6.0557 3.3459 0.5127 0.0169 0.7688 0.2143 3.1895 279.9757 1 0
O 1 11510 13166 1.9410 1.5097 -0.1730 0.3294 0.1265 0.5440 1.9410 170.3782 0 0
O 1 11517 13161 4.6602 1.4202 0.1156 0.8709 0.0319 0.0972 2.4212 212.5374 1 0
O 1 11523 12874 8.2678 1.0978 0.1798 0.0138 0.8118 0.1744 1.0889 95.5826 1 1 161
O 1 11564 12889 0.2731 1.6703 0.4483 0.9072 0.0142 0.0786 0.8276 72.6442 0 0
O 1 11591 14331 8.4672 2.2924 0.4682 0.2755 0.1476 0.5769 2.3023 202.0919 1 0
O 1 11597 14330 8.5156 2.2873 0.4682 0.2292 0.1619 0.6089 2.2843 200.5149 1 0
O 1 11619 13216 5.5585 1.0933 0.4482 0.4138 0.0117 0.5745 0.9823 86.2266 0 0
O 1 11622 13859 1.2086 4.8334 0.5338 0.5770 0.0122 0.4108 1.4572 127.9102 0 0
O 1 11623 13895 -0.2355 0.8299 0.5120 0.8730 0.0025 0.1245 1.3119 115.1567 0 0
O 1 11625 13912 0.2091 1.4243 0.5969 0.9480 0.0012 0.0508 1.1202 98.3345 0 0
O 1 11633 13191 0.3753 15.2132 -0.6269 0.6425 0.0028 0.3547 1.2957 113.7400 0 0
O 1 11642 13947 -1.4517 0.8558 0.1880 0.5255 0.0015 0.4729 0.9285 81.5050 0 0
O 1 11644 12853 4.3217 1.5638 0.1156 0.8568 0.0398 0.1034 2.5837 226.7998 1 0
O 1 11648 13681 0.7293 1.0138 0.1799 0.6612 0.0088 0.3299 2.5929 227.6080 0 0
O 1 11649 44 7.5244 0.8643 0.1797 0.0070 0.8119 0.1811 0.8422 73.9276 1 0
O 1 11668 12880 4.8780 1.6458 -0.4416 0.0316 0.6776 0.2909 1.9305 169.4633 1 0
O 1 11672 13229 0.9034 1.2416 -0.3102 0.0120 0.7653 0.2227 1.1891 104.3826 0 0
O 1 11688 81 0.5958 0.8560 -0.0313 0.9456 0.0184 0.0360 2.8334 248.7168 0 0
O 1 11709 13261 7.9550 1.7327 -0.5897 0.0066 0.7776 0.2158 1.6509 144.9160 1 1 8
O 1 11714 13991 0.3198 1.1650 0.0411 0.0105 0.7336 0.2560 1.4971 131.4155 0 0
O 1 11715 12906 0.6011 1.7210 0.0411 0.4917 0.0528 0.4555 0.9628 84.5146 0 0
O 1 11727 13315 3.4336 1.0947 0.2616 0.9571 0.0041 0.0388 0.9800 86.0251 0 0
O 1 11732 13183 -0.6819 0.9164 0.4019 0.4657 0.0362 0.4981 2.3976 210.4622 0 0
O 1 11733 13934 7.6414 3.3788 0.5340 0.0182 0.6883 0.2935 3.3892 297.5031 1 0
O 1 11763 12903 1.8296 10.7710 0.5118 0.7223 0.0064 0.2713 1.5166 133.1311 0 0
O 1 11764 13254 1.7613 1.6369 0.5127 0.0788 0.1262 0.7950 0.9669 84.8768 0 0
O 1 11771 13284 0.3468 1.5351 0.6317 0.4418 0.0287 0.5295 1.5138 132.8806 0 0
O 1 11773 105 7.6020 0.8129 -0.6266 0.0031 0.8434 0.1535 0.8216 72.1224 1 0
O 1 11777 13268 0.5734 1.2249 -0.4415 0.7883 0.0061 0.2056 1.2527 109.9648 0 0
O 1 11779 13962 5.2094 1.0086 -0.3773 0.5172 0.1234 0.3594 1.2188 106.9875 0 0
O 1 11785 12908 6.0113 1.1848 -0.3779 0.8441 0.0407 0.1152 1.7225 151.1971 1 0
O 1 11791 13265 1.0335 29.1320 -0.0328 0.0345 0.3390 0.6265 4.0778 357.9452 0 0
O 1 11803 13969 1.0632 2.1940 0.1798 0.9632 0.0359 0.0009 1509.6404 132516.2812 0 0
O 1 11826 107 5.9007 0.9959 0.3319 0.0204 0.7299 0.2497 0.9791 85.9470 1 0
O 1 11831 13954 1.3186 4.0855 0.2616 0.9403 0.0045 0.0552 2.1001 184.3490 0 0
O 1 11834 85 8.6902 2.0212 0.3319 0.0125 0.7479 0.2396 1.9710 173.0123 1 0
O 1 11874 13961 1.2258 1.1397 0.3841 0.7997 0.0504 0.1499 1.1753 103.1660 0 0
O 1 11896 13920 0.7738 0.9932 0.4481 0.8966 0.0461 0.0573 244.3226 21446.6484 0 0
O 1 11908 14018 1.6543 0.8916 0.5349 0.8665 0.0042 0.1293 0.9139 80.2217 0 0
O 1 11909 12920 3.1186 38.1766 0.5725 0.4970 0.0460 0.4570 0.9877 86.7016 0 0
O 1 11916 13956 0.4440 1.5263 0.6317 0.1531 0.3586 0.4884 1.8195 159.7177 0 0
O 1 11923 14012 0.2089 1.1535 -0.5272 0.7475 0.0586 0.1939 1.0910 95.7681 0 0
O 1 11940 13929 -0.8439 1.0568 -0.2536 0.9110 0.0323 0.0567 2.6768 234.9716 0 0
O 1 11956 99 7.8830 0.9917 -0.3779 0.0474 0.1391 0.8135 0.9226 80.9886 1 0
O 1 12004 13317 1.2844 22.4972 -0.3098 0.7821 0.0004 0.2175 0.8017 70.3690 0 0
O 1 12028 13252 -1.7011 0.8326 -0.3778 0.7537 0.0877 0.1587 2.8517 250.3229 0 0
O 1 12218 13999 7.2620 0.9631 -0.3779 0.6531 0.0039 0.3429 0.9495 83.3509 0 0
O 1 12227 87 1.7410 1.0086 -0.1030 0.9378 0.0193 0.0429 4.3693 383.5413 0 0
O 1 12269 13372 2.8460 0.8874 0.4678 0.7096 0.0011 0.2893 0.8215 72.1136 0 0
O 1 12315 12954 6.2642 1.2279 0.5725 0.5297 0.0023 0.4680 1.4472 127.0349 0 0
O 1 12343 13970 1.4401 1.0246 -0.4417 0.0459 0.4745 0.4796 1.5240 133.7725 0 0
O 1 12383 14020 1.6362 1.0642 -0.5052 0.7138 0.0637 0.2225 1.5073 132.3071 0 0
O 1 12406 13378 0.0210 1.0835 -0.2429 0.8506 0.0037 0.1457 3.4806 305.5233 0 0
O 1 12439 12924 -2.1573 0.8325 0.0393 0.8428 0.0066 0.1506 1.0257 90.0383 0 0
O 1 12469 14021 6.9703 0.8165 -0.1030 0.0667 0.7957 0.1376 0.8365 73.4256 1 0
O 1 12475 142 9.4729 1.2939 0.1156 0.0168 0.7571 0.2260 1.2967 113.8273 1 0
O 1 12479 13351 3.9111 1.1669 0.4680 0.3682 0.0013 0.6305 0.8217 72.1261 0 0
O 1 12482 127 5.5996 0.9230 0.4683 0.0187 0.7576 0.2237 0.8835 77.5503 1 0
O 1 12494 13326 0.1773 1.1469 -0.7395 0.9149 0.0006 0.0845 0.9353 82.0973 0 0
O 1 12502 12938 0.4598 0.8234 -0.4612 0.3947 0.0121 0.5932 0.8626 75.7172 0 0
O 1 12543 13323 1.0314 1.2838 -0.3243 0.9064 0.0308 0.0628 4.0590 356.3000 0 0
O 1 12550 14049 -0.1939 1.3674 -0.3243 0.7719 0.0117 0.2164 1.4068 123.4868 0 0
O 1 12592 12969 -0.4404 3.1569 0.1103 0.8160 0.0038 0.1802 1.4197 124.6236 0 0
O 1 12602 13365 1.3206 0.9356 0.0393 0.9291 0.0347 0.0362 4.0350 354.1953 0 0
O 1 12610 13373 7.3439 0.9334 0.5122 0.0043 0.7499 0.2457 0.9510 83.4823 1 0
O 1 12632 14058 3.9305 2.6706 -0.3943 0.0271 0.2344 0.7385 1.1776 103.3702 0 0
O 1 12641 257 0.9125 1.0110 -0.3240 0.6731 0.0065 0.3205 2.0354 178.6703 0 0
O 1 12650 13363 -2.3190 1.8907 0.0393 0.9277 0.0038 0.0684 1.0742 94.2966 0 0
O 1 12653 13367 -1.0129 2.2937 -0.1076 0.5593 0.0038 0.4369 1.4966 131.3741 0 0
O 1 12670 14056 0.8449 2.3421 0.0393 0.5386 0.0392 0.4222 0.9259 81.2721 0 0
O 1 12718 14077 -0.2188 0.8053 -0.3240 0.3685 0.0160 0.6155 0.8676 76.1572 0 0
O 1 12748 14069 8.3669 2.3011 -0.2541 0.0629 0.7425 0.1946 2.2801 200.1495 1 1 16
O 1 12756 13430 -0.4405 0.9573 0.1156 0.7131 0.0015 0.2854 1.3022 114.3099 0 0
O 1 12785 14098 0.8837 0.9789 0.1156 0.8615 0.0001 0.1383 0.8259 72.4975 0 0
O 1 12793 13409 -0.3332 1.6241 0.3313 0.9043 0.0074 0.0884 1.0039 88.1258 0 0
O 1 12805 12983 -0.6358 1.0726 0.6589 0.0157 0.7781 0.2062 1.0765 94.4910 0 0
O 1 12808 13391 0.6208 1.0615 0.5348 0.3428 0.1687 0.4885 1.1320 99.3693 0 0
O 1 12811 14071 2.4280 4.0437 -0.6821 0.5481 0.0007 0.4512 0.8654 75.9653 0 0
O 1 12815 12984 2.2575 2.5069 -0.6821 0.9111 0.0010 0.0880 1.9339 169.7545 0 0
O 1 12832 13006 4.2554 1.0165 -0.1028 0.8781 0.0271 0.0948 1.5367 134.8919 1 0
O 1 12843 14091 -1.2798 32.3900 -0.2538 0.7988 0.0006 0.2006 1.2231 107.3660 0 0
O 1 12869 14084 -1.9570 1.9637 0.2616 0.9825 0.0084 0.0091 6.7164 589.5634 0 0
O 1 12877 12998 5.5581 1.0922 0.2501 0.0053 0.7958 0.1989 0.9302 81.6552 0 0
O 1 12882 14115 0.9688 0.8901 0.5339 0.6714 0.0045 0.3241 2.9709 260.7846 0 0
O 1 12885 14078 -1.4434 2.2556 0.5339 0.6917 0.0030 0.3054 3.1159 273.5115 0 0
O 1 12889 15052 9.4927 1.6588 -1.5778 0.0020 0.6565 0.3414 1.6160 141.8548 0 0
O 1 12891 14690 10.8247 2.0477 -1.5780 0.0032 0.7077 0.2892 2.0329 178.4442 1 0
O 1 12894 13784 0.3324 1.0207 -1.5688 0.0076 0.5906 0.4018 1.1408 100.1385 0 0
O 1 12895 14596 -0.0685 1.0725 -1.5023 0.0357 0.2743 0.6900 2.0497 179.9229 0 0
O 1 12916 14664 1.8290 1.2509 -1.3182 0.8298 0.0000 0.1702 1.0931 95.9538 0 0
O 1 12927 15046 0.1466 1.6901 -1.4615 0.0165 0.7009 0.2826 1.2111 106.3072 0 0
O 1 12942 320 10.3100 1.1635 -1.5108 0.0045 0.5879 0.4076 1.1488 100.8395 1 0
O 1 12952 14724 3.7777 1.6301 -1.3686 0.6909 0.1831 0.1259 23.0405 2022.4932 1 0
O 1 12957 14709 3.0835 0.8657 -1.4621 0.0515 0.2964 0.6521 1.4043 123.2682 1 0
O 1 12969 14372 5.1207 0.8250 -1.5015 0.0117 0.6118 0.3764 1.0712 94.0335 0 0
O 1 12972 14636 4.0849 3.5051 -1.5111 0.0029 0.7266 0.2705 1.2557 110.2266 0 0
O 1 12995 13813 0.0504 1.2394 -1.4611 0.3317 0.3875 0.2808 2.4216 212.5680 0 0
O 1 13007 15042 3.1149 1.5149 -1.3695 0.8053 0.0016 0.1932 1.1451 100.5142 0 0
O 1 13015 13826 2.2413 3.3595 -1.3178 0.2351 0.2096 0.5553 6.0456 530.6840 0 0
O 1 13025 493 4.7669 3.8579 -1.4137 0.4862 0.3333 0.1805 8.8947 780.7809 1 0
O 1 13037 14593 1.6607 1.0647 -1.4049 0.6435 0.0039 0.3526 1.6353 143.5434 0 0
O 1 13052 13839 7.7212 1.8923 -1.3258 0.0242 0.6424 0.3335 1.9107 167.7197 1 0
O 1 13086 14620 4.4838 1.0164 -1.3695 0.2462 0.0010 0.7528 0.9710 85.2366 0 0
O 1 13103 13804 0.7812 1.5117 -1.4138 0.0105 0.7059 0.2836 1.8786 164.9032 0 0
O 1 13129 312 8.0256 1.2121 -1.2442 0.6378 0.0024 0.3598 1.0363 90.9631 1 0
O 1 13154 383 8.6195 6.2052 -1.3262 0.0332 0.3577 0.6091 5.5594 488.0010 1 0
O 1 13199 13789 0.7895 0.8616 -1.2799 0.8407 0.0005 0.1588 1.9356 169.9040 0 0
O 1 13263 12881 2.5417 1.2399 -1.2235 0.0310 0.6182 0.3508 2.7618 242.4293 0 0
O 1 13319 427 0.9724 0.8042 -1.2333 0.6759 0.1659 0.1582 9.5127 835.0209 0 0
O 1 13335 13825 6.3650 1.1397 -1.1834 0.5419 0.0177 0.4404 0.8997 78.9725 0 0
O 1 13339 14387 6.1833 1.1626 -1.1834 0.5538 0.0130 0.4332 0.8692 76.2985 0 0
O 1 13365 13109 6.1566 0.9794 -1.2799 0.0164 0.6939 0.2897 1.0204 89.5730 0 0
O 1 13385 13213 1.7473 1.4727 -1.2880 0.0565 0.5963 0.3472 0.8743 76.7418 0 0
O 1 13389 13180 0.5240 1.1337 -1.0798 0.8181 0.0001 0.1818 0.8121 71.2897 0 0
O 1 13423 14663 5.1329 1.1786 -1.0816 0.7615 0.0006 0.2379 0.8557 75.1115 0 0
O 1 13427 14380 3.0245 1.7010 -1.0992 0.6442 0.0254 0.3305 1.8946 166.3089 0 0
O 1 13429 13048 7.7720 0.9864 -1.1737 0.0970 0.3723 0.5307 1.0635 93.3529 1 0
O 1 13435 13654 1.5291 4.3847 -1.1151 0.1177 0.5486 0.3337 3.9665 348.1758 0 0
O 1 13444 13844 -0.9524 0.8075 -1.1834 0.1646 0.5145 0.3209 2.2544 197.8918 0 0
O 1 13449 12867 -1.6090 0.8891 -1.1740 0.2292 0.2794 0.4914 1.0644 93.4316 0 0
O 1 13450 14622 -0.3595 2.8518 -1.0428 0.8441 0.0006 0.1553 1.1373 99.8336 0 0
O 1 13460 14027 5.7376 1.6185 -1.1506 0.0317 0.6455 0.3228 1.8470 162.1292 1 0
O 1 13461 12943 7.4328 1.4603 -1.1508 0.0202 0.4923 0.4875 1.4024 123.1049 1 0
O 1 13471 13380 -0.0634 1.3659 -1.1081 0.3823 0.0074 0.6103 1.0361 90.9523 0 0
O 1 13481 12963 8.3119 1.3019 -1.0862 0.0603 0.4030 0.5366 1.3460 118.1485 1 0
O 1 13505 13393 2.6825 1.0144 -1.2325 0.7064 0.0291 0.2645 0.9836 86.3384 0 0
O 1 13523 14126 0.2278 0.9811 -1.1415 0.8429 0.0007 0.1563 1.3852 121.5955 0 0
O 1 13531 315 1.5887 0.8086 -1.0171 0.7406 0.0288 0.2306 1.3283 116.6016 0 0
O 1 13536 13060 1.6130 0.8568 -1.0506 0.1753 0.0131 0.8116 1.5350 134.7400 0 0
O 1 13546 14166 8.3318 1.0432 -1.0995 0.0280 0.6419 0.3301 1.0561 92.7024 1 0
O 1 13548 13037 7.8900 0.9962 -1.0995 0.3861 0.0265 0.5874 0.8715 76.5023 0 0
O 1 13562 14181 1.2744 2.6758 -1.0456 0.0156 0.6685 0.3159 2.9678 260.5175 0 0
O 1 13567 14217 2.1400 1.2210 -1.0454 0.0220 0.6215 0.3564 1.2409 108.9302 0 0
O 1 13576 378 0.9127 1.3065 -1.1083 0.8024 0.0041 0.1935 1.5400 135.1786 0 0
O 1 13584 14201 0.6634 1.0305 -0.9324 0.5832 0.0437 0.3732 1.8075 158.6621 0 0
O 1 13605 13173 3.7600 1.0728 -1.0511 0.4826 0.0032 0.5142 0.8326 73.0850 0 0
O 1 13625 6 6.7034 0.8022 -1.1156 0.1137 0.6353 0.2510 0.8099 71.0923 1 1 35
O 1 13627 12904 -0.0994 0.9778 -1.0800 0.1532 0.0853 0.7615 0.9176 80.5491 0 0
O 1 13629 12866 -0.4472 0.9300 -1.0797 0.8673 0.0879 0.0448 47.3045 4152.3872 0 0
O 1 13631 12957 1.4392 1.8310 -1.1085 0.8661 0.0017 0.1322 1.7365 152.4286 0 0
O 1 13641 14642 3.7728 1.9378 -0.9796 0.8123 0.0361 0.1516 1.4071 123.5109 0 0
O 1 13651 13424 2.0251 3.3419 -1.0453 0.2237 0.1309 0.6454 7.2912 640.0187 0 0
O 1 13656 14137 -1.1187 3.0673 -0.9451 0.3034 0.3145 0.3821 5.5605 488.0965 0 0
O 1 13666 13114 -0.2457 1.6970 -0.9320 0.1046 0.1569 0.7385 1.0404 91.3274 0 0
O 1 13667 13138 7.6120 0.9066 -1.0077 0.0248 0.7394 0.2357 0.9003 79.0303 1 0
O 1 13678 14257 6.9339 0.9129 -1.0456 0.0084 0.7642 0.2274 0.9253 81.2186 1 0
O 1 13699 515 9.3516 6.0091 -0.9723 0.0248 0.5030 0.4722 5.6395 495.0386 1 1 365
O 1 13712 13153 8.4088 1.4058 -0.9791 0.0583 0.4573 0.4845 1.3596 119.3431 1 0
O 1 13719 13152 -0.1609 2.1069 -0.8670 0.7223 0.0226 0.2550 1.8922 166.0968 0 0
O 1 13730 76 6.5603 0.9753 -0.9797 0.0775 0.1866 0.7359 0.8235 72.2888 1 0
O 1 13732 169 0.3864 0.8274 -1.0170 0.3062 0.0651 0.6287 0.8888 78.0180 0 0
O 1 13734 163 8.6776 2.1420 -1.0076 0.0142 0.7546 0.2312 2.0113 176.5501 1 1 10
O 1 13736 12936 8.6366 1.8402 -0.9442 0.0855 0.6684 0.2461 1.8473 162.1524 1 0
O 1 13744 248 4.4690 0.9897 -0.9447 0.0874 0.6796 0.2330 1.0712 94.0272 0 0
O 1 13750 13484 2.6518 1.3118 -0.8934 0.6108 0.0792 0.3100 1.4314 125.6472 0 0
O 1 13782 13522 6.8811 0.8802 -0.8926 0.1965 0.2778 0.5257 1.0052 88.2333 0 0
O 1 13811 13177 -0.8102 1.7073 -0.8119 0.3374 0.0004 0.6623 1.0616 93.1840 0 0
O 1 13827 13188 -1.2537 1.8737 -0.7672 0.8833 0.0004 0.1163 1.7229 151.2379 0 0
O 1 13835 12854 2.0104 2.1557 -0.9324 0.0549 0.5671 0.3780 3.1675 278.0399 0 0
O 1 13837 13160 0.6547 1.2177 -0.8665 0.4993 0.0130 0.4877 1.0942 96.0511 0 0
O 1 13844 13928 2.9796 7.4724 -0.8257 0.8026 0.0020 0.1954 1.7751 155.8218 1 0
O 1 13846 13791 6.2121 0.9322 -0.8935 0.0788 0.4444 0.4768 0.8259 72.4966 0 0
O 1 13848 12892 0.1205 1.4048 -0.9450 0.4062 0.2663 0.3275 2.7795 243.9804 0 0
O 1 13859 13234 0.1132 1.3839 -0.9058 0.2035 0.3364 0.4600 3.2738 287.3766 0 0
O 1 13870 13385 1.5209 109.3245 -0.8933 0.3168 0.0206 0.6626 0.9729 85.4036 0 0
O 1 13876 14111 1.7804 3.4345 -0.8509 0.9120 0.0294 0.0586 7.1708 629.4569 0 0
O 1 13883 303 7.4777 1.3745 -0.7867 0.0122 0.6591 0.3287 1.4541 127.6441 1 1 1042
O 1 13893 14208 1.0996 3.4089 -0.8117 0.5232 0.0095 0.4673 3.0747 269.8969 0 0
O 1 13908 13544 -0.6530 0.8546 -0.8118 0.9583 0.0140 0.0277 7.6251 669.3306 0 0
O 1 13919 13846 -0.1124 1.1425 -0.7436 0.3825 0.0601 0.5574 1.2209 107.1742 0 0
O 1 13925 13189 0.7248 0.8081 -0.7434 0.4979 0.0205 0.4815 0.8666 76.0736 0 0
O 1 13930 13847 -0.8431 1.3627 -0.8255 0.6909 0.1183 0.1908 1.5119 132.7116 0 0
O 1 13935 13172 8.7160 0.9551 -0.7876 0.0045 0.7115 0.2839 0.9364 82.1966 1 0
O 1 13942 153 2.0220 0.9805 -0.8119 0.8028 0.0044 0.1928 1.1791 103.5038 0 0
O 1 13956 13965 2.0255 0.9633 -0.7432 0.7655 0.0146 0.2199 0.9995 87.7369 0 0
O 1 13969 13298 2.0365 3.1791 -0.8257 0.8263 0.0674 0.1063 3.2362 284.0696 0 0
O 1 13992 403 2.2585 2.7588 -0.6106 0.6216 0.0051 0.3733 1.0321 90.5958 0 0
O 1 13999 488 9.0098 1.0202 -0.7229 0.2076 0.0163 0.7761 0.8640 75.8461 0 0
O 1 14030 13630 2.4172 0.9250 -0.7876 0.8502 0.0501 0.0997 0.8990 78.9105 0 0
O 1 14040 13930 7.3100 0.8625 -0.7227 0.0061 0.7705 0.2234 0.8526 74.8455 1 0
O 1 14045 14052 2.3330 1.0665 -0.7876 0.6570 0.0012 0.3418 1.0954 96.1534 0 0
O 1 14048 13348 2.2946 0.9037 -0.7671 0.0739 0.1525 0.7737 1.0349 90.8425 0 0
O 1 14058 12940 1.5626 2.0732 -0.6539 0.6237 0.0006 0.3757 0.8182 71.8205 0 0
O 1 14076 13427 0.2667 1.2074 -0.7228 0.7200 0.0282 0.2518 1.0965 96.2486 0 0
O 1 14080 414 6.6445 1.1094 -0.6106 0.0240 0.5930 0.3830 1.0840 95.1557 1 0
O 1 14096 14244 2.4033 14.8728 -0.6533 0.0101 0.5835 0.4064 1.2247 107.5075 0 0
O 1 14113 13949 1.3342 0.8516 -0.6539 0.3226 0.0395 0.6379 1.0190 89.4448 0 0
O 1 14114 13288 2.8894 1.3639 -0.6106 0.4764 0.0349 0.4887 1.0421 91.4775 0 0
O 1 14128 12981 5.0294 1.1869 -0.7002 0.3688 0.0330 0.5982 0.9347 82.0498 0 0
O 1 14138 13439 -0.2777 1.0807 -0.7004 0.0250 0.5987 0.3763 0.9093 79.8207 0 0
O 1 14151 14119 0.2526 4.8724 0.5849 0.9146 0.0088 0.0766 1.0468 91.8900 0 0
O 1 14164 13087 2.3352 1.2204 0.6143 0.5184 0.0157 0.4659 0.8196 71.9405 0 0
O 1 14167 13052 2.5325 1.1690 0.6145 0.4201 0.0366 0.5432 1.2623 110.8048 0 0
O 1 14172 13089 1.3030 1.0039 0.6815 0.2422 0.2367 0.5211 0.9538 83.7285 0 0
O 1 14186 13861 1.1046 0.8964 0.6150 0.6448 0.0027 0.3524 2.7671 242.8933 0 0
O 1 14206 13295 2.9257 1.4813 0.7710 0.6698 0.0042 0.3259 0.9749 85.5804 0 0
O 1 14211 13371 0.4676 0.8645 0.6146 0.2973 0.0101 0.6926 1.4194 124.5934 0 0
O 1 14238 370 9.8116 2.8918 0.7062 0.0380 0.7241 0.2379 2.7557 241.8967 1 0
O 1 14240 13750 3.8659 1.8314 0.6815 0.7332 0.0776 0.1892 1.2720 111.6542 0 0
O 1 14244 13582 0.7228 1.5602 0.6607 0.0073 0.7379 0.2548 0.9154 80.3566 0 0
O 1 14271 13960 2.1427 0.8730 0.8324 0.8382 0.0027 0.1592 1.2352 108.4295 0 0
O 1 14319 14205 3.6913 0.8686 0.8571 0.2029 0.1419 0.6553 0.8252 72.4403 0 0
O 1 14350 14332 7.9737 5.0197 0.7480 0.0221 0.5366 0.4413 4.8426 425.0792 1 1 0
O 1 14352 12915 2.1486 1.6135 0.7710 0.6563 0.0062 0.3375 2.3477 206.0836 0 0
O 1 14355 13942 2.7652 1.2305 0.7920 0.8663 0.0280 0.1057 1.3638 119.7112 0 0
O 1 14361 12941 2.7003 1.3725 0.8165 0.7182 0.0022 0.2796 0.8871 77.8654 0 0
O 1 14426 14063 2.7544 0.8733 0.8323 0.8755 0.0002 0.1243 1.1395 100.0246 0 0
O 1 14474 14041 2.3071 1.3358 0.8323 0.6093 0.0062 0.3845 2.1718 190.6387 0 0
O 1 14500 14013 1.1829 1.0900 0.7062 0.8960 0.0006 0.1034 0.8599 75.4860 0 0
O 1 14540 14061 -0.0050 2.1942 0.5851 0.8073 0.0000 0.1927 1.2075 105.9950 0 0
O 1 14542 14168 4.6303 1.6429 0.9001 0.8878 0.0007 0.1114 1.0719 94.0949 0 0
O 1 14546 13092 1.0672 0.8181 0.9104 0.0959 0.1290 0.7751 0.8386 73.6157 0 0
O 1 14547 13601 1.8220 0.8553 0.8741 0.3902 0.1587 0.4511 1.3924 122.2269 0 0
O 1 14570 13858 4.0774 0.8930 0.9102 0.0062 0.7452 0.2486 1.2321 108.1538 0 0
O 1 14587 13241 -0.0105 4.3658 0.8579 0.4128 0.0011 0.5861 1.1926 104.6870 0 0
O 1 14594 13198 1.0536 1.6592 0.9002 0.6966 0.1730 0.1304 284.8039 25000.0977 0 0
O 1 14616 14001 2.5633 0.8476 0.9496 0.5399 0.0081 0.4520 1.5618 137.0916 0 0
O 1 14653 14138 -0.7242 0.8158 0.7711 0.7228 0.0063 0.2709 1.1342 99.5588 0 0
O 1 14655 13031 0.7654 0.9486 0.9772 0.1154 0.3149 0.5697 1.0133 88.9442 0 0
O 1 14665 13029 -0.4100 1.1733 1.0135 0.0862 0.3469 0.5669 0.8416 73.8744 0 0
O 1 14685 13657 0.1397 1.0329 0.9856 0.7182 0.1206 0.1612 3.3182 291.2697 0 0
O 1 14690 13880 1.6097 1.5126 0.8579 0.5283 0.0139 0.4578 1.2928 113.4853 0 0
O 1 14692 13879 3.1449 1.4894 0.9000 0.6923 0.0462 0.2614 1.2722 111.6750 0 0
O 1 14712 12927 1.3382 0.9287 0.9496 0.8755 0.0053 0.1192 1.1404 100.1039 0 0
O 1 14715 14004 -0.3757 1.7464 1.0902 0.4583 0.3442 0.1975 1.7846 156.6500 0 0
O 1 14717 13357 -0.1801 2.3830 0.7719 0.8948 0.0001 0.1051 1.0206 89.5898 0 0
O 1 14730 13005 1.0132 0.9426 1.1086 0.4909 0.0158 0.4933 1.1870 104.1956 0 0
O 1 14780 14247 1.6492 1.0399 1.0994 0.6817 0.0009 0.3174 0.8161 71.6371 0 0
O 1 14807 13145 6.5981 1.0945 1.0994 0.1299 0.1421 0.7280 1.0400 91.2919 0 0
O 1 14819 12876 0.0423 1.3648 1.0838 0.3138 0.3819 0.3043 0.9465 83.0867 0 0
O 1 14821 13167 1.6281 0.9739 1.1193 0.0515 0.7153 0.2332 1.0872 95.4349 0 0
O 1 14822 14315 1.4403 1.9255 1.0994 0.0123 0.5917 0.3960 0.8979 78.8182 0 0
O 1 14825 13184 1.0444 1.1525 0.9496 0.1867 0.0027 0.8107 0.8550 75.0480 0 0
O 1 14829 13890 6.3075 1.3608 1.1086 0.1487 0.2945 0.5568 1.2767 112.0655 1 0
O 1 14832 13893 5.5312 1.2993 1.1085 0.2798 0.0607 0.6595 1.1226 98.5405 0 0
O 1 14839 12873 4.8025 1.3859 1.1192 0.8267 0.0103 0.1630 0.9287 81.5180 1 0
O 1 14848 12956 1.3961 0.8068 1.0226 0.8569 0.0036 0.1396 1.2339 108.3077 0 0
O 1 14849 13257 -0.2433 1.8365 1.0218 0.0100 0.7528 0.2372 1.0662 93.5876 0 0
O 1 14852 13889 -0.0529 0.8128 1.0902 0.1746 0.3913 0.4341 1.5388 135.0742 0 0
O 1 14856 98 7.2327 1.3825 1.0504 0.0078 0.6665 0.3257 1.3104 115.0228 1 0
O 1 14863 12919 0.9815 0.9381 1.0511 0.0273 0.4051 0.5676 1.1170 98.0486 0 0
O 1 14893 13426 -2.1405 1.0929 0.9857 0.8580 0.0121 0.1298 1.9468 170.8920 0 0
O 1 14914 13043 -0.7906 0.9496 1.1839 0.2987 0.0530 0.6483 1.4203 124.6741 0 0
O 1 14928 14197 1.8484 1.1296 1.1085 0.5769 0.0107 0.4124 0.9191 80.6807 0 0
O 1 14929 13590 4.9346 1.1118 1.1745 0.1281 0.5745 0.2973 0.9555 83.8695 1 0
O 1 14948 14283 1.6281 1.8888 1.0834 0.6159 0.1775 0.2067 3.3046 290.0785 0 0
O 1 14952 473 0.0032 1.0544 1.1834 0.8624 0.0007 0.1369 0.9804 86.0614 0 0
O 1 14958 519 6.7243 0.8787 1.1416 0.0305 0.3128 0.6567 0.8389 73.6353 1 0
O 1 14980 14352 7.8645 4.1398 1.0993 0.0192 0.5238 0.4571 3.8069 334.1669 1 1 179
O 1 14982 14351 8.6313 3.6640 1.1199 0.0127 0.6260 0.3613 3.6784 322.8881 1 1 179
O 1 15028 13754 -1.0581 2.3703 1.1086 0.8678 0.0055 0.1268 1.4287 125.4077 0 0
O 1 15053 13118 -0.0303 1.2877 1.2700 0.3458 0.1977 0.4566 2.7362 240.1850 0 0
O 1 15063 12895 0.1818 0.8229 1.1840 0.1236 0.0131 0.8633 1.1820 103.7596 0 0
O 1 15069 12871 5.9670 3.6096 1.2225 0.8148 0.0403 0.1450 4.4306 388.9225 0 0
O 1 15079 13704 0.6797 1.0752 1.2442 0.1809 0.5512 0.2679 3.4073 299.0964 0 0
O 1 15082 12945 2.4883 1.3557 1.1738 0.7414 0.0000 0.2585 1.5650 137.3760 0 0
O 1 15085 14350 1.6536 3.0611 1.1085 0.7174 0.0342 0.2484 1.5482 135.8999 0 0
O 1 15133 13747 3.8938 0.8422 1.2880 0.8324 0.0161 0.1515 0.9439 82.8587 0 0
O 1 15155 13119 3.0054 1.2064 1.2699 0.0568 0.0290 0.9142 5.6226 493.5527 0 0
O 1 15174 13703 0.8457 2.7496 1.3515 0.6427 0.0113 0.3461 1.1454 100.5443 0 0
O 1 15209 14466 1.2808 1.9719 1.2882 0.4394 0.4228 0.1378 2.3383 205.2537 0 0
O 1 15231 14536 -0.6553 0.8077 1.3266 0.7926 0.0028 0.2047 1.5684 137.6702 0 0
O 1 15239 13748 1.3870 0.8254 1.3257 0.4726 0.0017 0.5257 0.9470 83.1257 0 0
O 1 15242 14527 -1.6254 1.3128 1.3157 0.7759 0.0976 0.1265 2.0498 179.9301 0 0
O 1 15247 14924 0.2310 1.5867 1.4053 0.8284 0.0009 0.1707 2.2866 200.7162 0 0
O 1 15259 14573 -1.4083 0.8403 1.1741 0.5343 0.0001 0.4655 1.5206 133.4802 0 0
O 1 15276 505 1.4131 1.2950 1.3692 0.8380 0.0284 0.1336 2.3693 207.9776 0 0
O 1 15286 14750 2.5542 0.8684 1.3774 0.5015 0.2796 0.2190 1.6575 145.4986 0 0
O 1 15290 12900 0.9329 1.9804 1.4623 0.8356 0.0778 0.0866 7.0010 614.5464 0 0
O 1 15292 12912 4.0904 1.3697 1.3776 0.2739 0.3497 0.3763 1.7942 157.4989 0 0
O 1 15306 13719 1.0015 1.4133 1.4044 0.7378 0.0965 0.1657 0.8788 77.1385 0 0
O 1 15342 14471 5.4085 1.2358 1.4052 0.0518 0.5696 0.3786 1.7795 156.2041 0 0
O 1 15346 14474 0.4333 2.8233 1.5012 0.8104 0.0271 0.1624 1.2555 110.2097 0 0
O 1 15405 13734 0.6089 2.1797 1.3256 0.5367 0.2510 0.2123 5.3205 467.0372 0 0
O 1 15411 14478 1.4755 1.0231 1.4136 0.7476 0.1392 0.1132 0.8463 74.2851 0 0
O 1 15433 14361 3.9713 1.1903 1.4619 0.7617 0.0484 0.1898 0.9320 81.8120 0 0
O 1 15442 13773 5.3690 1.3095 1.5110 0.0076 0.6573 0.3351 1.9049 167.2121 1 0
O 1 15445 14571 -2.3833 1.6514 1.3266 0.8689 0.0007 0.1305 2.4653 216.4067 0 0
O 1 15460 13707 2.0540 1.0375 1.5114 0.7938 0.0468 0.1593 0.9227 80.9967 0 0
O 1 15464 14345 4.4114 1.6748 1.5106 0.0228 0.6338 0.3434 1.0119 88.8249 1 0
O 1 15480 151 4.8590 1.7936 1.4054 0.0404 0.2010 0.7586 1.7144 150.4876 0 0
O 1 15481 14455 3.8534 0.8799 1.4701 0.1569 0.0026 0.8405 0.9333 81.9248 0 0
O 1 15485 14456 3.2361 1.0350 1.3780 0.6577 0.0001 0.3422 0.9515 83.5231 0 0
O 1 15496 13743 4.8634 0.9214 1.5769 0.0019 0.6879 0.3102 1.1520 101.1219 1 0
O 1 15497 13742 2.8745 0.9197 1.5769 0.0134 0.5991 0.3875 7.7490 680.2057 1 0
O 1 15504 539 9.5979 2.9161 1.5674 0.0114 0.5299 0.4587 2.5363 222.6349 1 0
O 1 15510 14432 2.1485 0.9339 1.5683 0.1510 0.2011 0.6479 1.1468 100.6636 0 0
O 1 15514 14417 2.8729 1.1739 1.5113 0.0053 0.6691 0.3256 2.0211 177.4165 0 0
O 1 15517 30 0.4557 0.7977 1.5024 0.0090 0.5767 0.4143 2.3711 208.1314 0 0
O 1 15527 12971 1.0026 3.0463 1.5685 0.3717 0.4090 0.2193 111.2395 9764.6055 0 0
O 1 15535 14846 4.1894 2.6397 1.5012 0.0134 0.3750 0.6115 5.7494 504.6787 0 0
O 1 15547 14114 1.3812 2.2488 -0.3166 0.8928 0.0009 0.1063 1.7933 157.4174 0 0
O 1 15552 14092 -1.3139 3.6686 -0.2590 0.6658 0.0756 0.2586 1.5781 138.5296 0 0
O 1 15589 13018 0.2085 1.4251 0.5656 0.9082 0.0015 0.0902 3.5180 308.8065 0 0
O 1 15590 12995 2.2362 0.9864 0.4319 0.4353 0.1261 0.4386 0.9295 81.5946 0 0
O 1 15597 13460 1.0249 0.8051 -0.3588 0.0474 0.6341 0.3185 0.8459 74.2569 0 0
O 1 15613 12993 -0.8692 4.3908 -0.0826 0.7727 0.0542 0.1731 1.6224 142.4116 0 0
O 1 15636 14118 2.4839 2.1729 -0.0251 0.9556 0.0248 0.0196 6.3432 556.8036 0 0
O 1 15643 271 8.6704 1.0138 0.1445 0.1760 0.3083 0.5158 1.0150 89.0965 1 0
O 1 15660 13451 4.3678 2.0569 -0.4121 0.5856 0.1014 0.3130 1.3157 115.4937 0 0
O 1 15662 13435 4.1162 0.8589 -0.6537 0.8663 0.0171 0.1166 0.8480 74.4375 0 0
O 1 15699 13444 3.0723 0.8201 -0.3584 0.9248 0.0038 0.0714 0.8478 74.4160 0 0
O 1 15719 14123 1.7518 1.2468 -0.0251 0.9358 0.0200 0.0442 1.3377 117.4257 0 0
O 1 15725 259 2.3218 1.5588 0.1445 0.9559 0.0300 0.0141 6.0726 533.0504 0 0
O 1 15741 13011 6.1088 0.9713 0.2564 0.6019 0.0186 0.3795 0.8175 71.7603 0 0
O 1 15752 14102 5.7382 1.1014 0.2564 0.8475 0.0074 0.1451 1.0450 91.7289 0 0
O 1 15753 14101 5.1291 1.0835 0.2564 0.8555 0.0100 0.1345 0.9350 82.0786 0 0
O 1 15832 309 8.2536 2.3275 -0.4116 0.0432 0.7010 0.2558 2.1407 187.9076 1 0
O 1 15844 13520 0.5987 1.1848 -0.3584 0.9235 0.0015 0.0749 1.5483 135.9132 0 0
O 1 15855 13527 -1.0213 0.9042 -0.1391 0.9590 0.0258 0.0152 61.2850 5379.6006 0 0
O 1 15859 13492 1.9357 92.1544 0.0887 0.9555 0.0283 0.0162 5.5924 490.8984 0 0
O 1 15867 14103 2.3727 1.5659 0.4166 0.9118 0.0006 0.0877 1.2401 108.8603 0 0
O 1 15949 13503 2.9275 0.9949 -0.1957 0.6408 0.1226 0.2366 0.9974 87.5554 1 0
O 1 15952 13049 2.4439 1.0148 -0.1957 0.8192 0.0331 0.1477 1.0330 90.6786 1 0
O 1 15958 14175 4.5328 0.9639 -0.0251 0.1968 0.6382 0.1650 0.9533 83.6846 1 0
O 1 15961 14220 1.5345 1.1406 0.0887 0.9582 0.0010 0.0408 1.5074 132.3200 0 0
O 1 16004 13550 3.5103 0.9535 0.4675 0.8915 0.0015 0.1070 0.9839 86.3648 0 0
O 1 16008 335 7.0349 13.2532 0.4316 0.0301 0.4035 0.5664 14.7700 1296.5101 1 1 377
O 1 16014 13495 2.7907 143.4673 0.5187 0.9790 0.0112 0.0098 8.9086 781.9973 0 0
O 1 16052 14076 -0.0629 0.8265 0.4166 0.9447 0.0367 0.0186 5.3195 466.9451 0 0
O 1 16053 337 8.2565 2.8607 0.3636 0.0331 0.7294 0.2375 2.6491 232.5361 0 0
O 1 16059 340 4.9118 10.0063 0.4680 0.7377 0.0031 0.2592 3.7318 327.5753 1 1 374
O 1 16072 14169 6.5213 0.9115 0.5851 0.0360 0.3036 0.6604 0.8574 75.2643 0 0
O 1 16089 14184 -0.5686 1.4288 -0.4121 0.7755 0.0166 0.2078 0.8711 76.4675 0 0
O 1 16106 13482 0.6823 1.5687 0.4840 0.0081 0.7453 0.2465 1.2643 110.9800 0 0
O 1 16118 14229 0.1678 1.3081 -0.5310 0.9882 0.0007 0.0112 21.2904 1868.8740 0 0
O 1 16126 14154 1.4462 3.8901 -0.1392 0.9701 0.0202 0.0097 14.3020 1255.4294 0 0
O 1 16129 13055 0.5591 1.3972 -0.2498 0.2228 0.0775 0.6997 1.6574 145.4901 0 0
O 1 16133 13526 7.1352 0.9021 -0.1392 0.0527 0.6737 0.2736 0.8900 78.1271 1 0
O 1 16165 13483 1.1522 0.9921 0.6145 0.1491 0.1023 0.7486 0.9538 83.7268 0 0
O 1 16168 13523 3.3652 1.5919 -0.4782 0.1343 0.1705 0.6952 1.5638 137.2701 0 0
O 1 16172 13066 4.7441 0.9252 -0.1392 0.3333 0.1252 0.5415 0.9901 86.9127 0 0
O 1 16177 13468 0.4364 3.4617 0.0315 0.6659 0.0625 0.2716 1.3765 120.8331 0 0
O 1 16193 13532 1.1756 1.0430 -0.7430 0.7994 0.0236 0.1770 0.9041 79.3651 0 0
O 1 16195 14240 3.5169 0.9550 -0.6106 0.3982 0.0184 0.5834 0.8484 74.4720 0 0
O 1 16197 13518 -1.0364 1.4544 -0.4262 0.4360 0.2222 0.3417 1.3621 119.5692 0 0
O 1 16236 14231 3.7111 1.3612 0.1445 0.3126 0.0341 0.6532 1.2357 108.4720 0 0
O 1 16237 14190 -0.1551 1.1689 0.1444 0.9298 0.0047 0.0655 1.2547 110.1333 0 0
O 1 16279 14170 -0.5244 0.9925 0.1444 0.9312 0.0039 0.0649 0.8311 72.9534 0 0
O 1 16281 14241 -0.4890 1.6373 0.3227 0.0197 0.7659 0.2144 1.7293 151.7991 0 0
O 1 16293 13614 1.4024 0.9544 -0.5618 0.8588 0.0007 0.1405 0.9198 80.7418 0 0
O 1 16330 13515 -0.6450 2.6229 -0.3715 0.2873 0.0150 0.6977 0.8227 72.2163 0 0
O 1 16332 14269 2.8895 0.9202 -0.3714 0.9486 0.0003 0.0511 1.0158 89.1677 0 0
O 1 16347 13110 -0.5705 1.0805 -0.3052 0.9386 0.0004 0.0609 1.8656 163.7614 0 0
O 1 16362 13540 1.9963 1.4072 -0.3054 0.5155 0.0017 0.4828 0.9535 83.6957 0 0
O 1 16380 13067 1.0644 3.6596 0.5190 0.0314 0.6810 0.2875 1.4453 126.8653 0 0
O 1 16382 13609 1.7698 1.1036 -0.2499 0.8236 0.0502 0.1262 1.2645 111.0019 0 0
O 1 16400 13081 1.8130 0.8737 0.5660 0.1994 0.0561 0.7445 0.9118 80.0420 0 0
O 1 16408 13621 -0.3515 1.0129 -0.6753 0.8552 0.0021 0.1426 1.3220 116.0469 0 0
O 1 16417 433 7.9698 0.8484 -0.1392 0.0153 0.7921 0.1926 0.8721 76.5518 1 0
O 1 16449 456 8.7640 7.0571 -0.0826 0.0489 0.3107 0.6404 7.4152 650.9037 1 0
O 1 16460 13640 3.7621 1.2038 -0.0826 0.8754 0.0007 0.1239 0.9405 82.5579 0 0
O 1 16488 14243 -1.5524 1.4915 -0.1442 0.9654 0.0057 0.0289 8.6495 759.2548 0 0
O 1 16502 14250 0.9293 1.6000 0.4315 0.0097 0.7708 0.2194 1.1374 99.8451 0 0
O 1 16507 13592 5.1200 1.8897 0.4316 0.6224 0.0705 0.3070 2.4248 212.8504 0 0
O 1 16517 13610 -1.8058 1.4021 -0.3165 0.0814 0.4921 0.4265 2.7084 237.7401 0 0
O 1 16523 444 7.6036 0.9925 0.0887 0.0357 0.6137 0.3506 0.9990 87.6894 1 0
O 1 16532 14318 2.0816 0.9702 -0.5613 0.7816 0.0039 0.2146 1.6523 145.0410 0 0
O 1 16540 513 6.7386 1.9802 -0.4779 0.6297 0.0085 0.3618 1.7473 153.3790 0 0
O 1 16559 13595 1.9886 45.9906 0.1499 0.9605 0.0288 0.0106 7.3226 642.7791 0 0
O 1 16560 13652 2.5666 1.1604 0.1499 0.0400 0.5906 0.3694 1.0852 95.2579 0 0
O 1 16561 13628 3.2865 1.7097 0.2012 0.0383 0.7336 0.2281 1.1698 102.6825 0 0
O 1 16578 14279 2.2890 3.6734 0.5659 0.8523 0.0620 0.0857 12.8030 1123.8475 0 0
O 1 16586 13108 3.4778 1.0477 0.4843 0.7891 0.0530 0.1579 1.1664 102.3889 0 0
O 1 16595 530 6.3648 0.8469 -0.4618 0.0035 0.7944 0.2021 0.8239 72.3221 1 0
O 1 16616 13680 1.2102 0.8065 0.2658 0.8052 0.0187 0.1761 1.0048 88.2041 0 0
O 1 16624 13112 2.2937 1.0933 0.3634 0.4149 0.1344 0.4507 0.9752 85.5994 0 0
O 1 16631 14262 0.6798 14.4197 0.3767 0.4223 0.0152 0.5625 0.8364 73.4205 0 0
O 1 16643 21 0.9979 0.8886 0.7060 0.8614 0.0012 0.1375 1.0522 92.3628 0 0
O 1 16680 13647 2.2201 3.3296 -0.0826 0.3876 0.1064 0.5060 1.0657 93.5463 0 0
O 1 16681 531 7.9661 2.8733 0.0887 0.0200 0.6854 0.2946 2.9680 260.5298 1 1 195
O 1 16682 13849 3.9883 0.9143 0.4318 0.3366 0.0454 0.6180 0.9754 85.6198 0 0
O 1 16770 13600 -1.1787 1.1921 0.4316 0.9551 0.0266 0.0183 8.8935 780.6735 0 0
O 1 16870 13885 2.2969 1.0137 -0.1955 0.5269 0.0214 0.4517 0.9448 82.9378 0 0
O 1 16897 13196 2.9878 0.8227 -0.4266 0.2565 0.0292 0.7143 0.8209 72.0555 0 0
O 1 16909 13164 1.1351 1.1700 -0.0826 0.0676 0.4229 0.5095 1.1477 100.7426 0 0
O 1 16919 13132 2.3602 0.8071 0.4680 0.2548 0.5939 0.1513 1.1743 103.0842 0 0
O 1 16934 12890 5.6143 1.4338 0.3762 0.8421 0.0017 0.1562 1.6679 146.4052 0 0
O 1 16985 14313 2.9479 1.9502 0.4680 0.5224 0.0190 0.4586 1.4977 131.4716 0 0
O 1 16999 13156 -1.8230 0.8662 -0.4776 0.8509 0.0388 0.1102 2.0652 181.2876 0 0
O 1 17009 12861 1.1596 1.3256 -0.2592 0.9094 0.0318 0.0589 1.2806 112.4127 0 0
O 1 17019 13684 6.6443 0.8793 0.1445 0.0209 0.6991 0.2800 0.8356 73.3518 1 0
O 1 17031 31 7.2863 1.3696 0.3762 0.1499 0.4848 0.3652 1.3666 119.9585 1 0
O 1 17038 523 4.6338 0.9906 0.4171 0.7671 0.0574 0.1755 0.9693 85.0827 1 0
O 1 17083 13902 2.6023 0.9593 -0.6540 0.2625 0.4440 0.2935 0.8463 74.2847 0 0
O 1 17087 13271 0.2828 0.8148 -0.4617 0.8098 0.0215 0.1687 1.3376 117.4173 0 0
O 1 17091 12888 7.6674 1.0859 -0.1955 0.0276 0.6515 0.3209 1.1319 99.3591 1 0
O 1 17094 14319 3.5509 0.8699 0.1445 0.3779 0.0369 0.5852 0.8380 73.5575 0 0
O 1 17096 13856 7.3898 1.2417 0.0919 0.0123 0.7582 0.2295 1.2970 113.8493 1 0
O 1 17104 13914 9.1371 1.3322 0.3764 0.0077 0.7739 0.2185 1.3228 116.1121 1 0
O 1 17124 13204 -0.4835 9.0273 -0.0251 0.5392 0.0383 0.4225 0.9797 86.0004 0 0
O 1 17127 12878 0.6040 0.8092 -0.3054 0.2116 0.2334 0.5550 0.8426 73.9613 0 0
O 1 17144 56 7.9179 4.6948 -0.0826 0.0931 0.4968 0.4101 4.6035 404.0916 1 0
O 1 17150 13870 -0.1728 0.8767 -0.1392 0.5680 0.0141 0.4179 0.8709 76.4507 0 0
O 1 17152 13262 0.7591 1.5359 -0.0251 0.4616 0.0337 0.5047 1.0144 89.0459 0 0
O 1 17162 13264 1.0376 2.7948 0.1499 0.8725 0.0007 0.1267 0.9914 87.0243 0 0
O 1 17168 12852 -1.2796 4.6261 -0.0251 0.9403 0.0165 0.0432 2.1267 186.6846 0 0
O 1 17169 13163 0.1123 2.9424 -0.0251 0.8135 0.0404 0.1462 1.8614 163.3961 0 0
O 1 17174 13199 0.2346 1.4692 0.3634 0.8070 0.0107 0.1823 1.2431 109.1226 0 0
O 1 17177 13251 1.7277 3.4132 0.4838 0.4496 0.0104 0.5400 2.1067 184.9224 1 0
O 1 17195 13301 2.3094 0.9042 0.4681 0.1341 0.0718 0.7941 1.0568 92.7619 0 0
O 1 17197 13238 3.2424 3.7718 0.4678 0.9162 0.0304 0.0533 3.6372 319.2732 0 0
O 1 17229 13943 6.0594 3.3959 0.4681 0.0213 0.6112 0.3675 2.8375 249.0769 1 1 180
O 1 17235 12901 2.6790 3.4383 0.5658 0.6137 0.0240 0.3623 0.9952 87.3595 0 0
O 1 17239 13888 0.8155 1.2052 0.7068 0.8888 0.0028 0.1083 1.2815 112.4862 0 0
O 1 17297 13290 0.4414 1.8811 0.2561 0.8956 0.0254 0.0790 1.0314 90.5321 0 0
O 1 17353 13279 7.1601 1.2434 -0.3588 0.2612 0.0686 0.6702 1.2069 105.9420 1 0
O 1 17356 13981 -0.0131 1.3291 -0.0261 0.9418 0.0000 0.0582 1.0313 90.5262 0 0
O 1 17379 13270 1.3271 1.0021 0.3767 0.0910 0.0817 0.8273 0.8216 72.1176 0 0
O 1 17381 13278 -0.4927 0.9925 0.3227 0.4429 0.0338 0.5233 0.8955 78.6027 0 0
O 1 17384 12887 -0.7597 0.8085 0.2658 0.8234 0.0021 0.1745 0.9901 86.9101 0 0
O 1 17414 130 8.8497 1.1082 -0.3587 0.0374 0.7407 0.2219 1.1051 97.0087 1 0
O 1 17422 13346 0.0721 0.9210 -0.4117 0.6609 0.0114 0.3277 1.2258 107.6001 0 0
O 1 17437 12951 1.8039 1.1788 -0.4117 0.8349 0.0026 0.1626 0.9529 83.6492 0 0
O 1 17525 13966 4.1469 1.3262 -0.4267 0.9328 0.0022 0.0650 0.9456 83.0025 0 0
O 1 17569 12905 1.8876 0.8925 -0.3586 0.6159 0.0368 0.3473 1.4053 123.3608 0 0
O 1 17600 13998 -0.7387 1.5947 -0.4780 0.2277 0.0196 0.7527 0.9232 81.0409 0 0
O 1 17625 13304 1.7266 3.0054 -0.5804 0.8855 0.0097 0.1048 3.8134 334.7374 0 0
O 1 17650 13350 1.1537 1.7087 -0.5804 0.2138 0.1440 0.6422 7.7257 678.1656 0 0
O 1 17674 13349 5.4391 1.9541 -0.4620 0.3783 0.0106 0.6111 1.8390 161.4291 0 0
O 1 17715 14034 1.1498 1.9861 -0.1392 0.8172 0.0025 0.1804 1.7814 156.3701 0 0
O 1 17722 13366 0.9562 0.8829 0.3227 0.6012 0.0100 0.3888 0.8093 71.0389 0 0
O 1 17823 12910 2.8029 0.9272 -0.4121 0.9809 0.0110 0.0081 126.6357 11116.0820 0 0
O 1 17824 13971 2.6513 1.0387 -0.4117 0.9474 0.0011 0.0515 1.6166 141.9035 0 0
O 1 17864 13364 2.2379 1.0685 -0.1957 0.7956 0.0357 0.1686 0.9679 84.9622 0 0
O 1 17891 13402 0.2089 1.0123 -0.1955 0.9458 0.0012 0.0530 0.9288 81.5319 0 0
O 1 17949 13333 1.9505 1.6396 -0.2029 0.9556 0.0089 0.0354 2.5459 223.4761 0 0
O 1 18009 114 5.8824 0.8615 0.2013 0.0167 0.7803 0.2030 0.8352 73.3168 1 0
O 1 18053 195 -0.3957 0.9820 0.6605 0.5607 0.0103 0.4290 1.7966 157.7045 0 0
O 1 18055 134 6.9573 1.0811 0.6146 0.5106 0.2555 0.2339 1.0205 89.5759 0 0
O 1 18087 13287 1.3865 0.9740 -0.4265 0.9225 0.0007 0.0768 1.3046 114.5184 0 0
O 1 18092 147 10.3178 1.2349 -0.3716 0.0113 0.7214 0.2674 1.2578 110.4083 1 0
O 1 18095 12953 3.2395 1.7192 -0.4615 0.5993 0.0224 0.3784 0.8733 76.6566 0 0
O 1 18100 13377 4.1751 0.9689 -0.4121 0.2902 0.0160 0.6939 0.8074 70.8730 0 0
O 1 18246 12970 2.9932 1.0084 -0.7230 0.8310 0.0609 0.1081 0.8875 77.9010 0 0
O 1 18253 186 7.2349 20.4107 -0.5304 0.0717 0.1377 0.7906 18.6067 1633.2928 1 1 43
O 1 18267 14029 8.8371 1.1312 0.3766 0.0131 0.6826 0.3043 1.1239 98.6521 1 0
O 1 18282 14074 0.6168 0.9917 -0.4120 0.1471 0.0841 0.7688 1.0180 89.3580 0 0
O 1 18283 13342 0.5333 1.8275 -0.3166 0.7001 0.0010 0.2989 1.7113 150.2203 0 0
O 1 18286 13995 0.7647 0.8088 -0.1444 0.8890 0.0008 0.1102 1.2181 106.9206 0 0
O 1 18295 13332 -1.4003 1.2849 -0.0261 0.9422 0.0367 0.0212 6.1730 541.8698 0 0
O 1 18299 13403 0.5070 0.8126 0.3765 0.8677 0.0385 0.0938 2.5290 221.9992 0 0
O 1 18300 13341 0.7419 1.2051 0.5361 0.8197 0.0097 0.1706 1.1378 99.8799 0 0
O 1 18303 14066 2.6529 2.1076 0.5853 0.8383 0.0037 0.1580 1.0068 88.3768 0 0
O 1 18344 13388 2.3523 0.9970 -0.5132 0.3803 0.1831 0.4365 1.1219 98.4765 0 0
O 1 18346 13396 4.6458 1.1923 -0.2500 0.4374 0.1244 0.4382 1.2316 108.1094 0 0
O 1 18367 13387 5.1569 2.8562 -0.4780 0.9390 0.0320 0.0290 7.4281 652.0401 0 0
O 1 18369 12987 4.8099 2.0334 -0.3054 0.8128 0.0236 0.1635 1.7422 152.9317 1 1 16
O 1 18370 14067 9.8894 2.2281 -0.2500 0.0651 0.7052 0.2297 2.2352 196.2080 1 1 16
O 1 18377 14087 4.7716 1.7756 0.3225 0.0238 0.4325 0.5437 0.8962 78.6694 0 0
O 1 18381 13418 3.2624 0.9875 0.3115 0.9290 0.0153 0.0557 1.3009 114.1947 0 0
O 1 18383 12999 2.2093 2.3233 0.5187 0.7494 0.0570 0.1936 2.3625 207.3822 0 0
O 1 18405 13002 1.4178 2.3507 -1.0338 0.8820 0.0668 0.0512 11.1997 983.1084 0 0
O 1 18416 14109 2.8375 1.0831 0.7742 0.8742 0.0170 0.1087 1.3522 118.6979 0 0
O 1 18478 12989 1.1403 3.7335 0.6516 0.1381 0.0828 0.7791 1.4393 126.3419 0 0
O 1 18481 324 2.5620 0.8273 0.6879 0.8314 0.0233 0.1453 1.0722 94.1194 1 1 215
O 1 18482 14120 1.3615 5.9374 0.8850 0.2937 0.1649 0.5414 1.2348 108.3928 0 0
O 1 18489 273 3.6271 0.8151 -0.1610 0.0307 0.5442 0.4251 0.8197 71.9565 1 0
O 1 18530 14171 2.1641 1.1428 0.5539 0.4484 0.0189 0.5327 1.5182 133.2684 0 0
O 1 18639 13014 -0.1911 0.9289 -0.0678 0.7172 0.0291 0.2537 1.0099 88.6472 0 0
O 1 18643 14151 4.3602 2.1150 0.1152 0.2502 0.0392 0.7106 1.8999 166.7707 0 0
O 1 18644 13437 2.3205 4.6969 0.1152 0.8344 0.0444 0.1212 3.0628 268.8562 0 0
O 1 18663 13489 -0.6280 0.8942 0.2570 0.7926 0.0324 0.1749 1.1259 98.8341 0 0
O 1 18675 13471 5.4865 1.5960 0.9379 0.2618 0.2582 0.4801 1.6420 144.1310 1 0
O 1 18687 14196 0.6853 1.5785 -1.0430 0.8646 0.0008 0.1346 0.8608 75.5576 0 0
O 1 18699 13023 0.3449 2.0576 -1.0992 0.7425 0.1240 0.1335 1.3541 118.8596 0 0
O 1 18701 14191 1.4663 1.1578 -0.6485 0.3821 0.0126 0.6053 1.8132 159.1594 0 0
O 1 18747 385 0.9831 0.8177 0.0259 0.0134 0.5381 0.4484 1.1723 102.9017 0 0
O 1 18767 14081 -0.5622 1.0983 0.5539 0.8432 0.0043 0.1525 1.0681 93.7546 0 0
O 1 18781 13038 4.8481 1.1409 0.9060 0.1450 0.2423 0.6127 0.9928 87.1464 0 0
O 1 18782 14178 0.7325 0.8997 0.8566 0.2503 0.0865 0.6633 0.9622 84.4628 0 0
O 1 18784 341 0.3007 0.9817 1.2104 0.2454 0.0205 0.7341 0.9154 80.3497 0 0
O 1 18788 13021 0.8810 6.7154 -0.8506 0.7418 0.0500 0.2083 2.1084 185.0780 0 0
O 1 18829 14090 2.3369 0.9042 0.4590 0.9405 0.0001 0.0595 0.8557 75.1121 0 0
O 1 18852 12996 2.6592 0.8089 0.4590 0.8071 0.0092 0.1837 1.2841 112.7220 0 0
O 1 18856 13019 2.7024 1.6563 0.7242 0.0928 0.6180 0.2891 2.9814 261.7077 0 0
O 1 18869 14532 3.6831 2.4054 1.3180 0.1792 0.5285 0.2924 27.1236 2380.9128 0 0
O 1 18872 13819 -0.6842 1.1942 -1.2182 0.3149 0.4169 0.2682 21.7035 1905.1381 0 0
O 1 18873 13462 -0.3684 1.7677 -1.2181 0.1723 0.5297 0.2979 44.0848 3869.7629 0 0
O 1 18882 14129 2.3843 1.1433 -0.3410 0.0261 0.4528 0.5210 1.8565 162.9655 0 0
O 1 18886 14132 0.5154 1.3692 0.4201 0.7416 0.0037 0.2547 0.8350 73.2959 0 0
O 1 18889 14182 1.5433 15.0427 0.3354 0.0806 0.5754 0.3440 3.7987 333.4520 0 0
O 1 18911 14158 2.4982 1.0714 0.8565 0.6336 0.0028 0.3637 0.8151 71.5505 0 0
O 1 18915 14223 -0.4288 1.2229 -0.2966 0.4335 0.1046 0.4619 2.0605 180.8674 0 0
O 1 18916 13062 5.8660 0.8722 -0.1111 0.0072 0.8014 0.1914 0.8884 77.9853 1 0
O 1 18918 13061 5.8576 0.8653 -0.1111 0.0101 0.7543 0.2356 0.8871 77.8680 1 0
O 1 18938 14083 0.5923 0.8644 0.0259 0.1734 0.0235 0.8031 0.8753 76.8331 0 0
O 1 18940 13504 1.0946 2.1055 0.6136 0.7772 0.0007 0.2221 0.9447 82.9257 0 0
O 1 18949 14666 -2.7150 0.8946 -1.4054 0.4237 0.0677 0.5087 0.2363 20.7395 0 0
O 1 18965 14146 1.8175 15.6928 -0.6981 0.8502 0.0227 0.1270 1.4472 127.0322 0 0
O 1 18974 14140 -0.7703 0.8722 -0.3725 0.9428 0.0003 0.0569 0.8699 76.3637 0 0
O 1 18989 13454 0.5667 2.6557 0.7744 0.3072 0.2159 0.4769 1.3284 116.6105 0 0
O 1 18991 14186 0.7997 1.3729 0.9055 0.2560 0.5633 0.1806 1.0046 88.1820 0 0
O 1 18994 13771 -0.5047 0.8150 1.0994 0.8221 0.0189 0.1589 3.1397 275.6040 0 0
O 1 19031 411 2.4697 1.1920 -0.8821 0.3564 0.0469 0.5967 1.0575 92.8238 0 0
O 1 19060 13509 5.8872 0.8460 -1.0722 0.0115 0.6556 0.3329 0.8912 78.2260 0 0
O 1 19065 13500 -0.6629 1.1088 -0.7865 0.6525 0.0025 0.3450 1.0320 90.5892 0 0
O 1 19069 13596 1.2476 0.9454 -0.1144 0.0073 0.6805 0.3123 3.1766 278.8391 0 0
O 1 19072 13069 -0.9587 2.2558 -0.0678 0.9629 0.0013 0.0358 1.3247 116.2788 0 0
O 1 19077 13562 2.5333 2.7373 0.2052 0.6006 0.0045 0.3949 0.8344 73.2406 0 0
O 1 19084 14297 0.0154 1.1003 0.9379 0.7825 0.1106 0.1068 1.2399 108.8383 0 0
O 1 19091 14216 2.5516 1.5398 0.8565 0.5876 0.0299 0.3825 0.9094 79.8281 0 0
O 1 19110 14700 0.4534 2.7419 -1.2186 0.8311 0.0105 0.1584 0.9438 82.8504 0 0
O 1 19118 13097 1.3501 3.0315 -0.8821 0.8463 0.0016 0.1521 1.1837 103.9049 0 0
O 1 19121 14161 2.6489 2.8992 -0.8504 0.0426 0.2658 0.6916 0.9734 85.4489 0 0
O 1 19156 13130 1.8568 0.8772 0.8429 0.7767 0.0004 0.2230 0.8164 71.6621 0 0
O 1 19163 13542 1.1903 4.1530 0.8565 0.8642 0.0059 0.1299 3.7078 325.4695 0 0
O 1 19210 13631 1.4090 1.0158 0.8845 0.8612 0.0001 0.1387 0.9610 84.3545 0 0
O 1 19240 485 1.1763 0.8196 -0.9140 0.8341 0.1075 0.0584 24.0302 2109.3696 0 0
O 1 19257 13521 0.7247 13.3956 0.8099 0.6029 0.0001 0.3971 0.8400 73.7355 0 0
O 1 19264 14267 1.8189 0.8318 1.2106 0.0571 0.4078 0.5351 0.6999 61.4349 0 0
O 1 19274 13626 -0.5970 2.1757 -0.7173 0.8706 0.0004 0.1290 0.8072 70.8585 0 0
O 1 19297 14388 0.8622 19.6287 -1.3180 0.6463 0.0662 0.2875 0.7312 64.1816 0 0
O 1 19299 13058 1.4529 1.1100 -1.2106 0.7847 0.0021 0.2132 0.7764 68.1525 0 0
O 1 19310 13624 1.2435 1.5697 -0.7173 0.8054 0.0020 0.1926 2.0436 179.3843 0 0
O 1 19314 14265 0.9013 0.8320 -0.1610 0.8346 0.0162 0.1493 1.1884 104.3174 1 0
O 1 19319 13487 -0.9160 0.8776 1.1777 0.0794 0.1825 0.7381 1.3559 119.0245 0 0
O 1 19369 13079 3.1543 1.0834 0.4200 0.2571 0.0855 0.6574 1.6794 147.4215 0 0
O 1 19389 13598 3.1314 1.6797 -0.7866 0.4174 0.1250 0.4576 1.1151 97.8855 0 0
O 1 19393 14286 4.9970 0.9447 -0.6807 0.4062 0.0298 0.5641 0.8588 75.3819 0 0
O 1 19397 452 7.6952 1.1132 -0.5476 0.6047 0.0931 0.3023 1.2042 105.7004 0 0
O 1 19409 425 2.0083 1.0922 -0.4967 0.6887 0.0437 0.2676 1.5232 133.7074 0 0
O 1 19414 13612 0.0434 1.2198 -0.3413 0.5196 0.0808 0.3996 1.1400 100.0733 0 0
O 1 19432 13165 0.2608 1.6474 0.7054 0.8339 0.0459 0.1202 1.6419 144.1263 0 0
O 1 19433 13644 5.0059 0.9956 0.9168 0.0057 0.7671 0.2272 0.9422 82.7103 1 0
O 1 19438 13158 -0.4118 0.9007 -1.1779 0.8016 0.0003 0.1981 2.2568 198.1017 0 0
O 1 19443 14271 1.0058 1.5379 -0.8503 0.8900 0.0054 0.1046 1.2224 107.3027 0 0
O 1 19444 14268 1.2072 2.1666 -0.8169 0.4277 0.1929 0.3794 2.0963 184.0145 0 0
O 1 19447 13127 1.3928 2.7531 -0.8169 0.4535 0.0043 0.5422 1.0520 92.3459 0 0
O 1 19453 14304 1.6780 0.9376 -0.4264 0.3091 0.0019 0.6890 0.9387 82.4035 0 0
O 1 19455 13141 0.8980 0.9733 -0.4148 0.6186 0.0014 0.3800 1.1382 99.9073 0 0
O 1 19470 13150 1.4974 0.8371 0.2112 0.0853 0.6616 0.2531 1.0896 95.6468 0 0
O 1 19473 13099 1.5074 3.5346 0.1187 0.0151 0.5641 0.4208 1.0692 93.8519 0 0
O 1 19485 13100 0.1977 2.0824 0.5941 0.3901 0.0070 0.6029 0.9512 83.4937 0 0
O 1 19508 14320 0.9623 1.0498 0.8850 0.3926 0.0184 0.5890 1.2422 109.0383 0 0
O 1 19515 13185 0.0219 1.0150 0.9377 0.9406 0.0324 0.0270 7.4019 649.7388 0 0
O 1 19519 13084 0.4117 1.0779 0.7744 0.8440 0.0002 0.1558 0.8854 77.7220 0 0
O 1 19525 13568 0.1399 0.7997 0.8432 0.8014 0.0025 0.1961 0.9180 80.5844 0 0
O 1 19532 13898 -0.5467 1.1140 0.8432 0.8259 0.0436 0.1305 1.8166 159.4592 0 0
O 1 19537 14298 1.0831 1.1134 0.8230 0.4571 0.0025 0.5404 1.2055 105.8195 0 0
O 1 19538 13142 1.4228 1.3022 0.8850 0.6431 0.0256 0.3312 1.3171 115.6176 0 0
O 1 19546 13072 0.8214 0.9996 0.9378 0.8810 0.0001 0.1189 0.9677 84.9458 0 0
O 1 19551 13776 -0.6202 16.6666 1.2440 0.2858 0.3524 0.3618 3.8588 338.7248 0 0
O 1 19555 14358 2.2759 1.1007 1.2438 0.2824 0.4063 0.3113 2.0330 178.4587 0 0
O 1 19585 13162 1.4159 1.1478 -0.5476 0.7771 0.0002 0.2227 1.0237 89.8628 0 0
O 1 19609 13140 1.9344 0.9640 -0.4148 0.8294 0.0004 0.1703 0.8130 71.3687 0 0
O 1 19612 14322 1.8820 0.8081 -0.5101 0.1590 0.0802 0.7608 0.9908 86.9749 0 0
O 1 19619 14305 2.7248 0.9361 -0.5101 0.6965 0.0667 0.2367 0.9786 85.8985 1 0
O 1 19624 14309 3.9739 0.9124 0.4591 0.2525 0.0735 0.6740 1.0590 92.9630 0 0
O 1 19644 14285 4.1802 0.9130 0.7422 0.9040 0.0177 0.0783 1.0172 89.2870 0 0
O 1 19663 526 3.3491 0.8557 0.8095 0.3361 0.0759 0.5880 0.8508 74.6859 0 0
O 1 19670 13777 2.0116 1.5621 0.9378 0.8823 0.0003 0.1174 0.8517 74.7624 0 0
O 1 19732 13632 1.1302 1.5338 0.0729 0.7930 0.0918 0.1151 2.2649 198.8165 0 0
O 1 19734 13585 0.5769 2.0467 0.2052 0.9208 0.0031 0.0761 1.5384 135.0439 0 0
O 1 19740 14256 1.4708 1.0482 0.7240 0.8516 0.0202 0.1281 0.9657 84.7669 0 0
O 1 19742 13135 2.1708 1.9620 0.7424 0.3868 0.0271 0.5861 0.9964 87.4620 0 0
O 1 19777 13597 -0.8032 1.3296 -1.0339 0.8408 0.0026 0.1565 1.3539 118.8463 0 0
O 1 19778 47 0.9966 0.8556 -1.0429 0.8735 0.0004 0.1261 1.1625 102.0475 0 0
O 1 19794 13873 0.6727 1.5385 -0.2445 0.8665 0.0002 0.1333 0.9044 79.3910 0 0
O 1 19884 13913 0.0706 0.8226 0.5538 0.8966 0.0007 0.1027 1.1629 102.0833 0 0
O 1 19888 13120 3.4185 4.5826 0.4591 0.9153 0.0211 0.0637 2.4518 215.2162 0 0
O 1 19905 13675 4.6714 2.0344 0.5940 0.0952 0.3132 0.5915 2.4767 217.4014 0 0
O 1 19919 13863 3.5827 1.2614 -1.0429 0.4060 0.0094 0.5846 1.1397 100.0469 0 0
O 1 19939 14302 1.2768 2.1091 -0.8171 0.3157 0.1527 0.5316 1.3147 115.4001 0 0
O 1 19948 12897 0.4310 0.8565 -0.5328 0.8081 0.0000 0.1918 0.9655 84.7537 0 0
O 1 19949 13136 3.2694 1.5358 -0.5728 0.6969 0.0798 0.2233 0.8350 73.2942 0 0
O 1 19973 13124 7.6639 1.0371 0.8096 0.0158 0.6720 0.3122 1.0632 93.3267 1 0
O 1 19982 14300 3.2116 1.3979 -0.7868 0.6685 0.0562 0.2753 1.3921 122.1973 0 0
O 1 19995 13222 -1.7264 1.4776 -0.0658 0.6326 0.0576 0.3099 2.4937 218.8932 0 0
O 1 20027 13190 0.6197 1.0893 -0.8371 0.3731 0.1422 0.4846 1.3985 122.7578 0 0
O 1 20030 13616 -0.4315 1.0556 -0.4151 0.7960 0.0035 0.2005 0.8233 72.2684 0 0
O 1 20039 13293 -1.7067 0.9325 -0.3830 0.8492 0.0038 0.1470 1.5730 138.0783 0 0
O 1 20042 13853 -1.3110 1.9760 -0.4151 0.9299 0.0326 0.0376 6.7791 595.0660 0 0
O 1 20043 14276 1.5711 0.9153 -0.4151 0.0086 0.6948 0.2966 1.5619 137.0993 0 0
O 1 20047 13636 1.3042 1.1943 0.0708 0.5799 0.0025 0.4176 2.6748 234.7916 0 0
O 1 20054 510 6.0405 0.9529 0.2568 0.0279 0.6798 0.2923 0.9653 84.7308 1 0
O 1 20068 13915 1.6827 1.2632 0.3779 0.2168 0.5268 0.2565 2.2359 196.2677 0 0
O 1 20077 13207 2.0859 1.2199 1.0333 0.2831 0.3920 0.3249 1.1402 100.0908 0 0
O 1 20078 429 1.8368 0.8171 1.0333 0.0455 0.5115 0.4430 1.2477 109.5218 0 0
O 1 20115 13845 1.8234 2.5537 -1.2353 0.3609 0.0066 0.6324 0.8117 71.2541 0 0
O 1 20122 13146 -0.9748 0.9944 -1.0717 0.7102 0.1898 0.1000 16.3249 1433.0015 0 0
O 1 20125 13950 1.2281 1.5709 -0.9350 0.0116 0.6276 0.3608 2.3137 203.0943 0 0
O 1 20128 12869 3.3970 0.9340 -0.7176 0.8943 0.0150 0.0906 1.0260 90.0645 0 0
O 1 20131 13149 2.8998 1.7873 0.0707 0.8116 0.0003 0.1880 0.9141 80.2436 1 0
O 1 20133 13227 7.8945 0.9084 0.0259 0.0138 0.5959 0.3903 0.9083 79.7331 1 0
O 1 20136 13909 0.5475 0.9448 -0.0658 0.6399 0.0595 0.3006 1.5405 135.2285 0 0
O 1 20146 43 4.2294 0.8633 0.1654 0.7345 0.0477 0.2178 1.3480 118.3317 0 0
O 1 20178 13688 4.9911 1.8272 1.2107 0.0656 0.3575 0.5769 0.9834 86.3254 1 0
O 1 20179 13686 4.3606 1.8315 1.2105 0.7715 0.1039 0.1245 2.3564 206.8483 1 0
O 1 20190 13220 0.6592 0.9432 -0.7709 0.1811 0.0173 0.8015 0.8783 77.0956 0 0
O 1 20192 13887 2.4982 1.6327 -0.1998 0.6741 0.0800 0.2459 1.7035 149.5375 0 0
O 1 20198 520 2.0058 0.8780 1.0428 0.2892 0.0875 0.6233 1.0038 88.1131 0 0
O 1 20210 13883 1.4549 1.9368 -1.2361 0.0358 0.4998 0.4644 1.1098 97.4177 0 0
O 1 20216 13983 2.5043 1.0885 -0.4682 0.9785 0.0129 0.0086 5.6287 494.0887 0 0
O 1 20231 13871 1.0587 0.8418 0.3451 0.5668 0.0817 0.3515 1.0160 89.1832 0 0
O 1 20235 13214 0.3709 2.2056 -1.0815 0.0201 0.3068 0.6731 0.9149 80.3135 0 0
O 1 20244 13235 1.8173 1.5376 -0.5104 0.0100 0.5975 0.3925 0.8482 74.4540 0 0
O 1 20263 13244 0.9844 1.2980 0.2052 0.9307 0.0004 0.0689 0.8559 75.1272 0 0
O 1 20299 13872 4.0520 0.9896 -0.8061 0.3038 0.0406 0.6557 0.8717 76.5170 0 0
O 1 20375 13679 -0.2510 1.1448 -0.0658 0.7818 0.0088 0.2094 1.5153 133.0162 0 0
O 1 20386 13918 1.7478 6.2597 0.2497 0.9257 0.0539 0.0204 1442.5275 126625.1016 0 0
O 1 20394 13904 5.9762 1.4228 0.4717 0.0080 0.7016 0.2904 1.3666 119.9602 1 0
O 1 20467 13336 0.6639 0.8621 0.5138 0.9172 0.0310 0.0518 5.5004 482.8245 0 0
O 1 20560 13242 1.9744 2.1302 0.8850 0.7724 0.0860 0.1416 2.2715 199.3944 0 0
O 1 20593 14316 0.2822 1.4095 1.0428 0.8888 0.0116 0.0997 0.9563 83.9462 0 0
O 1 20599 13116 -0.7949 0.8389 1.0428 0.4135 0.0184 0.5680 0.9783 85.8714 0 0
O 1 20610 14339 2.4908 3.9156 1.2361 0.6503 0.2103 0.1394 53.6246 4707.1729 0 0
O 1 20644 13932 1.8710 1.9263 -0.6649 0.7982 0.0610 0.1408 2.0975 184.1156 0 0
O 1 20646 13874 0.5857 1.0220 -0.2517 0.7436 0.0714 0.1850 2.8781 252.6393 0 0
O 1 20662 13986 3.0689 1.2291 0.4716 0.6790 0.0014 0.3197 0.9733 85.4378 0 0
O 1 20693 13973 4.2006 0.9971 0.5941 0.0413 0.3317 0.6269 1.2704 111.5144 0 0
O 1 20698 13875 0.6319 1.5295 0.5138 0.8374 0.0008 0.1617 0.9828 86.2713 0 0
O 1 20710 13327 1.0099 0.9973 -1.0337 0.1518 0.4891 0.3591 2.5311 222.1811 0 0
O 1 20713 12917 0.9141 1.1710 -0.7704 0.5384 0.0092 0.4524 1.0911 95.7760 0 0
O 1 20721 13894 2.4288 2.0558 0.2497 0.9147 0.0016 0.0837 1.6352 143.5344 0 0
O 1 20735 13878 0.8113 1.2656 0.2052 0.8817 0.0061 0.1122 2.9921 262.6507 0 0
O 1 20757 13978 3.7619 1.3843 0.7741 0.7404 0.0127 0.2469 1.0852 95.2612 1 0
O 1 20760 13975 7.2517 1.3728 0.7741 0.1197 0.2419 0.6384 1.5150 132.9860 1 0
O 1 20772 14444 1.5050 0.8669 1.2188 0.0745 0.5102 0.4153 0.6242 54.7933 0 0
O 1 20786 13291 0.9563 2.7221 -0.8368 0.9138 0.0388 0.0475 7.0613 619.8401 0 0
O 1 20788 13955 2.3598 1.5727 0.4200 0.0609 0.1519 0.7872 1.0283 90.2666 0 0
O 1 20894 12877 2.6524 0.8478 0.9168 0.3520 0.0196 0.6284 0.8310 72.9458 0 0
O 1 20917 13335 1.3177 0.8125 -0.3724 0.9734 0.0187 0.0078 19.5865 1719.3011 0 0
O 1 20935 59 2.9496 1.4618 1.0988 0.0438 0.1478 0.8084 5.2865 464.0504 0 0
O 1 20938 28 1.7172 0.8484 -1.1698 0.8727 0.0012 0.1261 2.0286 178.0718 0 0
O 1 21021 13300 1.0021 1.1221 -0.3830 0.7893 0.0390 0.1718 1.5400 135.1831 0 0
O 1 21039 13277 0.2145 0.9564 -0.1999 0.8927 0.0001 0.1072 0.8850 77.6868 0 0
O 1 21055 14019 1.5744 1.9373 0.2111 0.7903 0.0038 0.2059 0.8115 71.2313 0 0
O 1 21066 13318 -0.1698 1.4112 0.6684 0.4615 0.0014 0.5371 1.1972 105.0913 0 0
O 1 21246 13693 1.6203 1.0106 1.2442 0.7016 0.0002 0.2982 1.0525 92.3919 0 0
O 1 21259 14073 -0.4557 1.4474 -0.9029 0.5918 0.1350 0.2732 1.2719 111.6517 0 0
O 1 21293 14054 2.0997 1.0850 -0.5878 0.2023 0.4360 0.3617 290.0949 25464.5371 0 0
O 1 21305 14072 2.8612 0.7985 -0.5331 0.6065 0.0004 0.3931 0.8162 71.6482 0 0
O 1 21310 90 8.2922 0.8531 -0.2056 0.0043 0.7722 0.2235 0.8687 76.2545 1 0
O 1 21327 12952 4.9827 0.9296 0.3354 0.3532 0.1173 0.5294 0.9911 86.9995 0 0
O 1 21340 13381 0.7382 4.2872 0.5001 0.0953 0.0965 0.8081 0.8482 74.4578 0 0
O 1 21343 14010 1.4164 1.4933 1.0424 0.0818 0.3106 0.6076 1.1023 96.7586 0 0
O 1 21361 13415 2.6600 1.0546 -0.9353 0.8897 0.0020 0.1084 1.0073 88.4220 0 0
O 1 21367 13931 -0.7679 1.3663 -0.5878 0.8686 0.0212 0.1102 1.4619 128.3293 0 0
O 1 21429 206 6.0189 0.9171 0.8565 0.4827 0.0109 0.5064 0.8636 75.8062 0 0
O 1 21458 13935 1.1144 0.9247 -0.8711 0.8803 0.0042 0.1156 3.6789 322.9330 0 0
O 1 21469 12926 1.3369 3.7625 -0.4686 0.2578 0.0207 0.7215 0.9196 80.7247 0 0
O 1 21474 187 7.2455 1.0397 -0.4682 0.0041 0.7283 0.2677 1.0005 87.8278 1 0
O 1 21562 13345 0.1549 1.9597 0.6297 0.5605 0.0022 0.4373 1.0491 92.0860 0 0
O 1 21573 14005 -0.1605 8.9257 1.0424 0.3887 0.0028 0.6085 1.0742 94.2962 0 0
O 1 21577 14485 0.6703 1.2676 1.2442 0.8486 0.0027 0.1487 2.3627 207.3962 0 0
O 1 21588 13697 0.1072 1.1034 1.1778 0.5645 0.0133 0.4222 1.0198 89.5183 0 0
O 1 21605 13422 0.5597 0.8570 -1.1698 0.5525 0.0018 0.4457 0.9515 83.5201 0 0
O 1 21690 14008 1.7614 0.9710 0.7423 0.3726 0.1845 0.4429 0.8789 77.1517 0 0
O 1 21707 13340 2.4346 2.5642 -1.1695 0.1298 0.4989 0.3714 2.2774 199.9101 0 0
O 1 21711 13797 0.7966 0.9078 -1.1085 0.0812 0.4925 0.4263 0.8281 72.6926 0 0
O 1 21713 13421 0.7244 2.0540 -1.1085 0.1400 0.4943 0.3658 0.8914 78.2489 0 0
O 1 21728 14015 0.0569 1.5823 0.3779 0.9345 0.0141 0.0514 6.3354 556.1173 0 0
O 1 21736 293 0.7189 1.4339 1.0724 0.0131 0.5986 0.3883 0.9193 80.6929 0 0
O 1 21759 14035 5.3919 2.1202 -0.6106 0.2550 0.0481 0.6969 2.5798 226.4512 0 0
O 1 21761 230 4.0810 1.5874 -0.4151 0.5943 0.0911 0.3146 1.5903 139.6003 0 0
O 1 21770 14047 3.9832 5.0506 -0.5476 0.2718 0.0267 0.7015 6.2263 546.5437 0 0
O 1 21781 14036 2.9853 1.3765 0.3883 0.9779 0.0142 0.0080 13.4441 1180.1218 0 0
O 1 21794 12939 2.4032 0.9323 -1.2361 0.0281 0.4242 0.5478 1.0283 90.2660 0 0
O 1 21796 13355 2.4035 1.1020 -0.6808 0.8144 0.0432 0.1424 1.1063 97.1104 0 0
O 1 21837 13405 0.4918 1.2008 0.4202 0.0135 0.7691 0.2174 1.4597 128.1349 0 0
O 1 21863 13370 -0.0536 1.0358 0.5539 0.2671 0.0494 0.6835 0.8456 74.2265 0 0
O 1 21875 13379 4.1707 2.7455 -0.8063 0.3731 0.0186 0.6084 0.8460 74.2630 0 0
O 1 21946 12982 -0.2252 2.8580 0.6519 0.7151 0.0003 0.2846 1.0292 90.3401 0 0
O 1 21994 13009 -1.0674 1.2393 -0.2883 0.8791 0.0002 0.1207 1.3251 116.3167 0 0
O 1 22010 14107 0.5689 0.8478 -0.8821 0.7596 0.0690 0.1715 2.3956 210.2830 0 0
O 1 22072 13440 1.0834 3.8832 0.3354 0.7839 0.0093 0.2067 1.6405 144.0029 0 0
O 1 22076 13384 1.5998 6.6752 0.3449 0.0509 0.6327 0.3163 1.6083 141.1770 0 0
O 1 22079 13392 1.0741 0.8958 0.3779 0.8824 0.0191 0.0984 1.0041 88.1432 0 0
O 1 22083 13015 1.3553 0.9850 0.9053 0.6250 0.0016 0.3734 0.8926 78.3532 0 0
O 1 22093 13020 3.1059 0.9101 1.2189 0.3315 0.0041 0.6643 2.0514 180.0728 0 0
O 1 22096 256 7.6265 3.2215 1.2440 0.0624 0.6734 0.2642 2.2385 196.4991 1 0
O 1 22189 242 11.1335 1.7661 -0.5476 0.1553 0.1133 0.7314 1.7443 153.1127 0 0
O 1 22236 13374 1.8895 1.1012 -0.4560 0.9234 0.0009 0.0758 0.8167 71.6901 0 0
O 1 22242 14105 1.4689 1.2316 0.3885 0.0077 0.7464 0.2459 1.1420 100.2465 0 0
O 1 22268 14128 2.5368 0.9948 0.7052 0.7903 0.0355 0.1742 1.2833 112.6493 0 0
L 1 3664 28 0.8484 -1.2435 1 0
L 1 3791 28 0.8484 -1.2435 1 0
L 1 7038 43 0.8633 0.2104 1 0
L 1 11649 43 0.8633 0.1797 1 0
L 1 11650 43 0.8633 0.1881 1 0
L 1 7080 61 3.3686 -0.0656 1 0
L 1 7177 67 0.9740 0.6843 1 0
L 1 7178 67 0.9740 0.6930 1 0
L 1 7181 67 0.9740 0.6843 1 0
L 1 7182 67 0.9740 0.6930 1 0
L 1 8757 67 0.9740 0.7167 1 0
L 1 8758 67 0.9740 0.7167 1 0
L 1 8759 67 0.9740 0.7167 1 0
L 1 8760 67 0.9740 0.7167 1 0
L 1 11920 67 0.9740 0.7167 1 0
L 1 11921 67 0.9740 0.7167 1 0
L 1 4416 78 0.8067 0.9129 1 0
L 1 4506 78 0.8067 0.9129 1 0
L 1 7162 84 1.0212 0.5435 1 0
L 1 7164 84 1.0212 0.5435 1 0
L 1 7166 84 1.0212 0.5435 1 0
L 1 7263 84 1.0212 0.5435 1 0
L 1 7265 84 1.0212 0.5435 1 0
L 1 11898 84 1.0212 0.5125 0 0
L 1 11899 84 1.0212 0.5125 0 0
L 1 12044 96 0.8826 0.5127 1 0
L 1 12045 96 0.8826 0.5127 1 0
L 1 12046 96 0.8826 0.5127 1 0
L 1 12047 96 0.8826 0.5127 1 0
L 1 12048 96 0.8826 0.5127 1 0
L 1 12049 96 0.8826 0.5127 1 0
L 1 12050 96 0.8826 0.5127 1 0
L 1 12051 96 0.8826 0.5127 1 0
L 1 4158 104 1.1241 -0.8024 1 0
L 1 4153 105 0.8129 -0.6153 1 0
L 1 4154 105 0.8129 -0.6189 1 0
L 1 4156 105 0.8129 -0.6153 1 0
L 1 4157 105 0.8129 -0.6189 1 0
L 1 4026 104 1.1241 -0.8024 1 0
L 1 7184 105 0.8129 -0.6153 1 0
L 1 7185 105 0.8129 -0.6189 1 0
L 1 11772 105 0.8129 -0.6266 1 0
L 1 11773 105 0.8129 -0.6266 1 0
L 1 11774 105 0.8129 -0.6266 1 0
L 1 8623 104 1.1241 -0.8211 1 0
L 1 7271 115 1.6375 0.5557 1 0
L 1 12124 115 1.6375 0.5349 1 0
L 1 12125 115 1.6375 0.5349 1 0
L 1 12126 115 1.6375 0.5349 1 0
L 1 12127 115 1.6375 0.5349 1 0
L 1 4349 119 0.9304 0.6748 1 0
L 1 8766 119 0.9304 0.6884 1 0
L 1 8767 119 0.9304 0.6884 1 0
L 1 4159 122 0.8352 -0.6678 1 0
L 1 4900 129 0.8461 1.4957 1 0
L 1 4901 129 0.8461 1.5048 1 0
L 1 4787 129 0.8461 1.4957 1 0
L 1 4788 129 0.8461 1.5048 1 0
L 1 4789 129 0.8461 1.4957 1 0
L 1 4790 129 0.8461 1.5048 1 0
L 1 7553 142 1.2939 0.1502 1 0
L 1 7554 142 1.2939 0.1502 1 0
L 1 7410 142 1.2939 0.1502 1 0
L 1 12475 142 1.2939 0.1156 1 0
L 1 3884 169 0.8274 -1.0343 1 0
L 1 3885 171 0.9398 -1.2238 1 0
L 1 3799 171 0.9398 -1.2238 1 0
L 1 3969 169 0.8274 -1.0343 1 0
L 1 4377 185 1.4018 0.6006 1 0
L 1 4380 185 1.4018 0.6006 1 0
L 1 4381 185 1.4018 0.6006 1 0
L 1 7705 185 1.4018 0.6006 1 0
L 1 7708 185 1.4018 0.6006 1 0
L 1 7709 185 1.4018 0.6006 1 0
L 1 12692 185 1.4018 0.5724 1 0
L 1 8794 185 1.4018 0.5724 1 0
L 1 8797 185 1.4018 0.5724 1 0
L 1 3713 194 0.8617 -1.3305 1 0
L 1 8283 194 0.8617 -1.3246 1 0
L 1 8284 194 0.8617 -1.3514 1 0
L 1 3528 228 0.8003 -1.5935 1 0
L 1 3716 244 0.9391 -1.3586 1 0
L 1 8282 244 0.9391 -1.3611 1 0
L 1 7761 257 1.0110 -0.3132 1 1 18
L 1 7834 257 1.0110 -0.3132 1 1 18
L 1 12830 257 1.0110 -0.3244 1 1 18
L 1 7851 263 0.8375 -0.0713 1 0
L 1 9776 263 0.8375 -0.1030 1 0
L 1 9789 263 0.8375 -0.1030 1 0
L 1 12855 263 0.8375 -0.1030 1 0
L 1 12856 263 0.8375 -0.1030 1 0
L 1 4252 274 0.8366 0.8097 1 0
L 1 4254 274 0.8366 0.8097 1 0
L 1 4386 274 0.8366 0.8097 1 0
L 1 4384 274 0.8366 0.8097 1 0
L 1 3983 288 1.1656 -0.8477 1 0
L 1 8568 288 1.1656 -0.8431 1 0
L 1 3907 292 1.9641 -0.8759 1 0
L 1 3911 292 1.9641 -0.8759 1 0
L 1 3991 292 1.9641 -0.8759 1 0
L 1 3994 292 1.9641 -0.8759 1 0
L 1 5816 316 1.8454 0.2704 1 0
L 1 5817 316 1.8454 0.2704 1 0
L 1 5818 316 1.8454 0.2704 1 0
L 1 5819 316 1.8454 0.2704 1 0
L 1 5820 316 1.8454 0.2704 1 0
L 1 5821 316 1.8454 0.2704 0 0
L 1 10356 316 1.8454 0.2498 1 0
L 1 10358 316 1.8454 0.2498 1 0
L 1 10360 316 1.8454 0.2498 1 0
L 1 5601 325 1.5392 -0.1600 1 0
L 1 9849 325 1.5392 -0.1809 1 0
L 1 9850 325 1.5392 -0.1728 1 0
L 1 8471 330 0.8036 -0.9233 1 0
L 1 6033 371 1.0407 0.5124 1 0
L 1 6090 371 1.0407 0.5124 1 0
L 1 10787 371 1.0407 0.5127 1 0
L 1 3921 379 0.8928 -0.8879 1 0
L 1 6187 432 1.4690 -0.6291 1 1 232
L 1 6188 432 1.4690 -0.6291 1 1 232
L 1 6193 432 1.4690 -0.6291 1 1 232
L 1 6194 432 1.4690 -0.6291 1 1 232
L 1 6207 432 1.4690 -0.6291 1 1 232
L 1 11005 432 1.4690 -0.6266 1 1 232
L 1 11008 432 1.4690 -0.6266 1 1 232
L 1 11053 432 1.4690 -0.6266 1 1 232
L 1 11054 432 1.4690 -0.6266 1 1 232
L 1 8671 432 1.4690 -0.6266 1 1 232
L 1 6198 439 0.9232 -0.4359 1 0
L 1 4753 447 0.8531 1.4575 1 0
L 1 3849 448 0.8084 -1.1992 1 0
L 1 3850 448 0.8084 -1.1992 1 0
L 1 3761 448 0.8084 -1.1992 1 0
L 1 3762 448 0.8084 -1.1992 1 0
L 1 8328 448 0.8084 -1.2286 1 0
L 1 8329 448 0.8084 -1.2286 1 0
L 1 8400 448 0.8084 -1.2286 1 0
L 1 8401 448 0.8084 -1.2286 1 0
L 1 4310 481 1.3954 0.7076 1 0
L 1 4311 481 1.3954 0.7076 1 0
L 1 4407 481 1.3954 0.7076 1 0
L 1 4308 486 1.8329 0.6043 1 1 91
L 1 4309 486 1.8329 0.6082 1 1 91
L 1 4130 489 2.0257 -0.7592 1 0
L 1 4131 489 2.0257 -0.7633 1 0
L 1 4134 489 2.0257 -0.7592 1 0
L 1 4135 489 2.0257 -0.7633 1 0
L 1 6413 491 0.9211 -0.3604 1 0
L 1 6403 491 0.9211 -0.3604 1 0
L 1 6405 489 2.0257 -0.7592 1 0
L 1 6406 489 2.0257 -0.7633 1 0
L 1 6409 489 2.0257 -0.7592 1 0
L 1 6410 489 2.0257 -0.7633 1 0
L 1 11281 491 0.9211 -0.3237 1 0
L 1 11307 492 1.1888 -0.0314 1 0
L 1 11309 492 1.1888 -0.0314 1 0
L 1 11300 492 1.1888 -0.0314 1 0
L 1 11302 492 1.1888 -0.0314 1 0
L 1 4016 500 1.3069 -0.9193 1 0
L 1 3935 500 1.3069 -0.9193 1 0
L 1 3391 502 0.8831 -1.8112 1 0
L 1 3394 502 0.8831 -1.8112 1 0
L 1 8524 500 1.3069 -0.9406 1 0
L 1 3647 516 0.8307 -1.3245 1 0
L 1 3648 516 0.8307 -1.3216 1 0
L 1 3649 516 0.8307 -1.3245 1 0
L 1 3650 516 0.8307 -1.3216 1 0
L 1 3781 516 0.8307 -1.3245 1 0
L 1 3782 516 0.8307 -1.3216 1 0
L 1 3783 516 0.8307 -1.3245 1 0
L 1 3784 516 0.8307 -1.3216 1 0
L 1 8198 516 0.8307 -1.3616 1 0
L 1 8199 516 0.8307 -1.3616 1 0
L 1 8200 516 0.8307 -1.3616 1 0
L 1 6688 538 1.5625 0.4370 1 0
L 1 6689 538 1.5625 0.4397 1 0
L 1 6694 540 0.8227 0.2256 1 0
L 1 6813 540 0.8227 0.2256 1 0
L 1 6699 545 0.9975 0.4478 1 0
L 1 6700 545 0.9975 0.4478 1 0
L 1 6701 545 0.9975 0.4478 1 0
L 1 6783 547 0.8121 0.0486 1 0
L 1 11374 545 0.9975 0.4678 1 0
L 1 11375 545 0.9975 0.4675 1 0
L 1 11376 545 0.9975 0.5121 1 0
L 1 11378 545 0.9975 0.4675 1 0
L 1 11379 545 0.9975 0.4482 0 0
L 1 11380 545 0.9975 0.4482 0 0
L 1 11381 545 0.9975 0.5121 1 0
L 1 11382 545 0.9975 0.5124 0 0
L 1 11514 547 0.8121 0.1156 1 0
L 1 6750 548 1.5195 -0.1073 1 0
L 1 6583 548 1.5195 -0.1073 1 0
L 1 6652 549 0.9319 0.1688 1 0
L 1 6653 549 0.9319 0.1688 1 0
L 1 11327 549 0.9319 0.1796 1 0
L 1 11328 549 0.9319 0.1796 0 0
L 1 11329 549 0.9319 0.1881 1 0
L 1 11330 549 0.9319 0.1796 1 0
L 1 11331 549 0.9319 0.1796 1 0
L 1 11332 549 0.9319 0.1881 1 0
L 1 5246 612 1.2957 1.9284 1 0
L 1 1538 715 0.8814 1.9623 1 0
L 1 1539 715 0.8814 1.9623 1 0
L 1 2001 729 1.5257 2.4161 1 0
L 1 2057 817 1.0195 2.3099 1 0
L 1 2058 817 1.0195 2.3099 1 0
L 1 2060 817 1.0195 2.3099 1 0
L 1 5363 834 1.1815 1.9844 1 0
L 1 5282 834 1.1815 1.9844 1 0
L 1 2084 1157 0.9076 2.1999 1 0
L 1 2085 1157 0.9076 2.1998 1 0
L 1 1683 1182 0.8390 1.6482 1 0
L 1 1684 1182 0.8390 1.6552 1 0
L 1 1768 1182 0.8390 1.6482 1 0
L 1 1423 1198 3.3516 2.2010 1 0
L 1 1424 1198 3.3516 2.2018 1 0
L 1 2019 1283 0.9329 2.3365 1 0
L 1 2020 1283 0.9329 2.3361 1 0
L 1 2021 1283 0.9329 2.3365 1 0
L 1 2022 1283 0.9329 2.3361 1 0
L 1 2023 1283 0.9329 2.3365 1 0
L 1 2024 1283 0.9329 2.3361 1 0
L 1 2025 1283 0.9329 2.3365 1 0
L 1 2026 1283 0.9329 2.3361 1 0
L 1 5326 1298 1.1738 2.0953 1 0
L 1 1474 1298 1.1738 2.0991 1 0
L 1 3406 1438 0.8533 -1.8950 1 0
L 1 3414 1438 0.8533 -1.8950 1 0
L 1 3333 1438 0.8533 -1.8950 1 0
L 1 3336 1438 0.8533 -1.8950 1 0
L 1 3334 1440 1.4137 -1.8370 1 0
L 1 7905 1440 1.4137 -1.8255 1 0
L 1 7906 1440 1.4137 -1.8255 1 0
L 1 7907 1440 1.4137 -1.8282 1 0
L 1 7908 1440 1.4137 -1.8282 1 0
L 1 7909 1440 1.4137 -1.8267 1 0
L 1 7910 1440 1.4137 -1.8267 1 0
L 1 3340 1463 1.2693 -1.8266 1 0
L 1 3422 1463 1.2693 -1.8266 1 0
L 1 3425 1463 1.2693 -1.8266 1 0
L 1 7920 1463 1.2693 -1.8171 1 0
L 1 205 1463 1.2693 -1.7717 1 0
L 1 3443 1636 1.0680 -1.6266 1 0
L 1 7956 1899 1.0404 -1.6767 1 0
L 1 7957 1899 1.0404 -1.6763 1 0
L 1 1987 2016 0.9809 2.4041 1 0
L 1 2028 2016 0.9809 2.4041 1 0
L 1 5246 2067 1.5215 1.9284 1 0
L 1 1381 2268 1.9227 2.4049 1 0
L 1 1990 2268 1.9227 2.4023 0 0
L 1 1992 2268 1.9227 2.4023 0 0
L 1 1997 2268 1.9227 2.4023 0 0
L 1 2000 2268 1.9227 2.4023 0 0
L 1 2035 2268 1.9227 2.4023 0 0
L 1 2037 2268 1.9227 2.4023 0 0
L 1 2045 2268 1.9227 2.4023 0 0
L 1 5326 3267 1.1725 2.0953 1 0
L 1 1474 3267 1.1725 2.0991 1 0
L 1 3305 4294 0.8382 -1.9796 1 0
L 1 3306 4294 0.8382 -1.9796 1 0
L 1 158 4294 0.8382 -1.9686 1 0
L 1 2019 5698 0.9046 2.3365 1 0
L 1 2020 5698 0.9046 2.3361 1 0
L 1 2021 5698 0.9046 2.3365 1 0
L 1 2022 5698 0.9046 2.3361 1 0
L 1 2023 5698 0.9046 2.3365 1 0
L 1 2024 5698 0.9046 2.3361 1 0
L 1 2025 5698 0.9046 2.3365 1 0
L 1 2026 5698 0.9046 2.3361 1 0
L 1 1987 6771 1.0233 2.4041 1 0
L 1 2028 6771 1.0233 2.4041 1 0
L 1 4764 12848 1.3988 1.4367 1 0
L 1 4766 12848 1.3988 1.4367 1 0
L 1 4551 12862 1.0109 0.9651 1 0
L 1 4559 12862 1.0109 0.9651 1 0
L 1 4560 12862 1.0109 0.9651 1 0
L 1 8491 12885 0.8269 -0.9246 1 0
L 1 7141 12901 3.4383 0.5239 1 0
L 1 7142 12901 3.4383 0.5239 1 0
L 1 11733 12901 3.4383 0.5340 1 0
L 1 11738 12901 3.4383 0.5340 1 0
L 1 11743 12901 3.4383 0.5340 1 0
L 1 4578 12916 0.8976 0.9625 1 0
L 1 8993 12916 0.8976 0.9307 1 0
L 1 4043 12948 0.8355 -0.7823 1 0
L 1 4372 12955 1.2108 0.5842 1 0
L 1 4373 12955 1.2108 0.5842 1 0
L 1 3882 12966 0.8050 -1.0938 1 0
L 1 3883 12966 0.8050 -1.0901 1 0
L 1 7803 13009 1.2393 -0.4403 1 0
L 1 3832 13010 1.0844 -0.9262 1 0
L 1 4250 13012 1.5137 0.6618 1 0
L 1 8720 13012 1.5137 0.6583 1 0
L 1 3992 13013 0.9848 -0.6359 1 0
L 1 4390 13029 1.1733 0.8896 1 0
L 1 4458 13029 1.1733 0.8896 1 0
L 1 3837 13034 0.8472 -1.1083 1 0
L 1 3728 13034 0.8472 -1.1083 1 0
L 1 3729 13034 0.8472 -1.1083 1 0
L 1 6053 13064 0.9234 -0.3136 1 0
L 1 6054 13064 0.9234 -0.3136 1 0
L 1 3758 13086 0.8583 -1.2069 1 0
L 1 4614 13128 0.8585 1.1031 1 0
L 1 4539 13128 0.8585 1.1031 1 0
L 1 9010 13128 0.8585 1.1137 1 0
L 1 3773 13146 0.9944 -1.0891 1 0
L 1 6692 13149 1.7873 0.1487 1 0
L 1 4136 13154 1.1785 -0.6519 1 0
L 1 4139 13154 1.1785 -0.6519 1 0
L 1 6564 13154 1.1785 -0.6519 1 0
L 1 6571 13154 1.1785 -0.6519 1 0
L 1 11424 13154 1.1785 -0.6828 1 0
L 1 8688 13154 1.1785 -0.6828 1 0
L 1 7190 13277 0.9564 -0.3893 1 0
L 1 4043 13344 0.8705 -0.7823 1 0
L 1 8640 13344 0.8705 -0.7686 1 0
L 1 7803 13438 1.2684 -0.4403 1 0
L 1 6053 13536 0.9633 -0.3136 1 0
L 1 6054 13536 0.9633 -0.3136 1 0
L 1 5061 13689 0.8181 1.5688 1 1 345
L 1 4759 13775 0.8333 1.3633 1 0
L 1 4760 13775 0.8333 1.3633 1 0
L 1 9168 13775 0.8333 1.3613 1 0
L 1 9273 13775 0.8333 1.3613 1 0
L 1 3554 13829 0.8808 -1.3876 1 0
L 1 6743 13854 0.9574 -0.5497 1 0
L 1 6744 13854 0.9574 -0.5497 1 0
L 1 4632 13990 1.1700 1.2946 1 0
L 1 4633 13990 1.1700 1.2946 1 0
L 1 4636 13990 1.1700 1.2946 1 0
L 1 4637 13990 1.1700 1.2946 1 0
L 1 7404 13994 0.8123 -0.1151 1 0
L 1 7405 13994 0.8123 -0.1151 1 0
L 1 4432 14007 0.9683 0.7053 1 0
L 1 4433 14007 0.9683 0.7051 1 0
L 1 4434 14007 0.9683 0.7053 1 0
L 1 4435 14007 0.9683 0.7051 1 0
L 1 7417 14022 0.8226 -0.0318 1 0
L 1 7418 14022 0.8226 -0.0318 1 0
L 1 7548 14022 0.8226 -0.0318 1 0
L 1 7555 14022 0.8226 -0.0318 1 0
L 1 12469 14022 0.8226 -0.1030 1 0
L 1 12474 14022 0.8226 -0.1030 1 0
L 1 4448 14043 0.8363 0.7541 1 0
L 1 7839 14097 0.9361 -0.0980 1 0
L 1 5471 14127 1.4510 -0.1015 1 0
L 1 5472 14127 1.4510 -0.1043 1 0
L 1 5473 14127 1.4510 -0.1015 1 0
L 1 5475 14127 1.4510 -0.1064 1 0
L 1 5595 14127 1.4510 -0.1015 1 0
L 1 5596 14127 1.4510 -0.1043 1 0
L 1 5597 14127 1.4510 -0.1015 1 0
L 1 5599 14127 1.4510 -0.1064 1 0
L 1 5713 14127 1.4510 -0.1015 1 0
L 1 5714 14127 1.4510 -0.1043 1 0
L 1 5715 14127 1.4510 -0.1015 1 0
L 1 5717 14127 1.4510 -0.1064 1 0
L 1 9891 14127 1.4510 -0.1030 1 0
L 1 9892 14127 1.4510 -0.1030 1 0
L 1 9954 14127 1.4510 -0.1030 1 0
L 1 3835 14139 2.1404 -1.0412 1 0
L 1 3836 14139 2.1404 -1.0412 1 0
L 1 3838 14139 2.1404 -1.0412 1 0
L 1 3839 14139 2.1404 -1.0412 1 0
L 1 3730 14162 0.8128 -1.2555 1 0
L 1 3731 14162 0.8128 -1.2496 1 0
L 1 8291 14162 0.8128 -1.2668 1 0
L 1 8292 14162 0.8128 -1.2670 1 0
L 1 8293 14162 0.8128 -1.2674 1 0
L 1 8294 14162 0.8128 -1.2674 1 0
L 1 8296 14162 0.8128 -1.2670 1 0
L 1 8297 14162 0.8128 -1.2674 1 0
L 1 8298 14162 0.8128 -1.2674 1 0
L 1 8299 14162 0.8128 -1.2668 1 0
L 1 4463 14179 1.7856 0.8347 0 0
L 1 4464 14179 1.7856 0.8347 0 0
L 1 8854 14179 1.7856 0.7971 0 0
L 1 6062 14222 1.2415 -0.3209 1 0
L 1 6063 14222 1.2415 -0.3209 1 0
L 1 6148 14222 1.2415 -0.3209 1 0
L 1 6149 14222 1.2415 -0.3209 1 0
L 1 10831 14222 1.2415 -0.3242 1 0
L 1 10833 14222 1.2415 -0.3242 1 0
L 1 4751 14364 0.8506 1.3073 1 0
L 1 9167 14364 0.8506 1.3252 1 0
L 1 3736 14381 1.9080 -1.2188 1 0
L 1 3737 14381 1.9080 -1.2188 1 0
L 1 4933 14496 0.9833 1.4373 1 0
L 1 4836 14510 1.7688 1.4733 1 0
L 1 4837 14510 1.7688 1.4733 1 0
L 1 4838 14510 1.7688 1.4733 1 0
L 1 4839 14510 1.7688 1.4733 1 0
L 1 9338 14510 1.7688 1.4692 1 0
L 1 9339 14510 1.7688 1.4692 1 0
L 1 4969 14550 0.8299 1.5302 1 1 90
L 1 4867 14550 0.8299 1.5302 1 1 90
L 1 3363 14655 2.0333 -1.9696 1 0
L 1 1987 14745 0.9186 2.4041 0 0
L 1 2028 14745 0.9186 2.4041 0 0
L 1 1437 14749 1.2791 2.1588 0 0
L 1 1438 14749 1.2791 2.1588 0 0
L 1 1439 14749 1.2791 2.1588 0 0
L 1 5271 14828 0.8238 1.9012 1 0
L 1 5272 14828 0.8238 1.9060 1 0
L 1 9717 14828 0.8238 1.9060 1 0
S 2 0 0.3505 -2.5560 0.0014 0.0008
S 2 1 0.6389 4.5563 0.0014 0.0001
S 2 2 0.9287 3.5270 0.0014 0.0006
S 2 3 0.1847 4.9976 0.0014 -0.0005
S 2 4 1.0694 -3.8953 0.0014 0.0003
S 2 5 1.3394 3.6294 0.0014 0.0013
S 2 6 1.5582 3.0076 0.0014 0.0013
S 2 7 2.1639 3.4209 0.0014 0.0013
S 2 8 1.6593 3.9926 0.0014 0.0004
S 2 9 0.9053 4.1396 0.0014 -0.0005
S 2 10 0.5800 3.4713 0.0014 0.0012
S 2 11 3.6072 3.8835 0.0014 0.0004
S 2 12 2.3147 4.9352 0.0014 -0.0006
S 2 13 0.6531 4.6044 0.0014 -0.0011
S 2 14 1.3154 4.4227 0.0014 -0.0003
S 2 15 0.3952 3.6058 0.0014 0.0004
S 2 16 0.3656 3.2765 0.0014 -0.0011
S 2 17 2.4958 0.0567 0.0014 -0.0012
S 2 18 1.3188 0.4627 0.0014 -0.0011
S 2 19 11.1770 0.1332 0.0014 0.0004
S 2 20 11.0594 0.1832 0.0014 0.0003
S 2 21 0.6060 -1.5988 0.0014 -0.0011
S 2 22 9.0918 -0.3105 0.0014 -0.0002
S 2 23 5.7234 -1.0130 0.0014 -0.0001
S 2 24 1.5386 -1.3042 0.0014 0.0001
S 2 25 1.1460 1.3304 0.0014 -0.0013
S 2 26 0.5259 2.2308 0.0014 0.0013
S 2 27 1.1507 2.2414 0.0014 -0.0005
S 2 28 1.4994 -1.3701 0.0014 0.0006
S 2 29 0.5887 -1.3887 0.0014 0.0000
S 2 30 1.1605 -1.3164 0.0014 -0.0014
S 2 31 2.7561 -1.6362 0.0014 -0.0005
S 2 32 0.7006 -1.9935 0.0014 0.0004
S 2 33 0.6502 -1.7304 0.0014 0.0012
S 2 34 3.6948 -1.5785 0.0014 0.0010
S 2 35 3.6903 -2.0065 0.0014 0.0012
S 2 36 16.3184 -1.9944 0.0014 0.0012
S 2 37 7.7175 -2.0621 0.0014 0.0012
S 2 38 7.2471 -1.9713 0.0014 0.0012
S 2 39 0.4067 -1.7636 0.0014 0.0014
S 2 40 2.1616 -1.6373 0.0014 0.0011
S 2 41 2.7716 -1.8413 0.0014 0.0011
S 2 42 0.4204 -0.5914 0.0014 -0.0011
S 2 43 8.9633 -1.0319 0.0014 -0.0013
S 2 44 0.4583 -1.1821 0.0014 -0.0013
S 2 45 2.5802 -1.0213 0.0014 -0.0012
S 2 46 14.7807 -0.0433 0.0014 -0.0000
S 2 47 6.7118 -0.0583 0.0014 0.0000
S 2 48 1.5602 0.1689 0.0014 -0.0005
S 2 49 1.1507 0.2342 0.0014 0.0008
S 2 50 0.4233 1.8918 0.0014 -0.0004
S 2 51 0.3258 0.3172 0.0014 0.0006
S 2 52 0.4728 3.3153 0.0014 -0.0014
S 2 53 0.3468 4.7190 0.0014 -0.0007
S 2 54 1.3755 4.4842 0.0014 -0.0013
S 2 55 1.4956 4.6343 0.0014 -0.0014
S 2 56 0.2645 -2.6104 0.0014 -0.0001
S 2 57 0.2298 -1.1668 0.0014 -0.0012
S 2 58 1.1127 -0.8143 0.0014 0.0008
S 2 59 0.1595 1.0676 0.0014 0.0003
S 2 60 0.1467 2.2347 0.0014 0.0011
S 2 61 0.2817 2.6510 0.0014 -0.0012
S 2 62 0.2670 3.1404 0.0014 0.0001
S 2 63 0.1245 2.3423 0.0014 0.0002
S 2 64 0.8240 2.8745 0.0014 -0.0014
S 2 65 0.3511 4.3142 0.0014 -0.0014
S 2 66 0.1272 -0.6713 0.0014 0.0014
S 2 67 0.2318 -2.6975 0.0014 0.0010
S 2 68 2.5292 -1.8205 0.0014 0.0012
S 2 69 0.3375 -3.3109 0.0014 -0.0005
S 2 70 0.3711 -4.9579 0.0014 -0.0010
S 2 71 0.5047 -3.7902 0.0014 -0.0009
S 2 72 0.7717 -4.7879 0.0014 0.0001
S 2 73 0.1898 3.3273 0.0014 0.0004
S 2 74 2.9637 3.4039 0.0014 0.0014
S 2 75 0.8845 3.0745 0.0014 0.0014
S 2 76 1.3554 3.9655 0.0014 0.0011
S 2 77 0.1974 4.9326 0.0014 -0.0014
S 2 78 4.0463 4.7850 0.0014 -0.0010
S 2 79 2.8646 0.1389 0.0014 0.0003
S 2 80 13.6908 0.1434 0.0014 0.0002
S 2 81 0.9037 0.2564 0.0014 0.0001
S 2 82 0.6646 -0.4377 0.0014 0.0012
S 2 83 0.9625 -0.4821 0.0014 -0.0008
S 2 84 2.2730 -0.1336 0.0014 -0.0000
S 2 85 5.1824 -0.9293 0.0014 -0.0004
S 2 86 0.4846 0.5821 0.0014 -0.0011
S 2 87 0.5982 -0.1725 0.0014 0.0003
S 2 88 0.1314 -3.1560 0.0014 0.0002
S 2 89 0.4484 -4.9969 0.0014 0.0011
S 2 90 4.6712 -2.0632 0.0014 0.0012
S 2 91 3.2931 -1.8701 0.0014 0.0012
S 2 92 0.1007 -4.3300 0.0014 0.0001
S 2 93 0.7148 -2.1675 0.0014 -0.0002
S 2 94 1.4191 -1.1294 0.0014 -0.0013
S 2 95 3.5639 -1.1041 0.0014 -0.0012
S 2 96 2.2945 -1.1721 0.0014 -0.0013
S 2 97 6.8085 0.0659 0.0014 -0.0000
S 2 98 2.5211 0.0217 0.0014 -0.0004
S 2 99 0.1514 -0.2963 0.0014 -0.0010
S 2 100 0.3942 3.4165 0.0014 -0.0014
S 2 101 0.4592 2.2447 0.0014 0.0009
S 2 102 0.4034 2.5544 0.0014 0.0012
S 2 103 0.3334 3.7514 0.0014 -0.0013
S 2 104 0.3615 4.5959 0.0014 -0.0003
S 2 105 0.3834 3.9645 0.0014 0.0007
S 2 106 0.5594 -2.8614 0.0014 0.0013
S 2 107 0.1957 -3.7791 0.0014 -0.0014
S 2 108 0.7466 -2.5316 0.0014 0.0007
S 2 109 0.2720 -0.2326 0.0014 0.0014
S 2 110 0.1034 -0.7377 0.0014 0.0008
S 2 111 0.1301 1.7360 0.0014 -0.0013
S 2 112 0.1027 2.9159 0.0014 -0.0012
S 2 113 0.3833 2.1981 0.0014 0.0003
S 2 114 0.5891 3.4547 0.0014 -0.0014
S 2 115 1.1184 3.0153 0.0014 -0.0013
S 2 116 0.6673 3.5996 0.0014 -0.0014
S 2 117 0.4159 -4.1194 0.0014 0.0008
S 2 118 0.1672 2.9987 0.0014 -0.0007
S 2 119 0.3074 3.4591 0.0014 0.0013
S 2 120 4.0914 0.0985 0.0014 0.0004
S 2 121 1.5120 0.2210 0.0014 0.0005
S 2 122 0.3633 -0.0443 0.0014 0.0010
S 2 123 0.6438 -0.1921 0.0014 0.0014
S 2 124 0.9296 -0.6097 0.0014 0.0001
S 2 125 1.4106 -0.4959 0.0014 -0.0001
S 2 126 0.6361 -1.1428 0.0793 -0.0113
S 2 127 1.4894 -1.9694 0.0014 0.0013
S 2 128 7.2124 -2.0058 0.0014 0.0012
S 2 129 0.2494 -1.7695 0.0014 0.0011
S 2 130 1.0950 -1.7095 0.0014 0.0012
S 2 131 0.8760 -1.2122 0.0014 -0.0012
S 2 132 0.6522 -1.2078 0.0014 -0.0012
S 2 133 4.2348 -1.0782 0.0014 -0.0013
S 2 134 3.4663 -1.1067 0.0014 -0.0013
S 2 135 0.3531 -4.8325 0.0014 -0.0006
S 2 136 0.1858 -4.1672 0.0014 0.0001
S 2 137 4.7303 -0.9747 0.1713 -0.0121
S 2 138 2.5651 -0.7276 0.1713 -0.0015
S 2 139 6.5039 -0.6804 0.4072 0.0132
S 2 140 4.8977 -0.7746 0.4072 0.0009
S 2 141 3.2128 -0.7010 0.4072 -0.0045
S 2 142 2.1300 -0.7494 2.3750 -0.1576
S 2 143 1.0985 -0.5938 2.3750 0.2927
S 2 144 0.1062 -0.8046 490.6313 -473.4016
S 2 145 1.9761 -0.9238 0.1713 -0.0069
S 2 146 0.6790 -0.5527 117.4667 -153.7431
S 2 147 0.7571 -1.0060 117.4667 -8.3660
S 2 148 0.4092 -0.5807 117.4667 92.6487
S 2 149 0.2276 -0.8880 117.4667 131.1349
S 2 150 1.0413 -0.8779 0.1713 0.0573
S 2 151 0.4445 -0.8817 130.7544 97.0828
S 2 152 0.5957 -0.8775 130.7544 193.1610
S 2 153 0.5614 -0.8998 0.1713 -0.0277
S 2 154 0.2332 -0.9018 130.1433 111.2373
S 2 155 0.3288 -0.8953 130.1433 -104.4183
S 2 156 1.8243 -0.8284 0.1713 -0.0085
S 2 157 0.3111 -0.8295 130.2869 105.7655
S 2 158 1.5131 -0.8283 130.2869 -53.2080
S 2 159 0.5389 -1.2106 2.2420 -0.8243
S 2 160 0.4616 -1.1712 2.2420 1.5285
S 2 161 0.6141 -0.9404 2.2420 -1.0580
S 2 162 0.4843 0.4856 2.2420 -2.0903
S 2 163 0.2082 0.5684 2.2420 -1.7459
S 2 164 0.1832 0.5608 117.6828 -102.9673
S 2 165 3.4036 -1.0114 0.0014 -0.0013
S 2 166 0.5110 -1.0073 4.1228 0.1637
S 2 167 2.8940 -1.0115 4.1228 -0.0344
S 2 168 0.8968 -1.0103 4.1228 1.0379
S 2 169 0.6768 -1.0101 117.6554 76.0937
S 2 170 0.2201 -1.0107 117.6554 -98.4777
S 2 171 2.4225 -0.9793 0.0014 -0.0013
S 2 172 1.6475 -0.9782 21.0056 1.5263
S 2 173 0.7764 -0.9795 21.0056 -3.1743
S 2 174 6.1690 -1.1596 0.0014 -0.0013
S 2 175 5.2063 -1.1596 129.3283 17.7865
S 2 176 0.9627 -1.1597 129.3283 -69.6402
S 2 177 0.1444 -1.3076 0.0014 -0.0013
S 2 178 0.1056 -1.3152 50.5840 -42.1559
S 2 179 0.3213 -1.3717 0.0014 -0.0013
S 2 180 0.2507 -1.3701 117.7479 97.4518
S 2 181 0.1619 -1.6712 0.0014 -0.0013
S 2 182 0.1390 -1.6700 106.4411 -94.5074
S 2 183 0.5078 -1.2259 0.0014 -0.0012
S 2 184 0.1213 -1.2267 103.3395 93.1722
S 2 185 0.3868 -1.2246 103.3395 0.0000
S 2 186 0.4462 -1.1519 0.0014 -0.0010
S 2 187 0.3889 -1.1526 126.8581 96.9675
S 2 188 0.5537 -0.9547 0.0014 -0.0011
S 2 189 0.4412 -0.9565 117.5029 0.0000
S 2 190 0.1129 -0.9425 117.5029 -107.9970
S 2 191 0.6477 -1.0605 0.0014 -0.0008
S 2 192 0.6150 -1.0608 130.8573 0.0000
S 2 193 1.0317 -1.7490 0.0014 0.0009
S 2 194 0.9771 -1.7490 117.5903 -58.0458
S 2 195 0.9602 -1.6957 0.0014 0.0010
S 2 196 0.9534 -1.6990 122.8111 63.0374
S 2 197 6.4868 -1.9921 0.0013 0.0012
S 2 198 5.2221 -1.9918 90.6786 8.4528
S 2 199 1.2650 -1.9927 90.6786 -31.0619
S 2 200 0.2538 -2.0290 0.0013 0.0012
S 2 201 0.1777 -2.0258 82.2102 67.4321
S 2 202 8.3379 -0.9792 0.0793 -0.0017
S 2 203 8.0784 -0.9793 131.1593 11.9816
S 2 204 0.2594 -0.9779 131.1593 -110.2891
S 2 205 0.3340 -1.0584 0.0793 -0.0030
S 2 206 0.2920 -1.0591 16.2479 -4.7355
S 2 207 8.9518 -1.0059 0.0793 0.0005
S 2 208 1.2359 -0.9253 15.4208 -0.2767
S 2 209 1.1410 -0.8969 15.4209 0.0471
S 2 210 0.1417 -0.8990 117.6964 105.9053
S 2 211 0.9994 -0.8963 117.6964 -58.9968
S 2 212 7.7161 -1.0183 15.4208 0.0448
S 2 213 0.3597 -1.0309 15.4209 1.2480
S 2 214 0.1535 -1.0374 130.7485 118.1072
S 2 215 0.2058 -1.0286 130.7485 -113.7071
S 2 216 7.3576 -1.0176 15.4209 -0.0140
S 2 217 5.7674 -1.0176 36.8934 1.3342
S 2 218 1.5903 -1.0175 36.8934 -4.8357
S 2 219 0.5994 -1.0200 36.8934 -5.7678
S 2 220 0.5209 -1.0228 117.4153 76.0400
S 2 221 0.2565 -0.5599 0.0014 -0.0004
S 2 222 0.2178 -0.5849 50.2126 -72.9727
S 2 223 2.8079 -0.4220 0.0014 -0.0003
S 2 224 2.7679 -0.4217 130.9958 33.1894
S 2 225 0.1718 0.1004 0.0014 0.0014
S 2 226 0.1687 0.1003 117.3577 103.6204
S 2 227 0.9204 -0.0196 0.0014 0.0006
S 2 228 0.5202 -0.0215 126.4109 0.0000
S 2 229 0.4002 -0.0180 126.4109 -96.2541
S 2 230 0.1755 -3.4239 0.0014 -0.0008
S 2 231 0.1176 -3.4362 26.8956 0.0000
S 2 232 0.1596 -0.7138 0.0014 0.0012
S 2 233 0.1295 -0.7171 129.6916 118.8426
S 2 234 0.8245 -1.4039 0.0014 0.0014
S 2 235 0.7493 -1.4047 118.1775 -68.7772
S 2 236 0.3391 0.4186 0.0014 0.0001
S 2 237 0.1277 0.4253 132.4461 121.6979
S 2 238 0.2113 0.4163 132.4461 -115.2291
S 2 239 1.9550 0.2532 0.0014 0.0001
S 2 240 0.6742 0.2530 130.7445 84.5182
S 2 241 1.2807 0.2538 130.7445 -60.1485
S 2 242 7.4875 0.1411 0.0013 -0.0001
S 2 243 3.4485 0.1410 3.3101 0.0181
S 2 244 4.0390 0.1411 3.3101 -0.0156
S 2 245 0.2357 0.1450 117.4217 98.0001
S 2 246 0.2225 0.1436 117.5266 114.7281
S 2 247 0.8104 0.1420 3.3101 0.1644
S 2 248 0.4100 0.1423 110.1245 0.0000
S 2 249 0.4004 0.1419 110.1245 -80.4339
S 2 250 1.9963 0.1682 0.0013 -0.0001
S 2 251 1.4740 0.1682 129.4612 53.8938
S 2 252 0.5222 0.1681 129.4612 0.0000
S 2 253 0.6388 0.0247 0.0014 -0.0002
S 2 254 0.5910 0.0250 132.4066 -193.6475
S 2 255 1.3972 -0.1092 0.0014 -0.0001
S 2 256 1.0219 -0.1116 129.4480 68.1698
S 2 257 0.3750 -0.1081 129.4480 -100.8379
S 2 258 0.3820 -0.9952 0.0014 -0.0012
S 2 259 0.3282 -0.9968 130.4374 104.6602
S 2 260 4.9795 -0.9182 0.0014 -0.0012
S 2 261 3.0607 -0.9182 110.2728 21.7548
S 2 262 1.9188 -0.9182 110.2728 -32.8928
S 2 263 0.9252 -0.9183 110.2728 -0.0043
S 2 264 0.6482 -0.9176 117.4651 73.5856
S 2 265 0.2770 -0.9199 117.4651 -95.6343
S 2 266 0.4154 -1.7625 0.0014 0.0007
S 2 267 0.3099 -1.7628 117.5710 92.3518
S 2 268 0.1056 -1.7605 117.5710 -108.1354
S 2 269 0.6225 -1.7584 0.0014 0.0001
S 2 270 0.4231 -1.7596 111.0538 78.7618
S 2 271 0.1992 -1.7572 111.0538 -94.2413
S 2 272 0.1720 -2.1133 0.0014 0.0004
S 2 273 0.1624 -2.1136 80.3146 -66.7636
S 2 274 1.6902 -1.0547 0.0016 -0.0003
S 2 275 1.0824 -1.0548 131.2831 66.8211
S 2 276 0.6079 -1.0544 131.2831 195.5836
S 2 277 1.9822 -1.1132 0.0016 -0.0003
S 2 278 0.3527 -1.1116 134.0810 106.4758
S 2 279 1.6294 -1.1136 134.0810 -52.7157
S 2 280 2.5531 -0.2340 0.0011 -0.0003
S 2 281 1.5251 -0.2340 117.4440 44.4061
S 2 282 1.0280 -0.2337 117.4440 -58.1032
S 2 283 2.1416 -0.2351 0.0011 -0.0003
S 2 284 1.3125 -0.2351 7.2466 0.2260
S 2 285 0.8292 -0.2348 7.2466 -0.3534
S 2 286 0.3914 -1.0652 0.0014 -0.0012
S 2 287 0.3913 -1.0659 84.2745 -125.4016
S 2 288 0.1492 -0.9169 0.0014 -0.0007
S 2 289 0.1340 -0.9113 117.7073 -106.4743
S 2 290 1.2832 0.2536 0.0014 0.0009
S 2 291 0.7620 0.2534 124.9921 75.0941
S 2 292 0.5209 0.2568 124.9921 -87.6994
S 2 293 0.2219 0.4438 0.0014 0.0011
S 2 294 0.1659 0.4431 130.9654 -117.3078
S 2 295 0.2575 2.9703 0.0014 0.0013
S 2 296 0.1913 2.9674 32.9411 -19.7332
S 2 297 0.2149 -1.0374 0.0014 0.0008
S 2 298 0.1442 -1.0369 130.0182 117.8971
S 2 299 0.1616 2.4209 0.0014 0.0013
S 2 300 0.1600 2.4291 11.2843 3.9549
S 2 301 0.3691 2.9665 0.0014 0.0013
S 2 302 0.2421 2.9656 31.2028 16.0726
S 2 303 0.1269 2.9689 31.2028 -21.6580
S 2 304 0.4830 1.4437 0.0014 0.0011
S 2 305 0.1269 1.4437 34.8832 25.4726
S 2 306 0.3561 1.4437 34.8832 -15.5559
S 2 307 1.2939 -0.5591 0.0014 0.0012
S 2 308 0.6521 -0.5592 129.5964 84.5901
S 2 309 0.6419 -0.5587 129.5964 -85.2331
S 2 310 0.2055 -1.8240 0.0014 0.0013
S 2 311 0.1095 -1.8315 41.9419 -33.3587
S 2 312 0.3285 -3.2782 0.0014 0.0004
S 2 313 0.2032 -3.2809 26.6887 13.7607
S 2 314 0.1253 -3.2744 26.6887 -17.4330
S 2 315 0.2642 2.0481 0.0014 -0.0014
S 2 316 0.2177 2.0480 76.9194 -59.5051
S 2 317 0.4287 1.7337 0.0014 -0.0014
S 2 318 0.3707 1.7350 107.6830 -78.9874
S 2 319 0.2238 -0.5711 0.0014 0.0006
S 2 320 0.1672 -0.5714 24.3613 13.8012
S 2 321 0.5666 0.0531 0.0014 -0.0001
S 2 322 0.5138 0.0531 133.0761 0.0000
S 2 323 5.7108 -0.0170 0.0014 -0.0001
S 2 324 3.7721 -0.0169 5.9541 0.0543
S 2 325 1.9386 -0.0171 5.9541 -0.1047
S 2 326 3.7740 0.0550 0.0010 -0.0002
S 2 327 3.6329 0.0549 67.3727 7.0712
S 2 328 0.1411 0.0639 67.3727 -56.2621
S 2 329 0.6419 0.0522 67.3727 -11.2493
S 2 330 0.5506 0.0523 117.5194 72.9751
S 2 331 5.2091 0.0461 0.0010 -0.0002
S 2 332 1.1978 0.0458 5.9419 0.1720
S 2 333 4.0113 0.0466 5.9419 -0.0548
S 2 334 0.4907 0.0476 22.3653 -2.3910
S 2 335 0.4430 0.0488 117.7223 84.4814
S 2 336 0.3913 0.0455 20.9903 -1.8816
S 2 337 0.2796 0.0454 119.1745 96.8630
S 2 338 0.1116 0.0538 119.1745 -109.8463
S 2 339 0.2305 -0.7495 0.0014 -0.0011
S 2 340 0.1860 -0.7510 88.3920 73.6755
S 2 341 0.9401 -1.1839 117.2738 14.8792
S 2 342 2.1070 -1.1279 117.2738 -34.7728
S 2 343 0.1617 -0.6551 117.2738 -125.7672
S 2 344 0.3091 -0.1619 117.5157 -115.1813
S 2 345 0.4654 -0.9246 117.5157 147.4141
S 2 346 0.5423 -0.9734 117.5157 -84.3414
S 2 347 0.2081 -0.3414 117.5157 114.3858
S 2 348 0.6356 -1.3455 117.5157 0.0000
S 2 349 0.6823 -0.4856 113.3113 0.0000
S 2 350 2.3310 -1.2216 0.0016 -0.0012
S 2 351 0.2821 -1.2194 6.4202 0.8226
S 2 352 2.0486 -1.2221 6.4202 -0.1168
S 2 353 1.9099 -1.2330 0.0016 -0.0012
S 2 354 0.7997 -1.2336 131.0146 77.8639
S 2 355 1.1099 -1.2329 131.0146 -65.3092
S 2 356 0.5894 -0.4562 0.0014 -0.0014
S 2 357 0.2288 -0.4584 130.0073 111.5467
S 2 358 0.3608 -0.4530 130.0073 -102.2592
S 2 359 0.8623 -1.1784 0.0014 -0.0014
S 2 360 0.7859 -1.1829 130.4365 78.1410
S 2 361 15.0940 -2.0451 0.0013 0.0012
S 2 362 3.3108 -2.0452 16.6529 0.4762
S 2 363 11.7833 -2.0451 16.6529 -0.1320
S 2 364 0.1592 -2.0412 16.6529 1.3536
S 2 365 0.1280 -2.0384 80.3486 70.0721
S 2 366 1.5092 -2.0444 16.6529 0.2961
S 2 367 0.8219 -2.0441 35.2906 8.5750
S 2 368 0.6875 -2.0445 35.2906 -9.1227
S 2 369 6.1149 -2.0405 0.0013 0.0012
S 2 370 1.7466 -2.0397 17.3891 0.9840
S 2 371 4.3695 -2.0405 17.3891 -0.3931
S 2 372 0.5035 -2.0402 17.3891 0.2983
S 2 373 0.3638 -2.0398 42.1013 20.9755
S 2 374 0.1398 -2.0403 42.1013 -31.3918
S 2 375 0.3405 -2.0361 42.1013 0.4116
S 2 376 0.2739 -2.0298 60.6175 -90.1868
S 2 377 3.5915 -2.0411 0.0014 0.0010
S 2 378 0.9564 -2.0412 85.4311 34.5465
S 2 379 2.6351 -2.0411 85.4311 -14.5566
S 2 380 0.6078 -2.0936 0.0014 0.0011
S 2 381 0.4941 -2.0939 76.3317 43.4411
S 2 382 0.1149 -2.0812 76.3317 -66.4050
S 2 383 0.1704 -2.0276 0.0014 0.0013
S 2 384 0.1299 -2.0232 81.1346 70.2214
S 2 385 3.5571 -1.8654 0.0014 0.0013
S 2 386 0.9759 -1.8641 2.1915 0.0298
S 2 387 2.5819 -1.8655 2.1915 -0.0094
S 2 388 1.0973 -1.8979 0.0014 0.0012
S 2 389 0.8734 -1.8984 94.6409 43.8881
S 2 390 0.2238 -1.8963 94.6409 -76.3162
S 2 391 0.3696 -0.9368 110.2526 110.3018
S 2 392 0.2662 -0.4306 110.2526 -106.3531
S 2 393 0.2164 -1.7543 0.0014 -0.0001
S 2 394 0.1465 -1.7562 2.8036 0.2994
S 2 395 0.7521 -1.6299 0.0014 0.0003
S 2 396 0.7517 -1.6295 134.1494 -81.8120
S 2 397 1.3275 -0.0439 0.0015 0.0005
S 2 398 1.2829 -0.0433 129.4012 -59.2048
S 2 399 2.0311 -0.0231 0.0015 0.0006
S 2 400 1.1621 -0.0230 130.2313 63.6857
S 2 401 0.8690 -0.0239 130.2313 -74.8881
S 2 402 0.6790 2.7263 0.0014 -0.0001
S 2 403 0.4764 2.7270 39.7697 15.3456
S 2 404 0.2025 2.7246 39.7697 -25.2784
S 2 405 0.3113 1.7288 0.0014 -0.0009
S 2 406 0.1239 1.7264 10.4236 4.1551
S 2 407 0.1875 1.7299 10.4236 -3.0076
S 2 408 0.3659 1.1465 7.8788 -6.0520
S 2 409 0.1144 2.0081 7.8788 4.7310
S 2 410 0.1077 2.0416 7.8788 1.2340
S 2 411 0.2747 1.3513 16.7519 -1.7197
S 2 412 0.4442 -0.4841 16.7519 14.6293
S 2 413 0.3161 0.9455 30.5443 0.0000
S 2 414 0.1785 1.2948 51.0262 57.9958
S 2 415 0.4298 -2.6550 0.0014 -0.0012
S 2 416 0.1479 -2.1898 2.0465 -1.9436
S 2 417 0.4121 -2.4579 2.0465 0.6499
S 2 418 0.6280 -3.4066 0.0014 -0.0006
S 2 419 0.6002 -3.0416 5.8765 0.6760
S 2 420 0.4252 -2.9624 5.8765 -0.1198
S 2 421 0.2562 -2.9647 30.2149 14.6224
S 2 422 0.1692 -2.9577 30.2149 -18.4258
S 2 423 0.1880 -3.1405 5.8765 2.4296
S 2 424 0.1621 -3.1398 26.5886 -14.2883
S 2 425 0.4940 1.9027 0.0014 0.0013
S 2 426 0.5385 1.5060 20.9522 -16.4489
S 2 427 0.1291 0.4571 20.9522 14.2026
S 2 428 0.2598 0.7580 20.9522 5.9549
S 2 429 0.2012 0.9705 20.9522 6.8063
S 2 430 0.1814 0.9526 113.2847 99.0988
S 2 431 0.3887 1.4265 105.0821 130.2473
S 2 432 0.2340 -0.0964 5.3885 1.0914
S 2 433 0.6589 2.6931 8.0180 -2.2987
S 2 434 0.1127 3.2118 8.0180 -1.4548
S 2 435 0.3475 0.8622 8.0180 -2.4817
S 2 436 0.6909 1.7880 37.1929 4.7961
S 2 437 0.6606 0.6426 0.0014 0.0002
S 2 438 0.5255 0.7091 19.0133 5.7244
S 2 439 0.3809 0.7228 19.0134 8.5094
S 2 440 0.1460 0.7258 130.0650 118.7439
S 2 441 0.2350 0.7202 130.0650 -109.7745
S 2 442 0.2246 0.2191 19.0133 -13.3937
S 2 443 0.1364 0.2810 19.0134 -5.1603
S 2 444 0.1257 0.2797 26.7282 -19.8270
S 2 445 0.1244 0.0864 19.0134 -18.5201
S 2 446 0.1137 0.0860 37.6583 -33.4650
S 2 447 9.2099 -1.0545 0.0014 -0.0013
S 2 448 1.5959 -1.1037 24.1549 0.5523
S 2 449 7.6179 -1.0435 24.1549 -0.1174
S 2 450 3.1799 -1.8875 60.9510 -4.2712
S 2 451 2.6909 -2.0048 0.0014 0.0012
S 2 452 0.9087 -2.1582 41.4097 5.0101
S 2 453 1.7943 -1.9104 41.4097 -2.5934
S 2 454 0.2135 -1.2932 2.1769 -1.9682
S 2 455 0.6113 -1.8611 2.1769 1.1958
S 2 456 0.2139 -4.0053 0.0014 0.0001
S 2 457 0.3004 -3.4973 0.0198 0.0007
S 2 458 0.2245 -3.2982 0.0198 0.0056
S 2 459 0.2064 -3.2938 4.2754 0.4985
S 2 460 0.2438 -2.6515 0.0014 0.0013
S 2 461 0.2034 -2.3280 0.1783 -0.1646
S 2 462 0.2520 -1.7264 0.1783 0.1339
S 2 463 0.5609 -1.1529 21.2655 -20.6213
S 2 464 0.4611 -1.1960 57.7351 -69.6402
S 2 465 0.1824 -1.3532 104.0498 -107.1509
S 2 466 0.4762 0.5487 74.9429 84.1567
S 2 467 0.6833 2.5205 0.0014 -0.0012
S 2 468 0.6163 2.2280 3.9475 -0.6110
S 2 469 0.1409 2.9874 3.9475 3.0208
S 2 470 0.1395 -0.1320 20.8768 0.0000
S 2 471 1.1097 3.7621 0.0014 0.0013
S 2 472 1.0323 3.6086 3.3218 -0.0366
S 2 473 0.2279 3.4138 3.3218 0.4903
S 2 474 0.1670 3.4140 27.2392 15.6011
S 2 475 0.2457 -3.6289 2.2459 0.0475
S 2 476 0.1952 -1.5702 2.2459 0.5354
S 2 477 0.2118 -1.3776 2.2459 0.3301
S 2 478 0.1421 -1.3796 57.5384 -46.0088
S 2 479 2.1733 -1.7864 0.0014 0.0012
S 2 480 1.2894 -1.6139 3.5695 0.1177
S 2 481 0.7784 -1.6297 3.5696 -0.1763
S 2 482 0.6891 -1.6297 122.5672 -75.0110
S 2 483 0.5176 -1.5775 3.5696 0.5584
S 2 484 0.1539 -1.5800 140.3016 126.8716
S 2 485 0.3637 -1.5765 140.3016 -110.6197
S 2 486 0.8856 -1.9945 3.5695 -0.1684
S 2 487 0.8063 -1.9900 3.5695 0.0056
S 2 488 0.7298 -1.9896 91.5680 46.2666
S 2 489 0.1249 -2.6097 91.1344 -28.6905
S 2 490 0.4918 -1.8238 0.0014 -0.0014
S 2 491 0.1514 -1.6797 2.8775 -2.7309
S 2 492 0.4721 -1.5752 2.8775 0.7915
S 2 493 2.1890 3.5545 0.0014 -0.0014
S 2 494 1.8684 3.5217 18.7541 -1.1735
S 2 495 0.2631 3.7887 31.0153 -17.5659
S 2 496 1.6097 3.4675 31.0153 2.3592
S 2 497 0.2500 0.0407 14.5975 4.6764
S 2 498 0.2284 0.1185 14.5975 1.8891
S 2 499 0.1260 0.1246 30.4377 21.9583
S 2 500 0.1023 0.1180 30.4377 -22.1285
S 2 501 0.4355 1.1595 14.5975 -14.5538
S 2 502 0.2011 0.7986 14.5975 -14.4606
S 2 503 0.1866 0.7984 58.8212 0.0000
S 2 504 0.2502 1.8238 27.9492 -17.0706
S 2 505 0.7400 0.9951 27.9492 23.7495
S 2 506 0.4822 0.6063 27.9492 -18.9360
S 2 507 0.2978 0.5911 65.9791 -66.3090
S 2 508 0.3245 1.0547 17.9351 12.7454
S 2 509 0.1235 1.3197 17.2798 11.2421
S 2 510 0.1316 1.3242 17.2798 11.2298
S 2 511 0.1014 1.3256 41.8348 36.1499
S 2 512 0.2157 -0.8763 19.2933 -3.7016
S 2 513 0.2869 1.3647 7.6439 -7.5548
S 2 514 0.4223 1.3383 7.6439 6.9136
S 2 515 0.2790 1.1042 7.6439 7.2712
S 2 516 0.2497 1.1027 52.4279 -31.8471
S 2 517 0.4567 0.5915 84.3917 -111.3129
S 2 518 0.3752 -0.4416 20.9476 -2.2114
S 2 519 0.6911 -1.9295 2.7511 0.8754
S 2 520 0.9183 -1.8354 2.7511 1.8887
S 2 521 0.5888 -1.2282 2.7511 1.2197
S 2 522 6.8785 -1.8490 2.7511 -0.4198
S 2 523 0.7534 -2.1542 2.7511 0.4564
S 2 524 0.6476 -1.9907 2.7511 -0.0743
S 2 525 0.1812 -2.3947 2.7511 -0.5270
S 2 526 0.2711 -0.6426 2.7511 -1.5523
S 2 527 2.3501 -1.6381 2.7511 0.3810
S 2 528 1.6301 -1.6468 2.7511 0.2805
S 2 529 1.2044 -1.6470 22.5805 2.6657
S 2 530 0.4261 -1.6452 22.5805 -6.0809
S 2 531 0.1364 -1.6421 25.7573 -0.4662
S 2 532 0.1321 -1.6440 53.0742 -42.7982
S 2 533 0.1885 -1.4787 67.8776 68.4841
S 2 534 3.0432 -2.0938 2.7511 -0.6383
S 2 535 2.8396 -2.1030 2.7514 -0.6216
S 2 536 0.3253 -2.1019 33.4201 14.9089
S 2 537 2.5143 -2.1032 33.4201 -3.1082
S 2 538 1.3639 -2.1109 2.7511 -0.9669
S 2 539 0.5332 -2.2069 2.7512 -1.1478
S 2 540 0.4587 -2.2078 17.2551 -4.5684
S 2 541 0.2529 -1.5891 17.3861 3.2354
S 2 542 0.4511 -1.0488 17.3861 -6.9728
S 2 543 0.3527 -0.9235 17.3862 -4.7756
S 2 544 0.2534 -0.9225 66.4844 93.8582
S 2 545 0.8241 -1.4133 10.7072 3.3468
S 2 546 0.2603 -0.9750 10.7072 3.3716
S 2 547 0.1291 -1.7005 37.5978 -39.3844
S 2 548 0.5175 -1.8431 113.2825 0.0000
S 2 549 1.3429 -1.1194 0.0014 -0.0006
S 2 550 0.3564 -0.9909 0.7619 0.0628
S 2 551 0.9887 -1.1610 0.7619 -0.0234
S 2 552 0.2686 -0.1080 36.6502 -19.2706
S 2 553 0.2525 -1.3794 63.6094 -57.6880
S 2 554 0.5728 -0.9441 63.6094 -3.4192
S 2 555 2.3846 -1.0625 0.0014 0.0007
S 2 556 0.3708 -1.5529 117.3356 -94.1384
S 2 557 0.6443 -0.6232 117.3356 182.0889
S 2 558 2.0783 2.3244 0.0014 -0.0011
S 2 559 0.1156 2.7927 0.0103 -0.0012
S 2 560 1.9627 2.2887 0.0103 -0.0011
S 2 561 0.1778 1.6479 36.7007 25.3766
S 2 562 0.5147 1.2375 36.7007 11.3071
S 2 563 0.3080 1.3494 36.7007 6.2125
S 2 564 0.8968 1.7397 36.7007 -2.8033
S 2 565 0.6519 0.9634 36.7007 -4.7487
S 2 566 0.6141 1.3040 36.7007 30.9286
S 2 567 0.2049 1.6224 36.7007 41.1075
S 2 568 0.3821 -0.1590 36.7007 -35.6754
S 2 569 0.1638 0.0714 36.7007 0.0000
S 2 570 0.2031 1.4519 36.7007 -30.7190
S 2 571 0.1514 -1.0282 94.2604 100.2471
S 2 572 0.2098 0.3891 36.7007 32.4574
S 2 573 0.1916 0.5100 36.7007 28.6156
S 2 574 0.1221 0.5261 117.5346 109.9387
S 2 575 0.5196 0.9124 57.8848 -55.8590
S 2 576 0.6145 0.2085 58.7460 -55.9450
S 2 577 0.4637 1.7065 5.8629 5.7844
S 2 578 0.1488 2.0145 5.8629 -4.0770
S 2 579 0.3493 1.6602 59.3086 -74.9142
S 2 580 1.3979 -1.3449 57.3119 2.0107
S 2 581 2.0205 0.1709 24.0268 -3.5666
S 2 582 1.2574 0.0608 1.1527 0.1294
S 2 583 0.7995 -0.3522 52.8374 -32.3063
S 2 584 0.4092 0.2656 52.8374 13.8631
S 2 585 0.8717 0.4896 113.2032 -25.0704
S 2 586 0.1497 3.7238 0.3836 -0.1824
S 2 587 0.3134 1.9568 7.6502 7.6479
S 2 588 0.2774 0.5443 7.6502 -7.5328
S 2 589 0.4137 2.1097 2.1750 -0.3307
S 2 590 0.1093 1.4791 2.1750 -1.5874
S 2 591 0.3708 3.7117 2.1750 -2.0684
S 2 592 1.1050 3.8261 2.1750 -0.9070
S 2 593 0.4986 2.1361 2.1750 -1.3382
S 2 594 0.1836 2.9236 2.1750 0.1096
S 2 595 0.5101 1.9621 2.1750 1.4062
S 2 596 0.1579 2.5215 2.1750 1.9894
S 2 597 0.5272 2.9806 2.1750 -0.4218
S 2 598 0.6323 3.7288 2.1750 0.4038
S 2 599 0.3852 3.6769 2.1750 -0.0521
S 2 600 0.3054 3.1679 2.1750 1.9528
S 2 601 0.2213 2.8051 2.1750 1.9719
S 2 602 0.1607 2.8055 30.0703 -17.8340
S 2 603 0.3943 2.1940 2.1750 -2.0200
S 2 604 0.3940 2.1839 2.1750 -2.0480
S 2 605 0.3528 2.1814 16.6353 2.3636
S 2 606 0.2561 2.1137 2.1750 2.1393
S 2 607 0.1902 1.7764 2.1750 1.9817
S 2 608 0.1768 1.7810 34.0283 52.2597
S 2 609 0.2420 3.8799 7.6948 -4.1476
S 2 610 0.9320 3.1035 2.1750 1.9456
S 2 611 0.8458 3.0541 3.6651 2.4036
S 2 612 0.2349 2.8313 5.3711 3.5007
S 2 613 0.1348 2.6051 5.3711 5.0547
S 2 614 0.1011 2.6050 31.0970 -21.7043
S 2 615 0.1351 2.7743 5.3711 1.0419
S 2 616 0.1079 2.7698 21.2590 14.1401
S 2 617 0.5280 4.6704 7.2757 -1.5742
S 2 618 0.2533 4.4975 7.2757 -4.6652
S 2 619 0.3287 2.1505 2.2295 0.5307
S 2 620 0.6496 -0.2842 2.2295 2.1226
S 2 621 0.4375 3.1540 2.2295 0.1183
S 2 622 0.1528 4.1556 2.2295 -1.5372
S 2 623 0.1203 2.4506 3.8263 0.8176
S 2 624 0.3740 1.5611 2.2295 1.6114
S 2 625 0.3624 1.4231 2.2295 1.5631
S 2 626 0.2993 1.4226 20.9752 8.6725
S 2 627 1.4204 1.8380 2.2295 -0.0839
S 2 628 1.4091 1.8265 2.2295 -0.0983
S 2 629 0.3265 1.8271 79.2024 -114.2149
S 2 630 1.0824 1.8265 79.2024 -27.7973
S 2 631 0.6407 1.8269 79.2024 -0.2243
S 2 632 0.3490 1.8273 79.7223 -117.8051
S 2 633 0.2921 1.8252 79.7223 0.0000
S 2 634 1.7304 -0.5286 0.0014 0.0001
S 2 635 1.0487 -0.5284 117.4433 57.3274
S 2 636 0.6816 -0.5292 117.4433 -72.1606
O 2 0 1734 7.1315 1.5801 -2.3718 0.0016 0.4462 0.5522 1.1549 101.3741 1 0
O 2 3 1735 6.7661 1.5595 -2.3718 0.0016 0.4404 0.5580 1.0503 92.1923 1 0
O 2 4 3916 6.3771 1.1906 -2.3718 0.0016 0.4545 0.5439 1.1732 102.9829 1 0
O 2 10 1846 -1.2299 0.8433 -2.3283 0.0316 0.0009 0.9675 0.7461 65.4923 0 0
O 2 11 14817 -1.7805 1.5599 -2.3283 0.0037 0.0746 0.9217 1.2908 113.3107 0 0
O 2 12 4159 10.0734 0.8747 -2.3132 0.0010 0.8010 0.1980 0.8753 76.8338 1 0
O 2 13 1865 10.1211 0.8865 -2.3117 0.0009 0.8025 0.1965 0.8875 77.9032 1 0
O 2 15 1869 10.4709 0.8971 -2.3132 0.0010 0.7888 0.2103 0.8972 78.7605 1 0
O 2 16 6249 9.9066 0.9164 -2.3117 0.0011 0.7462 0.2527 0.9119 80.0427 1 0
O 2 23 4203 9.2101 1.0656 -2.3259 0.0009 0.7386 0.2605 1.0532 92.4536 1 0
O 2 30 3303 -0.9789 2.7869 -2.2805 0.0116 0.0187 0.9698 1.0261 90.0701 0 0
O 2 35 7641 9.2739 1.3219 -2.3663 0.0019 0.5223 0.4757 1.3068 114.7102 1 0
O 2 37 1439 6.9597 0.9389 -2.2183 0.0037 0.2650 0.7313 0.9744 85.5360 1 0
O 2 38 1515 11.0649 1.3473 -2.2429 0.0010 0.7955 0.2035 1.3479 118.3196 1 0
O 2 43 7708 4.1328 1.1045 -2.4061 0.5803 0.0606 0.3591 1.8674 163.9247 1 0
O 2 44 14336 0.7189 7.6837 -2.2928 0.0159 0.0102 0.9738 0.8489 74.5138 0 0
O 2 48 1682 8.9203 1.1780 -2.1690 0.0010 0.7991 0.1999 1.1453 100.5325 1 0
O 2 65 1832 7.7522 1.2047 -2.1740 0.0013 0.7598 0.2390 1.1782 103.4214 1 0
O 2 66 14803 1.6755 0.8948 -2.1397 0.0034 0.5653 0.4313 1.2424 109.0616 0 0
O 2 69 4114 -1.0783 0.9884 -2.1775 0.0057 0.0776 0.9167 0.8917 78.2778 0 0
O 2 70 14405 3.6000 0.8766 -2.1290 0.0015 0.7637 0.2349 1.6805 147.5173 0 0
O 2 71 4259 8.9985 0.9966 -2.1367 0.0033 0.3764 0.6202 0.9398 82.4980 1 0
O 2 72 2010 10.7533 3.2072 -2.1571 0.0064 0.7178 0.2759 3.1542 276.8759 1 0
O 2 75 14266 -1.3503 0.8006 -2.2567 0.2227 0.0174 0.7599 1.1625 102.0458 0 0
O 2 76 3276 7.2028 0.8315 -2.1588 0.0016 0.6581 0.3403 0.8220 72.1533 1 0
O 2 89 5489 8.2239 0.9203 -2.1897 0.0009 0.8040 0.1951 0.9284 81.4983 1 0
O 2 90 1379 0.9963 0.8895 -2.1506 0.3118 0.0622 0.6260 3.7124 325.8712 0 0
O 2 92 1412 8.0696 1.1007 -2.2529 0.0009 0.7858 0.2133 1.0044 88.1644 1 0
O 2 97 1399 10.5925 1.6147 -2.1218 0.0012 0.7812 0.2176 1.6196 142.1724 1 0
O 2 100 3314 0.4824 1.0603 -2.1415 0.7641 0.0153 0.2205 0.9065 79.5758 0 0
O 2 102 3473 0.5973 1.1957 -2.1415 0.1185 0.2754 0.6061 1.9637 172.3734 0 0
O 2 104 1400 10.9833 1.6621 -2.1218 0.0015 0.7621 0.2364 1.6616 145.8575 1 0
O 2 105 3394 10.4585 1.7524 -2.1208 0.0022 0.7281 0.2697 1.7518 153.7714 1 0
O 2 108 5564 1.7715 1.6449 -2.1502 0.0007 0.8093 0.1900 0.8922 78.3172 0 0
O 2 110 5561 1.7222 1.6585 -2.1502 0.0008 0.8134 0.1858 0.9275 81.4131 0 0
O 2 112 1502 8.6133 0.9718 -2.1215 0.0021 0.6656 0.3323 0.9475 83.1704 1 0
O 2 115 3625 8.5025 0.9159 -2.1904 0.0021 0.7336 0.2643 0.8968 78.7196 1 0
O 2 118 1546 9.0233 0.8928 -2.1745 0.0020 0.5506 0.4474 0.9078 79.6831 1 0
O 2 120 5850 8.9060 1.5739 -2.1180 0.0016 0.7102 0.2882 1.5870 139.3076 1 0
O 2 122 1606 2.1466 1.7582 -2.1745 0.0808 0.4752 0.4440 2.4494 215.0126 0 0
O 2 123 5855 8.9505 1.5424 -2.1180 0.0024 0.5378 0.4598 1.5032 131.9517 1 0
O 2 127 3840 8.2747 2.5081 -2.0047 0.0018 0.7969 0.2012 2.6555 233.1013 1 0
O 2 133 3807 7.1796 0.9157 -2.0306 0.0009 0.7988 0.2002 0.9833 86.3124 1 0
O 2 134 3986 6.8384 1.1361 -1.9962 0.0009 0.7923 0.2068 1.1608 101.8954 1 0
O 2 146 4133 6.0215 1.0875 -2.0839 0.0021 0.5850 0.4129 0.8931 78.3930 1 0
O 2 167 510 8.6109 7.0717 -2.0362 0.0124 0.2980 0.6896 6.8844 604.3096 1 1 37
O 2 245 3475 9.4190 1.2106 -2.0565 0.0014 0.7370 0.2616 1.2171 106.8328 1 0
O 2 253 1499 9.6179 2.9818 -2.0875 0.0019 0.7545 0.2436 3.0609 268.6846 1 0
O 2 261 1726 5.6713 0.9607 -1.8941 0.0032 0.4496 0.5472 0.9689 85.0523 1 0
O 2 263 1751 8.3609 1.1311 -1.9574 0.0011 0.7710 0.2279 1.1534 101.2424 1 0
O 2 267 4088 6.9716 0.8254 -1.9629 0.0010 0.7571 0.2419 0.8384 73.5921 1 0
O 2 276 1904 8.3004 1.6085 -1.9527 0.0020 0.7248 0.2731 1.5591 136.8560 1 1 127
O 2 281 523 7.0483 7.4237 -1.9785 0.0134 0.2858 0.7008 8.8838 779.8203 1 1 128
O 2 284 515 5.2677 3.8578 -1.9815 0.1059 0.0009 0.8933 0.8861 77.7847 0 0
O 2 291 1360 10.2478 2.1338 -1.9528 0.0015 0.8026 0.1959 2.1380 187.6726 1 0
O 2 293 1365 10.2779 2.1203 -1.9528 0.0019 0.7877 0.2104 2.1339 187.3112 1 0
O 2 298 3685 7.7172 1.0362 -1.9978 0.0008 0.7765 0.2227 1.0192 89.4681 1 0
O 2 303 238 6.9627 1.2038 -1.9630 0.0011 0.8021 0.1968 1.2469 109.4529 1 0
O 2 305 296 3.4710 1.3197 -1.8646 0.0051 0.6951 0.2998 1.2844 112.7478 1 0
O 2 309 371 7.5856 1.7803 -1.9140 0.0066 0.6811 0.3123 1.9276 169.2086 1 0
O 2 312 496 9.6298 2.7696 -1.8243 0.0052 0.5960 0.3988 2.5783 226.3210 1 1 41
O 2 316 14862 2.0411 1.2860 -1.7805 0.1904 0.0004 0.8092 0.8176 71.7713 0 0
O 2 322 548 4.9033 1.0375 -1.8440 0.1640 0.4553 0.3808 550.3672 48311.2500 1 0
O 2 345 1436 7.8260 1.1178 -1.8967 0.0035 0.7013 0.2952 1.2033 105.6292 1 0
O 2 349 114 4.7153 1.0325 -1.7707 0.0152 0.4374 0.5473 2.1192 186.0202 1 0
O 2 366 13511 10.8881 2.2341 -1.8936 0.0037 0.6693 0.3270 2.2529 197.7612 1 0
O 2 371 273 3.5762 1.3886 -1.8332 0.0042 0.7065 0.2893 1.6339 143.4269 1 0
O 2 386 1782 6.4349 1.1620 -1.7091 0.0204 0.0200 0.9596 0.9476 83.1793 1 0
O 2 387 14795 1.8245 1.7935 -1.7803 0.0401 0.0654 0.8945 0.6005 52.7103 0 0
O 2 407 1354 5.8844 1.3790 -1.7711 0.0518 0.0353 0.9129 1.2635 110.9062 0 0
O 2 419 14674 2.9815 0.8003 -1.7791 0.0400 0.0044 0.9556 0.9222 80.9538 0 0
O 2 437 138 4.3180 1.3983 -1.7005 0.2513 0.0008 0.7478 0.9848 86.4462 0 0
O 2 453 14783 1.5204 0.8420 -1.7800 0.7596 0.0737 0.1667 5.3188 466.8836 0 0
O 2 454 1785 1.4538 1.0563 -1.7094 0.0298 0.5986 0.3716 2.1811 191.4544 0 0
O 2 457 341 5.6942 0.9563 -1.6553 0.0052 0.5150 0.4798 1.3891 121.9368 1 0
O 2 466 1780 3.1694 1.0558 -1.7088 0.1912 0.2793 0.5295 0.8324 73.0673 0 0
O 2 468 1779 2.8665 1.0547 -1.6568 0.0336 0.0130 0.9534 0.7913 69.4615 0 0
O 2 471 399 6.4531 1.1307 -1.7091 0.0232 0.0205 0.9563 0.9451 82.9588 1 0
O 2 474 13544 7.1191 1.0095 -1.6555 0.0169 0.0441 0.9391 0.8641 75.8540 1 0
O 2 478 503 3.1207 1.0152 -1.7008 0.8439 0.0016 0.1545 0.7795 68.4211 0 0
O 2 485 2000 5.4557 0.9248 -1.7007 0.0026 0.6240 0.3734 0.9368 82.2341 1 0
O 2 495 14736 1.1973 1.1933 -1.6562 0.3864 0.2752 0.3384 55.4338 4865.9790 0 0
O 2 498 14734 2.0204 0.9461 -1.7004 0.0591 0.0018 0.9391 0.8407 73.7925 0 0
O 2 506 14353 1.3473 0.9101 -1.6477 0.0354 0.3464 0.6181 1.3714 120.3851 0 0
O 2 512 14750 0.0688 0.9613 -1.5958 0.8261 0.0604 0.1136 3.5975 315.7914 0 0
O 2 516 14808 2.6111 2.0059 -1.4015 0.6748 0.0001 0.3251 0.7911 69.4458 0 0
O 2 518 14389 2.6485 1.1442 -1.4490 0.5060 0.0006 0.4934 0.7159 62.8451 0 0
O 2 520 465 4.7351 0.8253 -1.5952 0.0092 0.6210 0.3698 0.6310 55.3891 1 0
O 2 521 14807 2.1547 5.9675 -1.4887 0.2334 0.0011 0.7654 1.4018 123.0533 0 0
O 2 523 13537 1.3412 0.8308 -1.5492 0.7261 0.0168 0.2571 1.3680 120.0833 0 0
O 2 526 13538 1.1997 0.8423 -1.5492 0.8323 0.0104 0.1574 1.1595 101.7842 0 0
O 2 530 14418 2.1651 0.8451 -1.5429 0.3351 0.0014 0.6635 0.5714 50.1535 0 0
O 2 538 14649 2.8097 1.5669 -1.6565 0.5209 0.0023 0.4769 0.7323 64.2835 0 0
O 2 549 13 6.6775 2.7894 -1.6489 0.0145 0.6471 0.3384 2.7496 241.3590 1 0
O 2 558 14704 0.4530 0.8482 -1.5426 0.4072 0.0019 0.5909 1.4192 124.5782 0 0
O 2 567 14303 0.9768 1.3104 -1.4952 0.7880 0.0000 0.2120 1.5499 136.0483 0 0
O 2 569 250 4.6743 0.8199 -1.6481 0.0043 0.5738 0.4218 0.9297 81.6114 1 0
O 2 576 14352 0.9156 3.7517 -1.5874 0.0137 0.6295 0.3567 0.7404 64.9940 0 0
O 2 579 178 -0.4431 0.7969 -1.6555 0.0082 0.6799 0.3120 1.9500 171.1680 0 0
O 2 584 14788 3.4246 0.8437 -1.4961 0.3140 0.0018 0.6842 0.5540 48.6277 0 0
O 2 587 14388 0.4876 1.1547 -1.4560 0.8445 0.0001 0.1555 1.8169 159.4867 0 0
O 2 599 14866 2.8515 0.8446 -1.5504 0.3114 0.3448 0.3438 31.1656 2735.7156 0 0
O 2 604 14430 2.1905 0.8320 -1.4962 0.0925 0.0288 0.8787 1.5471 135.8060 0 0
O 2 608 14870 1.8222 1.3126 -1.4957 0.8603 0.0013 0.1384 3.8288 336.0952 0 0
O 2 624 13498 4.8587 1.1315 -1.5503 0.0229 0.4747 0.5024 0.4956 43.5053 1 0
O 2 627 14049 1.9245 1.1003 -1.4960 0.1813 0.2346 0.5841 0.7840 68.8212 0 0
O 2 629 14267 3.7356 1.8352 -1.5503 0.2293 0.0029 0.7678 1.2318 108.1250 0 0
O 2 632 14673 -1.8977 2.5223 -1.4017 0.8422 0.0000 0.1578 0.8064 70.7895 0 0
O 2 636 13510 3.4702 1.0418 -1.5876 0.7283 0.0052 0.2666 0.7148 62.7471 0 0
O 2 637 14678 2.3473 6.2688 -1.4888 0.0557 0.0724 0.8719 1.0607 93.1066 0 0
O 2 642 12688 -2.7155 0.8589 -1.3733 0.6771 0.0001 0.3228 1.5262 133.9676 0 0
O 2 709 14879 2.5724 1.0905 -1.4957 0.4347 0.0032 0.5622 1.8223 159.9659 0 0
O 2 714 14416 5.8678 1.5182 -1.4558 0.0196 0.5326 0.4478 1.7662 155.0368 1 0
O 2 724 14431 2.8539 4.0446 -1.4884 0.0502 0.3654 0.5844 0.6158 54.0576 0 0
O 2 727 14328 3.7439 0.8629 -1.5504 0.0170 0.5487 0.4342 0.4257 37.3700 1 0
O 2 728 14745 -0.7783 2.6161 -1.3658 0.7409 0.0014 0.2578 1.8430 161.7828 0 0
O 2 730 14314 2.7674 0.8178 -1.4562 0.3019 0.0019 0.6962 1.0550 92.6075 0 0
O 2 731 14315 3.4310 0.8196 -1.4956 0.1257 0.0049 0.8694 0.9054 79.4756 0 0
O 2 734 14351 3.3914 1.0306 -1.4090 0.1672 0.0431 0.7896 0.8330 73.1174 0 0
O 2 737 1960 10.5990 2.1268 -2.4243 0.0082 0.6347 0.3571 2.1726 190.7141 1 0
O 2 738 4231 7.3321 1.9761 -2.4172 0.1159 0.4808 0.4033 7.0919 622.5253 1 0
O 2 745 1346 -0.7143 2.8392 -2.3974 0.4329 0.2775 0.2896 10.2500 899.7497 0 0
O 2 747 7537 4.5739 1.1665 -2.4242 0.5807 0.0366 0.3827 1.0380 91.1174 1 0
O 2 748 5847 10.1185 1.4163 -2.4201 0.0015 0.7729 0.2256 1.4095 123.7231 1 0
O 2 749 5973 8.4195 1.1241 -2.4168 0.0010 0.7935 0.2055 1.2336 108.2813 1 0
O 2 752 6060 7.7056 1.3647 -2.3698 0.0009 0.7747 0.2244 1.2608 110.6732 1 0
O 2 754 6064 8.8274 1.3360 -2.3698 0.0013 0.7715 0.2272 1.3320 116.9251 1 0
O 2 757 6063 7.7567 1.3732 -2.3702 0.0011 0.7930 0.2059 1.3783 120.9890 1 0
O 2 761 4095 10.5293 1.5461 -2.4005 0.0014 0.7565 0.2421 1.5896 139.5325 1 0
O 2 762 6238 10.3054 1.0595 -2.3650 0.0010 0.7789 0.2201 1.0658 93.5519 1 0
O 2 765 4160 5.6152 0.8870 -2.3179 0.0057 0.1110 0.8833 0.7617 66.8596 1 0
O 2 767 6251 9.1453 0.9187 -2.3179 0.0008 0.8169 0.1823 0.9491 83.3089 1 0
O 2 769 4202 9.3544 1.0672 -2.3259 0.0028 0.6421 0.3550 1.0926 95.9095 1 0
O 2 770 6250 9.4598 0.9207 -2.3179 0.0008 0.8148 0.1844 0.9369 82.2426 1 0
O 2 773 8360 10.2248 1.9951 -2.3879 0.0020 0.6193 0.3787 2.0079 176.2504 1 0
O 2 774 8361 10.0340 2.0340 -2.3868 0.0021 0.5706 0.4273 2.0127 176.6742 1 0
O 2 781 1350 9.5164 2.5181 -2.2881 0.0024 0.6879 0.3097 2.4737 217.1387 1 0
O 2 783 1351 9.8574 2.3943 -2.2895 0.0024 0.6908 0.3067 2.4132 211.8333 1 0
O 2 784 4331 -0.7769 1.0251 -2.3798 0.2164 0.0056 0.7780 2.6327 231.1002 0 0
O 2 787 14886 -0.5162 0.9163 -2.2818 0.0178 0.0160 0.9662 0.7592 66.6412 0 0
O 2 789 5686 7.9919 1.3645 -2.3707 0.0020 0.5410 0.4570 1.1400 100.0662 1 0
O 2 792 1530 10.3618 0.9130 -2.3099 0.0010 0.7927 0.2063 0.9176 80.5485 1 0
O 2 797 5766 8.4363 0.9280 -2.3099 0.0009 0.7985 0.2006 0.9705 85.1933 1 0
O 2 799 1699 9.3604 1.0063 -2.1832 0.0015 0.6768 0.3218 0.9990 87.6884 1 0
O 2 801 3909 10.8552 1.2410 -2.1871 0.0009 0.8153 0.1838 1.2390 108.7589 1 0
O 2 804 6170 9.4483 1.5752 -2.2416 0.0014 0.7086 0.2901 1.5161 133.0817 1 0
O 2 807 4120 7.3502 1.1790 -2.1771 0.0009 0.8118 0.1873 1.1537 101.2680 1 0
O 2 808 1821 -1.2807 0.9844 -2.1748 0.0055 0.1699 0.8247 0.8630 75.7532 0 0
O 2 809 2009 10.9545 3.3028 -2.1603 0.0064 0.6583 0.3353 3.3387 293.0714 1 0
O 2 812 1359 6.7787 0.8580 -2.2306 0.0019 0.6082 0.3899 0.8170 71.7129 1 0
O 2 813 1344 7.7909 0.8612 -2.1646 0.0012 0.7739 0.2249 0.8710 76.4571 1 0
O 2 817 1373 8.7994 1.0078 -2.1994 0.0021 0.5696 0.4283 1.0068 88.3785 1 0
O 2 818 1376 7.9857 1.0038 -2.1994 0.0020 0.6108 0.3872 0.9728 85.3915 1 0
O 2 819 5581 8.9750 1.1558 -2.2579 0.0012 0.7955 0.2033 1.1651 102.2695 1 0
O 2 820 14960 5.4386 5.6417 -2.1663 0.0075 0.0657 0.9267 1.1813 103.6906 0 0
O 2 823 14695 3.5495 1.4511 -2.1550 0.5165 0.0188 0.4647 1.6340 143.4310 0 0
O 2 824 1437 7.9817 0.9401 -2.2191 0.0010 0.7482 0.2508 0.9853 86.4873 1 0
O 2 825 1521 10.7189 1.3986 -2.2450 0.0011 0.8071 0.1918 1.4079 123.5868 1 0
O 2 832 4052 0.7731 1.1750 -2.0456 0.0055 0.2894 0.7052 0.8028 70.4663 0 0
O 2 847 3395 8.1154 1.7728 -2.1190 0.0019 0.7619 0.2362 1.8558 162.9014 1 0
O 2 852 1402 4.6145 1.7026 -2.1122 0.6357 0.0147 0.3495 1.6980 149.0491 1 0
O 2 853 3399 10.6005 1.7210 -2.1184 0.0023 0.6566 0.3411 1.7222 151.1777 1 0
O 2 855 5559 1.3389 1.6578 -2.1560 0.0025 0.5606 0.4369 0.8047 70.6398 0 0
O 2 864 5741 8.3000 0.9998 -2.1219 0.0012 0.7388 0.2601 1.0448 91.7099 1 0
O 2 870 3871 7.7709 1.0403 -1.9510 0.3339 0.3417 0.3244 16296.3408 1430493.2500 1 0
O 2 872 3836 10.4367 2.4874 -2.0066 0.0024 0.7489 0.2487 2.4633 216.2327 1 0
O 2 875 3798 7.9122 0.9201 -2.0376 0.0014 0.7761 0.2225 0.9281 81.4674 1 0
O 2 877 3804 7.9796 0.9157 -2.0376 0.0025 0.6582 0.3393 0.9129 80.1321 1 0
O 2 885 1749 3.7762 1.1258 -1.9424 0.0271 0.0322 0.9408 0.9649 84.6952 0 0
O 2 887 3993 8.8548 1.0781 -2.0305 0.0018 0.7359 0.2623 1.1157 97.9387 1 0
O 2 892 4054 7.7773 1.1698 -2.0430 0.0015 0.7801 0.2184 1.1564 101.5076 1 0
O 2 898 14996 6.8051 4.3887 -2.0407 0.0091 0.5141 0.4769 4.5658 400.7883 1 1 90
O 2 909 4180 9.0967 8.5449 -2.0404 0.0094 0.2966 0.6940 8.6466 758.9951 1 1 37
O 2 938 4144 5.9519 0.8428 -1.9991 0.0014 0.7490 0.2496 0.9171 80.5009 1 0
O 2 952 14813 4.6226 1.1747 -2.0192 0.8083 0.0041 0.1876 1.1387 99.9538 0 0
O 2 962 14397 5.7355 4.1710 -2.0407 0.6900 0.1818 0.1282 30431.1719 2671249.2500 0 0
O 2 973 1850 2.3256 1.1214 -1.9991 0.0935 0.0013 0.9051 0.8007 70.2895 0 0
O 2 1051 1897 2.0797 7.6616 -1.9518 0.0081 0.0926 0.8994 1.8874 165.6781 0 0
O 2 1059 14994 3.0388 2.2501 -1.9517 0.0296 0.2559 0.7144 1.4272 125.2820 0 0
O 2 1066 514 4.1033 3.7517 -1.9438 0.1205 0.0096 0.8699 2.3277 204.3215 0 0
O 2 1094 3476 8.1383 1.1947 -2.0608 0.0013 0.7871 0.2116 1.1981 105.1664 1 0
O 2 1099 1620 7.7693 1.0748 -1.9999 0.0020 0.6740 0.3240 1.0993 96.4932 1 0
O 2 1102 3924 4.2109 1.0226 -1.8787 0.0056 0.6166 0.3778 1.7167 150.6894 1 0
O 2 1103 1746 5.8958 1.1126 -1.9505 0.0041 0.5298 0.4661 1.3771 120.8849 1 0
O 2 1113 14991 2.7612 1.2650 -1.8788 0.2268 0.3575 0.4157 16.9611 1488.8436 0 0
O 2 1130 520 2.3304 8.2851 -1.9517 0.6320 0.0020 0.3660 0.7304 64.1147 1 1 38
O 2 1138 521 8.0824 7.9626 -1.9517 0.0123 0.3424 0.6453 7.1143 624.4920 1 1 38
O 2 1142 4251 8.1510 1.5030 -1.8714 0.0033 0.6927 0.3040 1.5536 136.3722 1 0
O 2 1147 1383 3.6827 2.0003 -1.9506 0.0266 0.5896 0.3838 5.2089 457.2331 1 0
O 2 1155 1523 2.4309 0.8133 -1.8792 0.2495 0.0001 0.7504 0.9051 79.4534 0 0
O 2 1157 1526 2.8350 0.8129 -1.8792 0.2719 0.0002 0.7279 0.8010 70.3082 0 0
O 2 1158 169 1.1282 0.8024 -1.9443 0.0237 0.0570 0.9193 1.6811 147.5667 0 0
O 2 1162 125 6.2917 1.3466 -1.9435 0.0133 0.5296 0.4571 0.9215 80.8919 1 0
O 2 1167 14970 2.4483 1.6267 -1.9504 0.7211 0.0114 0.2675 1.2405 108.8884 0 0
O 2 1180 297 4.4933 1.3381 -1.8719 0.0034 0.6961 0.3006 1.3369 117.3542 1 0
O 2 1183 14798 1.4253 3.3492 -1.7164 0.5665 0.0000 0.4334 1.0139 88.9974 0 0
O 2 1184 472 4.0299 0.8283 -1.8794 0.0040 0.6286 0.3674 1.3284 116.6049 1 0
O 2 1192 14825 3.7289 0.8915 -1.8228 0.1456 0.4611 0.3933 0.4946 43.4179 0 0
O 2 1198 494 8.3296 2.8471 -1.8164 0.0044 0.7384 0.2572 3.7134 325.9592 1 1 41
O 2 1205 14396 0.9486 4.5170 -1.8788 0.3094 0.1800 0.5106 6.3344 556.0338 0 0
O 2 1213 14851 6.3567 0.9956 -1.8712 0.4901 0.0894 0.4205 0.9985 87.6511 1 0
O 2 1214 14850 4.7865 0.9848 -1.8218 0.0122 0.4822 0.5056 1.7218 151.1403 1 0
O 2 1221 14848 3.8682 2.6423 -1.7610 0.3163 0.0025 0.6812 0.6934 60.8697 0 0
O 2 1223 14831 -1.8871 0.9389 -1.7103 0.3077 0.0002 0.6921 1.8741 164.5092 0 0
O 2 1224 1854 1.9167 0.9207 -1.7607 0.5766 0.0019 0.4215 0.7705 67.6351 0 0
O 2 1231 14690 1.9686 0.8011 -1.7091 0.6598 0.0000 0.3402 0.8478 74.4234 0 0
O 2 1233 14672 4.9082 2.9077 -1.8230 0.0663 0.0029 0.9308 1.3067 114.7012 1 0
O 2 1234 14670 3.4994 2.8414 -1.8227 0.8457 0.0009 0.1535 1.4239 124.9944 1 0
O 2 1235 14276 8.6493 2.2896 -1.8230 0.0062 0.7394 0.2544 2.2230 195.1356 1 0
O 2 1243 14300 2.0379 3.3936 -1.7547 0.1306 0.0204 0.8490 0.8928 78.3703 0 0
O 2 1244 14691 1.5750 4.5140 -1.7598 0.2284 0.0007 0.7709 0.7040 61.8010 0 0
O 2 1255 14716 3.1127 1.7081 -1.8702 0.6066 0.0053 0.3881 0.9303 81.6607 0 0
O 2 1257 1496 4.3351 1.0228 -1.8703 0.0020 0.7148 0.2833 1.1894 104.4070 1 0
O 2 1263 14727 2.7677 1.4912 -1.7102 0.4390 0.0013 0.5597 1.4189 124.5521 0 0
O 2 1269 1544 0.3711 0.8131 -1.7165 0.6558 0.0001 0.3441 0.8267 72.5658 0 0
O 2 1273 1696 -1.1288 1.1285 -1.7536 0.3595 0.0004 0.6401 0.7902 69.3652 0 0
O 2 1275 249 6.1445 1.8433 -1.8157 0.0086 0.7025 0.2888 3.4157 299.8327 1 0
O 2 1276 246 3.3404 1.8770 -1.8157 0.2168 0.0008 0.7823 0.8967 78.7145 1 0
O 2 1288 14766 -2.1120 1.0172 -1.7102 0.3641 0.0003 0.6356 0.9969 87.5069 0 0
O 2 1296 14968 0.6402 2.4657 -1.7605 0.1483 0.0007 0.8510 0.7064 62.0083 0 0
O 2 1302 1798 4.3804 0.8497 -1.7604 0.0043 0.6834 0.3123 1.6245 142.6026 1 0
O 2 1305 14392 -0.1863 1.8548 -1.7095 0.4718 0.2572 0.2710 2.5997 228.2060 0 0
O 2 1306 14402 2.0537 0.8798 -1.7164 0.0377 0.2680 0.6943 0.7125 62.5413 0 0
O 2 1326 14889 0.5489 1.0377 -1.7607 0.2183 0.4286 0.3531 2.5412 223.0706 0 0
O 2 1327 14253 2.7103 0.8743 -1.7163 0.1411 0.4857 0.3731 2.4680 216.6381 0 0
O 2 1328 14251 3.8387 0.9080 -1.7167 0.1537 0.0105 0.8358 0.8569 75.2201 0 0
O 2 1330 14650 -0.1626 1.6343 -1.6545 0.4920 0.0012 0.5068 1.6110 141.4120 0 0
O 2 1332 14677 0.8144 1.0468 -1.7099 0.7706 0.0328 0.1967 2.1911 192.3368 0 0
O 2 1334 14434 2.0504 1.4431 -1.7163 0.4625 0.0190 0.5185 1.3042 114.4826 0 0
O 2 1342 14274 0.7356 44.6350 -1.8166 0.8729 0.0136 0.1135 0.7948 69.7703 0 0
O 2 1348 13497 2.4121 1.0633 -1.8165 0.0330 0.4978 0.4692 0.8493 74.5546 0 0
O 2 1352 14681 1.9314 3.2986 -1.7547 0.0485 0.0131 0.9384 1.0286 90.2864 0 0
O 2 1357 14703 0.1155 2.0897 -1.7532 0.0087 0.6471 0.3443 5.4146 475.2933 0 0
O 2 1372 157 6.5262 2.3243 -1.7609 0.0111 0.3549 0.6340 2.8470 249.9066 1 0
O 2 1374 14661 0.0664 1.0263 -1.7104 0.3117 0.2457 0.4426 10.4181 914.5005 0 0
O 2 1376 14967 4.4275 0.8220 -1.7600 0.0126 0.6317 0.3557 3.2701 287.0525 0 0
O 2 1382 14343 0.6008 1.6036 -1.6610 0.5457 0.0001 0.4542 0.9358 82.1487 0 0
O 2 1385 14760 0.4346 1.9051 -1.7538 0.0209 0.3588 0.6202 5.6967 500.0604 0 0
O 2 1386 13529 1.7559 1.5219 -1.7101 0.6977 0.0011 0.3012 1.4721 129.2185 0 0
O 2 1390 14809 1.3617 2.2865 -1.7101 0.1017 0.3695 0.5288 378.7773 33249.0859 0 0
O 2 1391 14789 0.9821 2.9356 -1.6611 0.5215 0.0000 0.4785 0.8337 73.1792 0 0
O 2 1397 257 1.8353 1.1012 -1.7101 0.0118 0.5955 0.3927 2.0108 176.5037 0 0
O 2 1402 1781 5.8654 1.0551 -1.7101 0.0243 0.1492 0.8265 0.8902 78.1446 0 0
O 2 1411 14871 4.0732 1.4895 -1.7157 0.0112 0.5159 0.4728 0.9589 84.1716 0 0
O 2 1422 14647 3.3154 1.6040 -1.6545 0.2863 0.4215 0.2923 16.4758 1446.2456 0 0
O 2 1427 13547 2.0126 1.3261 -1.6541 0.3126 0.0212 0.6662 1.1704 102.7363 0 0
O 2 1437 2003 6.1877 0.8509 -1.7156 0.0086 0.6337 0.3577 0.8232 72.2627 1 0
O 2 1439 14284 0.2639 1.0961 -1.5683 0.5339 0.0015 0.4646 1.5776 138.4834 0 0
O 2 1442 1353 6.9734 1.2177 -1.7605 0.1469 0.4583 0.3948 92.1632 8090.0923 1 0
O 2 1446 14682 2.4461 2.2133 -1.5686 0.8811 0.0001 0.1189 2.0741 182.0655 0 0
O 2 1449 14710 1.1194 1.0472 -1.6606 0.1649 0.5382 0.2969 10.1674 892.4933 0 0
O 2 1455 14687 1.1090 0.8817 -1.6599 0.7726 0.0215 0.2059 1.6568 145.4336 0 0
O 2 1462 1644 2.4561 0.8546 -1.7104 0.0287 0.5963 0.3751 5.6727 497.9501 0 0
O 2 1477 14244 1.5635 1.1122 -1.6545 0.0695 0.0126 0.9179 0.9918 87.0574 0 0
O 2 1478 14859 6.3588 0.9128 -1.6172 0.3971 0.0008 0.6020 0.8517 74.7598 0 0
O 2 1481 1987 4.5515 1.2656 -1.6104 0.0232 0.6174 0.3594 19.5151 1713.0334 1 0
O 2 1483 14 6.2255 2.7971 -1.6612 0.0218 0.6192 0.3590 2.4322 213.5026 1 0
O 2 1496 148 3.6503 0.8853 -1.6172 0.1080 0.5076 0.3844 17.7854 1561.2040 1 0
O 2 1503 183 0.9214 0.8225 -1.6610 0.0144 0.6433 0.3424 2.0265 177.8855 0 0
O 2 1515 4097 10.9719 1.4912 -2.4003 0.0021 0.7215 0.2764 1.4845 130.3114 1 0
O 2 1516 6243 10.3822 1.0425 -2.3737 0.0012 0.7926 0.2062 1.0299 90.4055 1 0
O 2 1527 6325 11.3096 2.1043 -2.3836 0.0026 0.7217 0.2757 2.1029 184.5963 1 0
O 2 1529 14956 0.0347 28.2503 -2.3755 0.0179 0.0158 0.9663 0.9646 84.6761 0 0
O 2 1539 5689 9.3570 1.3910 -2.3727 0.0015 0.7992 0.1993 1.4208 124.7181 1 0
O 2 1540 5788 9.9200 1.1508 -2.4118 0.0012 0.7898 0.2091 1.1559 101.4689 1 0
O 2 1542 5787 10.6300 1.1520 -2.4118 0.0015 0.7422 0.2563 1.1741 103.0653 1 0
O 2 1543 7764 9.5079 1.5966 -2.4216 0.0029 0.7396 0.2575 1.7552 154.0713 1 0
O 2 1545 5974 9.7196 1.1221 -2.4212 0.0021 0.7474 0.2505 1.0593 92.9822 1 0
O 2 1546 5975 9.5629 1.1174 -2.4212 0.0011 0.8066 0.1923 1.0413 91.4050 1 0
O 2 1553 5440 10.5339 2.6788 -2.2856 0.0088 0.6308 0.3605 2.6452 232.1972 1 0
O 2 1554 3305 7.2961 2.8465 -2.2880 0.3865 0.2762 0.3373 9.9931 877.1916 1 0
O 2 1555 3302 11.2025 2.7608 -2.2856 0.0035 0.7211 0.2754 2.7356 240.1290 1 0
O 2 1560 1410 -0.9440 1.1033 -2.2831 0.0089 0.0449 0.9462 0.9339 81.9797 0 0
O 2 1561 1357 5.8063 0.8744 -2.2373 0.0017 0.6796 0.3187 0.8847 77.6615 1 0
O 2 1564 3327 8.6883 1.0215 -2.2033 0.0014 0.7461 0.2525 1.0185 89.4029 1 0
O 2 1570 1686 8.2292 1.1874 -2.1722 0.0022 0.7699 0.2278 1.2766 112.0618 1 0
O 2 1575 4105 -1.0556 2.5008 -2.1250 0.6188 0.0013 0.3799 1.5587 136.8186 0 0
O 2 1579 4260 4.6457 0.9888 -2.1229 0.0078 0.5393 0.4529 2.4147 211.9647 1 0
O 2 1586 3328 8.7628 1.0379 -2.2033 0.0011 0.7695 0.2294 1.0349 90.8423 1 0
O 2 1591 1403 9.1123 1.6306 -2.1249 0.0054 0.6780 0.3166 1.4482 127.1226 1 0
O 2 1594 5728 8.6046 0.9982 -2.1252 0.0020 0.6803 0.3178 1.0308 90.4819 1 0
O 2 1599 5870 10.4184 2.0372 -2.1939 0.0028 0.6911 0.3062 2.0251 177.7622 1 0
O 2 1605 3991 6.9185 1.0768 -2.0509 0.0059 0.6238 0.3703 0.8188 71.8715 1 0
O 2 1606 14381 -0.0037 0.9031 -2.0454 0.5801 0.0006 0.4193 2.6868 235.8441 0 0
O 2 1609 4067 9.1941 2.9599 -2.0519 0.0051 0.7525 0.2424 2.7571 242.0198 1 0
O 2 1620 1880 2.9967 7.0958 -2.0511 0.6564 0.0433 0.3003 3.1442 275.9983 1 1 37
O 2 1652 14876 3.6734 1.8626 -2.0453 0.1058 0.3944 0.4998 1.3484 118.3659 0 0
O 2 1667 4193 4.9631 6.7597 -1.9918 0.0575 0.6421 0.3004 6.8140 598.1332 0 0
O 2 1682 14394 2.9829 2.2233 -2.0456 0.0060 0.6522 0.3417 0.8584 75.3484 0 0
O 2 1691 4177 4.7634 8.3790 -2.0514 0.1111 0.0187 0.8702 1.0258 90.0443 0 0
O 2 1693 1881 5.8003 7.0897 -2.0516 0.0316 0.4275 0.5409 2.0038 175.8941 0 0
O 2 1734 4141 6.0891 1.0978 -2.0443 0.0333 0.0438 0.9229 1.0579 92.8635 0 0
O 2 1760 1882 7.8375 7.1472 -2.0511 0.0292 0.3951 0.5757 6.2699 550.3760 1 1 37
O 2 1773 1849 1.4989 1.1353 -2.0456 0.0682 0.0011 0.9307 0.7530 66.1007 0 0
O 2 1779 4318 7.8677 2.0613 -1.9922 0.0508 0.0268 0.9224 2.0654 181.2970 0 0
O 2 1781 14701 2.0415 1.4647 -2.0506 0.3700 0.1969 0.4330 27.4829 2412.4475 0 0
O 2 1783 14278 1.8639 2.7670 -2.0506 0.7142 0.0001 0.2857 1.8565 162.9671 0 0
O 2 1797 3521 4.6210 2.6620 -2.1241 0.1143 0.5068 0.3789 1.8240 160.1071 1 0
O 2 1800 3983 1.7899 1.1351 -1.9862 0.5923 0.0007 0.4070 1.2163 106.7666 0 0
O 2 1802 14756 2.0546 1.0442 -1.8812 0.6291 0.0001 0.3708 0.7910 69.4296 0 0
O 2 1803 14348 -1.5720 1.1036 -1.8812 0.7125 0.0001 0.2875 0.7288 63.9747 0 0
O 2 1806 3872 3.9487 1.0320 -1.9913 0.0243 0.5129 0.4627 0.5587 49.0397 0 0
O 2 1808 14341 -2.8078 0.9043 -1.8812 0.6956 0.0004 0.3040 2.3849 209.3497 0 0
O 2 1812 14349 -3.9427 1.4705 -1.8812 0.7997 0.0005 0.1998 2.2516 197.6482 0 0
O 2 1813 14762 6.7122 0.8834 -2.0448 0.0021 0.7199 0.2781 0.9994 87.7266 0 0
O 2 1816 3974 4.8100 1.1160 -1.9856 0.0101 0.6155 0.3743 0.6719 58.9804 1 0
O 2 1817 14787 3.8343 1.6990 -1.9856 0.0227 0.5652 0.4121 0.5891 51.7128 0 0
O 2 1824 4086 3.9008 0.8214 -1.9916 0.0250 0.5139 0.4611 0.5142 45.1363 1 0
O 2 1825 1814 3.3231 0.9078 -1.9220 0.4852 0.0364 0.4784 1.7462 153.2779 1 0
O 2 1874 4145 2.0434 0.8479 -1.9922 0.2229 0.0017 0.7754 0.7440 65.3053 0 0
O 2 1878 14410 -1.0785 8.4382 -2.0453 0.5770 0.0192 0.4038 0.2683 23.5513 0 0
O 2 1879 13531 -1.5923 0.9651 -2.0453 0.4308 0.1026 0.4666 0.4153 36.4592 0 0
O 2 1880 14993 -1.3087 5.3860 -2.0444 0.3736 0.0003 0.6262 0.8133 71.3959 0 0
O 2 1907 527 3.1300 1.6266 -1.9856 0.0181 0.5778 0.4040 0.7347 64.4931 0 0
O 2 1910 526 2.0641 1.6131 -1.9856 0.0377 0.3589 0.6035 0.4610 40.4668 0 0
O 2 1915 14413 -2.6178 1.0376 -1.8807 0.3387 0.0002 0.6611 1.0026 88.0125 0 0
O 2 1919 14420 -2.9351 0.9650 -1.8807 0.4213 0.0003 0.5784 0.8145 71.4949 0 0
O 2 1921 14846 -2.7170 1.2848 -1.8807 0.3761 0.0001 0.6238 1.1548 101.3651 0 0
O 2 1922 14847 4.0177 2.9114 -1.9233 0.3293 0.0662 0.6045 1.5136 132.8620 0 0
O 2 1963 1885 4.8285 2.5796 -2.0511 0.0418 0.6085 0.3497 1.4002 122.9124 0 0
O 2 1967 524 2.6631 7.1654 -1.9918 0.6214 0.2074 0.1712 16.8555 1479.5735 0 0
O 2 2038 4201 4.9956 1.0220 -1.9924 0.0052 0.6667 0.3281 1.8020 158.1754 1 0
O 2 2044 1382 8.5723 2.0083 -1.9287 0.0403 0.5678 0.3920 3.4716 304.7352 1 0
O 2 2045 1380 5.1907 1.9816 -1.9917 0.0541 0.6245 0.3214 1.0304 90.4449 1 0
O 2 2050 1387 5.1116 2.0058 -1.9917 0.1267 0.5432 0.3301 0.9472 83.1480 1 0
O 2 2052 1361 8.1776 2.0902 -1.9294 0.0313 0.4933 0.4753 2.4533 215.3531 1 0
O 2 2054 3415 6.7408 1.3483 -1.9924 0.0088 0.5732 0.4180 1.8641 163.6284 1 0
O 2 2056 14964 0.4596 1.5335 -1.8853 0.2882 0.0006 0.7112 1.0342 90.7820 0 0
O 2 2067 14971 -0.7024 2.2486 -1.9233 0.0680 0.1360 0.7960 18.3399 1609.8752 0 0
O 2 2068 14754 -0.0894 0.9218 -1.9860 0.3369 0.0014 0.6616 0.7611 66.8088 0 0
O 2 2070 14706 0.5089 1.3099 -1.9233 0.6757 0.0009 0.3234 1.8475 162.1736 0 0
O 2 2072 14751 -0.6827 1.1048 -1.9233 0.1916 0.0034 0.8050 0.8346 73.2639 0 0
O 2 2073 1625 4.2183 1.1629 -1.9854 0.0061 0.6426 0.3512 0.5482 48.1177 1 0
O 2 2077 14797 -1.1641 5.4368 -1.8297 0.5090 0.0034 0.4877 1.5531 136.3340 0 0
O 2 2082 14767 -0.8249 0.8565 -1.8299 0.1340 0.0025 0.8635 1.0590 92.9591 0 0
O 2 2102 1815 5.3742 0.9098 -1.9220 0.2173 0.0002 0.7826 0.7277 63.8755 0 0
O 2 2116 547 5.6971 1.0362 -1.8863 0.0538 0.0310 0.9152 0.6890 60.4840 0 0
O 2 2119 14411 4.8641 1.1527 -1.8804 0.0165 0.6064 0.3771 1.1520 101.1194 0 0
O 2 2125 15009 3.1416 0.9027 -1.8807 0.5325 0.0164 0.4511 6.2856 551.7458 0 0
O 2 2126 14812 1.6068 0.9386 -1.8807 0.0796 0.0039 0.9165 1.4909 130.8746 0 0
O 2 2135 1888 2.8466 3.6698 -1.9918 0.2566 0.2367 0.5068 1.0463 91.8426 0 0
O 2 2136 519 7.9832 8.5569 -1.9232 0.0677 0.3601 0.5722 9.6196 844.4045 1 1 38
O 2 2144 14849 2.0208 0.9885 -1.8804 0.3858 0.0224 0.5917 0.5928 52.0370 0 0
O 2 2151 4152 3.8733 0.8375 -1.9862 0.0186 0.5580 0.4235 0.4691 41.1752 1 0
O 2 2159 1856 3.3110 0.8401 -1.8853 0.1758 0.1725 0.6517 0.6636 58.2474 0 0
O 2 2164 15007 3.6580 0.7973 -1.8811 0.2992 0.0104 0.6905 0.6451 56.6268 0 0
O 2 2166 14666 3.1787 1.2296 -1.8864 0.3614 0.0055 0.6331 2.0122 176.6270 0 0
O 2 2169 1527 0.0700 1.2666 -1.9862 0.7241 0.0269 0.2490 0.4799 42.1295 0 0
O 2 2170 1529 3.4271 0.8176 -1.8807 0.6014 0.0002 0.3984 0.8454 74.2060 0 0
O 2 2172 14957 3.8040 2.1498 -1.8862 0.3081 0.0193 0.6727 3.6638 321.6091 0 0
O 2 2179 1480 7.4605 1.3933 -1.9231 0.0132 0.6334 0.3534 6.4999 570.5599 1 0
O 2 2182 1610 1.7683 0.8565 -1.8806 0.2968 0.3376 0.3656 1.8167 159.4709 0 0
O 2 2185 14966 -0.4245 0.9196 -1.9295 0.8070 0.0134 0.1796 2.0496 179.9120 0 0
O 2 2186 14965 5.2147 2.1110 -1.9233 0.6984 0.0021 0.2996 1.0224 89.7457 0 0
O 2 2189 14721 -2.3326 0.8814 -1.8242 0.8335 0.0052 0.1613 3.0907 271.3007 0 0
O 2 2198 3617 6.8684 0.8536 -1.9233 0.0611 0.1269 0.8120 5.6163 493.0018 0 0
O 2 2199 14726 -0.9052 1.1999 -1.9862 0.4258 0.1119 0.4623 1.5779 138.5051 0 0
O 2 2200 3989 3.3792 0.9423 -1.9228 0.6682 0.0018 0.3300 0.7752 68.0462 0 0
O 2 2203 271 6.8814 1.4139 -1.8290 0.0117 0.6137 0.3746 1.1878 104.2610 1 0
O 2 2205 14755 0.8111 1.8034 -1.8293 0.1979 0.2283 0.5739 4.2539 373.4084 0 0
O 2 2207 14338 1.4007 1.2144 -1.8293 0.5467 0.1688 0.2845 4.4326 389.0934 0 0
O 2 2208 14757 4.1023 0.9578 -1.8241 0.3514 0.0041 0.6444 0.8249 72.4080 0 0
O 2 2215 1730 1.8801 0.9526 -1.9233 0.4321 0.0054 0.5624 0.6755 59.2910 0 0
O 2 2217 14799 2.9966 0.9420 -1.8298 0.6473 0.1316 0.2211 7.9967 701.9545 0 0
O 2 2218 14378 5.1127 0.8940 -1.8295 0.0132 0.4364 0.5505 0.9264 81.3164 0 0
O 2 2221 14379 0.5978 2.9824 -1.7765 0.1861 0.0739 0.7400 1.9616 172.1867 0 0
O 2 2222 13539 5.6832 1.1072 -1.8286 0.6019 0.1707 0.2274 111.0221 9745.5254 0 0
O 2 2224 14988 3.9509 0.9917 -1.8865 0.0073 0.6735 0.3192 1.0611 93.1418 0 0
O 2 2238 14404 2.8279 2.0514 -1.7775 0.5373 0.0088 0.4539 0.5288 46.4221 0 0
O 2 2247 542 3.3076 0.9245 -1.8294 0.2156 0.1430 0.6414 6.7536 592.8290 0 0
O 2 2249 14892 4.4289 1.6037 -1.8808 0.0248 0.6558 0.3193 14.2459 1250.5049 0 0
O 2 2254 14688 -2.5085 0.7980 -1.7331 0.6820 0.0001 0.3180 2.4155 212.0320 0 0
O 2 2255 14311 -0.8491 0.8346 -1.7275 0.5206 0.0007 0.4787 0.6063 53.2195 0 0
O 2 2262 14963 3.7218 3.2780 -1.8244 0.4334 0.1331 0.4335 1.3808 121.2049 0 0
O 2 2265 14712 0.8594 4.6612 -1.8865 0.0065 0.5880 0.4054 1.4077 123.5714 0 0
O 2 2273 1678 5.0094 5.2489 -1.8811 0.0157 0.6126 0.3717 1.3920 122.1940 0 0
O 2 2274 1629 6.9689 1.8698 -1.8240 0.0213 0.4631 0.5155 1.3016 114.2511 1 0
O 2 2275 14771 -0.0754 1.0231 -1.7330 0.6656 0.0002 0.3342 1.6690 146.5078 0 0
O 2 2276 1695 1.2788 1.1416 -1.7829 0.3451 0.0009 0.6540 1.0658 93.5602 0 0
O 2 2281 248 3.9011 1.9007 -1.8233 0.3588 0.0001 0.6410 1.1010 96.6427 0 0
O 2 2290 1003 10.0686 0.9695 2.2694 0.0012 0.6940 0.3048 0.9797 85.9938 1 0
O 2 2294 5087 7.5960 0.9557 2.2054 0.0007 0.7804 0.2189 0.9682 84.9874 1 0
O 2 2298 1210 10.0398 1.9193 2.3403 0.0041 0.7367 0.2592 1.9378 170.0976 1 0
O 2 2299 3069 5.5672 1.6857 2.3403 0.0059 0.0982 0.8959 0.9282 81.4756 0 0
O 2 2302 5170 6.3234 1.7212 2.3403 0.3862 0.1445 0.4693 2.9106 255.4928 0 0
O 2 2305 1244 7.6401 1.6082 2.3162 0.0021 0.7782 0.2197 1.6313 143.1944 1 0
O 2 2306 1236 7.5214 1.6645 2.3147 0.0019 0.7809 0.2171 1.6562 145.3799 1 0
O 2 2308 1289 8.3058 1.0343 2.2310 0.0009 0.7718 0.2273 0.9575 84.0460 1 0
O 2 2309 1295 7.9834 1.2223 2.3229 0.0011 0.7975 0.2014 1.2340 108.3247 1 0
O 2 2312 4416 8.2668 0.9429 2.2693 0.0007 0.8268 0.1725 0.9163 80.4371 1 0
O 2 2313 2059 10.2056 2.7114 2.3422 0.0043 0.6841 0.3116 2.6739 234.7181 1 0
O 2 2314 659 6.8056 2.3857 2.3422 0.3639 0.2314 0.4047 9.5373 837.1853 1 0
O 2 2317 4445 5.5498 2.0380 2.3466 0.0042 0.7498 0.2460 2.7553 241.8643 1 0
O 2 2320 4452 6.8366 2.0726 2.3466 0.0035 0.7447 0.2518 2.5865 227.0427 1 0
O 2 2321 2161 5.4253 2.0581 2.3421 0.3127 0.2368 0.4505 13.6380 1197.1460 1 0
O 2 2324 4521 11.1678 1.2125 2.3717 0.0012 0.7820 0.2168 1.1990 105.2500 1 0
O 2 2325 4620 9.1434 1.7389 2.3702 0.0021 0.7398 0.2581 1.7576 154.2821 1 0
O 2 2326 6631 9.5195 1.8037 2.3695 0.0022 0.7353 0.2625 1.8044 158.3913 1 0
O 2 2335 2443 10.3439 1.4560 2.3059 0.0016 0.7821 0.2163 1.4552 127.7391 1 0
O 2 2337 6667 9.5497 1.0166 2.3269 0.0009 0.7661 0.2330 1.0467 91.8806 1 0
O 2 2339 14499 0.5095 6.4847 2.4084 0.0110 0.0265 0.9625 0.7797 68.4460 0 0
O 2 2341 859 0.4937 1.5857 2.3417 0.0058 0.0968 0.8974 0.7720 67.7669 0 0
O 2 2342 14915 0.1741 1.6909 2.3448 0.1717 0.2656 0.5627 1.9730 173.1942 0 0
O 2 2343 2643 8.4185 2.7443 2.2662 0.0048 0.6445 0.3507 2.7284 239.4970 1 0
O 2 2345 2744 3.4179 1.1123 2.2616 0.1281 0.0040 0.8679 1.0694 93.8760 0 0
O 2 2347 921 0.8662 1.8574 2.2616 0.4136 0.1085 0.4779 2.8030 246.0515 0 0
O 2 2348 923 6.0462 3.0654 2.2662 0.0061 0.0075 0.9864 1.6750 147.0355 1 0
O 2 2352 925 8.5942 3.0616 2.2662 0.0070 0.7376 0.2554 3.0946 271.6471 1 0
O 2 2354 2751 10.5334 1.1702 2.2199 0.0011 0.7943 0.2046 1.1693 102.6429 1 0
O 2 2358 2851 2.4526 1.5526 2.1138 0.3049 0.0016 0.6935 0.9059 79.5226 0 0
O 2 2372 2853 6.1711 1.5711 2.1326 0.0027 0.7850 0.2123 1.8556 162.8835 1 0
O 2 2375 1071 0.4002 1.4790 2.1017 0.2847 0.0004 0.7149 0.8606 75.5431 0 0
O 2 2380 1027 8.5955 1.3648 2.1812 0.0008 0.8119 0.1873 1.3149 115.4208 1 0
O 2 2381 5007 8.6504 1.0160 2.2191 0.0010 0.7993 0.1997 1.0438 91.6287 1 0
O 2 2387 5263 9.2943 1.0935 2.1399 0.0010 0.7809 0.2182 1.0825 95.0244 1 0
O 2 2391 1272 1.6668 2.0220 2.1232 0.0047 0.1315 0.8639 0.8203 72.0022 0 0
O 2 2399 14453 9.7725 1.3147 2.1025 0.0010 0.7523 0.2468 1.3224 116.0804 1 0
O 2 2400 2226 9.6205 0.9548 2.1735 0.0008 0.8110 0.1882 0.9727 85.3880 1 0
O 2 2401 2245 10.0218 0.9425 2.1751 0.0008 0.8176 0.1816 0.9442 82.8788 1 0
O 2 2402 2295 8.2290 1.3756 2.1728 0.0011 0.7500 0.2489 1.2349 108.3992 1 0
O 2 2403 4547 4.0010 2.3238 2.1774 0.5260 0.0319 0.4421 2.2036 193.4348 1 0
O 2 2406 748 4.7128 1.4250 2.1728 0.7615 0.1285 0.1100 61.1820 5370.5596 1 0
O 2 2410 799 9.1655 1.6488 2.2091 0.0025 0.7691 0.2283 1.7664 155.0530 1 0
O 2 2411 802 10.1080 1.6546 2.2105 0.0022 0.7708 0.2270 1.6891 148.2662 1 0
O 2 2414 836 9.2914 0.8292 2.1637 0.0008 0.8099 0.1893 0.8153 71.5644 1 0
O 2 2415 844 10.8580 1.3620 2.2111 0.0011 0.7718 0.2272 1.3719 120.4244 1 0
O 2 2417 4655 6.3922 1.4833 2.1959 0.0012 0.7635 0.2353 1.6371 143.7007 1 0
O 2 2419 904 11.2615 2.5650 2.1865 0.0059 0.7602 0.2339 2.5815 226.6071 1 0
O 2 2420 14494 3.4521 1.2285 2.1622 0.0955 0.1769 0.7276 6.6474 583.5074 0 0
O 2 2421 877 8.5791 2.4587 2.2190 0.0016 0.7695 0.2288 2.4194 212.3770 1 0
O 2 2423 2591 3.0948 1.4449 2.1622 0.5273 0.0595 0.4132 1.3435 117.9337 1 0
O 2 2437 2723 7.6351 1.2587 2.1646 0.0114 0.4161 0.5724 1.5933 139.8609 1 0
O 2 2438 962 9.0771 1.3924 2.1646 0.0026 0.6278 0.3696 1.4166 124.3505 1 0
O 2 2440 1017 7.6328 1.1444 2.0776 0.0059 0.1022 0.8919 1.0433 91.5802 1 0
O 2 2441 2826 8.5408 1.2343 2.0776 0.0012 0.7596 0.2392 1.2005 105.3785 1 0
O 2 2442 14944 1.3685 2.7209 2.0962 0.0228 0.0087 0.9685 0.8402 73.7568 0 0
O 2 2443 14582 1.4157 1.0546 2.0962 0.0209 0.0099 0.9692 0.8681 76.2003 0 0
O 2 2444 1152 9.2835 1.6282 2.0803 0.0019 0.7951 0.2031 1.6836 147.7892 1 0
O 2 2445 393 8.6247 3.5537 2.0450 0.0174 0.5672 0.4155 3.5949 315.5593 1 0
O 2 2446 3123 9.1082 0.9222 2.0623 0.0012 0.7348 0.2640 0.9206 80.8128 1 0
O 2 2450 1248 0.7410 1.0392 2.0623 0.0382 0.0045 0.9574 2.8367 249.0055 0 0
O 2 2452 3125 9.0693 0.9275 2.0623 0.0011 0.7438 0.2552 0.9300 81.6334 1 0
O 2 2463 2303 9.2261 2.2813 2.0367 0.0017 0.8355 0.1629 2.3777 208.7139 1 0
O 2 2468 811 8.4458 0.8709 2.1053 0.0008 0.8178 0.1814 0.8585 75.3568 1 0
O 2 2469 2416 7.1030 0.9221 2.0966 0.0022 0.5906 0.4072 0.8782 77.0841 1 0
O 2 2481 2322 6.7041 1.0208 1.8879 0.0013 0.7439 0.2548 1.0818 94.9593 1 0
O 2 2484 151 9.3557 1.2269 1.9328 0.0017 0.7318 0.2665 1.2277 107.7703 1 0
O 2 2485 973 9.2273 2.0522 1.8830 0.0026 0.7365 0.2609 2.0571 180.5681 1 0
O 2 2486 2731 8.2760 1.9372 1.8830 0.0026 0.6366 0.3608 1.8603 163.2952 1 0
O 2 2487 970 8.6615 2.0853 1.8830 0.0035 0.7153 0.2812 2.1184 185.9567 1 0
O 2 2505 13466 7.8057 1.6754 1.8176 0.0065 0.3962 0.5973 1.6004 140.4851 1 0
O 2 2525 351 7.9755 1.2212 1.9146 0.0028 0.5964 0.4009 1.1218 98.4725 1 0
O 2 2533 679 9.6270 1.1967 1.8679 0.0014 0.7272 0.2713 1.1990 105.2448 1 0
O 2 2534 674 9.5954 1.1991 1.8678 0.0014 0.7270 0.2715 1.2008 105.4074 1 0
O 2 2535 2111 9.0883 1.2136 1.8679 0.0012 0.7202 0.2786 1.2251 107.5396 1 0
O 2 2539 708 6.9660 1.2017 1.7804 0.0175 0.0405 0.9420 1.3426 117.8507 1 0
O 2 2543 704 6.2856 1.2051 1.7805 0.0078 0.5194 0.4728 1.9056 167.2708 1 0
O 2 2544 14075 1.3804 2.0760 1.7804 0.2366 0.2164 0.5470 34.3019 3011.0261 0 0
O 2 2549 2324 7.9158 0.9332 1.8634 0.0024 0.5895 0.4080 0.9816 86.1620 1 0
O 2 2567 14150 7.4818 1.3672 1.8335 0.0021 0.7836 0.2143 1.4515 127.4111 1 0
O 2 2579 1062 5.5217 1.7730 1.7794 0.0065 0.5079 0.4856 2.4732 217.0938 1 0
O 2 2606 1114 6.2824 3.0528 1.7794 0.0364 0.0084 0.9552 1.5077 132.3420 0 0
O 2 2627 14221 1.6923 1.9511 1.7006 0.0301 0.0021 0.9677 1.0292 90.3405 0 0
O 2 2629 14639 5.1159 1.4781 1.7797 0.0626 0.0136 0.9239 0.7339 64.4174 0 0
O 2 2632 667 5.4535 1.3333 1.7712 0.0111 0.6744 0.3146 3.6178 317.5673 1 0
O 2 2633 666 5.6607 1.3336 1.7713 0.0046 0.6699 0.3255 2.3793 208.8516 1 0
O 2 2634 14080 0.0503 2.3192 1.7804 0.4507 0.0227 0.5267 3.5481 311.4505 0 0
O 2 2636 14092 0.5507 1.0508 1.7806 0.0135 0.5230 0.4634 0.8984 78.8576 0 0
O 2 2681 13486 2.5083 1.6184 1.6493 0.0276 0.6414 0.3310 3.0020 263.5162 0 0
O 2 2685 14440 1.4903 3.3355 1.5949 0.2934 0.0018 0.7047 1.1711 102.7958 0 0
O 2 2687 578 4.9073 1.7421 1.6493 0.3332 0.0005 0.6663 1.3117 115.1432 0 0
O 2 2691 97 7.3361 2.7785 1.6482 0.0089 0.6816 0.3095 4.4705 392.4227 1 0
O 2 2704 14921 1.9569 1.4996 1.7007 0.0051 0.5796 0.4153 1.2914 113.3574 0 0
O 2 2715 451 2.4760 0.8480 1.5426 0.6366 0.0657 0.2977 39.7262 3487.1709 0 0
O 2 2717 14191 -0.0332 0.8085 1.5960 0.1439 0.2303 0.6258 0.8126 71.3271 0 0
O 2 2740 580 1.0200 1.7093 1.5496 0.3766 0.0959 0.5275 2.5249 221.6315 0 0
O 2 2741 14233 5.4814 1.7693 1.5961 0.0219 0.5994 0.3787 1.1251 98.7619 1 0
O 2 2744 14229 3.0818 1.8012 1.5962 0.1017 0.0327 0.8657 0.5573 48.9242 0 0
O 2 2746 631 5.6953 1.1418 1.6568 0.0065 0.6405 0.3530 0.7465 65.5274 1 0
O 2 2748 12503 0.9969 0.8765 1.5422 0.2664 0.0034 0.7302 0.8671 76.1131 0 0
O 2 2753 14495 1.2654 2.2182 1.4889 0.6517 0.0000 0.3483 1.5523 136.2616 0 0
O 2 2763 862 3.1129 0.8691 1.5493 0.5502 0.0007 0.4492 0.5384 47.2639 0 0
O 2 2766 864 3.1176 0.8729 1.5954 0.4344 0.0179 0.5477 1.3061 114.6454 0 0
O 2 2768 14549 2.1231 1.7826 1.5421 0.0117 0.5971 0.3911 0.5454 47.8786 0 0
O 2 2769 14136 1.5161 0.8451 1.5424 0.8570 0.0000 0.1430 1.1461 100.6065 0 0
O 2 2788 1291 2.2575 1.1848 1.5873 0.0086 0.5455 0.4460 1.0026 88.0089 0 0
O 2 2793 573 5.5069 0.8036 1.5887 0.0150 0.4493 0.5357 0.8727 76.6084 1 0
O 2 2800 14610 2.8663 0.8798 1.4960 0.3184 0.0004 0.6812 0.8212 72.0819 0 0
O 2 2802 14239 -4.7301 1.4137 1.6568 0.8606 0.0066 0.1328 1.1716 102.8404 0 0
O 2 2808 14608 0.5797 1.0215 1.5429 0.0213 0.6491 0.3296 435.0385 38187.6914 0 0
O 2 2818 14464 1.3930 16.6284 1.5885 0.0906 0.0244 0.8850 0.7931 69.6184 0 0
O 2 2825 13447 -0.2315 1.2295 1.5499 0.2471 0.0492 0.7037 3.5166 308.6903 0 0
O 2 2828 14164 0.4768 1.0596 1.5952 0.7776 0.0909 0.1316 3.0785 270.2301 0 0
O 2 2832 14516 1.1743 0.9910 1.4485 0.0320 0.4841 0.4839 3.5349 310.2963 0 0
O 2 2835 14035 2.5882 0.8915 1.4951 0.0120 0.6040 0.3840 1.0423 91.4942 0 0
O 2 2839 13462 0.8790 1.0644 1.4013 0.6511 0.0007 0.3482 0.5890 51.6990 0 0
O 2 2844 14039 2.1608 1.0055 1.4019 0.6716 0.0008 0.3276 1.9191 168.4610 0 0
O 2 2847 322 2.3996 1.1667 1.4885 0.7037 0.1273 0.1690 1.6591 145.6376 0 0
O 2 2853 14199 1.6880 2.0120 1.4561 0.0520 0.4763 0.4717 2.6824 235.4635 0 0
O 2 2875 14217 3.9106 1.5042 1.4962 0.0160 0.6105 0.3735 24.0892 2114.5493 0 0
O 2 2882 13420 0.2312 0.9023 1.5422 0.0127 0.5997 0.3876 0.7873 69.1050 0 0
O 2 2884 14031 3.8378 0.9788 1.4889 0.0197 0.5157 0.4646 0.5498 48.2603 1 0
O 2 2887 14473 1.8806 1.0345 1.4087 0.6344 0.0050 0.3606 2.7084 237.7432 0 0
O 2 2895 14537 2.3215 0.9875 1.4015 0.2968 0.0495 0.6537 2.5376 222.7514 0 0
O 2 2896 13456 3.3658 0.8106 1.4962 0.0258 0.5003 0.4739 0.5261 46.1786 0 0
O 2 2905 3090 10.8486 2.9434 2.3830 0.0035 0.5614 0.4352 2.9651 260.2808 1 0
O 2 2906 3093 11.2757 2.8958 2.3841 0.0033 0.5754 0.4213 2.8927 253.9222 1 0
O 2 2907 4493 8.2229 0.9523 2.4082 0.0008 0.8171 0.1821 0.9571 84.0157 1 0
O 2 2908 1002 10.3056 0.9939 2.2784 0.0013 0.8024 0.1963 0.9961 87.4374 1 0
O 2 2909 4928 1.8919 1.8066 2.2915 0.0351 0.1414 0.8236 1.4323 125.7256 0 0
O 2 2913 2920 8.5267 1.9303 2.2991 0.0016 0.7623 0.2362 1.8297 160.6125 1 0
O 2 2916 14193 0.5653 1.0942 2.3115 0.4967 0.0193 0.4839 0.5192 45.5792 0 0
O 2 2918 3040 9.9129 1.4057 2.2724 0.0010 0.8010 0.1979 1.4312 125.6264 1 0
O 2 2919 14190 0.7757 1.2230 2.3450 0.0828 0.0003 0.9169 0.8521 74.7995 0 0
O 2 2920 3066 1.5065 1.6608 2.3352 0.0129 0.4599 0.5272 1.0570 92.7824 0 0
O 2 2921 3063 4.3681 1.7138 2.3450 0.6767 0.0647 0.2587 3.2283 283.3846 1 0
O 2 2924 3062 6.1821 1.8070 2.3450 0.6672 0.1092 0.2236 33.9263 2978.0479 1 0
O 2 2925 3091 11.0312 2.9297 2.3830 0.0031 0.6259 0.3710 2.9261 256.8528 1 0
O 2 2927 5229 4.4659 1.3936 2.3185 0.0024 0.7543 0.2433 1.6781 147.3001 1 0
O 2 2930 5230 9.7820 1.3595 2.3185 0.0017 0.6962 0.3021 1.3572 119.1310 1 0
O 2 2931 3102 9.5415 1.4071 2.3185 0.0012 0.7722 0.2266 1.4047 123.3029 1 0
O 2 2934 4415 7.7895 0.9472 2.2743 0.0012 0.7661 0.2327 0.9626 84.4954 1 0
O 2 2938 4446 8.2672 2.0801 2.3518 0.0029 0.7324 0.2648 2.1768 191.0807 1 0
O 2 2939 2247 10.3120 1.2836 2.3747 0.0009 0.8139 0.1851 1.2857 112.8607 1 0
O 2 2942 2251 10.4854 1.2769 2.3762 0.0012 0.7992 0.1996 1.2698 111.4602 1 0
O 2 2943 4516 1.9030 1.2287 2.4082 0.0033 0.6575 0.3391 1.1759 103.2170 0 0
O 2 2953 6666 9.5121 1.0131 2.3251 0.0012 0.7283 0.2705 1.0358 90.9245 1 0
O 2 2954 2423 9.9281 0.9687 2.3275 0.0010 0.7544 0.2446 0.9778 85.8342 1 0
O 2 2956 2384 6.4297 0.8604 2.3072 0.0009 0.7887 0.2104 0.9476 83.1840 1 0
O 2 2960 14920 0.7421 5.5143 2.3509 0.0010 0.7613 0.2377 0.8729 76.6211 0 0
O 2 2962 2636 10.9153 2.8725 2.2670 0.0045 0.7125 0.2830 2.8864 253.3659 1 0
O 2 2963 2630 5.6830 1.7124 2.3198 0.5622 0.0985 0.3393 3.5936 315.4433 0 0
O 2 2965 2803 10.3138 1.0044 2.2784 0.0016 0.7794 0.2191 1.0096 88.6266 1 0
O 2 2966 14575 1.4252 1.1790 2.2351 0.0030 0.6406 0.3564 1.3730 120.5244 1 1 27
O 2 2969 5090 7.0211 0.9628 2.2054 0.0009 0.7759 0.2232 0.9932 87.1797 1 0
O 2 2971 1168 8.2876 1.6520 2.1835 0.0119 0.5182 0.4699 1.7117 150.2504 1 0
O 2 2972 1173 7.1898 0.9202 2.2054 0.0012 0.7324 0.2665 0.9420 82.6892 1 0
O 2 2976 3142 9.2509 1.0907 2.1446 0.0010 0.7998 0.1992 1.0571 92.7927 1 0
O 2 2981 3210 10.2440 1.1529 2.2032 0.0016 0.7151 0.2833 1.1478 100.7512 1 0
O 2 2982 5337 7.9599 1.0272 2.2030 0.0009 0.8141 0.1849 0.9723 85.3469 1 0
O 2 2983 3238 6.8754 1.0344 2.2030 0.0118 0.0565 0.9318 0.8478 74.4177 1 0
O 2 2990 2225 9.1868 0.9521 2.1791 0.0009 0.8104 0.1887 0.9691 85.0652 1 0
O 2 2994 2387 10.7003 1.6051 2.2124 0.0013 0.7159 0.2828 1.6043 140.8224 1 0
O 2 2995 2463 8.0743 0.8785 2.1730 0.0012 0.7955 0.2034 0.8860 77.7712 1 0
O 2 2997 4693 6.1237 1.3971 2.2161 0.0042 0.5602 0.4356 1.4600 128.1602 1 0
O 2 2998 2472 10.2249 1.3386 2.2161 0.0009 0.8245 0.1746 1.3343 117.1234 1 0
O 2 3005 4745 4.0138 2.2057 2.1869 0.0014 0.7227 0.2758 0.8552 75.0688 0 0
O 2 3006 2647 10.3894 2.9392 2.2670 0.0046 0.7273 0.2681 2.9465 258.6438 1 0
O 2 3007 14502 4.8207 1.1763 2.2670 0.6727 0.0242 0.3031 1.0388 91.1834 0 0
O 2 3012 1066 7.8494 1.5158 2.1353 0.0024 0.7349 0.2627 1.7913 157.2365 1 0
O 2 3015 2905 1.0882 2.1282 2.0936 0.0428 0.0017 0.9555 0.8973 78.7692 0 0
O 2 3016 2857 8.2865 1.5757 2.1362 0.0018 0.7720 0.2262 1.7212 151.0877 1 0
O 2 3025 3154 10.2384 1.8967 2.1169 0.0025 0.7399 0.2576 1.9057 167.2791 1 0
O 2 3028 15049 -1.0055 1.0586 2.1585 0.6404 0.1176 0.2420 2.4786 217.5738 0 0
O 2 3029 3230 8.7690 1.4449 2.1527 0.0018 0.7396 0.2586 1.4540 127.6298 1 0
O 2 3031 2137 8.9688 1.2512 2.1018 0.0051 0.2689 0.7260 1.2557 110.2219 1 0
O 2 3032 681 8.8168 1.2372 2.1018 0.0013 0.7389 0.2598 1.2418 109.0018 1 0
O 2 3046 4937 -0.2402 1.0309 2.1478 0.0129 0.6230 0.3642 3.3163 291.1083 0 0
O 2 3051 2944 8.9060 3.4114 2.0522 0.0106 0.5695 0.4200 3.4075 299.1082 1 0
O 2 3053 13475 0.8383 5.4774 2.0217 0.0100 0.0854 0.9046 0.8711 76.4614 0 0
O 2 3057 14213 1.2424 0.8432 1.9518 0.0356 0.0118 0.9526 0.9175 80.5380 0 0
O 2 3059 24 8.9310 0.8381 1.9903 0.0027 0.6905 0.3068 0.8373 73.4945 1 0
O 2 3060 14894 5.8051 2.1203 1.9518 0.0079 0.6342 0.3579 2.2341 196.1120 0 0
O 2 3061 13423 2.4208 0.7947 2.0302 0.0017 0.7380 0.2603 0.8783 77.0931 1 0
O 2 3063 2304 9.6306 2.2536 2.0407 0.0021 0.6758 0.3221 2.1889 192.1425 1 0
O 2 3067 810 7.8510 0.9558 2.0339 0.0014 0.7689 0.2297 1.0127 88.8987 1 0
O 2 3069 2730 6.9903 1.9344 1.8774 0.0357 0.0054 0.9589 0.8906 78.1802 1 0
O 2 3073 1200 6.8725 1.4017 1.8778 0.0313 0.0222 0.9464 1.2653 111.0705 1 0
O 2 3079 14603 0.7423 4.7433 1.8212 0.2231 0.0005 0.7764 0.6656 58.4265 0 0
O 2 3082 671 8.9105 1.1998 1.8709 0.0033 0.6491 0.3476 1.1406 100.1223 1 0
O 2 3083 14242 0.2667 1.1227 1.7547 0.6308 0.0001 0.3690 1.0232 89.8198 0 0
O 2 3084 14243 -1.9130 1.5851 1.7542 0.7406 0.0000 0.2593 2.5361 222.6183 0 0
O 2 3086 698 6.5117 0.8243 1.9423 0.0015 0.7331 0.2654 0.8672 76.1214 1 0
O 2 3089 711 3.3863 0.9047 1.9501 0.1997 0.3793 0.4210 1.3746 120.6650 1 0
O 2 3115 14153 -2.0643 1.5466 1.6548 0.6738 0.0000 0.3262 1.0025 88.0035 0 0
O 2 3124 1013 4.5557 1.2230 1.8230 0.7154 0.0720 0.2126 2.3352 204.9816 1 0
O 2 3126 987 3.6736 1.5862 1.8165 0.5696 0.0005 0.4299 1.2681 111.3153 0 0
O 2 3129 458 4.1774 0.9042 1.7610 0.8101 0.0008 0.1891 0.8289 72.7617 0 0
O 2 3131 1061 7.0254 1.7764 1.8227 0.5152 0.2762 0.2085 1.6647 146.1293 0 0
O 2 3137 14572 1.2338 1.2721 1.7164 0.4790 0.0349 0.4861 3.6204 317.7953 0 0
O 2 3148 1021 5.9807 1.4620 1.8218 0.1598 0.0442 0.7960 0.6336 55.6173 0 0
O 2 3153 14162 0.6971 0.8606 1.7605 0.7985 0.0005 0.2010 1.0468 91.8871 0 0
O 2 3165 1202 7.1081 1.3960 1.8778 0.0301 0.0229 0.9470 1.2873 112.9978 1 0
O 2 3172 13482 2.4866 0.9512 1.7162 0.7354 0.0001 0.2645 0.9089 79.7835 0 0
O 2 3173 677 2.8686 1.1994 1.8709 0.6511 0.1736 0.1753 18.5729 1630.3280 1 0
O 2 3175 668 3.4161 1.2000 1.8779 0.0144 0.1488 0.8369 1.3433 117.9182 0 0
O 2 3178 14241 -1.4807 3.0980 1.7160 0.5777 0.0015 0.4208 1.9152 168.1137 0 0
O 2 3181 709 6.2506 1.1989 1.8221 0.4296 0.2165 0.3539 0.7390 64.8695 1 0
O 2 3183 13421 2.3012 2.0775 1.7542 0.3555 0.0008 0.6437 0.7037 61.7714 0 0
O 2 3187 131 -0.9493 0.8109 1.7608 0.8124 0.0217 0.1659 1.7270 151.5922 0 0
O 2 3189 754 7.4412 2.2770 1.8213 0.0155 0.2958 0.6887 3.0999 272.1064 1 0
O 2 3194 14471 1.2534 0.8183 1.8792 0.3195 0.0010 0.6795 0.8415 73.8637 0 0
O 2 3205 771 2.8447 1.0802 1.8791 0.0276 0.4237 0.5487 1.4494 127.2298 0 0
O 2 3208 840 7.7686 1.0477 1.8214 0.0032 0.6970 0.2998 1.2652 111.0636 1 0
O 2 3214 14521 1.9408 1.2943 1.8717 0.3732 0.1552 0.4716 2.2249 195.3036 0 0
O 2 3216 919 6.6693 0.9729 1.8219 0.0056 0.6580 0.3364 1.5143 132.9291 1 0
O 2 3234 14518 4.3779 0.9390 1.8165 0.6232 0.1131 0.2637 1.5266 134.0056 0 0
O 2 3246 14594 4.2687 1.2785 1.7603 0.0858 0.0084 0.9057 1.4452 126.8572 0 0
O 2 3251 337 6.1786 1.8712 1.8227 0.3425 0.3850 0.2724 1.4764 129.6022 0 0
O 2 3263 582 5.8977 1.2763 1.8161 0.0228 0.5276 0.4495 0.6419 56.3467 1 0
O 2 3264 14644 2.5091 1.4089 1.7543 0.0365 0.2823 0.6812 15.1751 1332.0712 0 0
O 2 3267 14627 4.4092 2.2154 1.7597 0.3461 0.0050 0.6490 2.0894 183.4109 0 0
O 2 3270 665 3.8234 0.8361 1.7162 0.3533 0.0052 0.6415 0.6695 58.7719 0 0
O 2 3273 14640 5.6156 1.4608 1.7543 0.1056 0.0082 0.8862 1.4785 129.7843 0 0
O 2 3275 132 0.0859 0.8071 1.7547 0.0794 0.0217 0.8989 1.9007 166.8474 0 0
O 2 3279 51 6.2698 1.3525 1.8166 0.4246 0.2153 0.3601 0.8904 78.1561 1 0
O 2 3284 710 6.2429 1.2037 1.8221 0.4592 0.1919 0.3489 0.7279 63.8955 1 0
O 2 3291 134 0.3234 0.8060 1.7609 0.0881 0.0067 0.9052 1.2023 105.5408 0 0
O 2 3299 14458 0.3767 0.9668 1.7167 0.1099 0.0206 0.8695 0.7754 68.0679 0 0
O 2 3302 833 4.5751 0.9151 1.7544 0.0073 0.5706 0.4221 1.6966 148.9306 1 0
O 2 3311 14111 1.5386 0.8713 1.7606 0.6773 0.1548 0.1679 3.3727 296.0549 0 0
O 2 3313 14489 0.6029 0.9554 1.7162 0.5118 0.0002 0.4880 0.8116 71.2444 0 0
O 2 3333 14509 1.4648 16.0365 1.8228 0.5997 0.1816 0.2187 2.4764 217.3807 0 0
O 2 3337 834 4.2908 0.9174 1.7544 0.1484 0.0188 0.8328 0.7188 63.0958 0 0
O 2 3344 909 3.1827 0.9577 1.7605 0.0885 0.1328 0.7787 1.3229 116.1202 1 0
O 2 3347 908 4.5571 0.9600 1.8225 0.0210 0.4460 0.5330 0.4656 40.8696 1 0
O 2 3356 14517 1.6652 1.9045 1.7607 0.4609 0.0002 0.5390 1.1846 103.9856 0 0
O 2 3357 14568 3.7714 1.0235 1.6547 0.2968 0.0042 0.6991 0.5720 50.2071 0 0
O 2 3358 13453 2.4358 1.9595 1.6105 0.3239 0.0004 0.6757 0.7266 63.7790 0 0
O 2 3363 14161 2.3301 1.6479 1.6173 0.6977 0.0400 0.2623 2.8728 252.1773 0 0
O 2 3376 14198 2.1096 0.9749 1.6548 0.1791 0.0234 0.7975 0.7172 62.9530 0 0
O 2 3378 1286 0.8805 0.8662 1.6603 0.4064 0.0023 0.5913 0.6290 55.2147 0 0
O 2 3379 387 -0.2268 1.5765 1.7610 0.4693 0.1853 0.3454 1.3719 120.4219 0 0
O 2 3392 456 6.9430 1.3650 1.7167 0.5400 0.2086 0.2513 2.9635 260.1334 0 0
O 2 3402 14443 1.8313 1.5119 1.6609 0.3308 0.0492 0.6200 0.6124 53.7591 0 0
O 2 3405 10 4.1177 1.1669 1.6543 0.0819 0.2324 0.6857 1.2041 105.6939 1 0
O 2 3407 14097 6.3947 1.1936 1.6611 0.2526 0.0040 0.7434 1.4312 125.6329 0 0
O 2 3408 188 5.4759 0.8481 1.7099 0.0259 0.3846 0.5895 0.9149 80.3135 1 0
O 2 3411 14490 2.6251 0.9734 1.6608 0.2675 0.0019 0.7306 1.4195 124.6060 0 0
O 2 3412 14112 3.7654 0.8061 1.7164 0.1206 0.0228 0.8566 0.6752 59.2694 0 0
O 2 3413 14525 3.3830 1.4636 1.7606 0.7925 0.0044 0.2030 0.6362 55.8478 0 0
O 2 3415 912 0.6568 1.0165 1.6608 0.2218 0.0264 0.7518 3.1808 279.2085 0 0
O 2 3419 14526 3.7530 5.0077 1.6165 0.7767 0.0016 0.2217 5.3780 472.0836 0 0
O 2 3438 14168 1.3596 1.3798 1.6103 0.0224 0.1426 0.8350 1.7153 150.5679 0 0
O 2 3448 14577 1.5889 4.0047 1.6111 0.0366 0.4992 0.4642 0.6983 61.2981 0 0
O 2 3452 14570 3.9626 1.7966 1.6170 0.4934 0.0055 0.5010 0.7248 63.6239 0 0
O 2 3454 13467 3.0166 1.3024 1.6103 0.1592 0.0323 0.8085 0.8012 70.3303 0 0
O 2 3458 1196 2.3036 0.9273 1.6103 0.6477 0.0000 0.3523 1.4701 129.0450 0 0
O 2 3479 14094 0.8013 4.5178 1.7092 0.1197 0.4980 0.3823 2.2528 197.7526 0 0
O 2 3484 14470 1.7262 21.6774 1.5625 0.7255 0.0001 0.2744 0.9769 85.7512 0 0
O 2 3486 14534 0.9462 0.8090 1.6103 0.2928 0.0118 0.6954 5.8643 514.7651 0 0
O 2 3488 13431 1.2752 1.5115 1.6167 0.2529 0.0086 0.7385 1.8029 158.2585 0 0
O 2 3491 804 7.5579 2.3109 1.6103 0.1922 0.0159 0.7920 2.4577 215.7408 1 0
O 2 3496 14163 0.2091 3.2984 1.7103 0.1250 0.2998 0.5752 1.2041 105.6927 0 0
O 2 3505 1212 9.3990 1.8935 2.3485 0.0020 0.7637 0.2343 1.8863 165.5758 1 0
O 2 3508 3095 8.9408 2.9456 2.3808 0.0049 0.6510 0.3441 3.2101 281.7856 1 0
O 2 3510 3109 7.8784 1.4803 2.3216 0.0020 0.7823 0.2156 1.5427 135.4190 1 0
O 2 3512 7186 -3.6860 0.8012 2.3781 0.0828 0.0016 0.9156 1.3505 118.5498 0 0
O 2 3514 1326 5.0784 0.8647 2.3413 0.0024 0.7368 0.2609 0.9298 81.6212 1 0
O 2 3515 2040 10.3978 2.7841 2.3445 0.0040 0.6845 0.3115 2.7952 245.3665 1 0
O 2 3519 2234 9.4576 1.3085 2.3796 0.0021 0.7619 0.2360 1.3139 115.3355 1 0
O 2 3522 6555 7.9060 0.9990 2.4087 0.0012 0.7318 0.2670 1.0362 90.9559 1 0
O 2 3523 695 7.0578 2.1827 2.3549 0.0027 0.7281 0.2692 2.1825 191.5775 1 0
O 2 3524 4440 6.2772 2.0521 2.3530 0.0024 0.7323 0.2652 2.2677 199.0586 1 0
O 2 3525 4438 3.5501 1.9864 2.3549 0.1148 0.4215 0.4637 5.9888 525.6999 1 0
O 2 3529 4518 7.9403 1.2408 2.3778 0.0016 0.7836 0.2148 1.4101 123.7797 1 0
O 2 3535 14485 2.3366 1.9998 2.2901 0.0039 0.4229 0.5732 0.9070 79.6191 0 0
O 2 3542 2424 8.7837 0.9300 2.3286 0.0021 0.5804 0.4175 0.9198 80.7392 1 0
O 2 3545 2628 2.8564 1.7030 2.3597 0.0102 0.0447 0.9451 0.7216 63.3414 0 0
O 2 3546 4931 8.0270 1.1482 2.2327 0.0025 0.7475 0.2500 1.2369 108.5762 1 0
O 2 3548 2801 7.8261 0.9961 2.2831 0.0015 0.7846 0.2139 1.1209 98.3890 1 0
O 2 3552 2871 8.8977 0.9562 2.2354 0.0012 0.7462 0.2526 0.9124 80.0867 1 0
O 2 3557 1118 8.5514 1.6485 2.3010 0.0068 0.2336 0.7596 1.5986 140.3225 1 0
O 2 3565 14459 0.2108 1.3282 2.2608 0.0009 0.7818 0.2174 1.0967 96.2694 0 0
O 2 3573 818 9.9865 1.3357 2.3120 0.0018 0.7542 0.2439 1.3480 118.3294 1 0
O 2 3575 4736 -0.0370 2.5813 2.2529 0.7895 0.0119 0.1986 0.5518 48.4398 0 0
O 2 3588 2843 1.7634 1.2089 2.1189 0.7296 0.0000 0.2703 1.1167 98.0261 0 0
O 2 3596 5333 6.3244 1.3783 2.1185 0.0492 0.4943 0.4565 4.9466 434.2109 1 0
O 2 3597 3229 0.8586 1.4864 2.1185 0.4864 0.0034 0.5102 1.2383 108.7023 0 0
O 2 3598 2083 0.7863 1.0223 2.1185 0.5082 0.0035 0.4883 0.9323 81.8363 0 0
O 2 3602 15055 2.6132 0.8757 2.1185 0.0278 0.0088 0.9633 0.9634 84.5713 0 0
O 2 3604 4431 2.4982 1.2256 2.1181 0.0286 0.0196 0.9519 1.3686 120.1352 0 0
O 2 3606 15054 2.6433 0.9005 2.1229 0.0109 0.1240 0.8651 2.6177 229.7789 0 0
O 2 3614 14469 4.1964 0.9639 2.1231 0.4080 0.0017 0.5904 0.8397 73.7110 0 0
O 2 3618 14955 1.3302 1.0288 2.1181 0.1454 0.0013 0.8533 1.3065 114.6848 0 0
O 2 3619 763 0.5656 0.8431 2.1240 0.5806 0.1455 0.2739 6.3719 559.3257 0 0
O 2 3620 2240 8.2507 0.9488 2.1864 0.0014 0.7813 0.2173 0.9822 86.2165 1 0
O 2 3626 2388 10.6509 1.5383 2.2169 0.0018 0.7881 0.2101 1.5411 135.2760 1 0
O 2 3627 14465 1.9619 0.9113 2.1232 0.6101 0.0002 0.3897 1.2306 108.0239 0 0
O 2 3634 14496 1.6824 11.2183 2.1245 0.4010 0.3217 0.2773 7.9752 700.0623 0 0
O 2 3636 2672 5.0398 1.1201 2.1185 0.0127 0.5853 0.4020 3.3047 290.0910 1 0
O 2 3640 2771 6.5195 1.0602 2.1188 0.0055 0.6361 0.3584 0.8028 70.4655 1 0
O 2 3642 14154 2.7533 1.4220 2.1172 0.5506 0.0850 0.3643 1.1969 105.0657 0 0
O 2 3647 5143 4.5519 0.8681 2.0506 0.7194 0.0159 0.2647 1.1627 102.0590 0 0
O 2 3652 5144 2.8610 0.8693 2.1250 0.0131 0.6407 0.3461 0.8646 75.8931 0 0
O 2 3653 2903 4.1860 2.1657 2.0506 0.6710 0.0125 0.3165 2.1034 184.6400 0 0
O 2 3658 1151 4.5781 1.5900 2.1170 0.0301 0.5555 0.4144 0.8266 72.5620 1 0
O 2 3659 2963 5.9866 1.5311 2.0509 0.0468 0.0102 0.9430 1.3086 114.8723 1 0
O 2 3662 1195 5.8920 0.8859 2.1234 0.0021 0.7229 0.2750 1.0688 93.8156 0 0
O 2 3665 391 8.1111 3.5070 2.0452 0.0055 0.6278 0.3666 4.7079 413.2610 1 0
O 2 3670 1255 5.5951 0.8998 2.0519 0.0069 0.5156 0.4775 1.3929 122.2701 1 0
O 2 3671 3124 5.4700 0.9263 2.0519 0.5217 0.1034 0.3749 2.6980 236.8262 1 0
O 2 3672 14607 3.3845 1.4887 2.0519 0.5991 0.1660 0.2349 15.8162 1388.3429 0 0
O 2 3677 3147 5.0563 0.8163 2.0499 0.0035 0.6617 0.3348 1.2083 106.0629 1 0
O 2 3678 3145 4.9681 0.8222 2.0444 0.0216 0.5525 0.4259 1.6216 142.3450 1 0
O 2 3680 1267 -0.4699 0.8437 1.9924 0.5101 0.0003 0.4896 1.7319 152.0250 0 0
O 2 3686 685 5.4629 1.2276 2.1251 0.0092 0.6232 0.3676 0.8534 74.9143 1 0
O 2 3694 14573 1.1140 1.0402 1.9293 0.3853 0.0011 0.6136 0.4920 43.1900 0 0
O 2 3695 2700 4.7020 0.8410 1.9853 0.0130 0.4328 0.5542 1.2719 111.6442 1 0
O 2 3698 14170 0.2563 1.6964 1.9281 0.2416 0.0002 0.7582 1.4649 128.5874 0 0
O 2 3701 14914 0.3259 0.8983 1.9281 0.0751 0.4954 0.4295 5.6516 496.0996 0 0
O 2 3702 920 -0.5802 0.9756 1.8812 0.4737 0.0005 0.5259 0.7539 66.1782 0 0
O 2 3705 2875 0.0296 2.7202 1.9281 0.7940 0.0006 0.2055 2.2333 196.0412 0 0
O 2 3708 5000 -5.9730 1.3067 2.0450 0.3613 0.0797 0.5590 0.3471 30.4648 0 0
O 2 3709 1107 -0.0799 2.0099 2.0450 0.3546 0.0481 0.5973 0.3845 33.7481 0 0
O 2 3711 1113 -0.4885 1.1876 1.9854 0.3459 0.0756 0.5785 2.4918 218.7327 0 0
O 2 3712 14633 3.2631 0.8544 2.0456 0.0398 0.0586 0.9016 1.9716 173.0659 0 0
O 2 3720 2037 1.4683 1.7204 1.9281 0.1997 0.0046 0.7957 1.0370 91.0298 0 0
O 2 3727 2023 0.9446 0.8696 1.9293 0.6856 0.0008 0.3137 1.7785 156.1171 0 0
O 2 3730 25 0.8501 0.8546 1.9293 0.6954 0.0008 0.3038 1.8177 159.5569 0 0
O 2 3735 2405 1.5259 0.9187 2.0453 0.0032 0.6826 0.3142 0.9718 85.3040 0 0
O 2 3736 758 7.4516 2.2588 2.0516 0.0068 0.6886 0.3046 1.8886 165.7837 1 0
O 2 3737 14123 -0.4628 1.0700 1.8860 0.6921 0.0256 0.2823 3.9118 343.3808 0 0
O 2 3742 14563 0.9412 2.4437 1.8240 0.6671 0.0095 0.3234 2.1869 191.9698 0 0
O 2 3746 14567 0.3777 1.8024 1.9281 0.0480 0.0308 0.9211 3.5634 312.7918 0 0
O 2 3747 14514 0.1549 0.8574 1.9290 0.7880 0.0001 0.2119 2.0011 175.6562 0 0
O 2 3757 14595 1.3419 16.7385 1.8865 0.4464 0.0926 0.4611 0.7633 67.0034 0 0
O 2 3761 356 4.0263 1.2539 1.8865 0.7290 0.1057 0.1653 1.7456 153.2304 0 0
O 2 3762 14943 5.8462 5.4734 1.9222 0.0215 0.5466 0.4319 13.5574 1190.0726 0 0
O 2 3763 1089 4.1944 1.2310 1.9222 0.0299 0.5658 0.4043 8.0290 704.7828 1 0
O 2 3769 14939 1.6544 1.0654 1.8245 0.3077 0.0120 0.6803 2.7555 241.8808 0 0
O 2 3770 453 7.1402 1.8214 1.8812 0.0195 0.4730 0.5076 1.2062 105.8823 1 0
O 2 3772 14632 0.5511 2.1180 1.9862 0.3323 0.0250 0.6426 1.2681 111.3182 0 0
O 2 3780 14206 3.9035 0.8012 1.9292 0.0317 0.5439 0.4244 0.4484 39.3635 1 0
O 2 3781 3127 0.5996 0.8071 1.8297 0.8400 0.0023 0.1577 1.2995 114.0662 0 0
O 2 3782 14617 3.9403 1.2064 1.8297 0.6962 0.0001 0.3037 0.8483 74.4636 0 0
O 2 3783 572 4.6792 2.0316 1.9289 0.1414 0.0119 0.8467 1.3439 117.9692 1 0
O 2 3785 14451 2.7239 29.6571 1.8812 0.0727 0.0015 0.9258 1.2339 108.3126 0 0
O 2 3801 2319 6.5672 1.0149 1.8855 0.0135 0.5138 0.4727 0.9948 87.3226 1 0
O 2 3828 2475 1.3471 1.5189 1.8811 0.4930 0.0031 0.5039 0.7145 62.7223 0 0
O 2 3834 14539 1.7651 1.3736 1.8243 0.3203 0.0026 0.6771 1.1273 98.9546 0 0
O 2 3838 14146 -2.6647 1.8663 1.7331 0.7866 0.0003 0.2132 2.9640 260.1776 0 0
O 2 3839 986 7.9986 1.5825 1.8812 0.0070 0.6350 0.3580 1.4166 124.3471 1 0
O 2 3844 14169 0.5622 1.4972 1.7776 0.5144 0.0003 0.4853 0.9350 82.0774 0 0
O 2 3849 14202 0.4502 0.8541 1.7270 0.7836 0.0001 0.2163 0.8083 70.9524 0 0
O 2 3857 14560 3.2376 0.9684 1.8298 0.1048 0.0050 0.8903 0.6610 58.0189 0 0
O 2 3858 14195 1.7693 1.0285 1.7829 0.7799 0.0002 0.2199 1.4914 130.9126 0 0
O 2 3862 14593 3.1859 2.2239 1.8242 0.8427 0.0003 0.1570 1.3918 122.1739 0 0
O 2 3863 14561 3.6089 1.8172 1.8290 0.7460 0.0135 0.2405 2.1645 190.0026 0 0
O 2 3870 14578 3.0860 2.1340 1.7776 0.6147 0.1745 0.2108 7.5050 658.7863 0 0
O 2 3878 14463 -0.2799 1.1963 1.6995 0.7972 0.0000 0.2028 0.8487 74.5031 0 0
O 2 3880 14635 -5.5094 1.1996 1.9293 0.7994 0.0231 0.1775 0.8837 77.5685 0 0
O 2 3885 14462 -0.9978 1.5385 1.7775 0.7438 0.0053 0.2508 2.0253 177.7849 0 0
O 2 3886 133 0.8600 0.8098 1.7829 0.1045 0.0061 0.8894 1.0264 90.0969 0 0
O 2 3890 14482 -0.2149 1.5471 1.7775 0.8373 0.0003 0.1624 4.8749 427.9211 0 0
O 2 3902 117 9.7798 2.2101 1.8287 0.0136 0.6157 0.3708 2.0314 178.3134 1 0
O 2 3908 755 8.4013 2.2735 1.8287 0.0123 0.6055 0.3823 1.5814 138.8134 1 0
O 2 3910 14492 2.0002 1.2011 1.7272 0.7672 0.0000 0.2328 0.9362 82.1761 0 0
O 2 3918 2328 5.8770 0.9241 1.8858 0.0044 0.6496 0.3461 1.2775 112.1398 1 0
O 2 3919 14913 -3.6271 1.3695 1.9224 0.3297 0.3632 0.3072 1.1694 102.6540 0 0
O 2 3920 2325 5.7400 0.9253 1.8858 0.0042 0.6537 0.3421 1.2980 113.9408 1 0
O 2 3923 14899 0.3556 0.8382 1.7323 0.5165 0.0007 0.4827 0.7518 65.9900 0 0
O 2 3925 14472 3.2277 0.8073 1.8810 0.0100 0.4304 0.5596 0.9843 86.4013 0 0
O 2 3933 14145 3.4784 0.9757 1.8237 0.0144 0.6335 0.3521 1.6668 146.3096 0 0
O 2 3940 14142 1.6285 1.4210 1.8810 0.6586 0.1052 0.2362 0.7039 61.7900 0 0
O 2 3943 772 2.4125 1.0772 1.8812 0.0482 0.5871 0.3647 4.3536 382.1548 0 0
O 2 3944 14151 3.2654 1.3720 1.8245 0.1975 0.1793 0.6232 4.4372 389.4938 1 0
O 2 3950 953 8.2005 3.5318 1.6946 0.4613 0.2406 0.2981 1087.4061 95452.5391 1 0
O 2 3952 1680 7.4124 1.1963 -2.1590 0.0013 0.5069 0.4917 1.2416 108.9912 1 0
O 2 3954 1741 6.8631 2.1881 -2.2557 0.0041 0.6200 0.3760 2.8991 254.4791 1 0
O 2 3961 4033 9.7750 1.6223 -2.2388 0.0040 0.5857 0.4102 1.2119 106.3825 1 0
O 2 3963 14385 0.4201 11.2252 -2.3334 0.0082 0.0315 0.9603 0.7491 65.7588 0 0
O 2 3964 1847 -1.7147 0.8485 -2.3330 0.0033 0.0227 0.9740 1.1415 100.1976 0 0
O 2 3973 14400 7.6099 1.4484 -2.2540 0.0027 0.6903 0.3070 2.0192 177.2421 1 0
O 2 3975 14265 4.6179 0.8361 -2.1746 0.0064 0.0199 0.9737 1.0636 93.3647 0 0
O 2 3981 5577 8.7359 1.1486 -2.2448 0.0015 0.5823 0.4162 1.2564 110.2901 1 0
O 2 3982 3483 4.1763 0.8917 -2.2203 0.0018 0.7188 0.2794 1.1744 103.0910 1 0
O 2 3984 1442 5.9816 0.9520 -2.2203 0.0045 0.5974 0.3980 0.9833 86.3131 1 0
O 2 3986 3515 5.3374 0.8587 -2.2649 0.0057 0.0674 0.9269 0.8034 70.5254 1 0
O 2 3987 5716 6.3332 0.8758 -2.2920 0.0011 0.7809 0.2180 1.0216 89.6741 1 0
O 2 3989 1519 10.0880 1.3921 -2.2405 0.0008 0.5798 0.4194 1.1837 103.9057 1 0
O 2 3991 1531 10.0223 0.9159 -2.2935 0.0009 0.7574 0.2417 0.9669 84.8708 1 0
O 2 3996 3624 8.0235 0.9216 -2.1763 0.0026 0.7416 0.2558 1.3701 120.2679 1 0
O 2 4003 3805 10.4250 0.9121 -2.0266 0.0023 0.7817 0.2160 0.8897 78.0990 1 0
O 2 4005 1690 9.9890 2.2663 -2.0045 0.0034 0.7268 0.2698 2.1908 192.3042 1 0
O 2 4009 3908 10.9435 1.2419 -2.1831 0.0047 0.7968 0.1984 1.2840 112.7136 1 0
O 2 4012 14364 11.5794 1.1396 -2.0907 0.0049 0.3641 0.6310 1.1160 97.9645 1 0
O 2 4014 4022 9.8277 1.1116 -2.1925 0.0114 0.5921 0.3964 1.1571 101.5690 1 0
O 2 4016 1753 11.6930 1.0628 -2.0267 0.0018 0.8023 0.1959 1.0531 92.4441 1 0
O 2 4018 3990 6.3324 1.0766 -2.0267 0.0097 0.1743 0.8160 0.9122 80.0720 1 0
O 2 4023 4016 9.3743 1.7529 -2.0586 0.0049 0.5334 0.4617 1.7851 156.6933 1 0
O 2 4024 1793 -0.6484 1.0505 -2.0907 0.0238 0.0010 0.9753 0.7347 64.4962 0 0
O 2 4026 1790 10.2765 1.0671 -2.0284 0.0020 0.7527 0.2452 1.0880 95.5089 1 0
O 2 4029 14811 0.4403 0.9174 -2.1457 0.0278 0.4853 0.4870 1.2350 108.4080 0 0
O 2 4040 14824 10.8592 1.1165 -2.0142 0.0101 0.0231 0.9668 1.0415 91.4209 0 0
O 2 4069 13533 1.3199 0.8604 -2.0142 0.0418 0.0043 0.9539 0.7319 64.2461 0 0
O 2 4078 1883 9.3911 7.1486 -2.0296 0.0069 0.3842 0.6090 7.7429 679.6738 1 1 37
O 2 4114 4199 12.2867 1.5829 -2.0142 0.0047 0.7689 0.2265 1.5862 139.2371 1 0
O 2 4121 517 1.6420 3.8652 -1.9692 0.4002 0.2211 0.3787 5.0864 446.4821 0 0
O 2 4129 1348 12.0648 2.3404 -2.1019 0.0035 0.7564 0.2400 2.3398 205.3874 1 0
O 2 4130 1347 10.9763 2.3347 -2.1019 0.0056 0.7628 0.2317 2.3034 202.1967 1 0
O 2 4131 3348 10.5597 0.9073 -2.1860 0.0016 0.8077 0.1907 0.9125 80.0980 1 0
O 2 4135 14959 0.6118 21.1637 -2.1525 0.7177 0.1322 0.1501 39.8106 3494.5771 0 0
O 2 4136 3401 9.1687 1.7622 -2.1225 0.0048 0.8151 0.1801 1.7678 155.1752 1 0
O 2 4143 3472 10.8439 1.1876 -2.0558 0.0024 0.7558 0.2419 1.1862 104.1217 1 0
O 2 4145 3402 10.5324 1.7285 -2.1225 0.0050 0.7942 0.2008 1.7312 151.9675 1 0
O 2 4151 3573 10.5428 1.3468 -2.0487 0.0024 0.7695 0.2281 1.3863 121.6855 1 0
O 2 4152 3574 10.8592 1.3281 -2.0522 0.0022 0.7753 0.2225 1.3044 114.5016 1 0
O 2 4153 3504 0.1538 1.1702 -2.1472 0.0009 0.8308 0.1683 0.8068 70.8166 0 0
O 2 4155 3556 10.4458 0.9967 -2.1200 0.0036 0.6679 0.3285 0.9911 86.9971 1 0
O 2 4157 3623 8.5824 0.9174 -2.1763 0.0182 0.6389 0.3429 1.1953 104.9231 1 0
O 2 4159 3639 9.8236 1.1641 -2.1191 0.0017 0.7621 0.2363 1.2418 109.0029 1 0
O 2 4163 3662 5.1701 1.7020 -2.1557 0.5390 0.0979 0.3631 1.2945 113.6353 1 0
O 2 4168 1617 9.1862 1.0683 -1.9977 0.0012 0.7461 0.2528 0.9618 84.4298 1 0
O 2 4170 3659 5.9919 1.7802 -2.1557 0.3376 0.1458 0.5165 1.3032 114.3933 1 0
O 2 4173 3712 2.3280 2.2859 -2.1859 0.5011 0.0730 0.4258 0.9358 82.1404 1 0
O 2 4174 3736 10.0427 1.3762 -2.1061 0.0040 0.5596 0.4365 1.2624 110.8177 1 0
O 2 4176 5972 6.9875 0.9270 -2.1921 0.0919 0.3157 0.5924 1.2530 109.9858 1 0
O 2 4177 14746 -0.9868 1.0157 -2.0286 0.1410 0.0015 0.8576 0.8594 75.4405 0 0
O 2 4180 1688 11.2622 2.2650 -2.0045 0.0028 0.7696 0.2276 2.2458 197.1367 1 0
O 2 4184 3875 9.6919 1.0379 -1.9844 0.0027 0.7295 0.2678 1.0483 92.0199 1 0
O 2 4188 3919 9.3268 1.0203 -1.8938 0.0029 0.7397 0.2574 1.0530 92.4343 1 0
O 2 4194 1760 10.3218 1.7415 -1.8903 0.0081 0.7145 0.2775 1.7350 152.2955 1 0
O 2 4196 3972 3.5198 1.0956 -1.9559 0.2366 0.0123 0.7510 0.7077 62.1261 1 0
O 2 4210 1817 9.8120 1.3668 -1.9354 0.0196 0.6042 0.3762 1.3209 115.9484 1 0
O 2 4212 14995 8.5912 4.4730 -2.0318 0.0370 0.6196 0.3433 4.4578 391.3028 1 1 90
O 2 4247 14836 8.2812 5.1354 -2.0318 0.0251 0.6243 0.3506 5.1361 450.8509 1 1 90
O 2 4248 1914 7.1760 1.7483 -2.0105 0.0831 0.0029 0.9140 1.7062 149.7716 0 0
O 2 4252 4179 7.2220 8.5243 -2.0296 0.4458 0.3330 0.2211 6.0220 528.6136 1 1 37
O 2 4260 1886 5.4853 2.5239 -2.0131 0.0081 0.3099 0.6820 1.7528 153.8599 0 0
O 2 4267 1895 6.5387 7.8427 -1.9409 0.2031 0.0054 0.7915 1.8346 161.0370 1 1 38
O 2 4268 1902 10.3348 1.6063 -1.9447 0.0182 0.7536 0.2283 1.5791 138.6126 1 1 127
O 2 4273 1906 2.7552 7.2475 -1.9784 0.6850 0.1030 0.2120 1.6531 145.1113 0 0
O 2 4308 4178 9.7766 8.3664 -2.0296 0.0169 0.4748 0.5083 8.0124 703.3291 1 1 37
O 2 4374 14860 7.5219 1.3356 -2.0131 0.2193 0.0049 0.7758 1.9678 172.7301 0 0
O 2 4382 1915 7.3320 1.7207 -2.0120 0.0339 0.0227 0.9434 1.2487 109.6084 0 0
O 2 4387 14820 1.8497 1.4594 -2.0296 0.5579 0.1030 0.3391 0.8539 74.9534 0 0
O 2 4397 1901 10.4863 1.6146 -1.9447 0.0218 0.7445 0.2337 1.5927 139.8033 1 1 127
O 2 4401 1894 4.0109 8.2385 -1.9409 0.2209 0.0020 0.7771 3.0536 268.0457 1 1 38
O 2 4406 1905 5.1283 7.1696 -1.9784 0.6896 0.1143 0.1961 3.4926 306.5832 0 0
O 2 4414 1892 7.9718 1.8940 -1.9821 0.0275 0.0403 0.9322 1.4147 124.1833 0 0
O 2 4417 1884 3.3584 2.5086 -1.9692 0.3496 0.0032 0.6472 2.3715 208.1717 0 0
O 2 4419 4191 9.2522 6.5861 -1.9736 0.0219 0.5526 0.4254 6.5188 572.2169 1 1 128
O 2 4421 1907 3.9566 7.0775 -1.9821 0.3506 0.0006 0.6488 0.7522 66.0248 1 1 128
O 2 4422 1889 3.5056 3.6928 -1.9692 0.5552 0.0028 0.4420 1.5167 133.1383 0 0
O 2 4427 1891 4.0101 1.8856 -1.9821 0.6283 0.1608 0.2109 2.9592 259.7597 0 0
O 2 4443 14669 6.2811 2.6741 -1.8257 0.0027 0.8052 0.1921 2.4660 216.4688 1 0
O 2 4446 1405 9.1300 1.3421 -2.0088 0.0033 0.7809 0.2158 1.3468 118.2230 1 0
O 2 4451 120 10.1980 1.1179 -1.8759 0.0017 0.8406 0.1577 1.1489 100.8494 1 0
O 2 4452 1470 5.2488 0.8729 -1.8759 0.0024 0.8582 0.1393 1.0696 93.8884 0 0
O 2 4456 3439 3.7562 1.2197 -1.9303 0.6080 0.1002 0.2917 2.2156 194.4833 1 0
O 2 4457 3437 11.5880 1.2151 -1.9303 0.0026 0.8106 0.1868 1.2012 105.4432 1 0
O 2 4458 1406 8.3528 1.0737 -1.9303 0.0144 0.1319 0.8537 1.0451 91.7352 1 0
O 2 4459 1475 11.3334 1.4024 -1.9158 0.0061 0.6682 0.3257 1.4007 122.9574 1 0
O 2 4460 129 9.9892 1.3296 -1.9105 0.0032 0.5960 0.4009 1.3328 116.9912 1 0
O 2 4461 127 0.4597 1.3574 -1.8726 0.0041 0.0733 0.9227 1.5078 132.3535 0 0
O 2 4464 3619 8.2646 0.8485 -1.9583 0.0054 0.7087 0.2859 0.8130 71.3680 1 0
O 2 4465 3686 10.2605 1.0366 -1.9977 0.0024 0.7326 0.2650 1.0114 88.7809 1 0
O 2 4474 14345 4.9120 1.4048 -1.8808 0.5392 0.1312 0.3296 2.8710 252.0180 0 0
O 2 4480 14759 -0.2205 1.7666 -2.0321 0.0084 0.7094 0.2822 3.7464 328.8557 0 0
O 2 4483 272 0.3257 1.4069 -1.8581 0.6870 0.1008 0.2122 19.6200 1722.2446 0 0
O 2 4485 1677 2.0991 5.3530 -1.8247 0.2639 0.0154 0.7207 0.8441 74.0964 0 0
O 2 4493 14372 0.8589 0.8832 -1.7271 0.0309 0.0290 0.9401 0.9721 85.3291 0 0
O 2 4495 1789 10.3763 1.1701 -1.7112 0.0004 0.8785 0.1212 1.1703 102.7322 1 0
O 2 4497 1783 10.6044 1.1622 -1.7112 0.0004 0.8838 0.1158 1.1568 101.5397 1 0
O 2 4518 1796 11.2783 1.5454 -1.7201 0.0007 0.8564 0.1429 1.5296 134.2726 1 0
O 2 4529 1841 6.8397 0.8251 -1.8469 0.0167 0.6228 0.3605 0.8806 77.3013 1 0
O 2 4530 1840 7.6093 0.8246 -1.8503 0.0082 0.7704 0.2214 0.8103 71.1241 1 0
O 2 4531 14395 -0.4058 1.8399 -1.8291 0.0960 0.3611 0.5430 2.4210 212.5174 0 0
O 2 4538 477 11.2696 0.9032 -1.7703 0.0014 0.8168 0.1818 0.9089 79.7815 1 0
O 2 4539 495 9.5999 2.7698 -1.8094 0.0064 0.7375 0.2561 2.6593 233.4317 1 1 41
O 2 4573 1909 9.2675 2.3001 -1.7891 0.0025 0.8085 0.1890 2.4177 212.2215 1 1 68
O 2 4598 1920 9.8394 1.0975 -1.8645 0.0023 0.8157 0.1819 1.1602 101.8424 1 0
O 2 4600 14853 4.0894 0.9979 -1.8288 0.2020 0.3579 0.4401 4.9475 434.2889 0 0
O 2 4628 570 11.4274 0.9597 -1.8138 0.0043 0.8076 0.1881 0.9643 84.6488 1 0
O 2 4629 14893 2.5786 2.3882 -1.6786 0.6992 0.0293 0.2716 2.1162 185.7618 0 0
O 2 4630 14878 3.4646 0.8533 -1.6786 0.0715 0.0378 0.8907 0.8507 74.6759 0 0
O 2 4633 597 10.3921 0.9901 -1.6948 0.0011 0.7416 0.2573 1.0149 89.0869 1 0
O 2 4638 31 8.6430 1.2381 -1.7390 0.0021 0.7526 0.2453 1.2856 112.8517 1 0
O 2 4646 1435 9.5092 1.1140 -1.8759 0.0024 0.8108 0.1868 1.1456 100.5627 1 0
O 2 4647 1484 10.8154 1.1410 -1.8566 0.0008 0.8709 0.1284 1.1184 98.1738 1 0
O 2 4648 141 11.5178 1.1946 -1.8542 0.0008 0.8690 0.1302 1.1911 104.5519 1 0
O 2 4650 1427 11.7366 1.0794 -1.7934 0.0016 0.8438 0.1546 1.0763 94.4791 1 0
O 2 4654 1426 11.6337 1.0855 -1.7936 0.0018 0.8488 0.1495 1.0888 95.5763 1 0
O 2 4658 146 1.6879 0.9988 -1.8755 0.4832 0.0176 0.4991 1.1035 96.8628 0 0
O 2 4664 1621 8.9316 0.9130 -1.7700 0.0016 0.8574 0.1411 0.9263 81.3149 1 0
O 2 4665 233 5.4498 0.9098 -1.7439 0.0355 0.0460 0.9185 0.9744 85.5302 0 0
O 2 4666 14732 9.5846 0.8982 -1.7167 0.0016 0.7487 0.2497 0.9015 79.1297 1 0
O 2 4676 1598 10.0088 0.9131 -1.8467 0.0042 0.6734 0.3224 0.8903 78.1489 1 0
O 2 4679 1640 9.6088 1.0601 -1.6969 0.0005 0.8537 0.1458 1.0264 90.0983 1 0
O 2 4689 302 10.3974 1.1155 -1.8107 0.0010 0.8724 0.1266 1.1430 100.3336 1 0
O 2 4690 290 9.5504 5.4717 -1.8529 0.0047 0.5608 0.4345 5.6553 496.4262 1 0
O 2 4695 342 8.3793 0.9687 -1.6559 0.0007 0.8942 0.1051 1.0205 89.5756 1 0
O 2 4702 350 10.8462 0.8425 -1.6047 0.0010 0.8211 0.1779 0.8426 73.9665 1 0
O 2 4704 349 10.4917 0.8413 -1.6062 0.0025 0.6963 0.3012 0.8323 73.0596 1 0
O 2 4706 1787 9.8677 1.1707 -1.7112 0.0042 0.8840 0.1119 1.1709 102.7859 1 0
O 2 4707 14794 0.8701 4.0661 -1.6692 0.0238 0.1164 0.8598 0.9658 84.7793 1 0
O 2 4719 415 8.0435 0.8427 -1.7458 0.0033 0.8034 0.1934 0.7939 69.6903 1 0
O 2 4720 14826 -0.4211 2.4378 -1.6440 0.8533 0.0220 0.1246 1.7303 151.8865 0 0
O 2 4729 485 0.3542 1.0566 -1.6363 0.0457 0.0159 0.9384 1.1227 98.5533 0 0
O 2 4732 486 0.6898 1.0525 -1.6363 0.0613 0.0090 0.9297 1.0663 93.5978 0 0
O 2 4738 13546 10.3639 1.0136 -1.6528 0.0007 0.9007 0.0986 1.0292 90.3417 1 0
O 2 4768 14436 3.6510 1.6985 -1.5682 0.0062 0.5644 0.4294 0.9121 80.0633 0 0
O 2 4774 14421 0.2762 1.3323 -1.5157 0.3354 0.0026 0.6620 0.8763 76.9245 0 0
O 2 4783 602 9.5134 1.2848 -1.6222 0.0015 0.8167 0.1818 1.2329 108.2197 1 0
O 2 4795 1355 7.8983 1.2162 -1.7390 0.1541 0.0292 0.8167 0.9063 79.5515 1 0
O 2 4797 14257 10.2946 0.9645 -1.6754 0.0087 0.7487 0.2426 0.9739 85.4922 1 0
O 2 4800 14260 7.8339 0.8793 -1.6231 0.0015 0.7783 0.2202 0.8270 72.5966 1 0
O 2 4802 14287 6.2090 0.9366 -1.6612 0.2794 0.0648 0.6558 1.0166 89.2360 1 0
O 2 4808 14271 10.0399 1.1313 -1.5974 0.0010 0.8486 0.1503 1.1124 97.6470 1 0
O 2 4811 13503 9.9113 1.4937 -1.5610 0.0009 0.8574 0.1417 1.4885 130.6620 1 0
O 2 4815 60 10.9514 1.1264 -1.5841 0.0017 0.8019 0.1964 1.1277 98.9900 1 0
O 2 4817 84 6.1192 1.5717 -1.6438 0.7248 0.0259 0.2493 2.8142 247.0328 0 0
O 2 4819 82 5.9299 1.5374 -1.6438 0.8191 0.0245 0.1564 2.9577 259.6314 0 0
O 2 4821 80 7.4152 1.5488 -1.6438 0.0586 0.4724 0.4690 1.7710 155.4618 1 0
O 2 4823 115 9.1683 2.2299 -1.6625 0.0023 0.8716 0.1260 2.3297 204.4978 1 0
O 2 4834 13509 10.0486 0.8656 -1.7172 0.0090 0.5844 0.4066 0.8958 78.6346 1 0
O 2 4836 1622 6.3349 0.9127 -1.7439 0.0173 0.1436 0.8390 1.1080 97.2645 0 0
O 2 4841 258 -1.3511 1.0765 -1.5850 0.0007 0.8277 0.1716 1.0272 90.1679 0 0
O 2 4851 332 9.8807 1.1629 -1.5512 0.0022 0.8446 0.1532 1.1995 105.2890 1 0
O 2 4864 445 -0.9412 0.8136 -1.5183 0.3579 0.0066 0.6355 2.2421 196.8089 0 0
O 2 4889 512 9.4553 1.0367 -1.5649 0.0211 0.6491 0.3298 1.0112 88.7631 1 0
O 2 4896 14061 8.5641 0.9288 -1.4423 0.0019 0.8832 0.1149 0.9191 80.6800 1 0
O 2 4897 14883 0.0537 4.8618 -1.4502 0.6954 0.0920 0.2125 4.9081 430.8330 0 0
O 2 4903 13499 0.5182 0.8968 -1.5975 0.0010 0.8772 0.1218 0.8294 72.8029 0 0
O 2 4905 14254 3.0157 0.8855 -1.4836 0.0141 0.4455 0.5404 0.8494 74.5641 0 0
O 2 4910 48 8.6489 0.9827 -1.4205 0.0007 0.8822 0.1171 0.9582 84.1091 1 0
O 2 4914 13502 9.4599 1.5001 -1.4419 0.0304 0.3436 0.6260 1.4873 130.5587 1 0
O 2 4915 13501 8.6848 1.2904 -1.3985 0.0014 0.8296 0.1690 1.2515 109.8601 1 0
O 2 4921 62 10.8772 1.1363 -1.5789 0.0062 0.7368 0.2570 1.1310 99.2750 1 0
O 2 4927 13506 9.7364 1.0854 -1.5823 0.0009 0.8868 0.1123 1.1186 98.1891 1 0
O 2 4965 14055 7.8138 0.9344 -1.4038 0.0117 0.6822 0.3061 0.8745 76.7636 1 0
O 2 4973 12762 3.7729 0.8607 -1.3003 0.0014 0.8562 0.1424 0.8256 72.4727 1 0
O 2 5009 14052 8.5096 1.7456 -1.4290 0.0024 0.8382 0.1594 1.6820 147.6468 1 0
O 2 5025 12613 6.5459 0.8682 -1.2555 0.0027 0.8125 0.1848 0.9012 79.1065 1 0
O 2 5030 364 7.8846 0.9789 -1.1878 0.0046 0.7873 0.2081 0.9637 84.5959 1 0
O 2 5053 44 7.3830 4.2477 -1.1852 0.0060 0.6426 0.3514 4.4494 390.5726 1 0
O 2 5055 5 9.0008 0.9747 -1.2649 0.0011 0.8679 0.1310 0.9908 86.9742 1 0
O 2 5068 100 9.4611 1.5475 -1.2595 0.0071 0.7977 0.1952 1.5393 135.1219 1 1 24
O 2 5071 99 9.1351 1.5432 -1.2595 0.0043 0.7766 0.2192 1.5374 134.9537 1 1 24
O 2 5077 14299 -1.4327 1.1276 -1.1406 0.3224 0.0430 0.6346 1.5668 137.5352 0 0
O 2 5090 193 8.2941 1.0392 -1.2109 0.0015 0.8270 0.1715 1.0960 96.2028 1 0
O 2 5103 12580 5.5807 1.2524 -1.2826 0.0080 0.7346 0.2574 1.1084 97.2960 1 1 30
O 2 5114 13521 -0.5254 0.9999 -1.2230 0.0066 0.7554 0.2379 1.2371 108.5938 0 0
O 2 5128 12692 6.8175 1.1338 -1.0797 0.0017 0.8404 0.1579 1.0995 96.5134 1 0
O 2 5144 13945 -0.2127 1.5882 -0.9195 0.6728 0.0171 0.3101 2.3228 203.8987 0 0
O 2 5151 12741 -0.4313 2.6169 -0.8609 0.5652 0.0027 0.4321 0.8687 76.2536 0 0
O 2 5162 13999 6.1928 0.8162 -1.1137 0.0043 0.8596 0.1361 0.8074 70.8724 1 0
O 2 5177 12849 6.1215 0.9408 -1.0111 0.0008 0.7099 0.2893 0.8465 74.3041 1 0
O 2 5185 12434 0.1978 0.8199 -1.0646 0.2177 0.0059 0.7765 1.1617 101.9700 0 0
O 2 5191 12466 8.0216 1.0218 -1.0899 0.0022 0.8568 0.1410 1.0225 89.7555 1 0
O 2 5193 13638 7.9225 2.2034 -1.0571 0.0052 0.8455 0.1493 2.1759 191.0048 1 0
O 2 5195 104 7.4308 1.0689 -1.0610 0.0041 0.7772 0.2187 1.0414 91.4100 1 0
O 2 5242 12550 3.8424 0.8765 -1.1771 0.0562 0.0712 0.8725 0.9150 80.3179 0 0
O 2 5249 228 8.6253 1.4415 -1.0809 0.0027 0.7962 0.2011 1.4316 125.6623 1 1 94
O 2 5266 295 9.9204 2.0527 -1.0376 0.0051 0.8481 0.1468 2.0505 179.9964 1 0
O 2 5295 12720 7.1686 1.2394 -0.8225 0.0015 0.7680 0.2304 1.0899 95.6698 1 0
O 2 5305 543 7.4968 0.8736 -0.9293 0.0025 0.8739 0.1236 0.8424 73.9475 1 0
O 2 5312 13974 7.4191 1.2121 -0.8536 0.0041 0.8074 0.1885 1.1968 105.0565 1 0
O 2 5322 612 6.8532 0.8134 -0.9066 0.0012 0.8884 0.1103 0.8213 72.0900 1 0
O 2 5324 13556 7.1533 0.8510 -0.8651 0.0013 0.8137 0.1849 0.8750 76.8048 1 0
O 2 5325 12806 8.4209 1.4472 -1.0174 0.0029 0.8426 0.1545 1.4241 125.0035 1 0
O 2 5330 54 6.6560 0.9212 -0.8333 0.0018 0.8652 0.1331 0.9134 80.1740 1 0
O 2 5338 12880 -1.5220 1.0479 -0.9192 0.6230 0.0070 0.3699 0.9195 80.7127 0 0
O 2 5379 13706 -0.7825 2.9097 -1.1223 0.7179 0.0093 0.2728 1.3921 122.1959 0 0
O 2 5409 13716 5.9198 0.9504 -0.9333 0.1169 0.2026 0.6806 0.9795 85.9782 0 0
O 2 5455 13733 -0.5452 1.1025 -0.9153 0.9634 0.0105 0.0262 5.3405 468.7907 0 0
O 2 5473 310 6.7618 0.8968 -0.7621 0.1167 0.2084 0.6749 0.9412 82.6223 1 0
O 2 5480 13194 7.1257 0.9392 -0.7174 0.0048 0.5369 0.4583 0.8475 74.3955 1 0
O 2 5481 13182 -0.3416 1.6629 -0.8335 0.5103 0.1247 0.3650 2.0803 182.6064 0 0
O 2 5483 13171 0.2819 11.4335 -0.7238 0.8049 0.0024 0.1927 1.3251 116.3194 0 0
O 2 5484 13147 -1.6273 0.8232 -0.9149 0.1789 0.5289 0.2921 1.9571 171.7909 0 0
O 2 5491 422 8.5964 1.1983 -0.7319 0.0022 0.8463 0.1516 1.2192 107.0176 1 0
O 2 5494 414 2.2338 0.8129 -0.7787 0.4279 0.1243 0.4478 1.1693 102.6437 0 0
O 2 5501 13906 5.6814 1.0247 -0.7657 0.0015 0.8575 0.1410 1.0510 92.2589 1 0
O 2 5508 13931 6.9992 1.0040 -0.8089 0.0013 0.8401 0.1586 0.9323 81.8368 1 0
O 2 5523 27 8.2794 0.8402 -0.7238 0.0065 0.5455 0.4480 0.8531 74.8843 1 0
O 2 5531 12898 1.3267 2.1109 -0.7708 0.0013 0.7508 0.2478 0.9105 79.9218 0 0
O 2 5540 192 7.9360 4.8754 -0.9114 0.0118 0.6275 0.3607 4.8404 424.8882 1 1 137
O 2 5547 13007 0.0192 1.6424 -0.8286 0.9509 0.0235 0.0256 7.9250 695.6554 0 0
O 2 5548 13705 6.2723 2.6907 -0.9527 0.1020 0.0624 0.8357 2.2806 200.1916 1 1 167
O 2 5562 254 7.6238 0.9659 -0.7932 0.0007 0.8677 0.1316 0.9464 83.0739 1 0
O 2 5564 13767 -1.6105 5.3224 -0.5678 0.8696 0.0036 0.1268 2.4025 210.8881 0 0
O 2 5575 13121 -0.8636 1.0602 -0.6794 0.0080 0.8069 0.1851 1.7538 153.9449 0 0
O 2 5583 12656 7.3292 1.0978 -0.7206 0.0080 0.7865 0.2055 1.1945 104.8511 1 0
O 2 5589 13150 2.5856 1.1730 -0.7445 0.8045 0.0032 0.1923 1.2715 111.6096 0 0
O 2 5592 13193 -0.2844 1.2909 -0.7655 0.5032 0.0053 0.4915 1.2291 107.8933 0 0
O 2 5594 12635 0.6797 1.0478 -0.7655 0.5797 0.0026 0.4177 1.0006 87.8339 0 0
O 2 5596 419 8.3078 1.1936 -0.6424 0.0120 0.6852 0.3028 1.1212 98.4176 1 0
O 2 5617 12728 7.2082 0.9159 -0.7690 0.0079 0.8002 0.1919 0.9006 79.0589 1 0
O 2 5618 13940 6.9320 0.8705 -0.7624 0.0055 0.7533 0.2412 0.8969 78.7302 1 0
O 2 5641 584 7.8680 0.8520 -0.8124 0.0031 0.8266 0.1703 0.8766 76.9489 1 0
O 2 5643 13372 1.3791 1.5010 -0.8216 0.6224 0.0521 0.3255 1.5388 135.0715 0 0
O 2 5664 12896 5.5767 1.0334 -0.5794 0.7666 0.0179 0.2155 0.9103 79.9025 0 0
O 2 5667 12885 1.1288 0.9116 -0.6825 0.2565 0.0094 0.7341 1.5864 139.2530 0 0
O 2 5668 12845 3.0037 1.3511 -0.6823 0.2441 0.0196 0.7363 0.9739 85.4859 0 0
O 2 5685 78 8.3688 1.3536 -0.6508 0.0056 0.8086 0.1859 1.3190 115.7799 1 0
O 2 5703 12872 1.6063 4.1133 -0.6817 0.1082 0.0585 0.8333 1.2159 106.7302 0 0
O 2 5716 12971 1.4168 4.2923 -0.6195 0.4748 0.1335 0.3917 4.0053 351.5895 0 0
O 2 5779 55 7.3705 1.0019 0.6424 0.0235 0.4838 0.4926 0.9690 85.0575 1 0
O 2 5790 12928 0.7131 0.9585 0.6605 0.3242 0.0007 0.6751 0.8338 73.1909 0 0
O 2 5792 12844 0.1564 1.5480 0.7010 0.9292 0.0275 0.0433 5.3112 466.2196 0 0
O 2 5793 12891 8.8200 2.8236 0.6798 0.0106 0.7343 0.2551 2.8350 248.8600 1 0
O 2 5798 12475 4.5967 2.6896 0.6798 0.6060 0.0040 0.3900 1.0046 88.1882 1 0
O 2 5813 13641 0.6971 1.4525 0.7835 0.8920 0.0014 0.1067 1.4079 123.5881 0 0
O 2 5819 13893 -0.7567 724.7287 0.8874 0.4865 0.0062 0.5072 0.8065 70.7961 0 0
O 2 5839 12529 -2.3128 1.1507 0.5866 0.9022 0.0170 0.0808 3.3896 297.5408 0 0
O 2 5844 12542 0.4118 0.9985 0.4950 0.2017 0.0019 0.7964 1.2588 110.4987 0 0
O 2 5853 13065 -0.4680 1.5711 0.6201 0.8498 0.0065 0.1437 1.1562 101.4881 0 0
O 2 5857 270 8.5349 1.0807 0.6836 0.0009 0.8572 0.1419 1.0872 95.4359 1 0
O 2 5868 12652 0.4831 2.3601 0.7693 0.7954 0.0029 0.2017 2.4454 214.6538 0 0
O 2 5871 541 6.7861 0.8391 0.8643 0.0056 0.7150 0.2795 0.8141 71.4576 1 0
O 2 5875 505 7.7667 0.8662 0.8325 0.0017 0.8042 0.1941 0.8678 76.1782 1 0
O 2 5878 13325 -1.6657 0.8118 0.7597 0.0024 0.8350 0.1626 1.0048 88.1995 0 0
O 2 5883 12772 7.1581 1.1160 0.8225 0.1021 0.1798 0.7181 1.2013 105.4472 1 0
O 2 5885 13993 8.2405 1.0540 0.8278 0.0029 0.8022 0.1950 1.0501 92.1822 1 0
O 2 5891 12811 2.5062 1.0646 0.8747 0.0212 0.6799 0.2989 3.5611 312.5913 0 0
O 2 5893 12438 1.1098 1.2210 1.0216 0.4903 0.0962 0.4134 1.2746 111.8865 0 0
O 2 5904 12916 1.2259 3.6494 0.7835 0.8005 0.0071 0.1924 0.9109 79.9601 0 0
O 2 5906 12518 0.0820 0.9647 0.8609 0.4212 0.0016 0.5771 0.8559 75.1275 0 0
O 2 5907 154 8.2812 1.1621 0.8665 0.0050 0.8354 0.1596 1.1346 99.5922 1 0
O 2 5916 168 6.8264 0.8787 0.8457 0.0010 0.9049 0.0941 0.8183 71.8272 1 0
O 2 5917 13678 4.5683 0.9577 0.9756 0.7321 0.0005 0.2674 0.7989 70.1283 0 0
O 2 5923 225 8.0453 0.9468 0.8120 0.0036 0.7901 0.2064 0.9583 84.1208 1 0
O 2 5925 12568 -0.1429 15.2691 0.8120 0.7958 0.0768 0.1273 4.4722 392.5678 0 0
O 2 5940 314 7.0512 0.9123 0.9464 0.0042 0.8955 0.1004 0.8602 75.5061 1 0
O 2 5967 13355 -1.0495 2.1998 0.7931 0.4325 0.0031 0.5645 1.3326 116.9776 0 0
O 2 5968 12796 8.0995 1.0395 1.0176 0.0012 0.8588 0.1400 1.0654 93.5182 1 0
O 2 5979 12467 2.3859 3.1012 0.9525 0.5258 0.0601 0.4141 1.2592 110.5285 0 0
O 2 5993 13650 -0.1738 1.4573 1.0778 0.0063 0.8477 0.1460 1.2467 109.4375 0 0
O 2 5997 195 5.7793 0.8054 0.9216 0.0018 0.7550 0.2432 0.8429 73.9859 1 0
O 2 6010 13703 2.1772 48.5937 0.8294 0.2305 0.0851 0.6844 1.0653 93.5120 0 0
O 2 6011 260 7.2775 0.9397 0.9242 0.0013 0.8630 0.1356 0.9459 83.0324 1 0
O 2 6023 12622 6.4557 0.8958 1.1355 0.0029 0.8288 0.1683 0.8740 76.7165 1 0
O 2 6043 13312 -1.5935 0.9230 1.0224 0.6799 0.0029 0.3173 0.8488 74.5114 0 0
O 2 6059 13630 2.2426 0.8588 1.0324 0.0053 0.5172 0.4776 1.0021 87.9662 0 0
O 2 6061 12497 3.5010 1.0751 0.9303 0.1733 0.0064 0.8203 1.1309 99.2728 0 0
O 2 6072 12506 6.2691 1.1056 1.0596 0.0069 0.8282 0.1649 1.2045 105.7354 1 0
O 2 6092 13659 0.8554 0.9841 1.0996 0.0064 0.6368 0.3568 1.0288 90.3116 0 0
O 2 6094 12513 0.9476 1.3800 0.9468 0.3870 0.0255 0.5875 1.1577 101.6257 0 0
O 2 6097 13691 7.4001 1.5006 1.0780 0.0030 0.7920 0.2050 1.5339 134.6437 1 0
O 2 6123 13741 5.5671 1.1836 1.1161 0.0018 0.8494 0.1488 1.1142 97.8054 1 0
O 2 6125 13071 -1.4544 1.8003 0.8871 0.4023 0.0048 0.5929 0.9968 87.4991 0 0
O 2 6131 14036 0.9779 1.0771 1.2946 0.5836 0.0019 0.4145 1.5007 131.7348 0 0
O 2 6134 12621 8.2679 1.4748 1.2814 0.0026 0.8371 0.1602 1.4699 129.0280 1 0
O 2 6144 12664 6.4291 0.9477 1.1213 0.0003 0.8906 0.1091 0.9742 85.5148 1 0
O 2 6180 14025 7.4161 0.9389 1.0862 0.1029 0.1505 0.7466 0.9529 83.6468 1 0
O 2 6181 12439 6.1641 0.7994 1.2137 0.1209 0.0637 0.8155 0.8010 70.3090 1 0
O 2 6208 13444 -1.2231 0.9105 1.2235 0.6242 0.0073 0.3686 1.1793 103.5183 0 0
O 2 6209 12571 5.6800 0.8762 1.3509 0.0060 0.8342 0.1599 0.8521 74.7950 1 0
O 2 6217 429 6.1812 3.7516 1.3863 0.1131 0.0146 0.8723 2.3626 207.3910 1 0
O 2 6225 13479 6.6437 1.2621 1.2824 0.3194 0.0009 0.6796 0.9086 79.7589 0 0
O 2 6233 13487 -0.5374 0.8997 1.3795 0.4524 0.0067 0.5409 2.4001 210.6850 0 0
O 2 6238 12767 5.1863 0.9018 1.4252 0.0019 0.8699 0.1281 0.8668 76.0856 1 0
O 2 6239 574 -0.8881 0.8029 1.5793 0.3110 0.3233 0.3657 1.0463 91.8474 0 0
O 2 6244 14028 7.2146 1.2268 1.2881 0.0009 0.8482 0.1509 1.1220 98.4914 1 0
O 2 6249 13427 0.5440 0.8866 1.3785 0.5682 0.0050 0.4268 1.1093 97.3701 0 0
O 2 6251 14068 1.7900 1.0797 1.3332 0.0608 0.0556 0.8836 0.8452 74.1951 0 0
O 2 6252 103 5.7144 0.8731 1.4786 0.0055 0.8148 0.1797 0.7986 70.1049 1 0
O 2 6255 13428 6.1503 0.8640 1.4624 0.0286 0.4939 0.4775 0.8782 77.0895 1 0
O 2 6264 13435 6.4868 0.8281 1.4496 0.0012 0.8925 0.1063 0.8940 78.4719 1 0
O 2 6270 13442 8.6570 1.3222 1.3388 0.0012 0.8711 0.1277 1.2619 110.7737 1 0
O 2 6288 14180 0.2819 1.5631 1.5853 0.0042 0.7767 0.2191 0.8836 77.5648 0 0
O 2 6292 14041 6.8804 0.7972 1.5428 0.0150 0.6093 0.3757 0.8323 73.0629 1 0
O 2 6294 450 8.2078 0.8611 1.5715 0.0015 0.8921 0.1064 0.8613 75.6041 1 0
O 2 6295 430 7.8227 3.7370 1.3863 0.0106 0.7115 0.2779 3.6076 316.6717 1 0
O 2 6300 13468 -1.2733 1.6617 1.4871 0.0017 0.8232 0.1751 0.9080 79.7004 0 0
O 2 6301 13469 -1.3512 2.1739 1.5452 0.3575 0.0082 0.6343 1.7595 154.4496 0 0
O 2 6326 13485 6.6227 1.1403 1.4869 0.6407 0.0010 0.3583 0.9425 82.7355 0 0
O 2 6334 17 2.6311 1.4804 1.5309 0.3268 0.1948 0.4784 1.5235 133.7323 1 0
O 2 6338 41 7.5150 0.9313 1.5570 0.0013 0.9120 0.0867 0.8705 76.4085 1 0
O 2 6360 14032 6.5172 0.9767 1.4639 0.0019 0.8214 0.1767 0.8729 76.6190 1 0
O 2 6416 14175 1.0487 7.9630 1.5590 0.2644 0.0003 0.7353 0.8529 74.8633 0 0
O 2 6420 411 8.4557 0.9444 1.6468 0.0082 0.1831 0.8088 0.9168 80.4748 0 0
O 2 6431 416 10.4766 1.6770 1.7012 0.0022 0.8637 0.1341 1.6273 142.8426 1 0
O 2 6432 1197 6.5756 0.9259 1.6691 0.0019 0.8475 0.1507 0.8860 77.7729 1 0
O 2 6434 14200 6.2429 1.0896 1.4854 0.0039 0.7482 0.2479 1.1217 98.4636 1 0
O 2 6441 493 9.4074 0.9276 1.5822 0.0026 0.7022 0.2952 0.9126 80.1116 1 0
O 2 6455 13490 9.5733 1.6313 1.5998 0.0025 0.7800 0.2175 1.6192 142.1333 1 0
O 2 6458 14228 6.0055 1.7708 1.5998 0.8110 0.0344 0.1545 2.9020 254.7359 1 0
O 2 6464 576 10.3618 1.7607 1.6586 0.0031 0.7521 0.2449 1.7707 155.4321 1 0
O 2 6496 187 8.6468 0.8480 1.6983 0.0014 0.9073 0.0913 0.8552 75.0724 1 0
O 2 6499 863 8.7494 0.9808 1.6383 0.0258 0.1981 0.7762 0.9786 85.9011 1 0
O 2 6505 13440 9.0221 0.8718 1.7137 0.0049 0.7204 0.2747 0.8618 75.6495 1 0
O 2 6509 14149 1.1280 0.9716 1.5870 0.3139 0.0275 0.6586 0.9214 80.8805 0 0
O 2 6523 955 4.9799 3.5005 1.6890 0.6582 0.0008 0.3410 0.8073 70.8624 0 0
O 2 6528 914 7.2300 0.9839 1.6926 0.0783 0.0040 0.9177 1.1227 98.5480 0 0
O 2 6542 334 8.1803 1.7934 1.7934 0.0044 0.4618 0.5338 1.5030 131.9328 1 0
O 2 6552 330 9.3542 1.4439 1.8227 0.0026 0.8226 0.1748 1.4398 126.3819 0 0
O 2 6554 1022 7.2501 1.4503 1.8186 0.0316 0.0705 0.8979 0.9938 87.2377 0 0
O 2 6561 13465 10.6241 1.6542 1.8086 0.0026 0.8735 0.1239 1.6480 144.6585 1 0
O 2 6569 459 6.2348 0.9092 1.7974 0.0010 0.8824 0.1166 0.8944 78.5113 1 0
O 2 6581 1198 9.7954 1.4162 1.8789 0.0033 0.8346 0.1620 1.5123 132.7522 1 0
O 2 6599 455 1.7228 1.3976 1.7450 0.0680 0.0100 0.9220 0.8578 75.2986 0 0
O 2 6601 1283 8.5734 0.8697 1.7247 0.0019 0.7589 0.2392 0.8752 76.8246 1 0
O 2 6606 14240 7.4395 0.8049 1.7332 0.0012 0.8463 0.1524 0.8103 71.1289 1 0
O 2 6608 1338 8.4783 0.9330 1.6962 0.0023 0.7664 0.2313 0.9069 79.6114 1 0
O 2 6609 703 10.1168 1.2005 1.8043 0.0027 0.8340 0.1633 1.1808 103.6497 1 0
O 2 6610 700 8.3240 1.1658 1.8450 0.0015 0.8273 0.1712 1.1364 99.7493 1 0
O 2 6633 242 1.7519 0.9283 1.8542 0.0608 0.0566 0.8826 0.8470 74.3475 0 0
O 2 6635 839 9.6137 1.0512 1.8221 0.0021 0.8414 0.1565 1.0591 92.9710 1 0
O 2 6643 241 8.5346 0.9313 1.7899 0.0008 0.8842 0.1150 0.9335 81.9385 1 0
O 2 6650 14522 10.0531 1.2886 1.8214 0.0015 0.8686 0.1299 1.2872 112.9869 1 0
O 2 6654 14544 4.9965 1.0764 1.7460 0.1035 0.0050 0.8915 0.8354 73.3347 0 0
O 2 6655 915 9.5932 0.9783 1.8356 0.0036 0.8128 0.1837 0.9808 86.0973 1 0
O 2 6662 2734 9.4574 1.9264 1.8908 0.0011 0.8069 0.1920 1.9009 166.8644 1 0
O 2 6667 1094 8.7171 1.2368 1.9010 0.0035 0.7127 0.2838 1.1220 98.4916 1 0
O 2 6669 14174 -0.5522 0.9292 1.8602 0.2549 0.0948 0.6503 8.8908 780.4330 0 0
O 2 6672 14931 5.5457 1.8421 1.8727 0.0332 0.2294 0.7374 1.3738 120.5914 0 0
O 2 6673 2946 9.4825 3.3921 2.0356 0.0444 0.6621 0.2935 3.3698 295.7971 1 0
O 2 6675 1201 11.1223 1.4020 1.8846 0.0139 0.6065 0.3796 1.4017 123.0388 1 0
O 2 6677 434 10.9919 1.4228 1.8836 0.0109 0.6388 0.3503 1.4230 124.9147 1 0
O 2 6681 1199 11.2200 1.4167 1.8789 0.0012 0.8440 0.1548 1.4299 125.5138 1 0
O 2 6682 431 11.3667 1.4444 1.8783 0.0019 0.8378 0.1603 1.4432 126.6855 1 0
O 2 6683 1231 9.3168 1.7625 1.8879 0.0097 0.7406 0.2498 1.7875 156.9069 1 0
O 2 6684 14592 1.1430 1.1014 1.9973 0.6698 0.0729 0.2574 0.9899 86.8923 0 0
O 2 6688 14605 0.7567 1.0374 2.0406 0.7109 0.0678 0.2213 1.4663 128.7157 0 0
O 2 6690 14222 -0.8146 0.8212 1.9555 0.1297 0.2929 0.5775 1.7922 157.3171 0 0
O 2 6692 1303 9.9178 2.0162 1.8987 0.0035 0.8482 0.1482 1.9358 169.9234 1 0
O 2 6694 14625 0.5815 2.1017 1.9212 0.0261 0.0615 0.9123 1.1358 99.7010 0 0
O 2 6695 2038 8.5623 1.7200 2.0034 0.0107 0.7338 0.2554 1.8482 162.2380 1 0
O 2 6696 68 9.5305 1.1546 1.8450 0.0012 0.8030 0.1958 1.1558 101.4534 1 0
O 2 6701 86 5.7959 0.9333 1.9237 0.0042 0.7532 0.2426 1.0028 88.0224 1 0
O 2 6702 783 2.7335 1.0993 1.8940 0.0132 0.3322 0.6546 1.2596 110.5637 0 0
O 2 6707 781 9.8823 0.9875 1.8800 0.0005 0.8615 0.1380 1.0068 88.3733 1 0
O 2 6711 779 8.8508 0.8915 1.8832 0.0031 0.7770 0.2200 0.9136 80.1941 1 0
O 2 6717 784 10.0304 1.2575 1.9275 0.0042 0.7956 0.2002 1.3205 115.9157 1 0
O 2 6724 14533 0.1951 1.8754 1.9470 0.1613 0.0075 0.8312 1.7184 150.8385 0 0
O 2 6727 2773 9.3387 1.0723 2.1013 0.0059 0.5880 0.4061 1.1849 104.0062 1 0
O 2 6729 1065 7.1251 1.4998 2.1150 0.0107 0.7458 0.2435 1.7313 151.9760 1 0
O 2 6731 2856 6.8841 1.5409 2.1146 0.0087 0.8553 0.1360 1.8719 164.3175 1 0
O 2 6733 1073 10.3045 1.4917 2.1296 0.0023 0.7689 0.2289 1.3701 120.2644 1 0
O 2 6734 2848 5.0833 1.5138 2.1301 0.7086 0.0578 0.2336 1.2293 107.9099 1 0
O 2 6735 2854 5.0212 1.5288 2.1296 0.7438 0.0579 0.1983 1.3812 121.2407 1 0
O 2 6738 14569 1.3690 0.8735 1.9913 0.0223 0.0049 0.9728 0.7156 62.8135 0 0
O 2 6739 2827 7.4224 1.2454 2.0746 0.0945 0.5039 0.4016 1.6081 141.1587 1 0
O 2 6741 1029 11.4034 1.4287 2.1781 0.0032 0.8090 0.1878 1.4303 125.5531 1 0
O 2 6746 1145 9.9544 1.6252 2.0780 0.0022 0.8122 0.1856 1.7485 153.4874 1 0
O 2 6747 14597 0.3504 1.0896 2.0910 0.6427 0.0324 0.3249 1.2758 111.9917 0 0
O 2 6760 1253 9.0846 0.8373 2.0803 0.0015 0.7177 0.2808 0.8986 78.8830 1 0
O 2 6762 14947 0.0936 2.0484 2.0406 0.1607 0.0024 0.8369 2.0504 179.9820 0 0
O 2 6763 1264 9.7562 1.0188 2.1389 0.0035 0.7994 0.1971 1.0362 90.9557 1 0
O 2 6765 3155 10.9575 1.8741 2.1054 0.0050 0.7175 0.2775 1.8823 165.2258 1 0
O 2 6766 1328 1.4407 1.4055 2.1321 0.1064 0.0022 0.8914 0.9324 81.8495 0 0
O 2 6770 3211 8.9837 1.1537 2.1888 0.0102 0.7669 0.2229 1.2478 109.5298 1 0
O 2 6774 1333 10.4743 1.3673 2.1526 0.0084 0.6973 0.2943 1.3185 115.7392 1 0
O 2 6776 2144 11.7541 1.2885 2.1076 0.0047 0.6814 0.3140 1.2902 113.2543 1 0
O 2 6777 4505 1.1741 1.0670 2.1600 0.2210 0.0007 0.7782 0.8375 73.5125 0 0
O 2 6780 2275 9.5377 2.4480 2.1745 0.0075 0.7483 0.2442 2.4411 214.2781 1 0
O 2 6783 2198 9.6354 1.6076 2.0591 0.0022 0.7335 0.2643 1.7133 150.3932 1 0
O 2 6785 2296 8.0296 1.4043 2.1663 0.0074 0.7146 0.2781 1.6950 148.7897 1 0
O 2 6790 14131 0.7440 0.8589 2.1036 0.0153 0.0020 0.9827 1.0111 88.7506 0 0
O 2 6791 2466 8.8676 0.8703 2.1551 0.0016 0.8073 0.1911 0.9401 82.5252 1 0
O 2 6794 15020 2.1879 1.3860 2.0980 0.1636 0.0012 0.8352 1.1315 99.3261 0 0
O 2 6801 907 10.6501 1.3820 2.1514 0.0045 0.7612 0.2344 1.3318 116.9037 1 0
O 2 6816 2581 11.5617 2.5334 2.1810 0.0151 0.7022 0.2828 2.5340 222.4377 1 0
O 2 6819 2667 10.5611 1.1186 2.1307 0.0026 0.7814 0.2160 1.0708 93.9974 1 0
O 2 6820 2746 8.2132 2.0514 2.3222 0.0065 0.6258 0.3677 2.5527 224.0783 1 1 560
O 2 6826 4920 9.1881 1.2192 2.2430 0.0009 0.7476 0.2515 1.2563 110.2756 1 0
O 2 6828 1004 4.1177 0.8879 2.2957 0.0081 0.2922 0.6997 0.8143 71.4806 1 0
O 2 6831 2872 8.3936 0.9590 2.2137 0.0031 0.3216 0.6753 0.7374 64.7305 1 0
O 2 6836 2921 8.1355 1.9926 2.2926 0.0077 0.6619 0.3304 2.4528 215.3107 1 0
O 2 6838 1189 8.6605 1.3748 2.2693 0.0007 0.5718 0.4275 1.1809 103.6551 1 0
O 2 6839 1204 6.9938 1.8024 2.3377 0.0680 0.0403 0.8917 0.6684 58.6689 1 0
O 2 6841 1211 7.8176 1.9076 2.3332 0.0978 0.0593 0.8429 1.4112 123.8734 1 0
O 2 6843 5168 3.6905 1.7060 2.3332 0.0013 0.5540 0.4447 0.9368 82.2283 0 0
O 2 6845 3099 7.6584 1.4433 2.3038 0.0008 0.7370 0.2622 1.5142 132.9176 1 0
O 2 6846 3101 9.2922 1.4402 2.3129 0.0011 0.6840 0.3149 1.1151 97.8871 1 0
O 2 6850 1330 2.1838 1.3945 2.1932 0.0247 0.0029 0.9724 0.7747 68.0027 0 0
O 2 6851 1334 9.4761 1.3713 2.1552 0.0008 0.7709 0.2283 1.2003 105.3648 1 0
O 2 6852 1331 10.2095 1.3855 2.1526 0.0009 0.7943 0.2049 1.3092 114.9182 1 0
O 2 6854 2101 8.1557 0.8573 2.2667 0.0005 0.8184 0.1811 0.7909 69.4245 1 0
O 2 6855 4417 6.0603 0.9496 2.2705 0.4730 0.2474 0.2795 5.6734 498.0084 1 0
O 2 6856 2100 8.1016 0.8608 2.2655 0.0007 0.7986 0.2008 0.7985 70.0931 1 0
O 2 6857 4397 7.3952 2.9536 2.3383 0.0790 0.5202 0.4007 13.3029 1167.7268 1 0
O 2 6860 4508 8.2591 1.0606 2.1714 0.0010 0.7642 0.2348 0.8320 73.0286 1 0
O 2 6861 14896 0.9329 1.0773 2.2116 0.0082 0.0168 0.9750 1.5218 133.5798 0 0
O 2 6862 2294 10.0665 1.4329 2.1663 0.0009 0.7566 0.2426 1.5191 133.3472 1 0
O 2 6863 740 8.4923 2.2235 2.1745 0.0067 0.6357 0.3577 2.2291 195.6669 1 0
O 2 6865 2300 7.6948 1.4367 2.1663 0.0025 0.7553 0.2422 2.0597 180.8004 1 0
O 2 6869 2383 4.2970 0.8598 2.3082 0.0046 0.0586 0.9368 0.6374 55.9473 1 0
O 2 6870 4677 9.9439 1.4143 2.3023 0.0007 0.7433 0.2560 1.3822 121.3326 1 0
O 2 6873 846 6.8845 1.3621 2.1955 0.0009 0.7522 0.2469 1.7934 157.4268 1 0
O 2 6874 845 11.6053 1.3594 2.2080 0.0015 0.7511 0.2474 1.4080 123.5921 1 0
O 2 6878 886 1.8421 2.4805 2.1958 0.2183 0.0052 0.7765 1.2161 106.7463 0 0
O 2 6880 900 11.4248 2.6117 2.1810 0.0080 0.7143 0.2777 2.6181 229.8136 1 0
O 2 6881 895 11.0433 2.4992 2.2220 0.0102 0.7133 0.2766 2.5140 220.6788 1 0
O 2 6888 902 9.7448 2.6420 2.1810 0.0043 0.6970 0.2987 3.0886 271.1196 1 0
O 2 6889 901 5.3702 2.6475 2.1792 0.0009 0.6610 0.3381 0.7502 65.8562 0 0
O 2 6892 14536 3.2928 1.0845 2.2283 0.0716 0.1044 0.8240 0.7844 68.8557 0 0
O 2 6894 2602 5.4731 1.2184 2.2283 0.0053 0.5561 0.4386 1.3122 115.1875 1 0
O 2 6896 932 10.5305 3.3422 2.2643 0.0134 0.6361 0.3505 3.4342 301.4554 1 0
O 2 6897 929 11.1908 3.2336 2.2653 0.0068 0.6447 0.3485 3.2123 281.9716 1 0
O 2 6900 2642 8.5930 2.7720 2.2643 0.0037 0.5663 0.4300 1.9903 174.7073 1 0
O 2 6902 4921 -0.2138 1.2135 2.2322 0.1160 0.0025 0.8815 1.1062 97.1054 0 0
O 2 6903 12603 1.6965 1.9788 -0.3959 0.5474 0.0118 0.4409 1.3036 114.4329 0 0
O 2 6917 13769 5.6389 0.9947 -0.2705 0.2345 0.1235 0.6420 1.0295 90.3718 1 0
O 2 6961 12623 2.5804 1.7391 0.1514 0.6229 0.0066 0.3705 0.8734 76.6711 0 0
O 2 6962 13774 3.4390 1.4233 0.2529 0.9662 0.0206 0.0132 12.9091 1133.1614 1 0
O 2 6965 13106 -1.3264 1.6935 0.2628 0.8540 0.0020 0.1439 0.9741 85.5086 0 0
O 2 6967 309 8.9639 1.1785 0.4369 0.0104 0.8295 0.1601 1.1696 102.6650 1 0
O 2 6971 12646 -0.7850 0.9743 -0.6794 0.7149 0.0011 0.2841 1.7597 154.4657 0 0
O 2 6972 363 0.2266 0.9155 -0.6548 0.5082 0.0126 0.4793 1.6359 143.5975 0 0
O 2 6978 327 4.9420 0.9632 -0.4567 0.2752 0.1615 0.5633 0.9818 86.1784 1 1 83
O 2 6980 13781 8.1003 1.7972 -0.2827 0.0951 0.5686 0.3363 1.8038 158.3388 1 0
O 2 7028 13153 -0.7686 0.9790 0.2665 0.6764 0.0590 0.2646 0.9348 82.0536 0 0
O 2 7053 13166 0.4826 0.9840 0.5040 0.6770 0.0052 0.3178 0.9302 81.6566 0 0
O 2 7067 12638 -1.3032 0.9665 -0.4737 0.0100 0.7985 0.1915 1.6160 141.8544 0 0
O 2 7071 13843 7.4315 1.1958 -0.7206 0.0114 0.8406 0.1480 1.1867 104.1662 1 0
O 2 7073 13827 2.9219 1.5816 -0.7445 0.8948 0.0012 0.1040 1.4461 126.9371 0 0
O 2 7079 13862 -0.4780 1.6943 -0.6002 0.9813 0.0017 0.0170 13.6516 1198.3418 0 0
O 2 7083 13888 -1.4942 1.1086 -0.1722 0.7257 0.0237 0.2506 1.0973 96.3199 0 0
O 2 7084 13174 -1.2838 1.0797 -0.0402 0.6714 0.0003 0.3282 0.8115 71.2351 0 0
O 2 7088 13838 7.8147 0.9570 -0.3029 0.0093 0.7667 0.2239 0.9556 83.8785 1 0
O 2 7097 12643 0.0605 0.8088 -0.0362 0.9343 0.0001 0.0657 1.4193 124.5899 0 0
O 2 7099 13188 3.2768 0.8666 -0.1359 0.9250 0.0179 0.0571 2.9394 258.0202 1 0
O 2 7129 13818 -0.6242 0.8168 -0.1372 0.0280 0.5492 0.4227 1.2816 112.4960 0 0
O 2 7133 13223 -0.9730 1.6232 -0.2169 0.9591 0.0009 0.0401 1.6080 141.1483 0 0
O 2 7137 13214 0.1255 0.8502 0.2367 0.4652 0.0010 0.5338 1.0774 94.5711 0 0
O 2 7144 13829 5.0596 1.5099 0.1657 0.2100 0.0683 0.7217 1.0965 96.2526 0 0
O 2 7169 380 3.6607 3.9944 0.2367 0.3341 0.0184 0.6475 1.3266 116.4448 1 1 244
O 2 7177 13817 -0.7071 1.7642 0.6006 0.9169 0.0031 0.0800 2.8097 246.6331 0 0
O 2 7188 367 6.5031 0.8637 0.5988 0.0030 0.8709 0.1261 0.8622 75.6856 1 0
O 2 7193 12649 0.0277 1.1319 0.6669 0.7456 0.0140 0.2404 2.2443 197.0038 0 0
O 2 7197 409 8.4093 0.9705 -0.6591 0.0066 0.8511 0.1423 0.9452 82.9678 1 0
O 2 7200 13257 -1.7032 1.3079 -0.4080 0.1200 0.2626 0.6175 1.1704 102.7376 0 0
O 2 7207 13211 8.1588 0.8410 -0.4929 0.0154 0.7473 0.2373 0.8375 73.5116 1 0
O 2 7223 13891 -0.8739 1.5371 -0.5031 0.6630 0.0075 0.3295 1.8387 161.4020 0 0
O 2 7228 12657 -0.3306 0.8375 -0.4941 0.6883 0.0050 0.3068 0.9152 80.3357 0 0
O 2 7251 13206 7.0968 0.9209 -0.2899 0.5248 0.1088 0.3665 0.9522 83.5856 1 0
O 2 7252 13204 1.5609 1.5078 -0.2022 0.0174 0.8447 0.1379 1.3583 119.2300 0 0
O 2 7253 13848 1.3708 0.9635 -0.2022 0.8264 0.0373 0.1363 1.5910 139.6584 0 0
O 2 7254 13849 1.3614 0.9673 -0.2022 0.9023 0.0236 0.0742 1.5820 138.8655 0 0
O 2 7256 12648 2.2272 0.8860 -0.3211 0.9382 0.0106 0.0512 2.0785 182.4475 0 0
O 2 7268 12672 -0.5220 1.1448 -0.0687 0.9065 0.0024 0.0912 1.2345 108.3667 0 0
O 2 7344 13201 1.3040 2.2676 0.1324 0.0151 0.8147 0.1702 1.0977 96.3525 0 0
O 2 7348 446 6.9807 0.8539 -0.0919 0.0238 0.8979 0.0783 0.8384 73.5932 1 0
O 2 7410 12661 1.8939 1.3941 0.1393 0.3792 0.0126 0.6082 1.1355 99.6774 0 0
O 2 7441 12662 0.5631 0.8516 0.4284 0.9013 0.0200 0.0787 1.4056 123.3866 0 0
O 2 7459 421 7.2778 1.2545 0.3811 0.0777 0.6177 0.3047 1.1889 104.3661 1 0
O 2 7473 13213 0.5950 71.7197 0.5602 0.6157 0.0356 0.3486 0.8188 71.8745 0 0
O 2 7479 13805 -0.9551 1.6184 0.1324 0.5024 0.0662 0.4315 0.8950 78.5661 0 0
O 2 7493 13219 -0.1211 0.8762 0.1909 0.9901 0.0008 0.0091 5.0959 447.3217 0 0
O 2 7504 13220 5.1621 1.1576 0.3971 0.9112 0.0115 0.0773 1.5252 133.8828 1 0
O 2 7513 12680 2.1642 2.7531 0.5602 0.4951 0.0342 0.4707 1.1662 102.3663 0 0
O 2 7518 12685 1.7829 1.6496 0.5871 0.7891 0.0003 0.2106 0.9909 86.9856 0 0
O 2 7525 12695 -0.2304 2.6139 0.6341 0.0078 0.8602 0.1321 1.1552 101.4066 0 0
O 2 7531 13191 -0.4788 1.4144 0.2637 0.8560 0.0305 0.1136 1.6628 145.9597 0 0
O 2 7565 12697 -0.5182 1.9759 0.7072 0.9206 0.0024 0.0770 2.8955 254.1645 0 0
O 2 7583 13253 -2.0203 1.2784 -0.5446 0.0943 0.0274 0.8784 1.7868 156.8438 0 0
O 2 7614 13264 -0.1569 0.8302 -0.7630 0.4919 0.1210 0.3871 0.8027 70.4581 0 0
O 2 7640 13270 0.0359 1.8830 -0.1745 0.1460 0.1809 0.6731 1.0586 92.9204 0 0
O 2 7695 437 9.5522 1.6245 0.2143 0.0057 0.7391 0.2552 1.6280 142.9031 1 0
O 2 7696 13266 0.0130 23.6649 0.4750 0.8929 0.0029 0.1042 0.9671 84.8943 0 0
O 2 7719 13919 7.9666 1.9647 0.2273 0.0128 0.8379 0.1493 1.9470 170.9077 1 0
O 2 7727 12699 1.2043 16.1913 0.3324 0.8864 0.0057 0.1079 2.7419 240.6836 0 0
O 2 7743 13316 5.1809 0.9604 -0.4779 0.5625 0.0017 0.4358 0.8296 72.8226 0 0
O 2 7752 502 8.4510 0.9186 -0.4769 0.0029 0.8844 0.1127 0.9243 81.1382 1 0
O 2 7755 13296 3.1454 1.0558 -0.2393 0.3166 0.1550 0.5284 0.8308 72.9259 0 0
O 2 7760 13263 -1.0735 1.4944 -0.1335 0.0985 0.8153 0.0863 2.3934 210.0966 0 0
O 2 7767 13252 2.7956 0.8203 -0.1684 0.9605 0.0012 0.0383 0.8081 70.9358 0 0
O 2 7772 13283 3.3025 1.2386 -0.1067 0.9106 0.0005 0.0890 1.0678 93.7297 0 0
O 2 7798 12735 -0.1897 0.8047 -0.1007 0.8591 0.0085 0.1324 0.9171 80.5044 0 0
O 2 7817 12725 2.0805 1.7087 -0.1210 0.8998 0.0217 0.0785 0.8358 73.3639 0 0
O 2 7837 13922 0.6719 2.6288 0.2550 0.8590 0.0035 0.1376 0.9464 83.0781 0 0
O 2 7856 12732 7.6641 0.9111 0.3555 0.0197 0.7106 0.2697 0.9033 79.2901 1 0
O 2 7860 13914 2.1674 2.2157 0.5520 0.1924 0.0443 0.7633 1.1622 102.0152 0 0
O 2 7865 13295 -1.9022 2.3923 0.6575 0.8904 0.0217 0.0879 3.4423 302.1656 0 0
O 2 7873 12739 -1.1328 1.8646 -0.4627 0.9295 0.0059 0.0646 1.6576 145.5011 0 0
O 2 7876 13311 5.4420 1.8700 -0.4627 0.5093 0.1025 0.3881 1.2630 110.8678 0 0
O 2 7877 13963 -1.3764 0.8102 -0.5604 0.6664 0.0055 0.3281 1.5580 136.7611 0 0
O 2 7895 12714 0.6256 1.1033 -0.5148 0.9326 0.0010 0.0664 0.9603 84.2949 0 0
O 2 7900 13953 -0.8703 1.2493 -0.5148 0.9394 0.0006 0.0601 1.1968 105.0518 0 0
O 2 7911 13969 7.8161 1.7239 -0.4522 0.0094 0.7880 0.2026 1.6876 148.1366 1 0
O 2 7914 12737 4.8462 1.1812 -0.3740 0.0929 0.0559 0.8511 0.9327 81.8751 1 0
O 2 7927 13937 8.2006 1.0011 -0.2364 0.0718 0.2308 0.6973 1.0040 88.1277 1 0
O 2 7930 13967 2.3154 1.2857 -0.2691 0.0047 0.8164 0.1789 0.8864 77.8074 0 0
O 2 7933 13980 -0.9659 2.2626 -0.3207 0.9542 0.0017 0.0442 1.2553 110.1923 0 0
O 2 7942 13284 -1.3259 1.1977 0.0628 0.9338 0.0022 0.0640 1.3038 114.4442 0 0
O 2 7958 555 0.0451 0.7984 0.5262 0.8162 0.0908 0.0930 0.8420 73.9072 0 0
O 2 7959 13317 -0.6372 1.5190 0.0628 0.7634 0.0066 0.2300 3.2436 284.7274 0 0
O 2 7967 551 7.5623 1.0346 0.3067 0.0014 0.8665 0.1322 0.9932 87.1805 1 0
O 2 7968 13950 2.2756 2.7872 0.5236 0.8273 0.0059 0.1668 2.4476 214.8484 0 0
O 2 8031 13982 4.8734 2.9738 -0.4357 0.7241 0.0040 0.2718 1.6006 140.5000 1 0
O 2 8055 12749 6.0049 1.5506 -0.4522 0.1617 0.0768 0.7615 1.5297 134.2738 1 0
O 2 8064 563 5.3812 0.8423 -0.3161 0.4273 0.1819 0.3908 0.9205 80.8053 1 0
O 2 8078 12747 5.3061 1.0797 -0.4357 0.2221 0.0717 0.7061 1.1766 103.2824 0 0
O 2 8091 12771 2.0451 1.4656 -0.4307 0.3961 0.0224 0.5815 1.1970 105.0690 0 0
O 2 8104 13379 -1.3639 0.8860 -0.0860 0.7288 0.0055 0.2657 0.9090 79.7931 0 0
O 2 8107 12784 -1.2329 0.8932 -0.0860 0.7134 0.0054 0.2812 0.9090 79.7931 0 0
O 2 8113 13361 -1.8003 1.1162 -0.5405 0.9381 0.0134 0.0485 1.1394 100.0161 0 0
O 2 8132 595 -0.8036 0.8826 -0.1631 0.7647 0.0117 0.2236 1.1980 105.1638 0 0
O 2 8133 13392 -0.2448 0.8709 -0.1631 0.0402 0.8148 0.1450 2.1143 185.5948 0 0
O 2 8142 12770 0.1063 1.0917 -0.3339 0.9385 0.0027 0.0589 0.8879 77.9412 0 0
O 2 8147 13334 1.6722 0.8863 -0.0711 0.9664 0.0314 0.0022 2720.8352 238834.9844 0 0
O 2 8155 12768 0.6002 0.9767 -0.0684 0.9113 0.0011 0.0876 0.8141 71.4636 0 0
O 2 8157 13994 3.3212 1.5300 -0.0684 0.9422 0.0018 0.0560 0.8013 70.3391 0 0
O 2 8160 12789 0.5938 1.0363 0.1475 0.7829 0.0014 0.2157 1.0059 88.2970 0 0
O 2 8169 12769 4.6984 0.8654 0.3013 0.9292 0.0192 0.0516 1.1383 99.9172 1 0
O 2 8180 12760 -0.2353 19.0980 0.1777 0.9025 0.0009 0.0966 1.3389 117.5324 0 0
O 2 8206 591 0.8257 1.0748 0.3579 0.4670 0.0070 0.5260 1.0264 90.1010 0 0
O 2 8216 13941 -0.2947 1.4371 0.3579 0.6997 0.0844 0.2159 1.8457 162.0142 0 0
O 2 8226 549 7.0128 0.9361 0.4827 0.0068 0.8575 0.1357 0.9045 79.3952 1 0
O 2 8230 13991 -0.0670 1.4693 0.5049 0.8086 0.0022 0.1893 1.4450 126.8456 0 0
O 2 8236 12759 8.2626 2.0176 0.5683 0.0099 0.8255 0.1646 1.9805 173.8445 1 0
O 2 8240 13979 4.7849 1.8569 0.5683 0.8492 0.0003 0.1505 1.0580 92.8724 0 0
O 2 8243 13367 0.7173 1.8504 0.4360 0.9164 0.0003 0.0833 1.6405 144.0033 0 0
O 2 8249 13364 -0.0504 3.5005 0.7062 0.8232 0.0006 0.1762 1.2872 112.9895 0 0
O 2 8251 609 7.5559 1.7911 -0.4988 0.0176 0.6023 0.3801 1.7209 151.0603 1 0
O 2 8268 22 5.3934 0.9592 -0.3823 0.5387 0.0041 0.4572 0.8630 75.7563 0 0
O 2 8276 598 7.9862 1.1384 -0.3248 0.0043 0.8145 0.1811 1.1019 96.7233 1 0
O 2 8279 3 8.3570 1.0469 -0.3868 0.0086 0.6726 0.3188 1.0416 91.4359 1 0
O 2 8280 607 7.4149 0.8596 -0.3241 0.0037 0.8146 0.1817 0.8295 72.8121 1 0
O 2 8298 12799 4.5531 1.9428 -0.1213 0.8186 0.0020 0.1794 1.6642 146.0803 0 0
O 2 8304 14010 3.5663 0.8727 -0.0879 0.4992 0.0502 0.4506 0.8529 74.8686 0 0
O 2 8316 14012 7.6327 1.1685 -0.0334 0.3024 0.0142 0.6834 1.1381 99.9025 0 0
O 2 8358 614 5.8748 0.8005 -0.0235 0.0329 0.7679 0.1992 0.8127 71.3431 1 0
O 2 8360 14006 2.1618 1.0720 -0.0334 0.4481 0.0278 0.5241 0.8343 73.2351 0 0
O 2 8458 13370 -0.8878 1.1658 0.4927 0.8716 0.0305 0.0980 3.3708 295.8897 0 0
O 2 8478 26 7.5358 0.9855 -0.4922 0.0110 0.8846 0.1044 0.9413 82.6264 1 0
O 2 8495 12447 -0.8823 0.9742 -0.5678 0.9194 0.0174 0.0633 4.6484 408.0384 0 0
O 2 8509 13385 0.3943 0.9074 -0.1571 0.7788 0.0061 0.2151 1.0756 94.4137 0 0
O 2 8511 12776 -0.0603 6.3159 -0.4771 0.6581 0.0698 0.2722 1.0721 94.1125 0 0
O 2 8520 12460 2.9309 0.8040 -0.1571 0.8834 0.0006 0.1160 0.8749 76.7956 0 0
O 2 8545 12800 0.8989 1.1521 0.0569 0.9602 0.0028 0.0370 2.1168 185.8094 0 0
O 2 8549 13569 2.8954 2.1627 0.1242 0.4401 0.0498 0.5102 1.2372 108.5979 0 0
O 2 8572 6 7.9923 1.0655 0.1038 0.0099 0.8511 0.1390 1.0350 90.8489 1 0
O 2 8607 13573 1.8742 1.5842 0.4418 0.9265 0.0004 0.0731 1.1875 104.2431 0 0
O 2 8624 12446 7.2058 0.8902 0.4829 0.3184 0.0947 0.5869 0.8092 71.0277 0 0
O 2 8625 13578 7.0021 0.9332 0.4903 0.0116 0.8545 0.1340 0.9529 83.6436 1 0
O 2 8632 12828 0.0541 0.8498 0.5887 0.5903 0.0871 0.3226 1.3467 118.2177 0 0
O 2 8662 46 6.9448 0.8517 -0.5685 0.1386 0.5235 0.3379 0.8509 74.6901 1 0
O 2 8666 12842 -0.0238 4.3755 -0.3871 0.5320 0.0055 0.4625 3.4436 302.2780 0 0
O 2 8671 13596 7.2235 1.0611 -0.3867 0.0119 0.8495 0.1386 1.0069 88.3886 1 0
O 2 8682 64 6.7541 0.8560 0.0420 0.1519 0.3910 0.4571 0.8140 71.4495 1 0
O 2 8706 12829 -0.9809 3.4993 0.3477 0.9281 0.0581 0.0138 7685.6968 674650.6875 0 0
O 2 8712 624 -1.4120 0.8159 0.2130 0.6375 0.0538 0.3087 1.4319 125.6942 0 0
O 2 8718 12840 -1.6509 1.3325 0.2130 0.7860 0.0445 0.1695 1.8911 165.9971 0 0
O 2 8751 12897 3.6617 1.1663 -0.5445 0.9141 0.0012 0.0847 1.0937 96.0019 0 0
O 2 8779 13604 4.1961 1.6967 -0.3313 0.1866 0.4734 0.3400 1.1955 104.9432 0 0
O 2 8787 12490 6.8881 0.8307 -0.1610 0.0863 0.2103 0.7033 0.8381 73.5643 0 0
O 2 8797 12886 -0.6713 1.2055 -0.3620 0.8291 0.0080 0.1629 0.9372 82.2666 0 0
O 2 8802 12882 1.1921 1.7291 -0.3093 0.5959 0.0213 0.3828 1.1115 97.5671 0 0
O 2 8830 13605 4.6755 1.1649 -0.1063 0.3827 0.1298 0.4874 1.1279 99.0076 0 0
O 2 8841 12877 2.2465 1.0445 -0.1544 0.7045 0.0514 0.2441 0.9433 82.8059 0 0
O 2 8852 12907 8.1070 0.9940 -0.1270 0.0037 0.9024 0.0940 0.9875 86.6836 1 0
O 2 8853 12481 3.2951 1.0416 -0.1338 0.6068 0.0709 0.3224 0.9862 86.5673 0 0
O 2 8873 12908 0.8179 1.2236 -0.0217 0.7711 0.0404 0.1885 0.8539 74.9562 0 0
O 2 8887 13613 5.8233 1.3132 0.1214 0.7904 0.0322 0.1774 1.4440 126.7581 0 0
O 2 8888 13615 4.9307 1.3516 0.1241 0.8904 0.0183 0.0913 1.9972 175.3176 1 0
O 2 8921 13637 2.2231 2.0832 0.1907 0.5731 0.0052 0.4217 0.8454 74.2135 0 0
O 2 8936 13616 1.1564 2.5060 0.2689 0.9356 0.0071 0.0573 10.7760 945.9160 0 0
O 2 8949 12869 0.5861 3.2477 0.5089 0.6965 0.1721 0.1315 2.1651 190.0523 0 0
O 2 8976 77 5.8335 11.0799 0.2689 0.9262 0.0002 0.0736 2.3044 202.2792 0 0
O 2 8978 12494 2.2442 0.8079 0.5050 0.7204 0.0045 0.2751 1.2405 108.8916 0 0
O 2 8983 13600 6.1975 0.8537 0.4513 0.0070 0.8698 0.1232 0.8333 73.1456 1 0
O 2 8992 12504 1.3137 0.9469 0.5358 0.4446 0.0120 0.5434 0.9144 80.2699 0 0
O 2 9004 111 2.9389 0.8375 0.7010 0.3028 0.0149 0.6824 0.8130 71.3647 0 0
O 2 9005 13642 1.4869 1.2110 0.7010 0.9216 0.0001 0.0783 1.0102 88.6790 0 0
O 2 9064 12950 -0.8613 0.8274 0.4592 0.7811 0.0013 0.2176 1.0467 91.8794 0 0
O 2 9073 12482 -0.3931 0.8146 -0.5986 0.0055 0.8934 0.1011 0.9433 82.7996 0 0
O 2 9112 13671 -0.8026 0.9086 -0.2419 0.9054 0.0401 0.0545 5.4341 477.0061 0 0
O 2 9118 12516 7.6950 0.9326 -0.0598 0.3222 0.3256 0.3522 0.9082 79.7252 1 0
O 2 9121 13664 7.9057 0.9729 -0.0568 0.0553 0.8406 0.1040 0.9652 84.7228 1 0
O 2 9138 12959 0.7823 1.2394 0.2960 0.5999 0.0080 0.3921 1.1744 103.0872 0 0
O 2 9145 12986 3.2465 0.8873 0.3466 0.9328 0.0034 0.0638 0.8152 71.5626 0 0
O 2 9149 12952 3.5714 0.9496 -0.0568 0.5805 0.0675 0.3520 0.8036 70.5412 1 0
O 2 9153 12922 3.4538 1.0719 0.2155 0.4237 0.0310 0.5453 0.9653 84.7351 0 0
O 2 9154 12940 -0.4645 1.6787 0.2591 0.5522 0.0949 0.3530 1.1472 100.7048 0 0
O 2 9181 13666 1.0695 1.1311 0.3250 0.8567 0.0123 0.1311 0.8678 76.1735 0 0
O 2 9188 12507 1.6776 0.9207 0.4514 0.0784 0.6259 0.2957 1.1311 99.2848 0 0
O 2 9216 13718 -0.2071 1.9974 0.2391 0.8365 0.0023 0.1612 0.8248 72.3984 0 0
O 2 9218 12973 -0.1479 4.7735 0.4433 0.8206 0.0284 0.1509 1.8000 158.0067 0 0
O 2 9223 12963 -1.4947 0.9437 0.3850 0.9389 0.0070 0.0541 3.2803 287.9408 0 0
O 2 9225 163 1.6052 1.1409 0.3466 0.5189 0.0017 0.4795 1.1251 98.7591 0 0
O 2 9295 13050 0.8028 1.4340 -0.5569 0.3873 0.0072 0.6055 2.1642 189.9739 0 0
O 2 9297 12982 1.9235 1.0997 -0.5773 0.6175 0.0096 0.3729 0.8009 70.3053 0 0
O 2 9322 12560 -1.3971 1.2067 -0.2591 0.2024 0.2621 0.5355 1.1630 102.0862 0 0
O 2 9338 13048 2.7303 0.8728 -0.1668 0.8512 0.0085 0.1404 1.2108 106.2878 0 0
O 2 9346 13026 7.0090 0.9675 0.1475 0.0210 0.8269 0.1521 0.8985 78.8742 1 0
O 2 9350 13021 -1.0937 0.9021 0.4172 0.8440 0.0019 0.1541 2.8045 246.1752 0 0
O 2 9353 13712 7.5639 0.8913 0.4080 0.0118 0.7861 0.2021 0.8901 78.1338 1 0
O 2 9357 12567 -2.2041 1.9462 0.4172 0.4131 0.0100 0.5769 4.1404 363.4466 0 0
O 2 9360 13693 2.9833 0.9218 0.5284 0.0144 0.7350 0.2506 0.8531 74.8830 1 0
O 2 9378 13029 -2.2873 1.2303 -0.1802 0.5041 0.0085 0.4874 3.5943 315.5039 0 0
O 2 9380 252 9.2268 1.1136 -0.1486 0.0043 0.8528 0.1429 1.1123 97.6373 1 0
O 2 9395 239 8.3757 1.4372 0.1366 0.0953 0.6173 0.2874 1.4621 128.3400 1 0
O 2 9401 268 9.0936 1.0839 0.2175 0.0051 0.7408 0.2541 1.0786 94.6824 1 0
O 2 9404 12563 0.2770 1.0432 0.2610 0.9299 0.0143 0.0558 1.4876 130.5781 0 0
O 2 9407 230 7.5904 0.9104 0.4080 0.0050 0.7555 0.2396 0.8890 78.0390 0 0
O 2 9411 261 7.9585 0.9218 0.3951 0.0043 0.8157 0.1801 0.8882 77.9635 1 0
O 2 9417 13019 0.2865 3.2224 0.5262 0.7616 0.0263 0.2121 10.5262 923.9910 0 0
O 2 9424 13738 0.6419 5.9856 -0.5729 0.2307 0.1994 0.5699 1.3932 122.2973 0 0
O 2 9426 13078 0.5397 1.3782 -0.6968 0.0129 0.8169 0.1701 1.4973 131.4336 0 0
O 2 9443 13062 -1.4135 0.8534 -0.3161 0.3320 0.1374 0.5306 0.8949 78.5568 0 0
O 2 9463 13727 0.0632 1.0239 -0.0540 0.5491 0.0337 0.4172 0.9352 82.0949 0 0
O 2 9475 13792 1.0813 1.0324 -0.1776 0.9587 0.0047 0.0366 0.9365 82.2071 0 0
O 2 9476 12593 2.5583 3.0211 -0.1357 0.9599 0.0009 0.0391 0.9105 79.9281 0 0
O 2 9490 13044 -1.2159 1.1160 -0.1152 0.8902 0.0021 0.1077 1.5899 139.5619 0 0
O 2 9502 13740 1.3563 1.0665 -0.0804 0.3222 0.1030 0.5748 0.9908 86.9692 0 0
O 2 9532 12590 0.5414 0.9788 0.1853 0.8192 0.0226 0.1581 1.3692 120.1856 0 0
O 2 9547 13060 1.5259 1.4990 0.3897 0.6368 0.0872 0.2761 1.7557 154.1129 0 0
O 2 9556 13061 2.2034 2.7547 0.4792 0.9820 0.0056 0.0125 5.3496 469.5861 0 0
O 2 9592 12597 2.9180 249.8497 0.5518 0.5776 0.0296 0.3929 1.2175 106.8748 0 0
O 2 9600 1693 4.3923 1.3691 -1.8521 0.0025 0.7308 0.2667 1.3622 119.5722 1 0
O 2 9605 370 9.3067 1.7527 -1.9042 0.0108 0.6137 0.3755 1.8296 160.5983 1 0
O 2 9614 1816 9.8765 1.3672 -1.9354 0.0048 0.2912 0.7041 1.1068 97.1593 1 0
O 2 9615 1875 10.4084 3.7629 -1.8173 0.0191 0.5382 0.4427 3.5630 312.7645 1 1 41
O 2 9624 546 10.0026 1.0797 -1.8731 0.0018 0.6647 0.3335 1.0644 93.4370 1 0
O 2 9625 14412 8.1336 1.0585 -1.8397 0.0009 0.7596 0.2395 1.0063 88.3332 1 0
O 2 9628 1912 11.5849 3.1519 -1.8388 0.0064 0.6178 0.3758 3.1495 276.4669 1 1 91
O 2 9629 529 11.2197 3.0383 -1.8415 0.0096 0.5667 0.4237 3.0159 264.7325 1 1 91
O 2 9636 14888 0.5604 0.9566 -1.8289 0.0267 0.3296 0.6437 7.3805 647.8566 0 0
O 2 9637 4316 10.0505 1.1790 -1.9022 0.0010 0.7432 0.2558 1.1574 101.5964 1 0
O 2 9639 1963 12.3282 1.4301 -1.8741 0.0010 0.7611 0.2379 1.4440 126.7566 1 0
O 2 9641 14671 7.3812 2.6775 -1.8235 0.0012 0.6946 0.3042 2.1044 184.7254 1 0
O 2 9642 14275 0.6070 0.9779 -1.8060 0.0017 0.7012 0.2970 2.1118 185.3701 0 0
O 2 9645 140 8.7116 1.1852 -1.8572 0.0009 0.7878 0.2113 1.1766 103.2830 1 0
O 2 9648 1477 9.9927 1.4063 -1.9158 0.0012 0.7760 0.2228 1.4648 128.5779 1 0
O 2 9654 147 9.2296 0.9947 -1.8551 0.0029 0.3087 0.6883 0.9707 85.2097 1 0
O 2 9655 1408 2.6232 1.0663 -1.9209 0.6913 0.0551 0.2536 1.2876 113.0299 0 0
O 2 9663 214 7.0225 0.9172 -1.8491 0.0011 0.7371 0.2618 1.0119 88.8265 1 0
O 2 9664 1632 9.9451 1.9102 -1.8330 0.0014 0.6923 0.3063 1.5789 138.5965 1 0
O 2 9672 14782 4.2960 0.8425 -1.7682 0.0030 0.7753 0.2218 0.8332 73.1387 1 0
O 2 9675 1786 2.2529 1.0560 -1.7274 0.0084 0.0727 0.9188 0.9705 85.1909 0 0
O 2 9677 398 10.7069 1.1380 -1.7160 0.0021 0.7709 0.2270 1.1383 99.9196 1 0
O 2 9681 1797 10.8083 1.5607 -1.7218 0.0024 0.7770 0.2206 1.5574 136.7102 1 0
O 2 9682 14829 0.9371 0.9816 -1.7343 0.0048 0.4303 0.5649 0.9437 82.8411 0 0
O 2 9689 499 10.0737 2.8453 -1.8173 0.0072 0.6086 0.3843 3.1169 273.6023 1 1 41
O 2 9693 1913 10.0713 2.7537 -1.8346 0.0029 0.7290 0.2681 2.4953 219.0364 1 1 387
O 2 9701 14841 4.5303 1.0493 -1.8063 0.0077 0.1043 0.8881 0.8634 75.7897 0 0
O 2 9715 14891 0.8977 3.2148 -1.7747 0.0022 0.7280 0.2698 0.8205 72.0269 0 0
O 2 9717 1967 8.2517 0.9810 -1.8230 0.0017 0.7295 0.2688 1.0575 92.8311 1 0
O 2 9720 1984 9.8172 0.9964 -1.6972 0.0037 0.5734 0.4229 0.9978 87.5829 1 0
O 2 9724 34 10.8661 1.2323 -1.7462 0.0026 0.6584 0.3390 1.2227 107.3263 1 0
O 2 9729 14292 4.0420 2.2275 -1.7915 0.0022 0.7437 0.2541 2.1095 185.1683 1 0
O 2 9732 14290 1.8921 1.4266 -1.7929 0.0506 0.0054 0.9440 1.0245 89.9271 0 0
O 2 9737 1425 9.5094 1.0821 -1.7990 0.0030 0.7403 0.2567 1.1254 98.7918 1 0
O 2 9743 113 8.3755 1.0438 -1.7971 0.0144 0.0720 0.9136 1.0137 88.9856 1 0
O 2 9752 156 12.0105 2.2776 -1.7514 0.0019 0.7427 0.2554 2.2993 201.8356 1 0
O 2 9755 14318 7.8558 1.0371 -1.7134 0.0148 0.3096 0.6756 1.0503 92.1944 1 0
O 2 9762 1633 7.0401 1.8231 -1.7804 0.0178 0.6588 0.3235 2.1032 184.6199 1 0
O 2 9763 1635 10.8846 1.8320 -1.7804 0.0015 0.7596 0.2389 1.8820 165.2058 1 0
O 2 9769 1642 10.2035 1.0556 -1.7018 0.0016 0.7810 0.2174 1.0149 89.0855 1 0
O 2 9771 1653 11.6249 2.8884 -1.8194 0.0021 0.7527 0.2451 2.9052 255.0196 1 0
O 2 9773 303 7.6016 1.0971 -1.8161 0.0018 0.7917 0.2065 1.1811 103.6813 1 0
O 2 9787 14832 1.8211 1.4775 -1.5691 0.2697 0.0009 0.7294 0.7172 62.9521 0 0
O 2 9792 14419 2.3466 0.9445 -1.6306 0.0518 0.0251 0.9231 2.1552 189.1871 0 0
O 2 9818 14882 1.9063 3.5286 -1.5682 0.6323 0.1583 0.2094 60.5757 5317.3330 0 0
O 2 9823 14439 -0.2784 1.0470 -1.6509 0.3292 0.0001 0.6707 1.5148 132.9662 0 0
O 2 9829 14873 3.2131 1.6016 -1.6366 0.2194 0.0043 0.7763 1.0903 95.7083 0 0
O 2 9831 596 10.1849 0.9924 -1.6972 0.0074 0.5391 0.4535 0.9994 87.7291 1 0
O 2 9834 1986 9.9135 1.2653 -1.6243 0.0069 0.6765 0.3165 1.2006 105.3853 1 0
O 2 9840 14256 9.7278 1.0036 -1.6770 0.0055 0.6433 0.3512 1.0044 88.1662 1 0
O 2 9841 14285 7.8611 0.9120 -1.6651 0.0046 0.6758 0.3195 0.8522 74.8080 1 0
O 2 9843 81 12.1684 1.5094 -1.6501 0.0052 0.7513 0.2436 1.5100 132.5502 1 0
O 2 9844 1396 7.6374 1.4812 -1.6501 0.0696 0.0524 0.8780 0.9084 79.7375 1 0
O 2 9847 61 3.3369 1.1355 -1.5691 0.2453 0.0042 0.7504 0.7808 68.5375 1 0
O 2 9849 116 11.3505 2.2297 -1.6675 0.0131 0.6805 0.3064 2.2782 199.9816 1 0
O 2 9850 14304 10.0927 2.7492 -1.6119 0.0327 0.6175 0.3498 2.8240 247.8926 1 1 31
O 2 9851 14307 10.2587 2.7293 -1.6140 0.0405 0.5630 0.3965 2.6345 231.2575 1 1 31
O 2 9854 14705 3.2752 0.8874 -1.5681 0.1578 0.1423 0.6999 1.4837 130.2417 0 0
O 2 9866 14369 8.0173 1.8531 -1.4831 0.0016 0.7505 0.2480 1.6497 144.8084 1 0
O 2 9873 13527 10.3543 1.8391 -1.5189 0.0027 0.7403 0.2569 1.9227 168.7730 1 0
O 2 9876 427 9.7904 1.7707 -1.5046 0.0016 0.8220 0.1764 1.9171 168.2809 1 0
O 2 9883 491 0.4969 2.1161 -1.5691 0.1986 0.0299 0.7715 2.3693 207.9750 0 0
O 2 9891 492 2.2795 2.1195 -1.5779 0.0851 0.1153 0.7996 2.6083 228.9570 1 1 40
O 2 9911 599 10.7206 2.1286 -1.5690 0.0184 0.7378 0.2438 2.1942 192.6111 1 0
O 2 9924 610 8.4110 1.3224 -1.5348 0.0023 0.7453 0.2525 1.5615 137.0706 1 0
O 2 9926 14427 2.9292 1.0177 -1.5780 0.0169 0.6602 0.3229 1.1218 98.4736 0 0
O 2 9942 14289 6.5201 0.8331 -1.5036 0.0024 0.7537 0.2439 0.8944 78.5132 1 0
O 2 9955 14305 9.7262 2.7243 -1.6140 0.0811 0.5916 0.3273 2.6454 232.2159 1 1 31
O 2 9959 14313 5.4423 1.0104 -1.5681 0.0119 0.6332 0.3549 1.4237 124.9739 1 0
O 2 9962 14329 7.3235 0.8698 -1.5153 0.0019 0.8357 0.1623 0.8810 77.3339 1 0
O 2 9965 207 6.8712 0.8908 -1.5517 0.0092 0.6852 0.3057 0.8523 74.8145 1 0
O 2 9970 323 7.8024 0.8905 -1.4253 0.0122 0.6056 0.3822 0.8341 73.2147 1 0
O 2 9973 375 11.2067 1.3752 -1.4583 0.0012 0.8417 0.1572 1.3557 119.0006 1 0
O 2 9980 14398 9.7884 1.0773 -1.4628 0.0023 0.8267 0.1711 1.1087 97.3210 1 0
O 2 9983 14417 11.1241 1.5051 -1.4720 0.0012 0.8275 0.1714 1.4993 131.6056 1 0
O 2 9998 556 2.0851 1.1691 -1.4157 0.4409 0.0324 0.5267 1.7242 151.3545 0 0
O 2 10003 13552 10.3697 2.2896 -1.4147 0.0028 0.6022 0.3950 2.2382 196.4677 1 0
O 2 10005 49 6.8764 0.9879 -1.4157 0.0045 0.6970 0.2984 1.0503 92.1988 1 0
O 2 10007 12 4.5272 0.8549 -1.4256 0.3498 0.0039 0.6462 1.1161 97.9746 0 0
O 2 10010 14272 6.3461 1.4092 -1.4251 0.0621 0.0820 0.8559 1.2777 112.1540 1 0
O 2 10032 12702 -0.5876 0.9466 -1.4145 0.4707 0.0043 0.5251 1.5251 133.8703 0 0
O 2 10046 13540 -0.9909 2.6125 -1.3144 0.2186 0.0019 0.7794 0.8437 74.0640 0 0
O 2 10047 12740 6.5878 1.2079 -1.3252 0.0092 0.6845 0.3063 1.1299 99.1832 1 0
O 2 10078 13513 3.7595 0.8434 -1.3507 0.0116 0.6963 0.2921 1.3013 114.2302 0 0
O 2 10124 304 4.8145 0.8510 -1.2598 0.0683 0.6209 0.3108 1.0257 90.0395 0 0
O 2 10135 14057 8.1645 1.2706 -1.2668 0.0109 0.5424 0.4467 1.2585 110.4734 1 0
O 2 10136 12761 3.4045 0.8651 -1.3256 0.0304 0.6657 0.3039 0.8673 76.1348 1 0
O 2 10154 500 6.6805 1.0862 -1.2700 0.3504 0.0057 0.6438 0.9320 81.8091 0 0
O 2 10175 14059 9.6193 0.9743 -1.2610 0.0036 0.7621 0.2343 0.9755 85.6260 1 0
O 2 10177 14058 -0.0173 0.9727 -1.2608 0.2343 0.0064 0.7593 1.2445 109.2440 0 0
O 2 10198 12488 9.3453 1.7465 -1.1915 0.0030 0.7479 0.2491 1.7261 151.5136 1 0
O 2 10199 14051 6.5074 1.7615 -1.1913 0.0492 0.0269 0.9239 1.2246 107.4982 1 0
O 2 10205 13617 5.3697 0.8298 -1.2677 0.0484 0.5104 0.4412 0.8664 76.0488 1 0
O 2 10227 12515 7.7750 1.0282 -1.2314 0.0025 0.7335 0.2641 1.0141 89.0168 1 0
O 2 10235 194 6.3208 1.0280 -1.2325 0.0869 0.1595 0.7536 0.8192 71.9088 1 0
O 2 10240 12584 5.2735 0.9174 -1.2284 0.0064 0.7897 0.2039 0.8773 77.0070 1 0
O 2 10254 12619 -0.7495 2.7566 -1.0190 0.1188 0.2908 0.5904 1.2936 113.5509 0 0
O 2 10273 13966 4.0776 1.5599 -1.1079 0.0868 0.1089 0.8044 0.9755 85.6316 0 0
O 2 10276 12775 7.5139 1.6326 -1.1148 0.0102 0.6202 0.3696 1.5389 135.0846 1 0
O 2 10290 12451 8.3316 1.5731 -1.0718 0.0066 0.6905 0.3029 1.6318 143.2372 1 0
O 2 10313 155 6.5496 0.8722 -1.0666 0.0259 0.3434 0.6308 0.8550 75.0487 1 0
O 2 10317 13662 4.3505 0.9436 -1.1515 0.0088 0.7954 0.1958 0.9618 84.4241 1 1 551
O 2 10323 217 7.7145 0.8575 -1.1913 0.0066 0.8545 0.1389 0.8635 75.8012 1 1 131
O 2 10328 12551 6.5595 2.0319 -1.1517 0.0142 0.7073 0.2786 2.2227 195.1110 1 1 96
O 2 10358 12637 6.3746 0.8998 -1.0714 0.0057 0.7845 0.2098 0.9830 86.2841 1 0
O 2 10367 508 8.8822 1.2983 -0.9840 0.0252 0.4604 0.5145 1.2663 111.1555 1 0
O 2 10385 613 -0.4430 0.8128 -0.8915 0.2244 0.0114 0.7643 1.0212 89.6369 0 0
O 2 10445 197 4.6491 0.8119 -1.0186 0.0102 0.6003 0.3895 0.8243 72.3540 1 0
O 2 10448 203 7.9165 1.0459 -0.9734 0.0019 0.8014 0.1968 1.0167 89.2478 1 0
O 2 10455 13518 1.4836 1.0951 -0.9832 0.8342 0.0017 0.1640 0.9117 80.0292 0 0
O 2 10500 12968 2.1990 0.8547 -1.0305 0.7629 0.1014 0.1357 2.8636 251.3655 0 0
O 2 10552 12543 -0.9317 0.7970 -0.9741 0.0060 0.7858 0.2082 1.1783 103.4291 0 0
O 2 10561 12676 6.1527 1.0519 -0.8914 0.0961 0.2989 0.6050 1.1363 99.7449 1 0
O 2 10595 466 5.3026 2.0393 -0.8751 0.4339 0.0054 0.5607 1.0520 92.3444 1 0
O 2 10608 482 7.6393 0.7996 -0.9238 0.0024 0.7980 0.1996 0.8054 70.6944 1 0
O 2 10617 13934 -0.0049 3.8625 -0.9841 0.4301 0.0138 0.5561 0.8757 76.8728 0 0
O 2 10621 559 7.2416 1.0586 -0.7902 0.0215 0.5207 0.4577 1.0247 89.9477 1 0
O 2 10624 606 8.1899 1.1504 -0.8909 0.0052 0.7037 0.2911 1.1452 100.5251 1 0
O 2 10641 186 6.6639 0.8182 -0.9238 0.0177 0.6719 0.3104 0.8024 70.4364 1 0
O 2 10650 13054 1.8997 1.3860 -0.9748 0.9612 0.0154 0.0234 6.1847 542.8975 0 0
O 2 10658 223 8.6321 8.8316 -0.9829 0.0236 0.3766 0.5998 8.8934 780.6595 1 1 43
O 2 10660 13000 2.4389 1.5629 -0.9732 0.0080 0.7954 0.1966 2.6000 228.2319 0 0
O 2 10673 12999 0.1908 1.1279 -1.0187 0.8798 0.0129 0.1073 1.0905 95.7215 0 0
O 2 10684 13161 0.7130 1.5785 -0.7395 0.8875 0.0242 0.0883 1.9416 170.4345 0 0
O 2 10688 13870 9.1230 1.2175 -0.7682 0.0048 0.7557 0.2396 1.2096 106.1784 1 0
O 2 10713 13927 7.6506 1.1034 -0.8207 0.0030 0.7782 0.2188 1.1309 99.2693 1 0
O 2 10714 12756 3.9920 0.8043 -0.7894 0.5768 0.0005 0.4228 0.9156 80.3737 0 0
O 2 10726 13322 2.0906 1.0384 -0.8913 0.6534 0.0135 0.3331 1.0211 89.6301 0 0
O 2 10729 12774 -0.2133 0.9172 -0.7675 0.2940 0.1983 0.5077 1.1656 102.3168 0 0
O 2 10731 621 3.3803 0.8045 -0.7392 0.6453 0.0679 0.2868 1.1170 98.0498 1 0
O 2 10741 12867 7.1729 1.4195 -0.7392 0.0141 0.7891 0.1967 1.4870 130.5290 1 0
O 2 10743 12870 2.6787 2.3770 -0.7675 0.0014 0.8091 0.1895 0.9413 82.6250 0 0
O 2 10749 12489 1.6752 0.9107 -0.7902 0.0743 0.2606 0.6651 0.9204 80.7921 1 0
O 2 10751 13001 1.1197 1.6894 -0.8753 0.4896 0.1763 0.3341 3.5491 311.5392 0 0
O 2 10753 13024 1.4711 3.5196 -0.8915 0.2835 0.0273 0.6892 1.3700 120.2568 0 0
O 2 10758 12595 1.4768 1.0596 -0.7100 0.2377 0.0167 0.7456 1.1950 104.9012 0 0
O 2 10772 13823 3.6140 0.9108 -0.7395 0.0043 0.8507 0.1450 0.8358 73.3644 1 0
O 2 10773 12642 1.3163 2.2461 -0.7393 0.6611 0.0065 0.3324 1.3813 121.2490 0 0
O 2 10784 13239 -0.2278 0.9548 -0.5902 0.1578 0.0456 0.7966 0.9336 81.9552 0 0
O 2 10795 13301 6.7143 0.8970 -0.7894 0.0057 0.8448 0.1495 0.9151 80.3298 1 0
O 2 10799 13957 5.0227 1.0525 -0.6830 0.7428 0.0743 0.1829 1.1144 97.8209 0 0
O 2 10804 14015 7.5066 1.0730 -0.7100 0.0092 0.8140 0.1768 1.0267 90.1213 1 0
O 2 10806 12795 5.4830 1.1463 -0.7096 0.6900 0.0897 0.2203 1.5945 139.9615 1 0
O 2 10816 12793 3.5438 0.9146 -0.7095 0.1065 0.3790 0.5145 1.0680 93.7464 0 0
O 2 10836 12967 0.1456 2.2176 -0.7099 0.9054 0.0174 0.0772 16.6946 1465.4491 0 0
O 2 10838 185 1.7731 4.9139 -0.7099 0.0169 0.3477 0.6354 1.1146 97.8366 0 0
O 2 10842 220 6.1553 1.0872 -0.6526 0.0267 0.2638 0.7094 0.9584 84.1241 1 0
O 2 10848 13761 8.0336 1.1649 0.6317 0.0165 0.7418 0.2417 1.1416 100.2140 1 0
O 2 10852 13901 1.2920 1.0347 0.6585 0.8995 0.0045 0.0960 0.8238 72.3096 0 0
O 2 10854 504 -1.0571 0.8646 0.7967 0.3618 0.1504 0.4878 0.9978 87.5903 0 0
O 2 10866 12860 3.4321 2.1875 0.7969 0.2794 0.0083 0.7122 0.8746 76.7728 0 0
O 2 10891 13682 1.2487 1.0750 0.6320 0.3540 0.1628 0.4832 1.5610 137.0251 0 0
O 2 10897 13757 -0.0005 1.1237 0.8489 0.3244 0.4782 0.1974 0.9135 80.1845 0 0
O 2 10909 12651 0.0256 3.5329 0.7749 0.7681 0.0188 0.2131 2.6412 231.8427 0 0
O 2 10913 13397 0.8289 0.8167 0.7968 0.9219 0.0280 0.0500 6.0620 532.1228 0 0
O 2 10920 12752 0.6111 1.5532 0.8973 0.4408 0.0903 0.4688 0.9556 83.8850 0 0
O 2 10930 13602 -0.0857 1.6186 0.6579 0.0904 0.6446 0.2650 1.4702 129.0530 0 0
O 2 10941 12465 0.5089 0.8175 0.7740 0.0037 0.7778 0.2185 1.1184 98.1772 0 0
O 2 10949 13728 2.5295 1.5696 0.7959 0.1604 0.2294 0.6103 1.0486 92.0482 0 0
O 2 10963 13750 -0.7371 0.8234 0.8273 0.0041 0.7476 0.2484 1.3624 119.5959 0 0
O 2 10972 13179 0.0518 1.2471 0.9901 0.5744 0.0096 0.4161 2.0279 178.0102 0 0
O 2 11007 13275 -0.5773 1.4486 0.9804 0.3106 0.0285 0.6609 1.1018 96.7160 0 0
O 2 11011 540 6.6260 0.8386 0.8974 0.0232 0.6102 0.3666 0.8251 72.4277 1 0
O 2 11012 13309 7.1690 1.9816 0.8973 0.0150 0.6236 0.3614 1.9551 171.6221 1 0
O 2 11030 12822 -2.0603 0.9616 0.9460 0.9351 0.0286 0.0363 7.9945 701.7599 0 0
O 2 11035 167 4.5639 0.8785 0.8279 0.0020 0.8285 0.1695 0.8048 70.6482 1 0
O 2 11076 13037 1.4774 15.6423 0.9908 0.4320 0.0013 0.5667 0.8797 77.2243 0 0
O 2 11080 12588 2.4720 4.7176 0.9468 0.6722 0.0732 0.2546 1.5402 135.2001 0 0
O 2 11083 12596 5.0323 1.5269 1.0365 0.6292 0.1503 0.2205 2.3465 205.9736 1 0
O 2 11092 13814 1.9216 1.1615 1.0248 0.1791 0.1693 0.6517 1.1467 100.6615 0 0
O 2 11124 13254 2.0039 2.5007 0.9465 0.9564 0.0185 0.0251 9.6580 847.7774 0 0
O 2 11129 480 7.5994 1.3659 0.9906 0.3253 0.0085 0.6662 0.9535 83.6978 1 0
O 2 11140 533 6.1758 0.7975 1.0764 0.0120 0.8196 0.1684 0.8222 72.1699 1 0
O 2 11175 12496 2.1219 0.9934 1.0357 0.0034 0.8193 0.1774 1.0363 90.9655 0 0
O 2 11185 12505 2.3142 1.1049 1.0357 0.5860 0.0002 0.4138 0.9887 86.7848 0 0
O 2 11195 12961 -0.9654 1.0803 1.1138 0.0130 0.7124 0.2746 1.2926 113.4604 0 0
O 2 11206 13658 7.1808 0.9803 0.9461 0.0035 0.7980 0.1985 0.9844 86.4122 1 0
O 2 11223 12607 1.1519 71.5646 0.9900 0.3505 0.0050 0.6446 0.9467 83.1006 0 0
O 2 11236 13481 7.2751 1.1650 1.1207 0.0080 0.6229 0.3692 1.2488 109.6173 1 0
O 2 11239 12808 0.3171 3.0306 1.0714 0.6593 0.0047 0.3360 0.8303 72.8844 0 0
O 2 11248 12780 1.4480 1.2854 1.0725 0.4501 0.0026 0.5473 0.9683 84.9942 0 0
O 2 11249 12879 1.2624 1.2380 1.0725 0.5937 0.0101 0.3962 4.9760 436.7933 0 0
O 2 11270 12876 0.3825 0.8011 1.1591 0.8469 0.0003 0.1527 0.8643 75.8685 0 0
O 2 11279 142 0.8433 1.7242 1.0775 0.6734 0.0028 0.3238 1.3182 115.7079 0 0
O 2 11283 13695 6.4543 1.0763 1.1141 0.0177 0.3734 0.6089 0.9731 85.4160 1 0
O 2 11305 13722 7.0859 1.0842 1.1147 0.0029 0.7765 0.2205 1.1297 99.1647 1 0
O 2 11310 12616 6.2508 0.8196 1.2369 0.0104 0.6984 0.2912 0.8404 73.7726 1 0
O 2 11367 13491 8.3184 0.9483 1.2369 0.0042 0.6898 0.3059 0.9394 82.4573 1 0
O 2 11378 14027 1.3331 1.0253 1.2598 0.8642 0.0033 0.1324 1.1978 105.1403 0 0
O 2 11387 12471 0.9157 1.5519 1.2706 0.0456 0.7378 0.2166 1.1487 100.8367 0 0
O 2 11390 12510 5.6380 0.8642 1.2699 0.0141 0.7085 0.2774 0.8764 76.9324 1 0
O 2 11392 12575 5.9221 1.8761 1.1993 0.0573 0.0317 0.9110 1.3931 122.2822 1 0
O 2 11397 13448 0.0498 2.3805 1.3158 0.5858 0.0405 0.3738 1.9554 171.6449 0 0
O 2 11398 13458 1.0284 1.0049 1.4157 0.7449 0.0338 0.2213 1.1859 104.0946 0 0
O 2 11432 13403 4.8446 1.1233 1.3607 0.1112 0.5643 0.3245 1.1452 100.5247 0 0
O 2 11438 14024 1.5395 1.3037 1.3256 0.7129 0.1370 0.1501 2.3811 209.0123 0 0
O 2 11444 13404 3.5798 0.8169 1.3244 0.3678 0.0063 0.6259 0.8959 78.6386 0 0
O 2 11456 13425 0.1898 1.8522 1.4157 0.0538 0.5828 0.3635 1.0707 93.9878 0 0
O 2 11460 12469 -1.0015 1.7131 1.2730 0.8101 0.0105 0.1795 1.4805 129.9585 0 0
O 2 11467 14147 0.0518 1.1439 1.2700 0.5410 0.0002 0.4588 1.1947 104.8733 0 0
O 2 11486 14046 -0.8840 1.0798 1.4973 0.1061 0.4224 0.4715 1.2227 107.3254 0 0
O 2 11489 14045 7.9069 1.0524 1.4253 0.0032 0.7452 0.2515 1.1007 96.6220 1 0
O 2 11491 13477 7.7246 0.9057 1.3609 0.0121 0.6458 0.3421 0.9383 82.3664 1 0
O 2 11500 73 9.4986 1.1614 1.3503 0.0138 0.5046 0.4816 1.1682 102.5403 1 0
O 2 11514 14084 1.2463 8.2606 1.2700 0.5560 0.0997 0.3442 1.3541 118.8613 0 0
O 2 11540 191 10.5521 1.6557 1.4151 0.0014 0.7770 0.2216 1.6580 145.5393 1 0
O 2 11544 13441 1.3009 5.0472 1.3613 0.0230 0.4510 0.5260 0.8094 71.0514 0 0
O 2 11546 206 9.5318 2.0598 1.4257 0.0072 0.6521 0.3407 2.1122 185.4104 1 0
O 2 11573 13461 4.3229 1.7508 1.5690 0.0367 0.6424 0.3209 1.7061 149.7628 0 0
O 2 11574 321 1.3020 1.1704 1.5760 0.6638 0.0009 0.3353 1.0346 90.8180 0 0
O 2 11585 14040 7.0653 0.8006 1.5482 0.0025 0.8087 0.1888 0.8647 75.9028 1 0
O 2 11625 579 -1.0456 1.7198 1.5753 0.0025 0.6974 0.3001 1.1248 98.7311 0 0
O 2 11637 14642 -1.1122 1.2475 1.5779 0.0080 0.6621 0.3299 1.1081 97.2690 0 0
O 2 11647 21 4.6398 1.4758 1.5309 0.0258 0.0544 0.9197 1.0270 90.1494 1 0
O 2 11649 16 1.1635 1.4803 1.5020 0.3566 0.0084 0.6351 1.6388 143.8504 1 0
O 2 11650 20 2.1234 1.4767 1.5020 0.0720 0.1784 0.7496 2.0935 183.7716 1 0
O 2 11654 13429 2.6045 1.0163 1.4930 0.0024 0.6133 0.3843 1.1115 97.5693 0 0
O 2 11656 785 7.8390 1.0450 1.5231 0.0315 0.5043 0.4642 1.0812 94.9102 1 0
O 2 11659 13443 0.2442 0.8745 1.5026 0.7973 0.0002 0.2025 3.1020 272.2930 0 0
O 2 11661 13457 -0.1078 1.3239 1.5073 0.0052 0.6286 0.3661 1.0839 95.1473 0 0
O 2 11666 14137 6.4561 0.8545 1.5841 0.0044 0.7371 0.2585 0.8792 77.1747 1 0
O 2 11678 13454 1.4826 114.0991 1.4714 0.0015 0.7390 0.2596 1.9764 173.4898 0 0
O 2 11686 13459 10.0507 1.2848 1.7102 0.0068 0.7916 0.2016 1.3626 119.6080 1 0
O 2 11696 506 6.7653 0.9014 1.6295 0.0162 0.3849 0.5989 0.9701 85.1576 1 0
O 2 11707 1309 9.7025 1.7472 1.6589 0.0040 0.7787 0.2173 1.8268 160.3582 1 0
O 2 11713 96 8.8838 2.8333 1.6544 0.0157 0.6829 0.3014 2.8548 250.5920 1 0
O 2 11728 14127 6.8868 0.9422 1.7233 0.0037 0.7724 0.2238 0.9262 81.2986 1 0
O 2 11742 952 8.6507 3.5306 1.6927 0.0043 0.5872 0.4085 3.8684 339.5724 1 0
O 2 11743 14148 3.8735 1.1935 1.6866 0.0052 0.7002 0.2946 1.2525 109.9437 0 0
O 2 11745 325 11.6368 1.2393 1.8234 0.0019 0.6237 0.3744 1.2376 108.6381 1 0
O 2 11746 326 10.7161 1.2222 1.8234 0.0064 0.1370 0.8566 1.1742 103.0679 1 0
O 2 11752 329 9.8651 1.4493 1.8090 0.0026 0.3863 0.6111 1.3799 121.1243 1 0
O 2 11754 1059 9.8801 1.7624 1.7986 0.0048 0.5222 0.4730 1.6501 144.8445 1 0
O 2 11757 1115 9.8558 3.0545 1.7769 0.0090 0.6840 0.3070 2.8427 249.5366 1 0
O 2 11759 369 8.7501 3.1418 1.7845 0.0112 0.5712 0.4176 2.7592 242.2047 1 0
O 2 11760 14584 10.7739 1.6888 1.8114 0.0048 0.7400 0.2552 1.7433 153.0292 1 0
O 2 11770 457 7.0797 1.3440 1.7190 0.0019 0.7293 0.2689 1.2361 108.5071 1 0
O 2 11771 1233 6.1793 1.3351 1.7099 0.0133 0.0707 0.9160 1.0743 94.3039 1 0
O 2 11774 14624 1.8242 0.8818 1.7190 0.0710 0.0002 0.9288 0.9667 84.8554 0 0
O 2 11778 1284 6.7020 0.8664 1.7238 0.0044 0.4436 0.5520 0.9315 81.7641 1 0
O 2 11782 581 8.1119 1.3040 1.8054 0.0014 0.7755 0.2230 1.1490 100.8632 1 0
O 2 11785 706 10.2682 1.2070 1.7995 0.0018 0.6428 0.3554 1.2551 110.1709 1 0
O 2 11803 910 10.4369 1.1192 1.7862 0.0024 0.7310 0.2665 1.0844 95.1918 1 0
O 2 11808 972 9.4660 2.0661 1.8875 0.0012 0.7247 0.2741 1.6113 141.4369 1 0
O 2 11812 312 9.8334 1.5858 1.8667 0.0024 0.7193 0.2783 1.6020 140.6195 1 0
O 2 11820 1098 9.7201 1.2422 1.9065 0.0024 0.5712 0.4265 1.3467 118.2133 1 0
O 2 11821 436 9.7985 1.4024 1.8846 0.0019 0.5749 0.4232 1.3044 114.5041 1 0
O 2 11837 433 12.2377 1.4199 1.8836 0.0027 0.5400 0.4573 1.4166 124.3514 1 0
O 2 11840 435 11.6548 1.3989 1.8836 0.0021 0.5585 0.4394 1.3935 122.3230 1 0
O 2 11841 452 9.3870 1.8781 1.8879 0.0014 0.7803 0.2183 1.8782 164.8708 1 0
O 2 11847 670 8.8397 1.2031 1.8692 0.0009 0.7381 0.2610 1.1374 99.8443 1 0
O 2 11848 701 8.0914 1.1700 1.8496 0.0009 0.7902 0.2090 1.0054 88.2551 1 0
O 2 11850 757 10.0991 2.2786 1.8204 0.0024 0.7430 0.2547 2.3825 209.1337 1 0
O 2 11856 773 9.2040 1.0770 1.8628 0.0011 0.7183 0.2807 1.0724 94.1355 1 0
O 2 11860 14527 -0.2074 0.8665 1.8657 0.0691 0.5011 0.4299 3.6745 322.5453 0 0
O 2 11861 14520 10.2921 1.2955 1.8285 0.0011 0.7832 0.2157 1.3061 114.6524 1 0
O 2 11864 917 5.3910 0.9791 1.8304 0.0013 0.6299 0.3688 1.0887 95.5625 1 0
O 2 11866 306 6.6467 1.1157 -0.3242 0.0400 0.6711 0.2888 1.0655 93.5329 1 0
O 2 11868 280 8.6328 1.0003 -0.1731 0.0049 0.8042 0.1909 0.9883 86.7495 1 0
O 2 11875 317 7.8733 2.5081 -0.0328 0.0285 0.7307 0.2408 2.4375 213.9650 1 0
O 2 11918 12605 2.4429 1.4371 -0.1078 0.0879 0.1261 0.7860 0.8977 78.8031 0 0
O 2 11946 13127 2.6305 1.5083 0.4483 0.3597 0.0182 0.6221 1.4481 127.1141 0 0
O 2 12012 13826 -1.2137 0.8972 -0.1811 0.9374 0.0026 0.0600 4.0271 353.4949 0 0
O 2 12032 12629 -0.4361 1.1374 -0.1030 0.9408 0.0004 0.0588 1.0465 91.8623 0 0
O 2 12039 366 8.2334 1.5258 -0.0328 0.0115 0.7796 0.2089 1.4124 123.9829 1 0
O 2 12068 338 5.7498 3.7923 0.4478 0.0574 0.3803 0.5623 2.9140 255.7867 0 0
O 2 12081 13185 -0.6101 2.4245 -0.5279 0.4826 0.0404 0.4770 1.6272 142.8389 0 0
O 2 12086 13880 0.2278 0.8829 -0.7095 0.5559 0.0197 0.4244 2.4844 218.0820 0 0
O 2 12087 12655 2.2688 1.8339 -0.4421 0.2691 0.2612 0.4697 7.7572 680.9251 0 0
O 2 12102 374 7.7152 8.9218 -0.2539 0.0642 0.2891 0.6467 9.0730 796.4310 1 1 22
O 2 12110 13149 0.4930 1.9025 -0.0328 0.7008 0.0942 0.2050 2.4502 215.0803 0 0
O 2 12154 13207 -0.3196 1.6620 -0.0328 0.2502 0.0459 0.7039 1.7621 154.6758 0 0
O 2 12273 425 1.5677 0.9512 0.2611 0.5943 0.1114 0.2943 2.6312 230.9626 0 0
O 2 12276 12696 5.1782 0.9985 0.2611 0.9067 0.0019 0.0915 0.8758 76.8765 0 0
O 2 12282 13169 8.3904 1.5213 0.2617 0.0260 0.7482 0.2258 1.5433 135.4667 1 1 48
O 2 12293 13858 1.9211 1.0096 0.1799 0.6631 0.0179 0.3190 1.0120 88.8315 0 0
O 2 12306 13844 1.1556 5.3151 -0.5658 0.5178 0.0057 0.4765 1.0580 92.8690 0 0
O 2 12307 13853 2.6425 24.9700 -0.5658 0.5268 0.0010 0.4723 0.8234 72.2748 0 0
O 2 12308 13881 7.0827 0.9035 -0.5279 0.0317 0.5825 0.3858 0.9093 79.8188 1 0
O 2 12310 13903 3.4365 2.6935 -0.3946 0.9627 0.0178 0.0195 9.1293 801.3688 0 0
O 2 12314 345 -0.0921 0.9074 -0.3946 0.8317 0.0012 0.1672 1.1544 101.3338 0 0
O 2 12317 13173 0.8112 0.8997 -0.1809 0.9002 0.0009 0.0989 2.4509 215.1361 0 0
O 2 12458 13819 5.1427 2.2087 0.0392 0.8733 0.0044 0.1224 2.1673 190.2434 0 0
O 2 12671 405 7.7794 6.8287 0.1154 0.0454 0.3730 0.5816 6.8597 602.1415 1 1 97
O 2 12683 13799 0.2471 1.2952 0.3316 0.8894 0.0042 0.1065 0.8539 74.9558 0 0
O 2 12708 13778 0.7262 0.9174 0.4679 0.8676 0.0027 0.1297 1.3606 119.4352 0 0
O 2 12729 13894 4.2354 1.9891 -0.6261 0.5195 0.0280 0.4525 1.9224 168.7443 0 0
O 2 12745 12658 4.8715 1.0722 -0.4614 0.9120 0.0050 0.0830 0.8982 78.8457 0 0
O 2 12761 12668 1.2090 91.4990 -0.3238 0.0237 0.6801 0.2963 1.7834 156.5499 0 0
O 2 12763 13861 -0.6554 1.8012 -0.1810 0.4525 0.1102 0.4373 0.8969 78.7316 0 0
O 2 12764 13909 3.0036 0.9822 -0.3238 0.4804 0.0388 0.4808 1.1659 102.3419 0 0
O 2 12780 13226 2.1791 1.1068 -0.0328 0.0162 0.7333 0.2505 1.1036 96.8761 0 0
O 2 12791 13907 5.0096 0.8086 0.1156 0.0527 0.7499 0.1975 0.8617 75.6427 0 0
O 2 12901 12675 2.4049 4.6940 0.4015 0.4940 0.0157 0.4903 1.0972 96.3100 0 0
O 2 12939 481 6.4748 0.8655 -0.4417 0.0506 0.5720 0.3774 0.8667 76.0755 1 0
O 2 12944 13230 -0.3078 1.0157 -0.3949 0.9237 0.0002 0.0760 0.9407 82.5757 0 0
O 2 12949 13835 3.2548 0.8256 -0.3774 0.8173 0.0030 0.1796 0.8412 73.8387 0 0
O 2 12952 12670 1.1268 1.4269 -0.3774 0.5038 0.0245 0.4717 1.7409 152.8183 0 0
O 2 13004 438 8.9403 1.5755 0.2501 0.0445 0.4572 0.4983 1.5718 137.9739 0 0
O 2 13028 475 8.2406 1.1912 0.3171 0.0113 0.7807 0.2080 1.1381 99.9065 1 1 49
O 2 13032 13921 0.9507 2.0992 0.4481 0.2939 0.0211 0.6850 1.8842 165.3938 0 0
O 2 13033 13913 2.2939 2.1204 0.5123 0.3966 0.0169 0.5866 2.0533 180.2427 0 0
O 2 13069 12711 2.5121 2.1828 -0.1731 0.2201 0.0587 0.7212 2.6416 231.8814 0 0
O 2 13154 13330 0.3584 1.1190 0.1155 0.8827 0.0001 0.1172 0.8877 77.9240 0 0
O 2 13180 12687 -1.2986 1.6856 0.2501 0.9279 0.0009 0.0712 1.8715 164.2801 0 0
O 2 13196 13959 0.3217 0.8210 0.4676 0.7236 0.0023 0.2741 1.2173 106.8569 0 0
O 2 13201 12698 2.9346 2.9206 0.5123 0.2821 0.0251 0.6928 0.9648 84.6923 0 0
O 2 13202 13274 -0.6503 1.1649 0.6327 0.7782 0.0016 0.2202 0.8377 73.5358 0 0
O 2 13208 12707 4.4342 1.4424 -0.5060 0.9318 0.0013 0.0668 1.1203 98.3387 0 0
O 2 13269 13949 1.9028 96.6578 0.3174 0.6414 0.0119 0.3467 1.2750 111.9216 0 0
O 2 13294 13339 3.2620 0.9907 -0.6269 0.1606 0.0470 0.7923 0.8222 72.1737 0 0
O 2 13295 12738 1.6325 1.4718 -0.6261 0.0888 0.1080 0.8032 1.4464 126.9613 0 0
O 2 13297 13975 6.0664 0.9871 -0.6269 0.0033 0.8451 0.1516 0.9564 83.9530 1 0
O 2 13299 12757 0.8226 1.0132 -0.6261 0.4226 0.0036 0.5739 1.0091 88.5745 0 0
O 2 13305 13955 -0.2426 2.2366 -0.5901 0.4897 0.0012 0.5091 0.9332 81.9157 0 0
O 2 13312 562 7.6982 1.0284 -0.3949 0.0054 0.8163 0.1783 1.0731 94.1945 1 0
O 2 13342 13938 5.9975 0.8450 -0.2541 0.0478 0.5785 0.3737 0.8529 74.8633 1 0
O 2 13349 13305 -2.0847 1.2622 -0.3241 0.5325 0.1450 0.3225 6.8221 598.8483 0 0
O 2 13395 13306 2.4626 1.7759 0.3173 0.8622 0.0208 0.1171 1.4028 123.1404 0 0
O 2 13412 13978 8.5213 1.8891 0.5722 0.0427 0.3968 0.5604 1.8914 166.0308 1 0
O 2 13466 13328 3.6547 2.3837 -0.3099 0.8414 0.0057 0.1529 1.9586 171.9235 0 0
O 2 13485 13358 -0.7098 1.4365 -0.3778 0.8118 0.0245 0.1637 1.1103 97.4656 0 0
O 2 13508 14001 5.9459 1.3037 0.4017 0.6752 0.0063 0.3185 1.2186 106.9648 0 0
O 2 13509 13350 -0.3355 8.2470 0.5127 0.8198 0.0045 0.1757 1.8867 165.6125 0 0
O 2 13517 14013 2.7716 1.0073 -0.5280 0.8010 0.0533 0.1457 2.3246 204.0567 0 0
O 2 13535 13394 3.3477 4.4629 -0.4607 0.9616 0.0230 0.0155 32.5167 2854.3184 0 0
O 2 13553 594 5.8707 0.8828 -0.2540 0.1458 0.0739 0.7803 0.8221 72.1626 1 0
O 2 13575 13377 2.3399 12.2506 -0.2425 0.9492 0.0202 0.0306 10.7925 947.3696 0 0
O 2 13579 604 5.3368 1.0662 -0.1730 0.0108 0.8283 0.1609 1.0032 88.0652 1 0
O 2 13587 13313 1.6343 0.8806 -0.1077 0.6824 0.0042 0.3134 2.9294 257.1446 0 0
O 2 13620 14005 2.0793 1.1460 -0.1077 0.6319 0.0200 0.3481 1.0952 96.1406 0 0
O 2 13626 589 8.1687 3.3152 -0.0313 0.0201 0.6229 0.3570 3.4247 300.6201 1 0
O 2 13645 12730 -0.2184 0.8962 -0.1077 0.9335 0.0006 0.0659 0.8037 70.5530 0 0
O 2 13650 545 -1.1356 0.8674 0.3316 0.9743 0.0102 0.0155 5.3038 465.5693 0 0
O 2 13655 13554 1.6666 1.3619 0.2617 0.8895 0.0155 0.0950 0.8156 71.5904 0 0
O 2 13660 583 0.1118 0.9212 0.4681 0.0044 0.8417 0.1539 0.9226 80.9834 0 0
O 2 13662 13348 -0.0330 13.1142 0.6323 0.9312 0.0060 0.0628 1.6281 142.9129 0 0
O 2 13663 13376 0.0805 1.2225 0.6323 0.3138 0.0417 0.6445 1.3879 121.8278 0 0
O 2 13666 605 2.1108 2.0851 -0.5060 0.8210 0.0290 0.1500 1.6224 142.4139 0 0
O 2 13672 13381 7.5535 3.0004 -0.4421 0.0110 0.6947 0.2943 2.9079 255.2596 1 0
O 2 13677 14023 4.8756 1.0440 -0.4607 0.4980 0.1405 0.3615 1.0636 93.3660 0 0
O 2 13720 611 7.3786 2.2865 -0.1030 0.0321 0.5530 0.4149 2.0896 183.4253 1 0
O 2 13732 13996 3.2602 3.4896 -0.0313 0.0862 0.1179 0.7960 1.4821 130.1001 0 0
O 2 13740 13368 3.9940 1.1843 0.1104 0.3181 0.0354 0.6465 0.9970 87.5153 0 0
O 2 13742 12788 2.1002 1.4448 0.1104 0.9019 0.0290 0.0691 1.7359 152.3779 0 0
O 2 13749 12445 0.9941 1.8547 0.3175 0.8455 0.0026 0.1519 1.3507 118.5644 0 0
O 2 13775 12827 0.7132 0.8870 0.4683 0.1889 0.0032 0.8079 0.9783 85.8749 0 0
O 2 13843 14003 5.6709 0.9325 -0.5052 0.9327 0.0020 0.0653 0.8776 77.0364 0 0
O 2 13920 12798 -1.5019 1.5678 -0.1812 0.9395 0.0196 0.0408 1.4881 130.6270 0 0
O 2 13933 12846 2.6390 1.0330 -0.1030 0.7629 0.0080 0.2290 1.2143 106.5950 0 0
O 2 13934 12833 0.7816 1.8338 -0.1730 0.9628 0.0018 0.0354 1.1052 97.0120 0 0
O 2 13959 14016 9.0974 1.3130 0.0392 0.0514 0.7083 0.2404 1.3190 115.7842 1 0
O 2 14030 625 5.0049 0.8152 0.1882 0.6343 0.1024 0.2632 1.0614 93.1718 1 0
O 2 14032 14009 2.1471 1.2427 0.3171 0.6892 0.0080 0.3027 1.4003 122.9191 0 0
O 2 14038 13383 -1.1286 0.8196 0.4683 0.9047 0.0009 0.0945 0.8900 78.1228 0 0
O 2 14041 13557 1.6410 2.1189 0.4485 0.6811 0.0050 0.3140 1.3604 119.4196 0 0
O 2 14095 12450 1.2919 5.1432 0.5727 0.1207 0.2046 0.6747 1.3424 117.8348 0 0
O 2 14097 12458 4.2198 0.8736 0.3846 0.6040 0.0001 0.3959 0.8683 76.2171 0 0
O 2 14129 12778 0.2159 1.3391 0.5347 0.8677 0.0068 0.1255 1.1283 99.0387 0 0
O 2 14135 12449 2.5349 2.1747 -0.5276 0.8284 0.0461 0.1255 5.6887 499.3521 0 0
O 2 14144 12837 -0.5637 0.9210 -0.0328 0.5172 0.0575 0.4253 1.1450 100.5078 0 0
O 2 14150 12858 6.8989 2.2594 0.0393 0.8815 0.0034 0.1151 2.1096 185.1783 0 0
O 2 14177 12786 0.0596 0.9363 0.1883 0.6948 0.0213 0.2840 0.8285 72.7293 0 0
O 2 14194 13585 1.4556 2.1845 -0.6269 0.3797 0.0114 0.6089 0.9927 87.1348 0 0
O 2 14199 12862 -0.8321 0.8676 -0.5280 0.6311 0.0597 0.3092 0.9072 79.6357 0 0
O 2 14217 13603 7.2110 1.0773 -0.1030 0.0134 0.6466 0.3401 1.0313 90.5233 1 0
O 2 14218 12865 -0.6250 1.5792 -0.1030 0.9824 0.0036 0.0139 8.0415 705.8846 0 0
O 2 14226 12888 -1.7132 1.4824 0.3846 0.9139 0.0030 0.0832 5.3987 473.8947 0 0
O 2 14230 52 4.2090 2.1901 0.4680 0.9551 0.0162 0.0287 14.1403 1241.2329 1 0
O 2 14235 12479 2.0910 0.8128 0.4016 0.4185 0.0003 0.5812 0.8473 74.3791 0 0
O 2 14238 13608 -0.9775 0.8248 0.4016 0.7860 0.0679 0.1461 1.8890 165.8179 0 0
O 2 14243 13562 -0.0276 1.0954 0.4016 0.6675 0.0065 0.3260 1.3071 114.7393 0 0
O 2 14253 12859 3.7129 0.8056 -0.5280 0.2013 0.1021 0.6965 1.0547 92.5855 0 0
O 2 14254 13645 3.2182 0.8733 -0.4418 0.8589 0.0001 0.1410 0.8344 73.2460 0 0
O 2 14255 69 8.5770 2.0151 -0.3948 0.0398 0.7483 0.2119 2.0406 179.1200 1 0
O 2 14264 13593 8.4342 1.0995 -0.1812 0.6520 0.0174 0.3306 1.0058 88.2933 0 0
O 2 14269 65 5.5725 1.8178 -0.1812 0.2308 0.0897 0.6795 1.3260 116.4006 1 0
O 2 14329 12492 2.7921 1.0248 -0.0313 0.3296 0.2961 0.3743 1.0768 94.5250 0 0
O 2 14331 12493 0.7890 1.1043 -0.0313 0.6849 0.0471 0.2680 1.3602 119.3941 0 0
O 2 14335 13636 0.5637 0.9511 -0.1078 0.8728 0.0359 0.0912 1.2991 114.0370 0 0
O 2 14336 13558 1.1143 0.8568 -0.0328 0.0203 0.5999 0.3798 1.0648 93.4663 0 0
O 2 14337 12866 0.8804 2.2497 -0.0328 0.7411 0.0607 0.1982 1.4288 125.4158 0 0
O 2 14342 12487 5.0157 1.0187 0.1882 0.3598 0.0054 0.6349 0.8409 73.8099 0 0
O 2 14347 72 6.9146 4.3032 0.1882 0.0222 0.5675 0.4104 4.0370 354.3654 1 1 120
O 2 14349 12910 3.4988 1.1039 0.1883 0.3727 0.0036 0.6237 0.8791 77.1648 0 0
O 2 14368 12883 2.1139 0.9202 0.4016 0.5176 0.1001 0.3823 0.9383 82.3629 0 0
O 2 14378 12874 2.3510 1.3845 -0.5279 0.7974 0.0049 0.1978 1.1291 99.1088 0 0
O 2 14380 124 8.7649 1.1445 -0.5652 0.0076 0.7334 0.2590 1.1057 97.0597 1 0
O 2 14424 13607 0.8563 1.7663 -0.3242 0.2209 0.6082 0.1709 2.5707 225.6568 0 0
O 2 14429 13622 2.3654 0.9746 -0.1810 0.2001 0.1532 0.6467 0.9734 85.4489 0 0
O 2 14430 12900 0.6015 1.0148 -0.1030 0.2158 0.2520 0.5322 0.9831 86.2942 0 0
O 2 14438 12893 1.4217 0.9494 -0.0313 0.4650 0.1187 0.4163 0.9422 82.7047 0 0
O 2 14470 13614 2.3665 1.2113 0.1104 0.1673 0.0753 0.7573 1.2079 106.0259 0 0
O 2 14490 13601 2.0821 0.8545 0.1883 0.8362 0.0023 0.1616 0.8122 71.2992 0 0
O 2 14492 176 1.6803 0.8068 0.1796 0.9619 0.0006 0.0375 0.9637 84.5958 0 0
O 2 14515 58 3.1541 1.2430 0.1796 0.9579 0.0270 0.0151 51.9955 4564.1689 0 0
O 2 14523 102 8.3886 1.2329 0.2500 0.0165 0.7853 0.1982 1.2276 107.7604 1 0
O 2 14528 13623 0.5171 1.2553 -0.5660 0.0149 0.7383 0.2468 1.5958 140.0772 0 0
O 2 14540 145 8.3114 1.1016 -0.1731 0.0092 0.7859 0.2049 1.0710 94.0156 1 0
O 2 14546 123 8.6502 1.2348 -0.1730 0.0263 0.6483 0.3255 1.2208 107.1611 1 0
O 2 14557 165 7.4970 0.8928 0.0411 0.0052 0.8207 0.1741 0.8676 76.1601 1 0
O 2 14577 12930 1.4677 2.9242 -0.3099 0.9696 0.0183 0.0121 31.2584 2743.8672 0 0
O 2 14601 13621 -1.1249 0.9807 -0.1729 0.5421 0.1270 0.3309 9.4478 829.3287 0 0
O 2 14660 13674 7.9281 0.8809 -0.1811 0.0851 0.1952 0.7197 0.8762 76.9113 1 0
O 2 14661 13673 7.5555 0.8933 -0.1811 0.0155 0.7069 0.2776 0.9193 80.6928 1 0
O 2 14665 12521 3.7872 0.9880 -0.1810 0.7873 0.0467 0.1660 1.5546 136.4626 1 0
O 2 14690 12948 -0.3748 1.9137 -0.1029 0.7112 0.0339 0.2549 1.4343 125.9022 0 0
O 2 14735 12474 1.2112 0.8395 0.3313 0.8421 0.0017 0.1562 1.1115 97.5674 0 0
O 2 14802 13661 1.6383 1.0978 0.6883 0.8524 0.0020 0.1457 1.0141 89.0137 0 0
O 2 14824 13684 -0.2688 2.7559 -0.1029 0.8843 0.0026 0.1131 4.0358 354.2664 0 0
O 2 14847 13680 -1.0524 1.9190 0.0411 0.6660 0.0197 0.3143 0.8862 77.7912 0 0
O 2 14880 12523 2.9177 2.5963 0.3315 0.1742 0.3824 0.4434 2.8981 254.3995 0 0
O 2 14905 12520 0.4800 1.2047 0.4480 0.5158 0.0301 0.4541 1.0381 91.1241 0 0
O 2 14966 209 9.8978 2.4964 0.1156 0.0550 0.6792 0.2658 2.4916 218.7120 1 1 17
O 2 14974 13047 0.1414 0.9839 -0.4614 0.1184 0.0436 0.8381 1.9332 169.7003 0 0
O 2 15004 12960 0.5498 0.9385 0.7449 0.9169 0.0003 0.0828 1.1065 97.1246 0 0
O 2 15005 12545 2.5205 1.8458 -0.7107 0.9092 0.0004 0.0904 0.8254 72.4546 0 0
O 2 15023 13739 1.3074 0.8168 -0.5904 0.8257 0.0003 0.1740 0.9748 85.5686 0 0
O 2 15073 13030 1.1885 1.9825 -0.2541 0.1445 0.1859 0.6696 0.8771 76.9924 0 0
O 2 15122 12602 -0.3036 0.8175 -0.5896 0.1266 0.0408 0.8327 1.0028 88.0263 0 0
O 2 15123 13074 2.5845 1.2669 -0.7099 0.3707 0.0118 0.6175 0.8180 71.8066 0 0
O 2 15135 13743 6.0970 1.4652 -0.5270 0.0605 0.7480 0.1915 1.5396 135.1441 1 0
O 2 15140 292 9.6909 1.6751 -0.3098 0.1093 0.6003 0.2904 1.6678 146.4019 1 0
O 2 15178 12600 -0.5370 2.5012 0.1797 0.8860 0.0082 0.1058 0.8254 72.4541 0 0
O 2 15181 13116 0.5927 10.5350 0.1797 0.7375 0.0741 0.1885 1.8633 163.5601 0 0
O 2 15182 12628 1.3433 0.8401 0.1798 0.9564 0.0032 0.0404 1.1100 97.4400 0 0
O 2 15195 13097 -0.2922 0.9768 0.4013 0.5235 0.0245 0.4520 1.3393 117.5621 0 0
O 2 15217 12598 2.3056 18.8112 0.5726 0.2418 0.0547 0.7035 1.7342 152.2257 0 0
O 2 15282 149 2.2256 0.8957 -1.5781 0.0074 0.6428 0.3499 1.5411 135.2763 0 0
O 2 15316 428 7.2737 1.7701 -1.5025 0.0068 0.6350 0.3582 2.2477 197.3037 1 0
O 2 15317 14386 2.2304 1.4435 -1.5025 0.8471 0.0719 0.0811 67.9017 5960.4141 0 0
O 2 15328 14863 4.3637 1.0345 -1.4138 0.8065 0.0019 0.1915 0.9405 82.5581 0 0
O 2 15331 14273 7.7807 1.3867 -1.4138 0.0262 0.4574 0.5164 1.3976 122.6836 0 0
O 2 15339 12553 -0.9489 0.8706 -1.4126 0.8575 0.0582 0.0843 6.3146 554.2949 0 0
O 2 15353 14358 0.1808 7.5391 -1.3694 0.2786 0.0701 0.6513 0.7234 63.4969 0 0
O 2 15368 13530 2.9482 0.9443 -1.3689 0.5102 0.0024 0.4874 0.5717 50.1798 0 0
O 2 15377 14857 0.1682 1.6840 -1.3695 0.5773 0.0850 0.3376 0.5219 45.8084 0 0
O 2 15407 14302 -0.8763 1.8110 -1.3780 0.8306 0.0025 0.1669 1.8566 162.9745 0 0
O 2 15435 14339 1.5218 0.9285 -1.2799 0.2378 0.3296 0.4326 4.4450 390.1810 0 0
O 2 15439 12644 1.2040 0.8167 -1.2799 0.8294 0.0002 0.1704 0.9514 83.5114 0 0
O 2 15452 14377 4.6378 1.2503 -1.2439 0.5622 0.0374 0.4004 0.9569 83.9996 0 0
O 2 15453 14371 -0.4821 1.2875 -1.2704 0.8652 0.0006 0.1342 0.9395 82.4692 0 0
O 2 15456 13875 -0.3277 1.0762 -1.3689 0.2069 0.4474 0.3457 1.2804 112.3909 0 0
O 2 15491 13493 1.6286 5.5518 -1.2884 0.5327 0.0162 0.4510 2.0136 176.7503 0 0
O 2 15495 14050 3.5867 1.2327 -1.2232 0.8410 0.0036 0.1554 0.8562 75.1566 0 0
O 2 15496 13495 2.0781 2.5250 -1.2353 0.7576 0.0176 0.2248 2.0079 176.2530 0 0
O 2 15499 13549 1.3610 0.9902 -1.2884 0.7824 0.0001 0.2175 3.4805 305.5193 0 0
O 2 15501 13550 1.1816 0.9682 -1.2884 0.7808 0.0001 0.2191 3.5123 308.3106 0 0
O 2 15504 14047 1.5095 1.5968 -1.3155 0.6744 0.0100 0.3156 1.5210 133.5153 0 0
O 2 15506 14048 7.5860 1.3855 -1.3772 0.0833 0.5707 0.3460 1.4089 123.6764 1 1 28
O 2 15515 13508 1.8141 1.1652 -1.2332 0.6178 0.0003 0.3820 1.4402 126.4243 0 0
O 2 15523 14298 0.6369 0.9383 -1.3695 0.1541 0.0119 0.8340 0.9630 84.5282 0 0
O 2 15529 14342 -0.8491 1.4453 -1.3263 0.7657 0.0002 0.2341 2.5773 226.2393 0 0
O 2 15531 14310 -0.8874 1.5340 -1.3778 0.8302 0.0016 0.1683 1.4767 129.6206 0 0
O 2 15532 14297 -0.6042 0.9772 -1.3266 0.0257 0.5939 0.3804 2.5265 221.7730 0 0
O 2 15536 13014 -0.5103 1.9073 -1.3260 0.7451 0.1649 0.0900 114.4615 10047.4297 0 0
O 2 15546 13519 -0.3038 1.3081 -1.3258 0.7069 0.0000 0.2931 1.3336 117.0637 0 0
O 2 15562 13524 1.3955 0.9461 -1.2186 0.8309 0.0007 0.1684 1.5204 133.4646 0 0
O 2 15592 13199 0.6931 3.4831 -1.1745 0.0548 0.6585 0.2867 1.8163 159.4336 0 0
O 2 15602 13526 1.1134 1.2398 -1.1084 0.7428 0.0006 0.2566 0.8717 76.5145 0 0
O 2 15613 12765 5.5768 0.9437 -1.2694 0.0248 0.6823 0.2929 0.8503 74.6365 0 0
O 2 15638 14000 -1.0933 0.8203 -1.1412 0.6056 0.0001 0.3943 0.8751 76.8121 0 0
O 2 15663 11 5.3049 1.6467 -1.2232 0.0217 0.7054 0.2729 1.1657 102.3243 0 0
O 2 15698 13505 1.3280 2.1856 -1.2437 0.4550 0.2017 0.3432 1.2847 112.7742 0 0
O 2 15717 14053 2.5127 0.8233 -1.2234 0.8010 0.0142 0.1848 2.9200 256.3185 0 0
O 2 15732 13708 0.0531 0.8093 -1.1840 0.2605 0.4776 0.2619 1.5135 132.8511 0 0
O 2 15738 13155 10.4740 1.8928 -1.1507 0.0622 0.6655 0.2723 1.9125 167.8777 1 0
O 2 15739 13791 10.9992 1.9630 -1.1507 0.0634 0.6569 0.2797 1.9500 171.1669 1 0
O 2 15744 13242 1.9844 1.1525 -1.1840 0.8702 0.0018 0.1279 1.0056 88.2733 0 0
O 2 15749 13917 4.3617 0.9225 -1.1412 0.1577 0.4242 0.4181 1.0643 93.4210 1 0
O 2 15792 12951 2.9082 0.9930 -1.1504 0.1157 0.5738 0.3105 1.2115 106.3467 1 1 551
O 2 15800 14332 -0.8595 0.9778 -1.0076 0.3112 0.0034 0.6855 0.9822 86.2200 0 0
O 2 15818 12581 5.0321 0.9139 -1.1837 0.5815 0.2490 0.1694 1.1580 101.6505 1 0
O 2 15821 12953 -0.0904 0.8108 -1.0992 0.8715 0.0041 0.1244 1.9329 169.6661 0 0
O 2 15836 12956 0.3260 0.8754 -1.0816 0.7888 0.1669 0.0443 88.0417 7728.3032 0 0
O 2 15842 12579 -0.2270 0.8157 -1.1505 0.5986 0.0569 0.3445 1.4244 125.0319 0 0
O 2 15843 13137 -0.9501 1.5126 -0.9324 0.5029 0.0001 0.4969 0.8560 75.1387 0 0
O 2 15848 12618 0.9469 0.9208 -0.9322 0.8523 0.0015 0.1462 1.1662 102.3730 0 0
O 2 15862 13800 3.8961 1.0630 -1.0994 0.2256 0.5066 0.2678 1.1674 102.4736 1 0
O 2 15865 13225 1.5299 0.8256 -1.0800 0.5239 0.1832 0.2929 2.6944 236.5165 0 0
O 2 15869 12721 3.2849 0.9248 -0.9723 0.6444 0.0006 0.3550 0.8149 71.5296 0 0
O 2 15877 12746 3.8453 1.4285 -1.0452 0.0114 0.6936 0.2950 1.0423 91.4950 0 0
O 2 15902 12476 6.3989 1.7463 -1.0171 0.0181 0.7180 0.2639 1.9232 168.8207 1 0
O 2 15905 12495 8.1565 2.0478 -1.0511 0.0094 0.7136 0.2770 2.0925 183.6809 1 0
O 2 15914 13639 4.5091 2.2552 -1.0511 0.7763 0.0460 0.1777 1.6523 145.0362 1 0
O 2 15923 12519 5.0679 0.9201 -1.0449 0.2255 0.2384 0.5361 1.0240 89.8840 1 0
O 2 15938 12913 1.2441 0.8596 -1.1081 0.3633 0.0180 0.6188 0.8763 76.9174 0 0
O 2 15941 12508 2.0916 1.3169 -1.0860 0.2442 0.2012 0.5546 1.0934 95.9798 0 0
O 2 16077 227 9.2992 3.6067 -1.0862 0.0237 0.7253 0.2510 3.5140 308.4589 1 1 134
O 2 16090 12558 3.2005 3.4584 -1.1412 0.7516 0.0031 0.2452 1.8502 162.4147 0 0
O 2 16098 13771 1.8135 0.7996 -1.0862 0.8389 0.0018 0.1593 0.8995 78.9581 0 0
O 2 16115 269 10.0560 2.2124 -1.0449 0.0187 0.7218 0.2595 2.1607 189.6692 1 0
O 2 16122 12615 2.4765 0.8865 -1.0077 0.0737 0.3326 0.5937 0.8853 77.7077 0 0
O 2 16125 13730 1.4015 1.8223 -1.0792 0.3652 0.0872 0.5476 23.1497 2032.0802 0 0
O 2 16126 13080 -0.3018 22.2764 -0.9324 0.5459 0.0001 0.4540 1.2050 105.7773 0 0
O 2 16127 13165 -0.6932 0.9629 -1.0799 0.8916 0.0002 0.1082 0.9672 84.8973 0 0
O 2 16135 13528 -0.6075 1.2995 -0.9056 0.7497 0.0002 0.2501 1.4785 129.7846 0 0
O 2 16146 12691 -1.0484 0.9587 -0.9792 0.4692 0.1823 0.3485 1.3608 119.4505 0 0
O 2 16149 12742 3.1561 1.4339 -1.0503 0.1079 0.2250 0.6670 0.9812 86.1301 0 0
O 2 16174 13560 9.2522 1.3890 -1.0456 0.0105 0.7167 0.2728 1.4049 123.3191 1 0
O 2 16185 112 9.7946 5.2757 -0.9722 0.1842 0.0677 0.7480 5.1568 452.6650 0 0
O 2 16206 226 4.4065 0.8827 -1.0452 0.0126 0.7796 0.2078 0.8371 73.4823 1 0
O 2 16385 13734 2.0268 1.1047 -0.8671 0.8188 0.0017 0.1795 0.9256 81.2475 0 0
O 2 16386 12585 -0.3765 1.1619 -0.9720 0.8081 0.0050 0.1870 1.5079 132.3663 0 0
O 2 16398 13830 0.0413 0.8040 -0.7431 0.6852 0.0001 0.3147 0.8078 70.9063 0 0
O 2 16400 13877 5.3321 1.0013 -0.9322 0.2417 0.1330 0.6253 0.8681 76.1983 1 0
O 2 16402 13876 6.5952 1.0064 -0.9322 0.0192 0.7589 0.2220 1.0286 90.2872 1 0
O 2 16420 476 8.4170 2.1382 -0.8926 0.0107 0.7727 0.2166 2.0159 176.9566 1 0
O 2 16421 13280 4.8648 1.0960 -0.9322 0.5750 0.0026 0.4224 0.9194 80.7066 0 0
O 2 16428 13929 2.7554 0.9091 -0.9321 0.4850 0.4145 0.1004 0.8813 77.3626 0 0
O 2 16431 468 9.6231 2.0367 -0.8673 0.0083 0.6830 0.3088 1.9955 175.1632 0 0
O 2 16434 469 9.1946 2.0381 -0.9058 0.0190 0.6537 0.3273 2.1267 186.6859 1 0
O 2 16441 13308 2.5738 0.9350 -0.8256 0.3606 0.0326 0.6068 0.8289 72.7582 0 0
O 2 16459 13595 6.1351 0.8388 -0.9796 0.0161 0.7561 0.2278 0.8256 72.4728 1 0
O 2 16464 13620 0.1046 1.4225 -0.8118 0.8908 0.0011 0.1082 1.1157 97.9360 0 0
O 2 16468 13686 4.1718 1.0724 -0.9447 0.1117 0.1759 0.7124 0.8725 76.5897 0 0
O 2 16473 300 2.2915 1.3397 -0.7430 0.2472 0.2138 0.5390 1.4237 124.9710 1 0
O 2 16484 377 11.3420 1.5590 -0.8504 0.0109 0.7321 0.2570 1.5498 136.0456 1 0
O 2 16488 13278 5.8443 1.1698 -0.8256 0.0051 0.7367 0.2582 1.1356 99.6867 1 0
O 2 16489 13928 4.6985 1.0829 -0.7871 0.3572 0.0183 0.6246 0.8203 72.0093 1 0
O 2 16512 13388 2.5301 1.1167 -0.6537 0.7287 0.0031 0.2682 0.9489 83.2987 0 0
O 2 16534 13387 1.1085 2.2583 -0.8248 0.8204 0.0662 0.1134 3.2745 287.4367 0 0
O 2 16535 13332 1.0656 0.8570 -0.8932 0.3011 0.3608 0.3381 2.5693 225.5304 0 0
O 2 16554 13709 0.4819 1.0209 -0.6538 0.5135 0.0160 0.4705 0.8928 78.3672 0 0
O 2 16561 13082 0.3683 1.4343 -0.7227 0.2568 0.1807 0.5625 2.1366 187.5491 0 0
O 2 16569 13737 0.0315 4.4029 -0.8254 0.3762 0.2157 0.4081 1.1451 100.5191 0 0
O 2 16594 13233 4.8734 1.2517 -0.8114 0.2929 0.2214 0.4858 1.3845 121.5271 1 0
O 2 16606 13158 2.0813 2.9314 -0.7005 0.8546 0.0424 0.1030 14.4589 1269.2036 0 0
O 2 16620 13190 0.2377 1.0984 -0.6754 0.7220 0.0062 0.2718 0.9688 85.0438 0 0
O 2 16630 13995 0.4133 0.8588 -0.7433 0.3354 0.2254 0.4392 1.2103 106.2428 0 0
O 2 16646 13290 2.7117 2.6011 -0.7004 0.9484 0.0079 0.0436 7.2534 636.7023 0 0
O 2 16662 13401 -0.0424 1.5558 -0.8120 0.6147 0.0117 0.3736 1.2574 110.3707 0 0
O 2 16669 35 9.4595 0.9652 -0.7437 0.1403 0.2833 0.5764 0.9990 87.6966 1 0
O 2 16671 13583 2.4934 1.8415 -0.7230 0.8844 0.0581 0.0575 16.0057 1404.9808 0 0
O 2 16697 13612 3.9732 1.4402 -0.8672 0.6349 0.1306 0.2346 1.2654 111.0749 0 0
O 2 16700 12509 2.1536 1.3534 -0.7873 0.6122 0.1126 0.2752 1.1076 97.2261 0 0
O 2 16705 13022 3.8360 0.9848 -0.6752 0.4359 0.0052 0.5588 0.9154 80.3558 0 0
O 2 16711 13745 -0.2352 0.9303 -0.7003 0.7856 0.0191 0.1953 5.8381 512.4723 0 0
O 2 16712 13028 0.6259 1.4249 -0.7003 0.3572 0.2236 0.4192 3.1157 273.4974 0 0
O 2 16714 13076 -1.0589 1.7788 -0.7672 0.1483 0.0806 0.7712 0.9301 81.6475 0 0
O 2 16723 13897 0.7840 0.8106 -0.6537 0.0042 0.7668 0.2290 1.1036 96.8700 0 0
O 2 16729 12674 -0.5662 4.6541 -0.7229 0.6534 0.0192 0.3274 1.1316 99.3294 0 0
O 2 16731 13965 -0.2306 0.8592 -0.5806 0.7658 0.0311 0.2031 1.7497 153.5856 0 0
O 2 16757 12817 1.2316 1.0356 -0.7438 0.4065 0.1766 0.4169 1.0507 92.2347 0 0
O 2 16758 13572 1.2906 1.3188 -0.7438 0.6097 0.1118 0.2785 1.1373 99.8310 0 0
O 2 16759 12794 0.4139 1.5739 -0.7005 0.2661 0.1846 0.5493 1.0777 94.6032 0 0
O 2 16760 12832 1.3759 1.0942 -0.6540 0.3730 0.1618 0.4652 1.1090 97.3463 0 0
O 2 16764 12464 2.6231 1.3646 -0.7229 0.7033 0.0352 0.2615 0.9372 82.2655 1 0
O 2 16772 12453 2.1829 1.5511 -0.7672 0.8548 0.0010 0.1442 3.0895 271.1966 0 0
O 2 16780 12525 0.1684 1.2448 -0.7227 0.0276 0.6973 0.2751 2.0544 180.3336 0 0
O 2 16794 13139 2.2561 2.0017 0.6607 0.5017 0.0102 0.4880 3.1879 279.8365 0 0
O 2 16795 13095 0.3507 0.9640 0.7483 0.7958 0.0124 0.1919 4.1113 360.8902 0 0
O 2 16797 12678 -0.0491 0.9183 0.6816 0.1442 0.0721 0.7837 0.8181 71.8130 0 0
O 2 16798 13874 0.8882 1.0826 0.6606 0.0057 0.7424 0.2518 1.1523 101.1522 0 0
O 2 16805 14008 1.8785 0.8819 0.7294 0.1777 0.4317 0.3907 1.0692 93.8522 0 0
O 2 16807 12455 -0.5005 1.0677 0.5662 0.5122 0.1127 0.3751 1.0248 89.9611 0 0
O 2 16810 66 7.8672 0.8122 0.6607 0.0038 0.7984 0.1978 0.8173 71.7431 1 0
O 2 16820 13611 -1.1231 0.8066 0.5662 0.8181 0.0061 0.1759 0.9188 80.6540 0 0
O 2 16824 12937 0.8786 0.9642 0.6815 0.0082 0.6948 0.2970 1.5068 132.2694 0 0
O 2 16831 13010 -0.3275 0.8638 0.6604 0.1289 0.1914 0.6796 1.2650 111.0442 0 0
O 2 16840 13869 3.6180 1.0843 0.7921 0.1443 0.1450 0.7107 1.1390 99.9819 0 0
O 2 16845 13898 -0.4763 1.3449 0.7294 0.1990 0.2067 0.5942 1.3840 121.4840 0 0
O 2 16850 13923 5.1585 1.0345 0.8321 0.4010 0.1006 0.4984 1.1886 104.3380 0 0
O 2 16855 13366 1.1013 3.4702 0.7064 0.8235 0.0420 0.1345 1.2511 109.8190 0 0
O 2 16856 12462 4.7975 0.9768 0.7718 0.0073 0.7743 0.2184 0.9288 81.5286 1 0
O 2 16866 12985 1.3448 0.9477 0.8328 0.7760 0.0333 0.1907 1.0013 87.8983 0 0
O 2 16891 13034 -0.8008 1.1367 0.7922 0.5933 0.0026 0.4041 0.8125 71.3254 0 0
O 2 16910 13758 -0.1802 1.2120 0.8163 0.0090 0.6820 0.3090 1.3462 118.1719 0 0
O 2 16919 13111 -0.3882 39.7626 0.6600 0.6794 0.0001 0.3204 0.8399 73.7275 0 0
O 2 16932 13867 1.6455 1.0443 0.6607 0.4645 0.0005 0.5350 0.9404 82.5450 0 0
O 2 16943 13321 0.1825 1.9514 0.7482 0.6989 0.0823 0.2188 1.8102 158.9011 0 0
O 2 16963 12812 0.5637 1.3449 0.7480 0.3579 0.1415 0.5006 1.0999 96.5479 0 0
O 2 16966 13575 0.8808 0.9880 0.7480 0.3659 0.0973 0.5368 0.9977 87.5778 0 0
O 2 16989 12854 0.8805 1.3916 0.8320 0.0210 0.7911 0.1879 0.8987 78.8898 0 0
O 2 16993 13631 1.7390 1.6469 0.8165 0.0875 0.6314 0.2811 1.8270 160.3708 0 0
O 2 17000 12981 0.7538 0.8246 0.8166 0.8426 0.0017 0.1557 1.7760 155.8974 0 0
O 2 17007 12557 2.9138 1.3964 0.8740 0.8223 0.0213 0.1564 1.1845 103.9779 0 0
O 2 17008 262 5.2628 1.0577 0.8326 0.3382 0.0422 0.6196 0.9962 87.4443 0 0
O 2 17024 12583 3.9110 1.1349 0.7921 0.0287 0.4029 0.5684 1.1886 104.3316 0 0
O 2 17033 12601 0.3907 1.3125 0.9858 0.2116 0.2944 0.4940 1.2224 107.3024 0 0
O 2 17043 13808 -0.0635 1.5705 0.9365 0.1793 0.2744 0.5463 1.3259 116.3881 0 0
O 2 17050 14038 1.8579 2.5085 0.9102 0.7791 0.0030 0.2179 3.1198 273.8586 0 0
O 2 17052 13783 0.4836 0.9438 0.9773 0.3022 0.1606 0.5372 2.3156 203.2668 0 0
O 2 17054 13212 0.2727 1.3926 0.7719 0.4853 0.0010 0.5137 0.8775 77.0291 0 0
O 2 17057 12693 -0.0738 3.2044 0.8167 0.5046 0.0126 0.4828 0.8407 73.7932 0 0
O 2 17065 13973 4.0453 1.3892 0.8740 0.1868 0.1384 0.6748 0.9398 82.4991 0 0
O 2 17073 13345 1.5670 2.8040 0.9492 0.5192 0.0086 0.4722 0.8315 72.9884 0 0
O 2 17074 13577 1.4991 0.9762 0.8741 0.7433 0.0018 0.2549 2.1381 187.6810 0 0
O 2 17077 13564 4.1317 0.8581 0.8740 0.8868 0.0131 0.1000 1.3003 114.1372 0 0
O 2 17092 13380 -1.2670 1.0933 0.7914 0.9148 0.0431 0.0421 5.3366 468.4507 0 0
O 2 17095 12826 2.9849 2.8385 1.0512 0.6503 0.0892 0.2605 0.8248 72.3989 0 0
O 2 17099 174 6.3469 0.8423 0.8581 0.0258 0.4876 0.4866 0.8351 73.3035 0 0
O 2 17107 12988 -0.3722 2.9118 0.7483 0.5361 0.0878 0.3761 0.9512 83.4964 0 0
O 2 17109 12979 0.7809 1.0329 0.9364 0.3477 0.2940 0.3583 1.4230 124.9139 0 0
O 2 17111 13683 0.7485 0.9709 0.7922 0.7801 0.0016 0.2183 0.8240 72.3302 0 0
O 2 17133 13063 4.1894 0.9751 0.8741 0.0423 0.3947 0.5630 0.9933 87.1892 0 0
O 2 17150 13195 -0.4201 1.1934 0.9855 0.1246 0.1759 0.6995 1.1689 102.6033 0 0
O 2 17167 13943 0.8887 1.1339 0.8323 0.8708 0.0010 0.1281 1.2463 109.4016 0 0
O 2 17168 12654 2.0446 0.9727 0.9100 0.8255 0.0045 0.1700 0.8930 78.3859 0 0
O 2 17172 12734 1.2643 0.8763 0.8994 0.6914 0.0064 0.3023 1.7690 155.2833 0 0
O 2 17174 13899 0.5985 2.1488 1.0133 0.1900 0.1672 0.6428 1.0122 88.8527 0 0
O 2 17175 13232 1.8988 2.3725 1.0133 0.0257 0.5644 0.4099 0.8950 78.5672 0 0
O 2 17190 14019 1.3853 1.2950 0.9103 0.2696 0.4168 0.3136 998.1168 87614.7266 0 0
O 2 17196 13566 6.0844 1.1363 1.0227 0.0642 0.3517 0.5841 1.0615 93.1766 1 0
O 2 17205 12863 -0.7168 0.8606 0.8738 0.8643 0.0231 0.1126 0.9888 86.7995 0 0
O 2 17209 12547 3.0837 1.0557 0.9368 0.8987 0.0013 0.1001 0.9754 85.6180 0 0
O 2 17229 13754 7.5648 1.4125 1.0228 0.0081 0.6306 0.3612 1.3977 122.6909 1 0
O 2 17230 13809 4.7469 0.8003 1.1415 0.0900 0.2286 0.6813 0.8309 72.9369 0 0
O 2 17239 13236 2.1752 0.9504 1.0904 0.1943 0.5593 0.2464 1.0712 94.0300 0 0
O 2 17240 13261 1.9672 1.0321 1.0506 0.8370 0.0003 0.1627 0.8568 75.2066 0 0
O 2 17261 13251 2.0282 5.3288 1.1085 0.0781 0.4930 0.4289 1.4846 130.3165 0 0
O 2 17262 361 6.1177 1.0532 1.1509 0.7116 0.1483 0.1401 1.2330 108.2338 0 0
O 2 17286 13948 1.5683 1.3747 1.0900 0.3825 0.0041 0.6134 1.0505 92.2129 0 0
O 2 17292 12779 4.3892 0.8961 1.1508 0.6973 0.1721 0.1305 1.2380 108.6703 0 0
O 2 17301 13998 3.8455 0.7977 1.1190 0.1756 0.2930 0.5314 0.8254 72.4518 1 0
O 2 17314 13406 1.2990 1.4883 1.1507 0.4022 0.0190 0.5788 1.1359 99.7119 0 0
O 2 17317 12472 2.9876 0.9522 0.9858 0.2048 0.0037 0.7915 0.8558 75.1183 0 0
O 2 17318 12470 6.2415 0.8970 1.0550 0.0518 0.4054 0.5428 0.8820 77.4219 1 0
O 2 17373 13634 8.4851 1.2707 1.0815 0.0174 0.6565 0.3261 1.2771 112.1046 1 0
O 2 17376 12904 3.1675 0.8814 1.0512 0.0342 0.2677 0.6981 0.9837 86.3451 0 0
O 2 17377 12517 3.5857 0.8032 1.0543 0.1176 0.1393 0.7432 1.0116 88.7946 0 0
O 2 17390 12929 0.4123 2.3250 1.0219 0.0501 0.2391 0.7108 1.5481 135.8956 0 0
O 2 17393 12946 1.3997 2.0074 1.1083 0.1146 0.5770 0.3084 1.3865 121.7112 0 0
O 2 17409 13633 1.5479 0.8441 1.0994 0.1058 0.4112 0.4830 0.9962 87.4508 0 0
O 2 17413 13689 7.0949 1.4757 1.0840 0.0077 0.6545 0.3379 1.4381 126.2407 1 0
O 2 17417 13696 4.3102 1.0867 1.1408 0.8755 0.0017 0.1228 1.0266 90.1159 0 0
O 2 17440 12686 4.2454 3.8703 1.1509 0.0266 0.6630 0.3103 1.6158 141.8314 0 0
O 2 17443 13245 0.6622 2.3367 1.1840 0.1150 0.3379 0.5470 5.2288 458.9879 0 0
O 2 17463 12706 -0.5761 1.8648 1.1416 0.0453 0.4537 0.5010 0.8630 75.7561 0 0
O 2 17480 12717 4.3658 1.1214 1.0995 0.1667 0.3115 0.5218 0.8912 78.2328 0 0
O 2 17491 13298 -1.0532 1.0585 1.1508 0.0600 0.3649 0.5751 1.0120 88.8300 0 0
O 2 17495 12815 0.5570 0.9101 1.0430 0.6877 0.1644 0.1479 3.7112 325.7683 0 0
O 2 17499 13396 2.5547 1.0350 1.0513 0.1500 0.0080 0.8420 0.8801 77.2524 0 0
O 2 17501 13407 3.4848 2.1761 1.1507 0.7348 0.0046 0.2607 1.2991 114.0307 0 0
O 2 17511 13416 2.2204 1.1791 1.1083 0.2071 0.0324 0.7605 1.9040 167.1352 0 0
O 2 17529 12570 0.3713 0.8100 1.0904 0.2098 0.0077 0.7825 1.0226 89.7674 0 0
O 2 17541 12533 5.3836 1.0756 1.1408 0.6184 0.0046 0.3769 0.9374 82.2850 0 0
O 2 17573 13742 4.9311 1.1868 1.1416 0.2804 0.4327 0.2869 1.3238 116.2042 1 0
O 2 17584 12577 1.8488 20.7323 1.0903 0.5232 0.0096 0.4672 0.8581 75.3279 0 0
O 2 17596 13463 6.6441 1.1350 1.2234 0.0157 0.5374 0.4469 1.2936 113.5562 1 0
O 2 17607 14044 -4.7304 1.0775 1.3153 0.7515 0.1157 0.1327 2.5617 224.8678 0 0
O 2 17635 13484 2.4455 0.8865 1.2805 0.0729 0.1025 0.8246 0.9549 83.8193 0 0
O 2 17637 14062 1.8737 1.1633 1.1508 0.7893 0.0002 0.2105 0.8850 77.6864 0 0
O 2 17678 12480 1.9304 4.6951 1.0993 0.7572 0.0838 0.1590 2.7307 239.7006 0 0
O 2 17689 12502 3.0323 0.9497 1.1841 0.7001 0.0044 0.2955 1.0522 92.3611 0 0
O 2 17701 360 0.6138 0.9396 1.3772 0.7805 0.0009 0.2187 1.2228 107.3388 0 0
O 2 17703 12586 0.3011 1.3360 1.1507 0.8312 0.0000 0.1688 0.8855 77.7316 0 0
O 2 17707 14185 0.1792 0.9604 1.3780 0.1293 0.6848 0.1859 1.0276 90.2066 0 0
O 2 17711 14042 0.4935 4.7057 1.2442 0.5510 0.1519 0.2972 1.9232 168.8227 0 0
O 2 17742 14192 1.7265 1.9948 1.2441 0.7641 0.0001 0.2359 0.8013 70.3404 0 0
O 2 17749 14201 2.0515 5.3172 1.3695 0.6086 0.1063 0.2851 58.9917 5178.2930 0 0
O 2 17774 12727 1.6005 5.6951 1.2882 0.8285 0.0001 0.1715 0.7851 68.9132 0 0
O 2 17776 13329 0.3631 0.9726 1.3180 0.6121 0.0493 0.3386 0.4458 39.1302 0 0
O 2 17778 12790 0.7538 0.8543 1.2442 0.8581 0.0001 0.1418 1.0407 91.3562 0 0
O 2 17787 14066 3.2457 3.3931 1.3260 0.0182 0.4490 0.5328 1.2007 105.4010 0 0
O 2 17790 13419 1.2647 10.7664 1.2188 0.8044 0.0071 0.1885 1.8335 160.9465 0 0
O 2 17812 14033 0.4176 5.4513 1.3178 0.4368 0.1342 0.4290 0.4235 37.1712 0 0
O 2 17825 234 5.0210 0.8462 1.3779 0.1086 0.5056 0.3857 0.8195 71.9315 0 0
O 2 17831 14173 0.2254 0.8354 1.3267 0.1812 0.2613 0.5575 124.2613 10907.6562 0 0
O 2 17847 14557 1.7473 2.2569 1.3781 0.6493 0.0034 0.3473 0.9449 82.9394 0 0
O 2 17854 13464 2.5300 0.9135 1.3262 0.3464 0.0424 0.6113 0.6829 59.9408 0 0
O 2 17866 12709 0.2955 0.9844 1.3780 0.8688 0.0001 0.1311 1.3779 120.9496 0 0
O 2 17874 12713 4.3582 0.8968 1.4049 0.4502 0.2686 0.2812 0.6246 54.8231 0 0
O 2 17876 14621 3.6300 2.2204 1.3687 0.7236 0.0009 0.2755 0.8999 78.9920 0 0
O 2 17878 12731 -0.3047 0.8011 1.3772 0.0509 0.6281 0.3210 3.7383 328.1484 0 0
O 2 17883 105 2.9830 0.8185 1.3260 0.6307 0.0043 0.3650 0.6885 60.4381 0 0
O 2 17884 74 3.6589 1.1564 1.2882 0.7627 0.0000 0.2372 0.9020 79.1773 1 0
O 2 17888 13424 2.1858 0.8424 1.3781 0.3767 0.4599 0.1634 1.7327 152.0970 0 0
O 2 17893 14070 0.1930 4.1989 1.4050 0.3830 0.2828 0.3342 5.0748 445.4627 0 0
O 2 17900 13411 1.8780 0.8260 1.2887 0.8837 0.0002 0.1160 0.6828 59.9373 0 0
O 2 17906 14029 4.6981 1.7969 1.4053 0.7648 0.1035 0.1317 3.5752 313.8320 0 0
O 2 17908 13426 0.8600 1.8526 1.4053 0.0419 0.5223 0.4359 2.7135 238.1924 0 0
O 2 17912 14030 5.4711 1.7728 1.4054 0.1340 0.6264 0.2395 0.8662 76.0359 1 0
O 2 17915 14114 0.3940 1.1825 1.3178 0.8579 0.0000 0.1421 1.7277 151.6553 0 0
O 2 17925 13430 -0.0349 0.8408 1.4048 0.1814 0.0132 0.8054 1.1812 103.6877 0 0
O 2 17939 14122 2.5084 8.9741 1.3691 0.0230 0.3636 0.6135 0.9443 82.8923 0 0
O 2 17943 13449 4.2649 1.1092 1.3773 0.4888 0.0087 0.5025 0.5508 48.3496 1 1 25
O 2 17944 14156 4.4041 1.2116 1.3773 0.3878 0.0172 0.5950 0.5798 50.8920 1 1 25
O 2 17947 14133 4.9735 1.0712 1.3774 0.7924 0.0027 0.2049 0.9007 79.0656 0 0
O 2 17986 13415 10.0463 1.8532 1.4622 0.0076 0.6812 0.3113 1.8476 162.1814 1 0
O 2 18004 235 1.7859 0.8481 1.4048 0.0600 0.2123 0.7277 1.2391 108.7657 1 0
O 2 18009 14183 2.4598 0.8313 1.5103 0.6697 0.0763 0.2540 1.3392 117.5543 0 0
O 2 18022 14532 0.6666 2.3942 1.5689 0.0020 0.5384 0.4596 1.1952 104.9133 0 0
O 2 18027 1292 -0.0950 1.2421 1.5106 0.0179 0.4774 0.5047 0.5382 47.2440 0 0
O 2 18028 14613 3.9965 5.0355 1.5779 0.0020 0.7083 0.2897 1.8829 165.2774 0 0
O 2 18041 14065 0.4622 1.7655 1.4136 0.1536 0.0023 0.8441 0.8918 78.2789 0 0
O 2 18049 13433 0.7180 1.2132 1.5691 0.0095 0.0148 0.9758 1.4948 131.2109 0 0
O 2 18062 12591 5.1034 1.6092 -0.5133 0.1019 0.5267 0.3714 2.6191 229.9013 0 0
O 2 18072 13777 2.7042 0.8371 -0.0251 0.7066 0.0082 0.2852 0.8179 71.7985 0 0
O 2 18078 307 5.6169 0.9562 0.0887 0.7744 0.0378 0.1878 1.1155 97.9227 1 0
O 2 18079 13094 2.1462 1.2872 -0.0251 0.3199 0.1193 0.5609 0.9378 82.3199 0 0
O 2 18084 13156 0.8929 1.2452 0.1444 0.5980 0.0354 0.3666 0.8637 75.8170 0 0
O 2 18089 12572 -0.3324 0.9478 0.3226 0.9138 0.0483 0.0379 3.9470 346.4679 0 0
O 2 18092 12612 3.8356 2.4565 0.0327 0.9137 0.0019 0.0844 1.7566 154.1961 0 0
O 2 18118 12556 -1.2438 1.0067 0.0327 0.9368 0.0002 0.0630 0.8670 76.1023 0 0
O 2 18120 12617 7.4670 1.2360 0.2012 0.0146 0.8016 0.1837 1.2161 106.7459 0 0
O 2 18122 13117 7.8876 1.3074 0.2012 0.0767 0.7304 0.1929 1.3599 119.3677 1 0
O 2 18132 13120 -1.0145 2.7742 0.3226 0.8143 0.0075 0.1782 3.0718 269.6435 0 0
O 2 18143 12582 5.1794 1.1571 0.3766 0.8186 0.0115 0.1699 0.9791 85.9441 0 0
O 2 18149 13779 3.0949 0.8640 0.4679 0.2213 0.0488 0.7300 0.9296 81.5962 0 0
O 2 18158 13795 4.0312 1.0551 0.5365 0.7565 0.0014 0.2421 0.8754 76.8445 0 0
O 2 18175 13100 -0.0974 1.2227 -0.3052 0.0913 0.6991 0.2096 1.2566 110.3049 0 0
O 2 18244 12608 -0.1436 1.4789 0.0327 0.9473 0.0000 0.0527 0.9602 84.2884 0 0
O 2 18250 13788 1.2794 1.0689 0.5850 0.5826 0.0017 0.4157 1.4707 129.0959 0 0
O 2 18251 12659 0.1565 0.8560 -0.6103 0.9014 0.0019 0.0967 2.0906 183.5135 0 0
O 2 18253 13784 1.4463 2.1948 -0.2500 0.7986 0.1451 0.0563 1.6744 146.9811 0 0
O 2 18256 13832 -0.3109 1.4389 -0.3585 0.9348 0.0092 0.0561 69.7579 6123.3511 0 0
O 2 18261 13159 1.1825 1.2802 0.0315 0.0133 0.7542 0.2324 1.3297 116.7209 0 0
O 2 18265 13772 0.5822 0.9439 0.1445 0.3059 0.0613 0.6328 0.8663 76.0403 0 0
O 2 18266 12610 4.6132 0.8434 0.2010 0.1748 0.0572 0.7679 0.8594 75.4388 0 0
O 2 18302 358 9.2096 2.4884 0.0920 0.0134 0.7203 0.2662 2.5041 219.8096 1 1 98
O 2 18317 12701 1.7260 0.8286 0.3633 0.7184 0.0006 0.2810 0.8512 74.7163 0 0
O 2 18322 13752 3.5642 1.5858 0.4678 0.9709 0.0200 0.0091 83.3193 7313.7739 0 0
O 2 18325 13806 5.4893 1.0664 0.5655 0.0035 0.8069 0.1895 1.0644 93.4311 0 0
O 2 18327 12636 7.0976 1.0817 -0.5617 0.0240 0.7135 0.2624 1.1293 99.1317 1 0
O 2 18354 13202 0.8248 6.7492 -0.3166 0.6356 0.0123 0.3522 1.1932 104.7403 0 0
O 2 18376 13217 -0.1931 1.7927 0.0327 0.9369 0.0007 0.0624 1.2157 106.7159 0 0
O 2 18380 13216 3.3645 1.9840 0.0327 0.1585 0.5477 0.2938 3.6716 322.2942 0 0
O 2 18382 13136 -0.0064 1.5202 0.0315 0.8151 0.0027 0.1822 0.9474 83.1630 0 0
O 2 18389 13763 0.0965 0.9190 0.0920 0.9380 0.0001 0.0619 0.8297 72.8273 0 0
O 2 18396 13828 2.1541 1.5653 0.0920 0.7234 0.0161 0.2605 0.9580 84.0959 0 0
O 2 18444 13855 6.5816 1.2617 0.4676 0.0290 0.6960 0.2750 1.2966 113.8129 1 0
O 2 18445 13798 -0.0851 0.9258 -0.6539 0.6116 0.0059 0.3825 3.8808 340.6609 0 0
O 2 18458 13154 3.6596 0.9509 -0.4619 0.5122 0.0163 0.4715 0.9072 79.6309 0 0
O 2 18460 13851 3.0542 3.8598 -0.4262 0.0259 0.7300 0.2441 1.7341 152.2179 0 0
O 2 18465 13129 0.5493 0.9767 -0.4265 0.8168 0.0057 0.1775 0.9310 81.7232 0 0
O 2 18562 12634 2.0754 0.9538 -0.0826 0.5772 0.0172 0.4055 0.9556 83.8833 0 0
O 2 18604 13905 1.0970 2.0306 0.0327 0.9725 0.0170 0.0105 76.4464 6710.4663 0 0
O 2 18961 13852 6.0378 6.6721 -0.0251 0.0271 0.3984 0.5745 6.6233 581.3939 1 1 47
O 2 19434 13885 4.7298 3.7546 0.0327 0.9466 0.0203 0.0331 458.1256 40214.2773 0 0
O 2 19574 406 6.6671 15.2282 0.0327 0.0598 0.1457 0.7945 14.9180 1309.5054 1 1 46
O 2 19909 13794 6.4643 1.4173 0.2011 0.9225 0.0031 0.0744 1.2232 107.3717 0 0
O 2 19951 13887 2.8221 1.8261 0.6354 0.8610 0.0008 0.1382 0.8800 77.2452 0 0
O 2 19953 443 9.6512 1.3440 -0.5311 0.0105 0.7461 0.2434 1.3373 117.3878 1 0
O 2 19960 13837 7.8990 0.9455 -0.3712 0.0288 0.7656 0.2056 0.9535 83.6981 1 0
O 2 19963 12666 -0.0997 2.3327 -0.2591 0.9703 0.0212 0.0085 36.7243 3223.6580 0 0
O 2 19974 404 8.5815 1.8893 -0.1443 0.0156 0.7457 0.2388 1.8343 161.0144 1 0
O 2 19992 13256 2.5395 1.9406 0.3114 0.9532 0.0354 0.0114 286.2701 25128.7930 0 0
O 2 20009 400 4.4695 1.8114 0.2564 0.5933 0.1689 0.2378 0.8934 78.4202 0 0
O 2 20047 13196 0.9758 1.2242 -0.6302 0.7881 0.0014 0.2106 0.9509 83.4676 0 0
O 2 20062 346 0.6464 0.8070 -0.4261 0.0173 0.7573 0.2254 1.9673 172.6897 0 0
O 2 20063 13892 1.0408 3.4262 -0.4266 0.6573 0.0157 0.3270 1.0955 96.1609 0 0
O 2 20067 13904 8.3716 2.6433 -0.4121 0.0156 0.7427 0.2417 2.4940 218.9235 1 0
O 2 20087 13857 9.2577 1.1088 0.3766 0.0076 0.7680 0.2244 1.1003 96.5861 1 0
O 2 20125 463 9.9615 2.4258 0.0315 0.0156 0.7044 0.2800 2.4331 213.5741 1 0
O 2 20127 13235 1.3772 1.5114 0.1498 0.9529 0.0053 0.0418 1.9831 174.0791 0 0
O 2 20137 12660 -0.4465 0.9694 0.0919 0.4309 0.0293 0.5398 1.0399 91.2860 0 0
O 2 20182 13247 0.5047 1.6462 0.1498 0.3884 0.0227 0.5889 1.2207 107.1513 0 0
O 2 20309 12750 1.5587 0.8606 -0.5130 0.8656 0.0006 0.1338 0.9129 80.1383 0 0
O 2 20469 13896 1.8739 5.3670 -0.0857 0.9504 0.0254 0.0242 13.6872 1201.4659 0 0
O 2 20504 12712 3.6520 5.3332 -0.1391 0.7252 0.0825 0.1923 247.4430 21720.5527 0 0
O 2 20575 13303 2.1121 1.7065 0.0315 0.9369 0.0014 0.0618 1.9784 173.6665 0 0
O 2 20595 484 8.1264 4.4525 0.1445 0.0421 0.5153 0.4425 4.2692 374.7508 1 0
O 2 20622 12718 6.1839 1.1594 0.2564 0.4706 0.1811 0.3482 1.1311 99.2867 0 0
O 2 20624 13267 2.2128 4.0680 0.3111 0.8123 0.0440 0.1436 1.5432 135.4599 0 0
O 2 20626 13884 1.6434 34.8402 0.3637 0.9336 0.0021 0.0643 0.8317 73.0060 0 0
O 2 20654 13269 1.4390 2.2135 -0.0857 0.4418 0.0776 0.4807 0.8926 78.3498 0 0
O 2 20675 12736 1.2809 2.2646 -0.1391 0.6765 0.0021 0.3214 2.0026 175.7913 0 0
O 2 20701 13289 -0.9212 1.0877 -0.1392 0.9474 0.0001 0.0525 1.0453 91.7580 0 0
O 2 20722 536 9.6718 2.0833 0.4168 0.0473 0.7487 0.2040 2.0363 178.7448 1 0
O 2 20724 558 7.1431 1.0189 -0.5306 0.0052 0.7780 0.2169 1.0196 89.4971 1 0
O 2 20823 13304 0.3875 1.1906 -0.0261 0.9090 0.0236 0.0674 1.7249 151.4091 0 0
O 2 20830 13352 8.0066 4.0085 -0.4620 0.3842 0.0088 0.6070 3.6575 321.0569 0 0
O 2 20867 13362 7.5075 1.0502 -0.0857 0.0214 0.7186 0.2601 1.0299 90.4074 1 0
O 2 20870 13988 7.4248 0.9981 -0.0857 0.0088 0.8147 0.1765 1.0227 89.7697 1 0
O 2 20871 12748 0.3794 2.4181 -0.1443 0.8947 0.0024 0.1030 2.2664 198.9481 0 0
O 2 20875 13984 6.6536 0.8177 0.3636 0.0359 0.5739 0.3902 0.8494 74.5638 1 0
O 2 20884 13926 -0.1271 1.2067 0.4317 0.4133 0.0181 0.5686 2.7413 240.6300 0 0
O 2 20891 13292 0.2164 1.0083 -0.6101 0.4879 0.0202 0.4920 0.9024 79.2097 0 0
O 2 20895 13357 -0.2604 0.9871 -0.6754 0.5495 0.3047 0.1458 0.8791 77.1693 0 0
O 2 20909 2 0.2084 1.0484 -0.3587 0.3587 0.0414 0.5998 0.9683 84.9947 0 0
O 2 20971 608 9.2620 1.2064 -0.2501 0.0110 0.7748 0.2142 1.2380 108.6708 1 0
O 2 20978 12724 0.3667 1.7114 -0.1957 0.9303 0.0162 0.0535 1.7973 157.7701 0 0
O 2 20984 553 1.7730 2.9288 -0.2029 0.9525 0.0110 0.0365 1.2026 105.5663 0 0
O 2 20988 13565 0.2992 0.9240 -0.1957 0.9157 0.0029 0.0814 0.8233 72.2658 0 0
O 2 20999 14021 3.2393 2.1736 -0.0826 0.8720 0.0013 0.1267 2.1931 192.5099 0 0
O 2 21004 14022 2.6519 1.9987 0.1445 0.8044 0.0021 0.1936 1.7915 157.2579 0 0
O 2 21006 13561 0.5290 0.8886 0.0315 0.3148 0.0252 0.6601 0.8977 78.8004 0 0
O 2 21007 14002 0.4781 1.4033 0.0887 0.4694 0.0120 0.5186 0.9002 79.0188 0 0
O 2 21051 615 8.6514 2.7801 -0.2028 0.0159 0.7588 0.2252 2.6521 232.7974 1 0
O 2 21053 14007 0.5691 1.4958 -0.2498 0.9115 0.0015 0.0870 0.9149 80.3087 0 0
O 2 21062 12444 0.8858 1.6566 -0.0261 0.6370 0.0027 0.3603 1.3558 119.0116 0 0
O 2 21064 588 8.1079 3.3021 -0.0261 0.0075 0.6857 0.3068 3.4779 305.2906 1 0
O 2 21068 12841 3.6924 1.4387 -0.5310 0.6600 0.0061 0.3339 2.3029 202.1526 0 0
O 2 21092 13571 0.4463 0.8669 -0.4265 0.7850 0.0135 0.2016 0.9516 83.5348 0 0
O 2 21130 12792 1.0489 0.9481 0.4841 0.1241 0.1119 0.7640 0.9254 81.2314 0 0
O 2 21142 12448 0.1529 0.8590 0.4843 0.2923 0.0599 0.6479 0.9462 83.0552 0 0
O 2 21151 14020 0.5580 1.0026 -0.7000 0.5756 0.0593 0.3650 0.9741 85.5102 0 0
O 2 21158 12839 1.9288 1.0744 -0.6106 0.3926 0.4128 0.1947 1.0898 95.6666 0 0
O 2 21159 13395 2.1273 1.9401 -0.5619 0.7182 0.1520 0.1298 1.1449 100.5014 0 0
O 2 21188 585 3.3357 0.9800 -0.4267 0.3318 0.0285 0.6396 1.1545 101.3440 0 0
O 2 21219 13592 4.9903 1.0005 -0.3162 0.6568 0.0103 0.3329 0.9330 81.8994 0 0
O 2 21227 13374 0.9206 1.1630 -0.1444 0.6006 0.0354 0.3639 0.8080 70.9232 0 0
O 2 21371 12878 2.8687 1.1636 0.2086 0.9145 0.0008 0.0848 0.9010 79.0886 0 0
O 2 21378 13378 2.3119 0.9479 0.2012 0.3211 0.0531 0.6257 0.9075 79.6604 0 0
O 2 21393 13553 -0.1839 2.4171 0.2085 0.9365 0.0446 0.0189 25.6936 2255.3884 0 0
O 2 21404 13335 -0.4899 0.7994 0.2012 0.9395 0.0008 0.0597 1.0305 90.4591 0 0
O 2 21417 12834 0.2877 2.0060 0.6354 0.3431 0.3307 0.3262 0.8352 73.3146 0 0
O 2 21433 12868 1.3829 0.9972 -0.3715 0.6311 0.0195 0.3494 1.1853 104.0493 0 0
O 2 21437 14004 1.8393 4.1489 -0.1444 0.1680 0.0819 0.7502 0.8554 75.0865 0 0
O 2 21457 14011 1.9772 1.0750 0.0887 0.8472 0.0024 0.1505 0.8504 74.6500 0 0
O 2 21485 12443 2.5201 2.7581 0.0887 0.9102 0.0310 0.0588 2.5295 222.0377 0 0
O 2 21550 12810 8.0818 1.0675 0.4171 0.0338 0.7160 0.2502 1.0240 89.8876 1 0
O 2 21554 12887 -1.5412 0.8021 0.6149 0.9415 0.0012 0.0573 3.0282 265.8166 0 0
O 2 21603 13635 0.3856 0.9615 0.0327 0.2516 0.0251 0.7233 0.9049 79.4365 0 0
O 2 21625 12912 1.8817 1.2433 0.3765 0.8926 0.0040 0.1033 1.0077 88.4564 0 0
O 2 21666 91 10.1242 2.3375 -0.5618 0.0067 0.7778 0.2155 2.2836 200.4565 1 0
O 2 21684 12838 0.8819 1.5574 -0.5311 0.9143 0.0099 0.0758 4.0835 358.4492 0 0
O 2 21708 13584 1.0825 1.2151 -0.5134 0.1041 0.0854 0.8106 3.8082 334.2802 0 0
O 2 21714 12949 2.4476 0.9894 -0.4620 0.8000 0.0006 0.1993 0.9977 87.5786 0 0
O 2 21731 12528 1.0145 0.8178 -0.2590 0.9425 0.0033 0.0542 1.0098 88.6422 0 0
O 2 21740 15 2.2894 0.8283 -0.2501 0.9371 0.0388 0.0242 280.0023 24578.6152 0 0
O 2 21750 12889 -0.7202 1.7960 0.2564 0.9463 0.0319 0.0218 12.7883 1122.5610 0 0
O 2 21756 93 7.5995 13.3847 0.2012 0.0720 0.2667 0.6613 13.4595 1181.4738 1 1 80
O 2 21809 12917 0.7666 1.4816 -0.4121 0.4846 0.0144 0.5011 1.9563 171.7242 0 0
O 2 21854 12484 3.5400 2.2711 -0.3162 0.5544 0.0374 0.4082 1.3186 115.7437 0 0
O 2 21860 12819 -0.5540 0.8527 -0.2590 0.9057 0.0063 0.0881 1.1478 100.7533 0 0
O 2 21866 12945 2.5931 1.2668 -0.1392 0.9514 0.0015 0.0471 0.9049 79.4345 0 0
O 2 21881 70 7.2352 0.8639 0.3112 0.0377 0.5780 0.3843 0.8942 78.4951 1 0
O 2 21882 12920 2.8122 1.6833 -0.5613 0.0229 0.6930 0.2841 1.5572 136.6887 0 0
O 2 21886 12899 0.6889 1.5693 -0.4620 0.0089 0.6555 0.3356 0.9343 82.0169 0 0
O 2 21896 13624 7.1139 1.9619 -0.3166 0.0072 0.7258 0.2670 1.8537 162.7172 1 0
O 2 21897 12901 4.2864 2.1247 -0.2592 0.4973 0.0844 0.4183 1.5863 139.2475 1 0
O 2 21914 12500 -0.7101 3.2519 -0.0251 0.2376 0.0263 0.7361 1.8448 161.9400 0 0
O 2 21918 12836 -1.4450 0.8585 0.0315 0.9618 0.0001 0.0381 1.3071 114.7407 0 0
O 2 21940 12477 6.7758 1.1102 0.1445 0.4475 0.0442 0.5084 1.0611 93.1392 1 0
O 2 22007 12530 -0.8254 5.6354 0.3767 0.8538 0.0425 0.1037 1.1976 105.1295 0 0
O 2 22039 12983 -0.0819 1.2903 -0.3588 0.8956 0.0008 0.1036 1.1062 97.1025 0 0
O 2 22063 12958 7.6244 0.9469 -0.1956 0.0080 0.7627 0.2293 0.9503 83.4152 1 0
O 2 22071 13652 8.1491 0.8563 0.4839 0.0051 0.7783 0.2167 0.8535 74.9201 1 0
O 2 22077 160 9.3363 1.2200 -0.5806 0.0180 0.7207 0.2613 1.2087 106.0975 1 0
O 2 22080 13655 -0.4756 1.1538 -0.4265 0.8426 0.0194 0.1380 0.8607 75.5480 0 0
O 2 22102 13665 -0.1045 0.9803 -0.0261 0.0111 0.7143 0.2747 1.0794 94.7467 0 0
O 2 22111 13710 -0.7440 2.0433 0.2011 0.8770 0.0810 0.0420 1.9156 168.1526 0 0
O 2 22115 12527 0.0068 0.9630 0.0887 0.5529 0.0959 0.3512 1.1183 98.1634 0 0
O 2 22119 161 8.8920 2.1308 0.2563 0.1564 0.6144 0.2292 2.0963 184.0171 1 0
O 2 22149 12498 0.5208 2.4363 0.4680 0.3026 0.1605 0.5370 1.0745 94.3231 0 0
O 2 22162 12994 4.7662 0.8258 0.5185 0.9322 0.0054 0.0624 0.9461 83.0469 0 0
O 2 22170 12905 -0.4807 1.0341 0.4169 0.9761 0.0132 0.0107 21.6265 1898.3745 0 0
O 2 22175 12932 0.1560 1.4642 0.5657 0.9710 0.0107 0.0183 20.3276 1784.3595 0 0
O 2 22177 12965 4.6271 1.1014 0.5362 0.0500 0.3193 0.6307 1.2656 111.0968 0 0
O 2 22184 201 8.3269 1.3873 0.5185 0.0160 0.7336 0.2504 1.3013 114.2287 1 1 18
O 2 22197 184 9.0697 6.9719 -0.6308 0.0127 0.4702 0.5171 6.4822 569.0098 1 1 139
O 2 22206 13654 -0.0424 1.3605 -0.4781 0.7533 0.0047 0.2420 0.8403 73.7633 0 0
O 2 22214 12919 1.2031 1.1931 -0.0251 0.9408 0.0010 0.0583 0.8538 74.9464 0 0
O 2 22216 13025 0.9670 1.9582 -0.0261 0.9026 0.0156 0.0818 0.9955 87.3866 0 0
O 2 22240 12549 3.6922 1.4068 -0.4778 0.5950 0.0194 0.3856 0.9492 83.3235 0 0
O 2 22307 205 3.6240 0.8322 -0.2499 0.8196 0.0374 0.1431 1.0033 88.0657 1 0
O 2 22319 12559 3.8362 2.0591 -0.5134 0.7103 0.0967 0.1929 2.8067 246.3762 0 0
O 2 22322 13685 2.5771 1.1736 -0.5134 0.8728 0.0038 0.1234 0.9975 87.5625 0 0
O 2 22330 13698 3.9576 0.8549 -0.3054 0.8966 0.0210 0.0824 1.1665 102.3955 1 0
O 2 22334 13053 6.8421 0.9808 0.2564 0.1633 0.5108 0.3259 1.0008 87.8487 1 0
O 2 22340 13027 9.2872 1.9816 -0.5617 0.0137 0.7237 0.2625 1.9350 169.8522 1 0
O 2 22341 13720 5.0622 1.8443 -0.5613 0.3456 0.0419 0.6125 1.0166 89.2344 1 0
O 2 22345 12541 1.3039 0.8342 -0.4782 0.0798 0.3503 0.5700 1.6959 148.8683 0 0
O 2 22416 12594 0.1496 1.1915 -0.2501 0.8158 0.0024 0.1819 2.3601 207.1714 0 0
O 2 22462 12980 1.2546 0.8048 0.2657 0.0220 0.5692 0.4088 1.2069 105.9420 0 0
O 2 22484 13055 3.2668 2.5894 -0.3054 0.9594 0.0365 0.0041 183.9587 16147.8965 0 0
O 2 22489 12589 -0.0402 1.7040 -0.3053 0.8959 0.0213 0.0829 0.9349 82.0636 0 0
O 2 22493 12552 0.1361 1.1256 -0.0251 0.5982 0.0067 0.3951 2.6591 233.4198 0 0
O 2 22494 13692 0.9951 1.4962 -0.0251 0.0194 0.7549 0.2257 1.2133 106.5021 0 0
O 2 22502 13725 3.7412 0.8916 0.4170 0.6087 0.0950 0.2962 0.9787 85.9089 1 0
O 2 22507 13760 1.1207 0.8348 -0.5613 0.2039 0.0332 0.7629 0.8241 72.3358 0 0
O 2 22513 13130 0.6276 2.6039 -0.1956 0.9488 0.0055 0.0458 1.7973 157.7701 0 0
O 2 22553 13515 1.1977 6.7133 -1.2801 0.7292 0.1503 0.1206 1.3389 117.5317 0 0
O 2 22569 12640 3.8953 1.8610 0.0251 0.9375 0.0241 0.0384 1.3543 118.8820 0 0
O 2 22600 13735 4.2344 4.8451 -0.7517 0.0191 0.7579 0.2229 2.3998 210.6574 0 0
O 2 22602 13731 0.6490 0.9586 -0.5877 0.2844 0.1592 0.5564 1.3579 119.1962 0 0
O 2 22607 13135 0.6914 0.8232 -0.5728 0.1405 0.5571 0.3024 0.9082 79.7189 0 0
O 2 22645 13141 2.5382 3.8096 0.6137 0.8428 0.0063 0.1509 2.2168 194.5924 0 0
O 2 22654 13847 0.6277 2.4973 0.8431 0.0079 0.6995 0.2926 1.3808 121.2038 0 0
O 2 22658 12564 1.2412 1.1443 1.1692 0.8602 0.0003 0.1395 0.9802 86.0418 0 0
O 2 22661 13446 0.4821 0.9475 1.1777 0.0457 0.6517 0.3026 1.4484 127.1375 0 0
O 2 22663 13522 2.2022 1.5253 -1.2105 0.4035 0.3316 0.2648 1.2299 107.9593 0 0
O 2 22664 13036 0.6032 1.1408 -0.8818 0.5625 0.0468 0.3908 27.4962 2413.6199 0 0
O 2 22668 13863 2.3882 1.0393 -0.4148 0.8702 0.0044 0.1254 1.4036 123.2071 0 0
O 2 22681 13168 2.9118 1.3543 0.6137 0.5364 0.0004 0.4632 0.9202 80.7761 0 0
O 2 22689 13762 6.8939 1.1887 0.6136 0.0093 0.6980 0.2927 1.1238 98.6473 1 0
O 2 22699 13807 2.4825 0.8596 0.6879 0.1773 0.0468 0.7759 0.9160 80.4039 0 0
O 2 22707 13109 2.8637 3.6872 0.8234 0.2941 0.0936 0.6123 1.4721 129.2209 0 0
O 2 22740 13098 6.1363 1.4802 1.0429 0.0699 0.5679 0.3622 1.5801 138.7017 1 0
O 2 22742 13825 0.5266 0.8881 1.0338 0.6186 0.0008 0.3806 1.3974 122.6646 0 0
O 2 22744 13215 1.4002 0.8293 1.1692 0.8729 0.0001 0.1269 0.8355 73.3440 0 0
O 2 22747 13820 0.5519 0.7979 -0.8059 0.0608 0.1344 0.8048 0.9086 79.7563 0 0
O 2 22749 13051 0.6851 2.3748 -0.7868 0.0086 0.7440 0.2474 0.9572 84.0207 0 0
O 2 22754 12669 2.4602 1.0370 0.4319 0.8083 0.0019 0.1898 0.9941 87.2620 0 0
O 2 22759 13802 1.0224 1.9465 0.5138 0.5720 0.0028 0.4252 1.4398 126.3828 0 0
O 2 22780 12630 3.8961 1.5222 0.6137 0.5742 0.0126 0.4131 1.3367 117.3379 0 0
O 2 22816 13064 0.5854 2.0015 0.7051 0.1265 0.1102 0.7633 1.4476 127.0680 0 0
O 2 22894 13187 6.3556 1.2412 0.8429 0.6789 0.0067 0.3143 1.0403 91.3137 0 0
O 2 22904 13108 2.7806 2.9820 0.8850 0.0217 0.6687 0.3096 1.1368 99.7912 0 0
O 2 22924 13804 2.8885 2.0184 -0.7518 0.8947 0.0003 0.1050 0.9984 87.6352 0 0
O 2 22925 12667 1.1642 1.3310 -0.2445 0.8307 0.0002 0.1691 1.1502 100.9617 0 0
O 2 22930 13112 6.0871 0.9562 -0.2881 0.0161 0.4714 0.5125 0.9214 80.8833 1 0
O 2 22949 13180 2.8715 2.7262 0.5786 0.7892 0.0251 0.1857 24.1512 2119.9922 0 0
O 2 22968 12625 2.5605 2.8788 0.1606 0.8530 0.0002 0.1468 0.8233 72.2673 0 0
O 2 23005 13962 0.0773 0.8852 -1.0993 0.7084 0.1346 0.1570 7.5675 664.2790 0 0
O 2 23029 13229 0.9886 1.5713 0.1606 0.8031 0.0141 0.1828 2.9024 254.7751 0 0
O 2 23045 424 4.9554 0.9516 0.1607 0.0081 0.7511 0.2408 1.0564 92.7348 0 0
O 2 23046 13249 5.4469 0.8851 0.2052 0.5507 0.0060 0.4432 0.8442 74.1063 0 0
O 2 23080 14370 2.7378 2.1382 -1.1777 0.7948 0.0270 0.1782 1.0310 90.4994 0 0
O 2 23082 12671 4.2206 3.4032 -0.7522 0.8597 0.0058 0.1345 2.6208 230.0572 0 0
O 2 23088 12677 5.0196 1.2843 -0.7521 0.3435 0.0825 0.5741 1.1878 104.2625 0 0
O 2 23104 13882 3.3341 0.8832 -0.5332 0.3401 0.1314 0.5285 1.0320 90.5897 1 0
O 2 23111 13793 1.5609 0.8067 -0.4150 0.7807 0.0487 0.1706 1.1755 103.1876 0 0
O 2 23138 13197 3.4806 1.4924 -0.3726 0.5814 0.0723 0.3463 1.1376 99.8543 0 0
O 2 23159 328 6.5117 0.8144 -0.3726 0.2230 0.0984 0.6786 0.8484 74.4758 1 0
O 2 23165 12627 0.5822 5.9925 0.0728 0.9470 0.0358 0.0172 6.5552 575.4126 0 0
O 2 23168 13231 4.3850 0.9666 0.1152 0.0214 0.4673 0.5114 1.0357 90.9135 0 0
O 2 23194 13243 0.9737 0.8911 0.4591 0.8071 0.0429 0.1499 0.8565 75.1840 0 0
O 2 23208 13854 4.9072 1.2122 0.4716 0.2919 0.1513 0.5568 1.0895 95.6333 0 0
O 2 23247 13834 1.4536 1.0621 -1.0994 0.4566 0.2816 0.2618 2.5090 220.2427 0 0
O 2 23255 13912 4.8790 0.9887 -0.7522 0.7149 0.0005 0.2846 0.8747 76.7815 0 0
O 2 23280 13850 4.5235 2.5659 -0.4685 0.0192 0.5490 0.4318 1.6676 146.3819 0 0
O 2 23316 13768 0.9014 0.9828 -0.2883 0.6901 0.0120 0.2979 2.9498 258.9309 0 0
O 2 23615 13816 1.4449 1.0004 0.0259 0.0083 0.6707 0.3209 0.8912 78.2304 0 0
O 2 23650 12626 1.3337 1.4256 0.0251 0.3952 0.0095 0.5954 1.7395 152.6928 0 0
O 2 24287 13915 3.1100 3.2670 0.0728 0.9381 0.0569 0.0050 666.0350 58464.5742 0 0
O 2 24437 501 4.8492 1.2514 0.1187 0.7919 0.0120 0.1961 0.8726 76.6002 0 0
O 2 24474 12703 2.4943 1.9884 0.5394 0.8125 0.0005 0.1870 1.6073 141.0929 0 0
O 2 24477 13902 3.8123 1.0438 0.8232 0.3043 0.0124 0.6833 0.8442 74.1043 0 0
O 2 24511 13203 1.3711 5.2434 -0.8820 0.6883 0.0365 0.2753 1.9708 172.9940 0 0
O 2 24517 12682 3.7009 1.3291 -0.7522 0.1470 0.2500 0.6029 1.2785 112.2271 0 0
O 2 24519 13971 -0.2081 0.8629 -0.2883 0.9465 0.0001 0.0534 1.0049 88.2115 0 0
O 2 24540 13790 2.5788 3.2937 0.1607 0.6667 0.0029 0.3304 0.8395 73.6951 0 0
O 2 24548 13277 1.5336 1.0066 0.2052 0.9352 0.0000 0.0648 0.8169 71.7038 0 0
O 2 24558 13145 0.1619 2.5757 0.2052 0.8761 0.0080 0.1159 2.0496 179.9146 0 0
O 2 24592 13265 3.3858 0.8940 0.4199 0.0495 0.1672 0.7834 0.8487 74.4955 0 0
O 2 24626 13164 3.1423 3.6812 0.3355 0.7742 0.0666 0.1592 4.4960 394.6585 0 0
O 2 24653 13796 2.0226 21.1254 1.0809 0.4471 0.2020 0.3509 3.0605 268.6549 0 0
O 2 24666 13451 -0.6563 1.0936 1.1775 0.4641 0.1801 0.3558 1.5878 139.3787 0 0
O 2 24681 13797 4.2271 1.0282 -0.1999 0.6165 0.0028 0.3808 0.8709 76.4487 0 0
O 2 24698 13300 1.8853 1.1135 1.1693 0.6601 0.0002 0.3397 0.9444 82.8953 0 0
O 2 24720 14056 0.0167 1.0988 -1.2100 0.5845 0.0006 0.4149 0.5678 49.8436 0 0
O 2 24728 12705 4.2155 2.7456 -0.8370 0.0124 0.6215 0.3661 1.7529 153.8730 0 0
O 2 24755 12690 2.3045 1.6176 0.2495 0.7587 0.0010 0.2403 0.8670 76.1057 0 0
O 2 24767 13222 3.0757 1.1552 0.3452 0.8885 0.0005 0.1110 1.3090 114.9062 0 0
O 2 24768 13856 3.2390 1.1248 0.3452 0.8577 0.0004 0.1419 1.2236 107.4089 0 0
O 2 24771 12632 0.7276 1.0829 0.7052 0.4868 0.0350 0.4782 5.0965 447.3720 0 0
O 2 24780 13262 2.3440 1.3713 -1.0429 0.5074 0.1415 0.3511 1.6678 146.3956 0 0
O 2 24792 13244 4.4614 0.9779 -0.9351 0.1946 0.2881 0.5173 1.1169 98.0387 0 0
O 2 24925 13985 1.3626 0.8147 0.3356 0.8771 0.0008 0.1221 1.5171 133.1679 0 0
O 2 24935 12665 2.6973 1.1868 0.3885 0.8502 0.0715 0.0783 6.2988 552.9107 0 0
O 2 24970 13977 0.8712 0.9474 0.4718 0.9047 0.0013 0.0939 1.8937 166.2306 0 0
O 2 24976 12715 1.2894 3.4693 0.3002 0.5213 0.0165 0.4622 0.8794 77.1907 0 0
O 2 24992 13177 -0.0918 2.2502 0.4718 0.7811 0.0008 0.2181 0.8537 74.9356 0 0
O 2 25019 13961 1.2316 0.8983 0.7902 0.8402 0.0112 0.1486 1.2215 107.2196 0 0
O 2 25021 12681 0.1831 2.3282 0.7902 0.5463 0.0185 0.4352 1.0720 94.1011 0 0
O 2 25059 13935 1.5023 28.3619 -0.6984 0.9062 0.0354 0.0584 6.9849 613.1358 0 0
O 2 25097 531 0.7192 0.8164 0.2112 0.9439 0.0041 0.0520 1.5048 132.0927 0 0
O 2 25107 13956 2.6605 1.2820 0.9170 0.8902 0.0004 0.1094 1.0053 88.2484 0 0
O 2 25119 12679 0.7765 0.9520 -1.0340 0.1426 0.5293 0.3281 0.8462 74.2814 0 0
O 2 25120 12743 0.4500 5.1689 -1.0340 0.7453 0.0982 0.1565 0.8705 76.4098 0 0
O 2 25121 362 1.9660 0.8208 -0.8369 0.8645 0.0009 0.1345 1.0125 88.8794 0 0
O 2 25144 13299 4.3261 1.0954 -0.4969 0.8715 0.0316 0.0969 1.1475 100.7246 0 0
O 2 25146 13954 2.0959 1.2587 -0.4149 0.2860 0.0479 0.6661 1.4306 125.5766 0 0
O 2 25167 439 7.9192 0.8276 -0.1143 0.0056 0.7108 0.2836 0.8499 74.6035 1 0
O 2 25171 13319 2.6077 1.0037 0.0251 0.1472 0.0287 0.8241 0.8516 74.7567 0 0
O 2 25188 13964 3.1565 0.8059 -0.5330 0.6130 0.0965 0.2905 0.8588 75.3817 1 0
O 2 25193 13951 1.5275 0.8575 -0.1564 0.1836 0.2002 0.6162 0.8527 74.8487 0 0
O 2 25218 13342 1.0179 1.8577 0.7054 0.7926 0.0114 0.1960 3.9966 350.8252 0 0
O 2 25219 12755 3.3443 1.2642 0.6879 0.6829 0.0054 0.3117 2.1677 190.2852 0 0
O 2 25244 13942 2.0002 1.4120 -0.7521 0.5116 0.0517 0.4367 1.2988 114.0098 0 0
O 2 25358 12781 0.1830 1.5192 1.2361 0.7557 0.0070 0.2372 5.5351 485.8675 0 0
O 2 25361 13983 3.0848 1.7040 1.2185 0.8352 0.0098 0.1550 2.6256 230.4711 0 0
O 2 25393 13356 4.3148 1.0454 -0.7704 0.2853 0.0683 0.6464 1.0467 91.8757 0 0
O 2 25417 13947 6.3123 1.8680 0.9383 0.0226 0.6526 0.3248 1.8865 165.5970 1 0
O 2 25423 13981 5.9861 1.1278 0.9167 0.1153 0.2975 0.5872 1.1951 104.9077 0 0
O 2 25433 13341 2.5003 1.4923 0.9056 0.7154 0.0554 0.2293 1.6547 145.2500 0 0
O 2 25526 13960 2.6458 2.7876 -1.0721 0.2432 0.4615 0.2953 5.4892 481.8409 0 0
O 2 25561 12726 2.7664 1.3619 -0.6105 0.0136 0.6317 0.3547 2.2726 199.4852 0 0
O 2 25570 12723 4.7126 1.1035 -0.2057 0.7343 0.0010 0.2646 0.8468 74.3340 0 0
O 2 25592 13924 0.3297 1.4758 0.5391 0.9608 0.0181 0.0211 5.3382 468.5856 0 0
O 2 25607 12733 1.8327 2.0471 0.9383 0.0195 0.5737 0.4068 3.7459 328.8124 0 0
O 2 25612 13288 1.2573 2.3398 1.0430 0.7901 0.0003 0.2096 2.0183 177.1655 0 0
O 2 25647 13476 2.4842 0.8653 1.2187 0.4824 0.0107 0.5068 1.3829 121.3910 0 0
O 2 25650 14432 1.7595 13.3561 -1.2183 0.4442 0.0000 0.5558 0.8745 76.7668 0 0
O 2 25683 13365 -0.3604 2.1539 -0.2058 0.0666 0.5724 0.3610 0.9023 79.2051 0 0
O 2 25685 13382 0.6323 0.9417 -0.0206 0.9392 0.0002 0.0605 0.8205 72.0239 0 0
O 2 25696 12807 0.4630 1.3341 -0.5727 0.0178 0.4397 0.5426 1.0884 95.5415 0 0
O 2 25712 23 7.7305 0.8576 0.4589 0.0213 0.6884 0.2903 0.8388 73.6320 1 0
O 2 25723 12437 7.9079 1.4935 -1.0340 0.0452 0.5707 0.3841 1.7069 149.8309 1 0
O 2 25759 13402 0.4354 1.4440 -0.3831 0.7504 0.0013 0.2482 0.8136 71.4167 0 0
O 2 25780 12783 2.2310 3.2434 -0.4265 0.8725 0.0036 0.1239 0.9711 85.2453 0 0
O 2 25782 12773 -0.1518 1.5983 0.4200 0.7901 0.0012 0.2087 0.8200 71.9838 0 0
O 2 25790 13318 0.2028 2.9513 0.5000 0.2878 0.1073 0.6050 1.1026 96.7886 0 0
O 2 25803 12764 3.6701 1.0482 0.5001 0.6262 0.0070 0.3669 1.0032 88.0569 0 0
O 2 25826 13373 -0.1224 1.2151 0.8231 0.7931 0.0595 0.1474 1.5532 136.3387 0 0
O 2 25855 13588 3.8339 2.2058 -0.3830 0.9269 0.0557 0.0174 396.5017 34804.9297 0 0
O 2 25859 13590 -0.2117 0.9203 -0.4967 0.8956 0.0014 0.1030 0.8607 75.5500 0 0
O 2 25871 12895 0.1359 1.0311 -0.3830 0.8801 0.0004 0.1195 0.9640 84.6164 0 0
O 2 25876 12785 0.3533 1.0815 -0.0658 0.6418 0.0433 0.3149 1.2010 105.4254 0 0
O 2 25893 13930 0.3915 0.8070 0.2497 0.9330 0.0394 0.0275 24.1380 2118.8308 0 0
O 2 26444 12820 2.2598 1.6970 0.5002 0.0076 0.7366 0.2558 0.9956 87.3971 0 0
O 2 26468 12766 5.4296 0.9528 1.2361 0.2494 0.0148 0.7358 0.9810 86.1137 0 0
O 2 26490 43 7.7030 4.2787 -1.2106 0.0730 0.5269 0.4001 47.7766 4193.8335 1 0
O 2 26494 13587 -0.7599 3.1148 -1.0993 0.4850 0.0843 0.4307 1.0944 96.0647 0 0
O 2 26522 13986 -0.2510 1.1606 -0.6653 0.0127 0.6913 0.2960 2.4636 216.2587 0 0
O 2 26524 13570 1.0748 1.6884 -0.5475 0.1854 0.0320 0.7826 1.0732 94.2092 0 0
O 2 26527 14018 2.1846 29.9468 -0.4683 0.8418 0.1287 0.0295 56.0399 4919.1816 0 0
O 2 26533 13619 0.2641 0.8531 -0.3318 0.8520 0.0582 0.0898 3.1440 275.9832 0 0
O 2 27219 12857 4.0063 2.0617 0.0729 0.4402 0.0091 0.5507 1.8435 161.8227 0 0
O 2 27333 13384 1.1546 1.1743 0.6139 0.0326 0.6942 0.2731 1.4124 123.9811 0 0
O 2 27334 12911 1.8628 0.9194 0.6878 0.9035 0.0007 0.0957 0.9390 82.4231 0 0
O 2 27396 13400 1.4317 4.8744 0.7556 0.1193 0.1729 0.7078 1.5992 140.3809 0 0
O 2 27472 12478 4.3740 1.1207 -1.1776 0.8845 0.0000 0.1154 1.2731 111.7486 0 0
O 2 27557 12457 0.2840 1.2878 0.0729 0.8917 0.0154 0.0929 1.4564 127.8450 0 0
O 2 27688 14437 -5.9832 0.8229 -1.3780 0.8134 0.0329 0.1537 0.3027 26.5722 0 0
O 2 27711 12853 1.4442 1.8123 -0.0678 0.9536 0.0123 0.0341 1.8683 164.0026 0 0
O 2 27731 13422 2.0824 0.9486 1.2437 0.0798 0.0637 0.8565 0.7642 67.0799 0 0
O 2 27746 13647 2.6068 1.1220 0.0708 0.8550 0.0017 0.1434 0.8192 71.9136 0 0
O 2 27787 13418 3.0079 17.7109 1.2887 0.7498 0.0009 0.2492 1.2193 107.0284 0 0
O 2 27847 12463 1.8350 1.4341 0.9167 0.0569 0.3321 0.6111 1.0221 89.7158 0 0
O 2 27856 13599 3.4026 1.3411 1.0816 0.0189 0.5569 0.4242 0.9152 80.3401 0 0
O 2 27895 12933 3.6525 1.7004 -0.0200 0.7045 0.0006 0.2949 1.7447 153.1511 0 0
O 2 27899 13669 2.0353 1.4827 0.2112 0.9764 0.0053 0.0182 6.0802 533.7230 0 0
O 2 27911 13408 -0.5063 2.1007 1.1697 0.8801 0.0004 0.1195 1.0082 88.5000 0 0
O 2 27913 13409 -1.9613 1.4954 1.1697 0.7649 0.0000 0.2351 0.8491 74.5321 0 0
O 2 27914 14095 -1.9714 1.5180 1.1697 0.7842 0.0000 0.2158 0.9114 80.0017 0 0
O 2 27924 71 5.1606 2.0105 -0.4148 0.6308 0.0831 0.2861 2.7148 238.3049 0 0
O 2 27970 13700 2.2030 1.0967 -0.6106 0.9004 0.0021 0.0975 0.9591 84.1885 0 0
O 2 27974 13657 2.4385 2.2177 -0.5476 0.3990 0.1375 0.4635 0.9185 80.6294 0 0
O 2 27993 12921 0.4708 2.8909 0.3778 0.5741 0.0113 0.4146 0.9977 87.5762 0 0
O 2 28008 12548 4.8823 1.0782 -1.2440 0.5630 0.0006 0.4364 0.7171 62.9443 0 0
O 2 28017 12954 3.2352 1.0491 -0.5881 0.0075 0.6570 0.3355 1.0970 96.2906 0 0
O 2 28029 12546 -1.1714 1.3734 -0.0200 0.9140 0.0494 0.0367 4.1174 361.4280 0 0
O 2 28038 13003 -0.6508 1.2631 0.0707 0.8171 0.0067 0.1762 1.2814 112.4831 0 0
O 2 28060 12473 4.9330 1.5090 0.3779 0.8703 0.0061 0.1236 1.2202 107.1082 0 0
O 2 28061 13597 5.3217 1.1786 0.3779 0.8533 0.0004 0.1463 1.0194 89.4801 0 0
O 2 28071 12871 1.4411 3.6492 0.5138 0.4709 0.0024 0.5266 0.8120 71.2814 0 0
O 2 28074 12522 2.9113 1.1885 1.2887 0.7768 0.0048 0.2184 1.7681 155.2074 0 0
O 2 28134 13670 4.1964 0.9363 0.9056 0.3208 0.2266 0.4526 1.0314 90.5381 0 0
O 2 28135 13676 6.5651 0.8622 0.9383 0.0100 0.7818 0.2083 0.8966 78.7048 1 0
O 2 28139 143 2.2972 1.7286 1.0338 0.1719 0.1235 0.7046 1.2406 108.9001 0 0
O 2 28154 13405 0.7720 0.8838 1.2805 0.4845 0.0009 0.5146 1.2128 106.4617 0 0
O 2 28160 12944 4.1806 1.4638 -0.8063 0.6769 0.0900 0.2331 1.1438 100.3992 0 0
O 2 28164 13643 1.7923 2.2302 -0.8507 0.1374 0.5785 0.2841 0.8128 71.3506 0 0
O 2 28174 266 1.0014 1.0404 0.3884 0.8512 0.0468 0.1021 2.0453 179.5335 0 0
O 2 28191 12997 4.1306 1.1574 0.4588 0.7776 0.0003 0.2221 0.8595 75.4501 0 0
O 2 28196 13649 2.9387 0.9649 0.6878 0.3191 0.1908 0.4902 0.8920 78.2987 0 0
O 2 28200 14054 2.0301 0.8168 -1.2437 0.2261 0.0749 0.6990 0.6697 58.7889 0 0
O 2 28225 12915 2.8734 1.1664 -0.9028 0.7134 0.0055 0.2811 0.9052 79.4591 0 0
O 2 28227 12943 0.6437 1.0080 0.2051 0.9128 0.0251 0.0621 1.1479 100.7636 0 0
O 2 28236 12938 2.2516 2.8486 0.3452 0.4409 0.0002 0.5589 0.9402 82.5304 0 0
O 2 28256 12923 -0.1612 3.4576 0.6298 0.8933 0.0002 0.1065 0.9838 86.3613 0 0
O 2 28275 13653 3.5344 3.6031 0.7742 0.1514 0.3006 0.5479 4.5464 399.0859 0 0
O 2 28329 13660 1.3988 0.9722 1.1081 0.3638 0.3641 0.2721 1.5114 132.6726 0 0
O 2 28333 14034 1.8564 1.6256 1.2805 0.0712 0.4926 0.4362 16.9102 1484.3778 0 0
O 2 28361 12947 0.7464 1.1462 0.2111 0.1223 0.0489 0.8287 1.3843 121.5118 0 0
O 2 28362 164 1.7902 1.1358 0.3003 0.5096 0.0300 0.4604 0.8496 74.5818 0 0
O 2 28374 13679 0.6296 2.0767 0.7053 0.3541 0.1353 0.5105 1.2269 107.6977 0 0
O 2 28377 12935 2.5459 1.0996 0.6301 0.8101 0.0508 0.1391 1.4558 127.7911 0 0
O 2 28381 13640 -0.5835 22.2181 0.8099 0.3497 0.0278 0.6225 0.8662 76.0340 0 0
O 2 28397 12561 2.5281 0.9035 1.0333 0.3409 0.1067 0.5525 0.8312 72.9665 0 0
O 2 28398 12486 3.0716 0.8935 1.0333 0.7753 0.0005 0.2243 0.8940 78.4749 0 0
O 2 28444 12996 1.9245 0.9764 -1.0339 0.0738 0.1408 0.7854 1.0186 89.4156 0 0
O 2 28449 13714 2.9761 0.8029 -1.0339 0.7241 0.1502 0.1256 0.9305 81.6772 1 0
O 2 28451 13009 3.6194 0.8719 -0.2518 0.7388 0.0281 0.2331 0.9708 85.2209 0 0
O 2 28461 12514 0.4669 1.0164 -1.1086 0.2818 0.3855 0.3327 5.6128 492.6885 0 0
O 2 28500 12962 2.4666 0.9884 0.5938 0.0046 0.7477 0.2476 0.8643 75.8647 0 0
O 2 28505 13067 0.0848 1.0051 0.6879 0.8773 0.0004 0.1223 1.0106 88.7129 0 0
O 2 28506 12970 1.1418 2.3583 0.6879 0.5773 0.0003 0.4224 0.8855 77.7303 0 0
O 2 28514 12573 2.5720 1.0530 1.2106 0.5484 0.0431 0.4085 0.6735 59.1185 0 0
O 2 28516 13723 1.5468 1.3850 1.2805 0.6504 0.1743 0.1753 1.2685 111.3477 0 0
O 2 28519 13525 0.1963 0.8059 -1.2187 0.2678 0.1733 0.5589 6.2768 550.9780 0 0
O 2 28547 13012 1.0222 0.9839 -1.0427 0.0218 0.7353 0.2429 0.9690 85.0572 0 0
O 2 28564 313 -0.3875 0.8912 -0.9352 0.7993 0.1157 0.0849 12.2397 1074.4033 0 0
O 2 28575 13713 -0.0141 2.9072 0.5539 0.8518 0.0276 0.1206 19.4942 1711.1997 0 0
O 2 28578 13096 -0.0467 0.9838 0.8228 0.5778 0.1349 0.2873 8.6785 761.7966 0 0
O 2 28592 13110 -0.7945 1.2927 0.9058 0.0213 0.6787 0.3000 1.1790 103.4914 0 0
O 2 28602 12565 6.8317 1.0739 1.1692 0.1062 0.1939 0.6999 1.1198 98.2986 0 0
O 2 28604 136 0.8603 3.3066 1.2105 0.5336 0.2035 0.2629 6.4177 563.3493 0 0
O 2 28628 13759 5.1841 1.3308 -1.0816 0.6706 0.0678 0.2616 3.1077 272.7946 0 0
O 2 28700 12957 0.8904 4.6342 0.8228 0.1128 0.3098 0.5775 1.2163 106.7646 0 0
O 2 28746 13075 1.6806 1.4946 -0.4969 0.9237 0.0002 0.0761 1.1332 99.4689 0 0
O 2 28768 13766 1.7921 1.0349 -0.4969 0.8775 0.0001 0.1224 0.8880 77.9498 0 0
O 2 28781 13699 -0.6665 2.6837 -0.4682 0.9462 0.0001 0.0537 0.9962 87.4476 0 0
O 2 29283 12539 5.6278 0.9287 -0.2881 0.5948 0.0569 0.3483 0.9711 85.2395 0 0
O 2 29297 13717 2.3854 1.9699 -0.3412 0.5331 0.0360 0.4309 1.2059 105.8582 0 0
O 2 29314 13711 2.9757 2.5471 -0.2058 0.7347 0.0720 0.1934 1.9067 167.3735 0 0
O 2 29326 12587 5.8315 1.1272 0.9381 0.2165 0.1953 0.5882 1.1000 96.5592 0 0
O 2 29342 12534 5.7412 1.3179 1.0993 0.5765 0.0094 0.4142 0.9376 82.3037 0 0
O 2 29345 12535 3.2520 1.3219 1.0993 0.5774 0.0262 0.3963 1.6759 147.1082 0 0
O 2 29350 13672 4.1668 0.9867 -1.0339 0.6205 0.0063 0.3732 2.0496 179.9107 0 0
O 2 29357 13057 1.2006 2.3663 -0.4267 0.3817 0.1441 0.4741 1.7962 157.6691 0 0
O 2 29358 12995 1.9695 12.6382 -0.3413 0.9641 0.0277 0.0082 19.6960 1728.9153 0 0
O 2 29360 13059 4.6268 3.8898 -0.3828 0.8915 0.0252 0.0833 23.4127 2055.1660 0 0
O 2 29547 13046 1.5040 1.4977 -0.2058 0.9648 0.0224 0.0128 9.4508 829.5941 0 0
O 2 29551 12532 2.4202 0.8604 0.2919 0.0065 0.7255 0.2680 1.1806 103.6347 0 0
O 2 29568 13132 2.8681 1.0522 -0.8507 0.8834 0.0002 0.1163 0.9116 80.0176 0 0
O 2 29586 13107 2.2751 1.1073 -0.7357 0.3294 0.0174 0.6531 1.0647 93.4572 0 0
O 2 29618 13789 -0.4645 3.8649 -0.4151 0.0060 0.7705 0.2235 0.9491 83.3132 0 0
O 2 29622 13124 1.2800 1.4616 -0.0678 0.8455 0.0000 0.1545 0.8247 72.3929 0 0
O 2 29646 13764 1.5167 1.1036 1.1696 0.7590 0.0039 0.2371 0.9066 79.5834 0 0
O 2 29648 13782 1.1977 1.3116 -0.4267 0.6378 0.0000 0.3621 0.8285 72.7280 0 0
O 2 29690 12566 0.5683 1.3045 1.1699 0.6539 0.1272 0.2189 292.8914 25710.0195 0 0
O 2 29693 14354 1.4233 2.1828 -1.3182 0.5760 0.0072 0.4168 1.9697 172.9012 0 0
O 2 29710 240 3.3567 1.3565 -0.5472 0.9329 0.0020 0.0651 1.2161 106.7461 0 0
O 2 29746 13103 0.8349 2.0629 0.0251 0.8855 0.0738 0.0407 7.2620 637.4568 0 0
O 2 29747 13045 -0.0415 2.7004 0.0251 0.9358 0.0517 0.0126 18.1122 1589.8923 0 0
O 2 29749 12955 -0.0092 0.8448 0.0252 0.9254 0.0578 0.0168 5.8787 516.0342 0 0
O 2 29758 301 -0.2935 0.9873 0.0259 0.6242 0.0274 0.3484 0.8804 77.2773 0 0
O 2 29776 14037 0.3998 1.0580 1.2105 0.4906 0.1586 0.3508 7.9644 699.1158 0 0
O 2 29777 14187 0.5727 0.8120 1.2361 0.1801 0.0058 0.8141 1.1413 100.1850 0 0
L 2 8279 2 1.0484 -0.3868 1 0
L 2 4799 14 2.7971 -1.6367 1 0
L 2 8478 26 0.9855 -0.4922 1 0
L 2 8479 26 0.9855 -0.4922 1 0
L 2 5523 27 0.8402 -0.7238 1 0
L 2 10736 27 0.8402 -0.7106 1 0
L 2 8726 52 2.1901 0.4198 1 0
L 2 5330 54 0.9212 -0.8333 1 0
L 2 14232 52 2.1901 0.4018 1 0
L 2 8795 65 1.8178 -0.1722 1 0
L 2 14266 65 1.8178 -0.1812 1 0
L 2 8778 69 2.0151 -0.3475 1 0
L 2 14255 69 2.0151 -0.3948 1 0
L 2 5684 78 1.3536 -0.6536 1 0
L 2 5685 78 1.3536 -0.6508 1 0
L 2 9050 102 1.2329 0.2420 1 0
L 2 6351 103 0.8731 1.4786 1 0
L 2 14523 102 1.2329 0.2500 1 0
L 2 6252 103 0.8731 1.4786 1 0
L 2 5820 109 0.8683 0.6441 1 0
L 2 10874 109 0.8683 0.6328 1 0
L 2 10875 109 0.8683 0.6328 1 0
L 2 5699 124 1.1445 -0.5716 1 0
L 2 14380 124 1.1445 -0.5652 1 0
L 2 6192 143 1.7286 1.0645 1 0
L 2 11278 143 1.7286 1.0369 1 0
L 2 10313 155 0.8722 -1.0666 1 0
L 2 9179 164 1.1358 0.3338 1 0
L 2 14883 164 1.1358 0.3318 1 0
L 2 5723 185 4.9139 -0.7015 1 1 140
L 2 10641 186 0.8182 -0.9238 1 0
L 2 10642 186 0.8182 -0.9238 1 0
L 2 10833 185 4.9139 -0.7099 1 1 140
L 2 5997 195 0.8054 0.9216 1 0
L 2 5090 193 1.0392 -1.2109 1 0
L 2 10235 193 1.0392 -1.2325 1 0
L 2 5370 203 1.0459 -0.9688 1 0
L 2 5213 203 1.0459 -0.9688 1 0
L 2 10448 203 1.0459 -0.9734 1 0
L 2 10449 203 1.0459 -0.9832 1 0
L 2 4932 207 0.8908 -1.5411 1 0
L 2 4933 207 0.8908 -1.5517 1 0
L 2 4934 207 0.8908 -1.5517 1 0
L 2 5010 207 0.8908 -1.5411 1 0
L 2 5011 207 0.8908 -1.5517 1 0
L 2 5012 207 0.8908 -1.5517 1 0
L 2 9965 207 0.8908 -1.5517 1 0
L 2 9966 207 0.8908 -1.5517 1 0
L 2 9395 239 1.4372 0.1366 1 0
L 2 9396 239 1.4372 0.1475 1 0
L 2 9380 252 1.1136 -0.1486 1 0
L 2 5562 254 0.9659 -0.7932 1 0
L 2 6011 260 0.9397 0.9242 1 0
L 2 6012 260 0.9397 0.9242 1 0
L 2 11058 260 0.9397 0.9296 0 0
L 2 11059 260 0.9397 0.9296 0 0
L 2 11060 260 0.9397 0.9297 0 0
L 2 11061 260 0.9397 0.9297 0 0
L 2 11062 260 0.9397 0.9297 0 0
L 2 11068 260 0.9397 0.9296 1 0
L 2 11069 260 0.9397 0.9296 1 0
L 2 11070 260 0.9397 0.9297 1 0
L 2 11071 260 0.9397 0.9297 1 0
L 2 11072 260 0.9397 0.9297 1 0
L 2 9401 268 1.0839 0.2175 1 0
L 2 9402 268 1.0839 0.2175 1 0
L 2 9528 268 1.0839 0.2175 1 0
L 2 5731 283 1.6299 -0.6968 1 0
L 2 5734 283 1.6299 -0.6968 1 0
L 2 9454 280 1.0003 -0.1776 1 0
L 2 9418 283 1.6299 -0.6968 1 0
L 2 9420 283 1.6299 -0.6968 1 0
L 2 9426 283 1.6299 -0.6968 1 0
L 2 9427 283 1.6299 -0.6968 1 0
L 2 11867 280 1.0003 -0.1731 1 0
L 2 11868 280 1.0003 -0.1731 1 0
L 2 11869 280 1.0003 -0.1731 1 0
L 2 11870 280 1.0003 -0.1731 1 0
L 2 11871 280 1.0003 -0.1731 1 0
L 2 11872 280 1.0003 -0.1731 1 0
L 2 4489 303 1.0971 -1.8083 1 0
L 2 4490 303 1.0971 -1.8107 1 0
L 2 4688 303 1.0971 -1.8083 1 0
L 2 4689 303 1.0971 -1.8107 1 0
L 2 9773 303 1.0971 -1.8161 1 0
L 2 9774 303 1.0971 -1.8161 1 0
L 2 9775 303 1.0971 -1.8161 1 0
L 2 9776 303 1.0971 -1.8161 1 0
L 2 10101 304 0.8510 -1.2694 0 0
L 2 10115 304 0.8510 -1.2694 0 0
L 2 10116 304 0.8510 -1.2598 0 0
L 2 6967 309 1.1785 0.4369 1 0
L 2 6968 309 1.1785 0.4369 1 0
L 2 6969 309 1.1785 0.4369 1 0
L 2 6970 309 1.1785 0.4369 1 0
L 2 5473 310 0.8968 -0.7621 1 0
L 2 5474 310 0.8968 -0.7659 1 0
L 2 6544 330 1.4439 1.8078 1 0
L 2 6550 330 1.4439 1.8078 1 0
L 2 11752 330 1.4439 1.8090 1 0
L 2 11753 330 1.4439 1.8107 1 0
L 2 11817 330 1.4439 1.8090 1 0
L 2 11818 330 1.4439 1.8107 1 0
L 2 5030 364 0.9789 -1.1878 1 0
L 2 5031 364 0.9789 -1.1878 1 0
L 2 5118 364 0.9789 -1.1878 1 0
L 2 5119 364 0.9789 -1.1878 1 0
L 2 5120 364 0.9789 -1.1878 1 0
L 2 7169 380 3.9944 0.2367 1 1 244
L 2 5597 409 0.9705 -0.6591 1 0
L 2 5605 409 0.9705 -0.6591 1 0
L 2 7197 409 0.9705 -0.6591 1 0
L 2 7215 409 0.9705 -0.6591 1 0
L 2 10786 409 0.9705 -0.6523 1 0
L 2 10787 409 0.9705 -0.6821 1 0
L 2 12736 409 0.9705 -0.6523 1 0
L 2 12737 409 0.9705 -0.6821 1 0
L 2 4498 415 0.8427 -1.7458 1 0
L 2 4719 415 0.8427 -1.7458 1 0
L 2 5491 422 1.1983 -0.7319 1 0
L 2 7458 421 1.2545 0.3781 1 0
L 2 7459 421 1.2545 0.3811 1 0
L 2 7685 437 1.6245 0.2153 1 0
L 2 7687 437 1.6245 0.2143 1 0
L 2 7693 437 1.6245 0.2153 1 0
L 2 7695 437 1.6245 0.2143 1 0
L 2 7669 438 1.5755 0.2310 1 0
L 2 7691 438 1.5755 0.2310 1 0
L 2 12978 437 1.6245 0.2501 1 0
L 2 12979 437 1.6245 0.2501 1 0
L 2 12980 437 1.6245 0.2501 1 0
L 2 12981 437 1.6245 0.2501 1 0
L 2 13004 437 1.6245 0.2501 1 0
L 2 13005 437 1.6245 0.2501 1 0
L 2 13006 437 1.6245 0.2501 1 0
L 2 13007 437 1.6245 0.2501 1 0
L 2 13010 438 1.5755 0.2500 1 0
L 2 13011 438 1.5755 0.2500 1 0
L 2 7322 446 0.8539 -0.0919 1 0
L 2 7341 446 0.8539 -0.0919 1 0
L 2 7347 446 0.8539 -0.0919 1 0
L 2 7348 446 0.8539 -0.0919 1 0
L 2 6293 450 0.8611 1.5627 1 0
L 2 6294 450 0.8611 1.5715 1 0
L 2 11591 450 0.8611 1.5715 1 0
L 2 11592 450 0.8611 1.5688 1 0
L 2 4530 472 0.8283 -1.8503 1 0
L 2 5300 482 0.7996 -0.9184 1 0
L 2 5301 482 0.7996 -0.9184 1 0
L 2 10608 482 0.7996 -0.9238 1 0
L 2 10609 482 0.7996 -0.9394 1 0
L 2 10610 482 0.7996 -0.9238 1 0
L 2 10611 482 0.7996 -0.9394 1 0
L 2 7752 502 0.9186 -0.4769 1 0
L 2 13039 502 0.9186 -0.4609 1 0
L 2 13040 502 0.9186 -0.5054 1 0
L 2 5875 504 0.8646 0.8325 1 0
L 2 5302 508 1.2983 -0.9622 1 0
L 2 5303 508 1.2983 -0.9622 1 0
L 2 5509 508 1.2983 -0.9622 1 0
L 2 5510 508 1.2983 -0.9622 1 0
L 2 10604 508 1.2983 -0.9840 1 0
L 2 10366 508 1.2983 -0.9840 1 0
L 2 10367 508 1.2983 -0.9840 1 0
L 2 5512 543 0.8736 -0.9230 1 0
L 2 5513 543 0.8736 -0.9293 1 0
L 2 5304 543 0.8736 -0.9230 1 0
L 2 5305 543 0.8736 -0.9293 1 0
L 2 10602 543 0.8736 -0.9405 1 0
L 2 10603 543 0.8736 -0.9405 1 0
L 2 10606 543 0.8736 -0.9405 1 0
L 2 10607 543 0.8736 -0.9405 1 0
L 2 7967 551 1.0346 0.3067 1 0
L 2 8226 549 0.9361 0.4827 1 0
L 2 13512 549 0.9361 0.5349 1 0
L 2 8276 598 1.1384 -0.3248 1 0
L 2 5321 606 1.1504 -0.9104 1 0
L 2 10624 606 1.1504 -0.8909 1 0
L 2 10625 606 1.1504 -0.8909 1 0
L 2 8251 609 1.7911 -0.4988 1 0
L 2 8358 614 0.8005 -0.0235 1 0
L 2 8359 614 0.8005 -0.0159 1 0
L 2 5322 613 0.8128 -0.9066 1 0
L 2 14030 625 0.8152 0.1882 1 0
L 2 6820 978 2.1838 2.3222 1 1 560
L 2 6821 978 2.1838 2.3222 1 1 560
L 2 6828 1005 0.8822 2.2957 1 0
L 2 6829 1005 0.8822 2.2957 1 0
L 2 6432 1196 0.9273 1.6691 1 0
L 2 6433 1196 0.9273 1.6691 1 0
L 2 6593 1196 0.9273 1.6691 1 0
L 2 4129 1347 2.3347 -2.1019 1 0
L 2 4130 1347 2.3347 -2.1019 1 0
L 2 3986 1488 0.8275 -2.2649 1 0
L 2 117 1557 0.8739 -2.1745 1 0
L 2 118 1557 0.8739 -2.1745 1 0
L 2 3954 1741 2.1881 -2.2557 1 0
L 2 3955 1741 2.1881 -2.2545 1 0
L 2 4529 1840 0.8246 -1.8469 1 0
L 2 4530 1840 0.8246 -1.8503 1 0
L 2 9690 1875 3.7629 -1.8157 1 1 41
L 2 9616 1875 3.7629 -1.8157 1 1 41
L 2 4116 1899 1.2961 -2.0830 1 0
L 2 229 1899 1.2961 -2.0904 1 0
L 2 2925 3094 2.8830 2.3830 1 0
L 2 2926 3094 2.8830 2.3841 1 0
L 2 2905 3094 2.8830 2.3830 1 0
L 2 2906 3094 2.8830 2.3841 1 0
L 2 117 3606 0.8790 -2.1745 1 0
L 2 118 3606 0.8790 -2.1745 1 0
L 2 43 3616 1.1482 -2.4061 1 0
L 2 122 3659 1.7802 -2.1745 0 0
L 2 122 3663 1.7941 -2.1745 0 0
L 2 4116 4186 1.3338 -2.0830 1 0
L 2 229 4186 1.3338 -2.0904 1 0
L 2 4419 4192 6.7823 -1.9736 1 1 128
L 2 4420 4192 6.7823 -1.9736 1 1 128
L 2 281 4192 6.7823 -1.9785 1 1 128
L 2 285 4192 6.7823 -1.9785 1 1 128
L 2 2943 4491 0.9574 2.4082 1 0
L 2 2907 4491 0.9574 2.4082 1 0
L 2 2925 5212 2.6213 2.3830 1 0
L 2 2926 5212 2.6213 2.3841 1 0
L 2 2905 5212 2.6213 2.3830 1 0
L 2 2906 5212 2.6213 2.3841 1 0
L 2 3954 6088 2.3494 -2.2557 1 0
L 2 3955 6088 2.3494 -2.2545 1 0
L 2 2925 7174 2.7026 2.3830 1 0
L 2 2926 7174 2.7026 2.3841 1 0
L 2 2905 7174 2.7026 2.3830 1 0
L 2 2906 7174 2.7026 2.3841 1 0
L 2 5191 12466 1.0218 -1.0899 1 0
L 2 5192 12466 1.0218 -1.0915 1 0
L 2 11251 12470 0.8970 1.0248 1 0
L 2 11251 12472 0.9522 1.0248 1 0
L 2 11390 12510 0.8642 1.2699 1 0
L 2 5480 12646 0.9743 -0.7174 1 0
L 2 7207 12657 0.8375 -0.4929 1 0
L 2 12744 12657 0.8375 -0.5278 1 0
L 2 6144 12664 0.9477 1.1213 1 0
L 2 4964 12702 0.9466 -1.4038 1 0
L 2 4965 12702 0.9466 -1.4038 1 0
L 2 10036 12702 0.9466 -1.4261 1 0
L 2 9977 12702 0.9466 -1.4261 1 0
L 2 6226 12709 0.9844 1.4119 1 0
L 2 11489 12709 0.9844 1.4253 1 0
L 2 5130 12721 0.9248 -0.9969 1 0
L 2 7927 12723 1.1035 -0.2364 1 0
L 2 10362 12721 0.9248 -0.9835 1 0
L 2 5042 12761 0.8651 -1.3003 1 0
L 2 5044 12761 0.8651 -1.3003 1 0
L 2 5036 12761 0.8651 -1.3003 1 0
L 2 5039 12761 0.8651 -1.3003 1 0
L 2 4970 12761 0.8651 -1.3003 1 0
L 2 4973 12761 0.8651 -1.3003 1 0
L 2 6177 12766 0.9528 1.2450 1 0
L 2 11366 12766 0.9528 1.2737 1 0
L 2 11367 12766 0.9528 1.2369 1 0
L 2 5968 12796 1.0395 1.0176 1 0
L 2 6045 12796 1.0395 1.0176 1 0
L 2 9118 12952 0.9496 -0.0598 1 0
L 2 9121 12952 0.9496 -0.0568 1 0
L 2 9390 13026 0.9675 0.1475 1 0
L 2 9392 13026 0.9675 0.1475 1 0
L 2 9346 13026 0.9675 0.1475 1 0
L 2 15057 13026 0.9675 0.1883 1 0
L 2 7170 13169 1.5213 0.2639 1 1 48
L 2 7171 13169 1.5213 0.2639 1 1 48
L 2 12281 13169 1.5213 0.2617 1 1 48
L 2 12282 13169 1.5213 0.2617 1 1 48
L 2 12283 13169 1.5213 0.2617 1 1 48
L 2 5480 13194 0.9392 -0.7174 1 0
L 2 7206 13211 0.8410 -0.5031 0 0
L 2 7207 13211 0.8410 -0.4929 1 0
L 2 12744 13211 0.8410 -0.5278 1 0
L 2 7927 13296 1.0558 -0.2364 1 0
L 2 8386 13369 0.9033 0.4704 1 0
L 2 8228 13369 0.9033 0.4704 1 0
L 2 5968 13396 1.0350 1.0176 1 0
L 2 6045 13396 1.0350 1.0176 1 0
L 2 6255 13428 0.8640 1.4624 1 0
L 2 6358 13428 0.8640 1.4624 1 0
L 2 11513 13428 0.8640 1.4811 1 0
L 2 6270 13442 1.3222 1.3388 1 0
L 2 11463 13442 1.3222 1.3612 1 0
L 2 6177 13491 0.9483 1.2450 1 0
L 2 11366 13491 0.9483 1.2737 1 0
L 2 11367 13491 0.9483 1.2369 1 0
L 2 8671 13596 1.0611 -0.3867 1 0
L 2 14205 13596 1.0611 -0.3949 1 0
L 2 14206 13596 1.0611 -0.3949 1 0
L 2 8983 13600 0.8537 0.4513 1 0
L 2 8734 13600 0.8537 0.4513 1 0
L 2 8852 13636 0.9511 -0.1270 1 0
L 2 9027 13636 0.9511 -0.1270 1 0
L 2 14435 13636 0.9511 -0.1030 1 0
L 2 9336 13697 0.8684 -0.2588 1 0
L 2 14991 13697 0.8684 -0.2540 1 0
L 2 5447 13705 2.6907 -0.9527 1 1 167
L 2 5448 13705 2.6907 -0.9527 1 1 167
L 2 5548 13705 2.6907 -0.9527 1 1 167
L 2 5549 13705 2.6907 -0.9527 1 1 167
L 2 5558 13705 2.6907 -0.9527 1 1 167
L 2 5559 13705 2.6907 -0.9527 1 1 167
L 2 9407 13712 0.8913 0.4080 1 0
L 2 9408 13712 0.8913 0.4080 1 0
L 2 9353 13712 0.8913 0.4080 1 0
L 2 9354 13712 0.8913 0.4080 1 0
L 2 5312 13974 1.2121 -0.8536 1 0
L 2 4990 14061 0.9288 -1.4423 1 0
L 2 4896 14061 0.9288 -1.4423 1 0
L 2 6434 14200 1.0896 1.4854 1 0
L 2 11593 14200 1.0896 1.4705 1 0
L 2 6463 14240 0.8049 1.7332 1 0
L 2 6606 14240 0.8049 1.7332 1 0
L 2 4800 14260 0.8793 -1.6231 1 0
L 2 4807 14260 0.8793 -1.6231 1 0
L 2 9941 14289 0.8331 -1.5036 1 0
L 2 9942 14289 0.8331 -1.5036 1 0
L 2 2989 14467 1.0512 2.1791 0 0
