# run lumi evt seed tc cls df00 df01 df02 df03 df04 df05 df06 df07 df08 df09 df10 df11 df12 df13 df14 df15 df16 df17 df18 df19 df20 df21 yFree nSoleCut nSoleAcc nAccSims nFullSims isDup isFake nPartner
1 32 3120 2706 2 1 -0.0746302 1.7799 0.00188643 0.00160882 90.9774 -0.0829839 14.7098 -0.0591072 -0.0591072 4.65277 7 14 39.8361 0.277049 1.86399 4 36 1 0 0 1 50 1 0 0 0 1 0 0 0
1 32 3120 983 10 0 0.0866008 0.753663 0.000988901 0.00139096 0.217326 0.0702619 3.31366 6.24515 6.24515 -30 6 12 36.7064 0.0587744 0.768536 4 1 1 0 1 3 1 1 0 0 0 1 1 0 1
1 32 3120 806 17 0 -0.00980948 0.0822103 0.000333248 0.00166806 7.50074e-09 0.0848275 1.60685 5.78787 5.78787 -30 6 12 36.2188 -0.0236212 0.109235 4 2 1 1 0 2 3 1 0 0 0 1 1 0 1
1 32 3120 809 17 1 -0.00212601 0.0196581 0.000291579 0.00156185 0.000397791 0.0832403 3.83927 4.50352 4.50352 -30 6 12 36.2188 -0.0236212 0.109235 4 1 1 0 1 3 3 1 0 0 0 1 0 0 0
1 32 3120 115 18 0 -0.0361518 0.0162352 0.000273201 0.00170908 0.000417794 0.0895509 1.06623 5.64071 5.64071 -30 6 12 36.1802 -0.0500503 0.0345388 4 1 1 0 1 2 1 1 0 0 0 1 1 0 1
1 32 3120 852 19 0 -0.0431989 0.701457 0.00118108 0.0018199 3.3606 0.0945704 4.54297 4.88544 4.91132 -30 6 12 36.1547 -0.0715353 0.754139 4 1 1 0 1 2 1 1 0 0 0 1 1 0 1
1 32 3120 830 22 0 0.140876 0.733894 0.000865649 0.00123769 0.000726891 0.0613253 0.505582 6.03321 6.03321 -30 6 12 36.085 0.108758 0.712961 4 1 1 0 1 1 1 1 0 0 0 1 1 0 1
1 32 3120 176 39 0 -0.064664 0.487048 0.000835952 0.00171848 0.276994 0.0986598 2.97965 5.08914 5.08914 -30 6 12 35.6284 -0.0859686 0.513525 4 1 1 0 1 1 1 1 0 0 0 1 1 0 1
1 32 3120 715 47 0 0.278922 0.70682 0.000631792 0.000841083 0.000248195 0.0449099 0.450669 6.33922 6.33922 -30 6 12 35.4191 0.249014 0.671154 4 1 1 0 1 3 2 1 0 0 0 1 1 0 1
1 32 3120 722 47 0 -0.0565956 0.553351 0.00092555 0.00168241 10.1518 0.0980405 7.90936 -2.45961 6.07661 -30 6 12 35.4191 0.249014 0.671154 4 1 1 0 1 2 2 1 0 0 0 1 1 0 1
1 32 3120 308 57 1 0.0243853 0.715697 0.00101992 0.0015401 0.00107926 0.0826563 1.6342 -3.23818 2.02781 3.63565 6 12 35.2199 0.096357 0.818273 4 1 1 0 1 1 1 1 0 0 0 1 0 0 0
1 32 3120 553 63 0 0.0514992 0.00671017 0.000325211 0.00145471 0.000378313 -0.0742451 1.28648 6.68092 6.68092 -30 6 12 35.0876 0.0387034 0.0217048 4 1 1 0 1 2 1 1 0 0 0 1 1 0 1
1 32 3120 922 64 0 0.0462696 0.397302 0.000586535 0.00126888 0.000198233 -0.0745504 1.8887 -4.47034 4.92522 4.29044 6 12 35.0868 -0.0239793 0.343739 4 1 1 0 1 3 2 1 0 0 0 1 1 0 1
1 32 3120 954 64 0 -0.0750103 0.353568 0.000685274 0.00179464 0.000130044 0.0977023 2.05737 -0.210423 6.4435 -30 6 12 35.0868 -0.0239793 0.343739 4 1 1 0 1 3 2 1 0 0 0 1 1 0 1
1 32 3120 950 68 0 -0.06862 0.626061 0.00109432 0.0018723 3.81637e-05 -0.0948922 5.63064 4.3321 4.3321 -30 6 12 35.0525 -0.0584143 0.500884 4 1 1 0 1 2 1 1 0 0 0 1 1 0 1
1 32 3120 457 78 0 0.00119635 0.584484 0.000903497 0.00155601 6.48986e-05 -0.0856967 1.23964 -1.41562 3.55923 3.55572 6 12 34.6169 -0.0396307 0.687603 4 4 1 0 1 2 6 1 0 0 0 1 1 0 1
1 32 3120 1449 79 0 0.118271 2.20998 0.00293426 0.00129568 0.0011396 0.0424152 13.0322 4.04139 4.04139 0.714624 6 12 34.5861 0.124636 2.17783 4 16 1 0 0 1 16 1 0 0 0 1 1 0 1
1 32 3120 254 82 0 -0.0714702 2.03889 0.00272051 0.00178343 3.86763e-05 0.0663165 5.13797 5.45599 5.45599 4.12303 6 12 34.5002 -0.031556 2.0236 4 10 1 0 0 2 22 1 0 0 0 1 1 0 1
1 32 3120 5455 82 1 0.155788 2.04059 0.00180801 0.00104074 99.2795 0.048739 24.4 -0.0704753 -0.0704753 0.345027 6 12 34.5002 -0.031556 2.0236 4 6 1 0 0 1 22 1 0 0 0 1 0 0 0
1 32 3120 29 89 0 0.111017 0.548029 0.000702612 0.00120375 0.0668556 0.0639751 2.10487 -2.6292 5.49978 -30 6 12 34.355 0.16474 0.56454 4 1 1 0 1 3 3 1 0 0 0 1 1 0 1
1 32 3120 6048 92 2 0.405648 1.88611 0.0017149 0.00053467 635.009 0.0277029 26.2 -3.04721 -0.340895 4.99263 6 12 34.2106 0.0411067 1.87718 4 1 1 0 1 1 23 1 0 0 0 0 0 1 0
1 32 3120 119 93 1 -0.070183 0.803588 0.00137327 0.00193586 0.00155861 0.0966648 3.66176 -2.33057 0.56486 3.42583 6 12 34.9617 0.0124314 0.902374 4 1 1 0 1 3 2 1 0 0 0 1 0 0 0
1 32 3120 121 93 0 -0.00832049 0.864185 0.00131445 0.00173495 2.76499 0.0841707 4.87372 6.42374 6.42374 3.67233 6 12 34.9617 0.0124314 0.902374 4 1 1 0 1 2 2 1 0 0 0 1 1 0 1
1 32 3120 950 95 0 -0.06862 0.626061 0.00109432 0.0018723 3.81637e-05 -0.0948922 5.63064 -4.3656 4.3321 -30 6 12 34.028 0.0791695 0.737832 4 1 1 0 1 2 2 1 0 0 0 1 1 0 1
1 32 3120 1005 95 0 0.074818 0.836621 0.00103132 0.0013823 6.18971e-05 0.0714873 4.77669 6.64979 6.64979 -30 6 12 34.028 0.0791695 0.737832 4 1 1 0 1 1 2 1 0 0 0 1 1 0 1
1 32 3120 223 99 1 0.118234 0.1205 0.000314491 0.00115914 0.00173481 -0.0652756 1.06623 -4.23301 1.01135 5.2789 6 12 33.6893 -0.0283989 0.132874 4 2 1 0 1 2 3 1 0 0 0 1 0 0 0
1 32 3120 252 99 0 -0.0191894 0.105206 0.000290239 0.00148193 0.00278899 0.0889957 1.72699 6.74598 6.74598 -30 6 12 33.6893 -0.0283989 0.132874 4 1 1 0 1 1 3 1 0 0 0 1 1 0 1
1 32 3120 277 106 0 -0.0135174 1.0217 0.00150733 0.00183079 0.0019888 -0.0905072 0.0140787 6.56399 6.56399 3.69928 6 12 36.0025 -0.0135456 0.995426 4 1 1 0 1 1 1 1 0 0 0 1 1 0 1
1 32 3120 6365 107 0 0.543428 1.90356 0.00150711 0.000478141 94.035 -0.0231916 24.4 -1.24869 4.63242 -30 7 14 32.9002 -0.0256612 1.83869 3 24 1 22 0 3 24 1 0 0 0 1 1 0 1
1 32 3120 217 109 0 0.112687 1.0113 0.00118307 0.00136787 0.215605 0.0659797 3.65625 6.36282 6.36282 4.41452 6 12 34.3348 0.124055 1.02343 4 1 1 0 1 4 1 1 0 0 0 1 1 0 1
1 32 3120 984 114 0 -0.0622588 1.51922 0.00158151 0.00152627 0.815353 0.0919271 6.78697 5.27719 5.27719 -30 6 12 33.8448 -0.0270313 1.53168 4 1 1 0 1 4 2 1 0 0 0 1 1 0 1
1 32 3120 1006 114 0 0.0441206 1.48914 0.00139471 0.00131713 18.7861 0.0701027 8.54941 2.68508 6.50379 -30 6 12 33.8448 -0.0270313 1.53168 4 1 1 0 1 3 2 1 0 0 0 1 1 0 1
1 32 3120 590 115 0 0.0836872 1.53056 0.00155435 0.00120639 4.69096e-06 -0.0652672 0.0232318 -0.441705 6.26674 -30 6 12 34.4601 -0.0967225 1.55631 4 2 1 1 0 2 2 1 0 0 0 1 1 0 1
1 32 3120 2847 116 0 0.0137345 1.79733 0.0017164 0.001441 0.164387 -0.0773036 8.35773 6.02329 6.02329 -30 7 14 32.8961 0.0021316 1.80964 3 4 1 3 0 1 4 1 0 0 0 1 1 0 1
1 32 3120 716 120 0 0.0316013 0.848311 0.00117152 0.00155567 2.51233 0.079436 4.28505 5.89999 5.89999 -30 6 12 31.565 0.00541208 0.880109 3 1 1 0 1 1 1 1 0 0 0 1 1 0 1
1 32 3120 375 123 0 -0.0214198 0.385429 0.000669415 0.00159435 0.175485 -0.0898975 2.56781 6.58198 6.58198 -30 6 12 31.4165 -0.0352912 0.41769 3 1 1 0 1 3 2 1 0 0 0 1 1 0 1
1 32 3120 430 123 0 -0.0799793 0.434786 0.00085283 0.00193013 0.000899403 0.0988162 1.17905 -4.08604 6.08408 3.0668 6 12 31.4165 -0.0352912 0.41769 3 1 1 0 1 2 2 1 0 0 0 1 1 0 1
1 32 3120 665 127 0 0.335299 1.30032 0.000851863 0.000732037 88.2731 -0.0398951 11.9324 -0.977035 5.39707 5.15706 6 12 31.0865 0.0264373 1.28838 3 2 1 0 1 2 2 1 0 0 0 1 1 0 1
1 32 3120 713 132 0 -0.0129208 0.254133 0.000488388 0.00157065 0.000225528 -0.0853126 0.615708 -3.74857 5.02203 -30 6 12 30.922 0.0700772 0.357876 3 1 1 0 1 2 3 1 0 0 0 1 1 0 1
1 32 3120 721 132 1 0.0434559 0.459503 0.000642035 0.00133384 0.63475 -0.0740849 3.48887 -3.51289 0.427443 4.13984 6 12 30.922 0.0700772 0.357876 3 1 1 0 1 2 3 1 0 0 0 1 0 0 0
1 32 3120 765 132 0 0.0834917 0.38233 0.000618409 0.00133882 0.000218186 0.0691712 0.0100187 6.78102 6.78102 -30 6 12 30.922 0.0700772 0.357876 3 1 1 0 1 2 3 1 0 0 0 1 1 0 1
1 32 3120 26 133 0 0.15438 1.62887 0.00155902 0.00116947 0.21663 -0.0517405 6.96611 1.15129 6.62221 5.79466 6 12 30.8931 0.329219 1.57101 3 1 1 0 1 4 6 1 0 0 0 1 1 0 1
1 32 3120 37 133 0 0.313292 1.53917 0.00121757 0.000805596 41.4735 -0.0341126 9.96051 6.3914 6.3914 -30 6 12 30.8931 0.329219 1.57101 3 3 1 2 1 4 6 1 0 0 0 1 1 0 1
1 32 3120 721 135 1 0.0434559 0.459503 0.000642035 0.00133384 0.63475 -0.0740849 3.48887 -2.90712 0.427443 4.13984 6 12 30.8309 0.345415 0.526859 3 1 1 0 1 2 1 1 0 0 0 1 0 0 0
1 32 3120 752 147 1 0.264786 0.707001 0.000634885 0.000908357 0.000567231 -0.0472898 4.131 -3.17545 0.344066 5.61845 6 12 30.6128 0.302645 0.685254 3 4 1 0 0 1 6 1 0 0 0 1 0 0 0
1 32 3120 764 147 0 -0.0121254 0.658762 0.00104205 0.00166535 0.0011462 -0.089472 3.61769 -4.95346 5.29659 -30 6 12 30.6128 0.302645 0.685254 3 2 1 1 0 3 6 1 0 0 0 1 1 0 1
1 32 3120 377 150 0 0.0578774 0.234828 0.000410084 0.00134077 0.000268156 0.0744158 0.785904 6.72114 6.72114 -30 6 12 30.544 0.0467685 0.210307 3 1 1 0 1 2 2 1 0 0 0 1 1 0 1
1 32 3120 389 150 0 -0.0311518 0.0974934 0.000319437 0.00162201 0.000308179 0.0916945 3.03835 -1.78566 5.7946 -30 6 12 30.544 0.0467685 0.210307 3 1 1 0 1 3 2 1 0 0 0 1 1 0 1
1 32 3120 922 154 0 0.0462696 0.397302 0.000586535 0.00126888 0.000198233 -0.0745504 1.8887 -3.44327 4.92522 4.29044 6 12 30.4752 -0.0722853 0.300221 3 1 1 0 1 3 2 1 0 0 0 1 1 0 1
1 32 3120 954 154 0 -0.0750103 0.353568 0.000685274 0.00179464 0.000130044 0.0977023 2.05737 6.4435 6.4435 -30 6 12 30.4752 -0.0722853 0.300221 3 1 1 0 1 3 2 1 0 0 0 1 1 0 1
1 32 3120 774 176 0 0.327152 1.02938 0.000860356 0.000853891 0.06888 0.0409794 4.6447 6.20129 6.20129 -30 6 12 30.1665 0.339311 1.03551 3 1 1 0 1 2 1 1 0 0 0 1 1 0 1
1 32 3120 5951 184 0 -0.0346603 2.29388 0.00313269 0.00177233 13.1894 0.0653677 26.2 -0.859012 4.08745 2.89493 6 12 30.0997 0.355402 2.22093 3 2 1 0 0 2 2 1 0 0 0 1 1 0 1
1 32 3120 971 194 0 0.0355384 0.85857 0.00120875 0.00160986 0.00106116 0.0756785 5.86932 4.6201 4.6201 5.66523 6 12 29.9778 -0.00669971 0.750118 3 1 1 0 1 1 2 1 0 0 0 1 1 0 1
1 32 3120 983 194 0 0.0866008 0.753663 0.000988901 0.00139096 0.217326 0.0702619 3.31366 -1.48525 6.24515 -30 6 12 29.9778 -0.00669971 0.750118 3 1 1 0 1 3 2 1 0 0 0 1 1 0 1
1 32 3120 715 198 0 0.278922 0.70682 0.000631792 0.000841083 0.000248195 0.0449099 0.450669 -2.88427 6.33922 -30 6 12 29.9405 -0.054329 0.659068 3 1 1 0 1 3 2 1 0 0 0 1 1 0 1
1 32 3120 722 198 0 -0.0565956 0.553351 0.00092555 0.00168241 10.1518 0.0980405 7.90936 6.07661 6.07661 -30 6 12 29.9405 -0.054329 0.659068 3 1 1 0 1 2 2 1 0 0 0 1 1 0 1
1 32 3120 1826 203 1 0.0261091 2.2505 0.00305895 0.00134324 0.00267135 -0.0551002 9.72859 -0.232889 -0.232889 -0.0951787 6 12 29.8932 0.0554084 2.31744 3 12 1 0 0 1 28 1 0 0 0 1 0 0 0
1 32 3120 4729 203 1 -0.0835887 2.39802 0.00335378 0.00159386 120.48 -0.0584141 25.65 -2.88083 -2.88083 -2.0468 6 12 29.8932 0.0554084 2.31744 3 16 1 0 0 1 28 1 0 0 0 1 0 0 0
1 32 3120 3051 205 1 0.824165 1.70163 0.00208733 0.000350038 44.4818 0.00707673 13.4066 -2.78207 5.94194 -30 6 12 29.8834 -0.0558137 1.63139 3 1 1 0 1 3 1 1 0 1 1 1 0 0 0
1 32 3120 403 215 1 0.00690626 0.438499 0.00066941 0.00145385 1.31366 -0.0805801 4.63441 2.7805 2.7805 5.787 6 12 29.6902 0.00562248 0.505057 3 1 1 0 1 3 2 1 0 0 0 1 0 0 0
1 32 3120 408 215 0 -0.00547348 0.591195 0.000881276 0.00154123 9.10665e-05 -0.0829011 4.03743 6.10269 6.10269 -30 6 12 29.6902 0.00562248 0.505057 3 1 1 0 1 1 2 1 0 0 0 1 1 0 1
1 32 3120 7301 221 1 -0.0920753 2.14312 0.00229311 0.00186363 145.689 -0.0981027 33.195 -3.29888 0.0870987 1.75239 6 12 29.5758 0.836297 2.15863 3 6 1 0 0 2 13 1 0 0 0 1 0 0 0
1 32 3120 104 228 0 -0.0548166 0.115946 0.000353812 0.00182684 0.000291503 0.0942531 1.05121 -1.72049 6.22187 5.94376 6 12 29.5209 0.282131 0.157193 3 1 1 0 1 3 2 1 0 0 0 1 1 0 1
1 32 3120 112 228 0 0.304919 0.219182 0.000343095 0.000872637 0.000351061 0.0406779 2.4777 6.66533 6.66533 -30 6 12 29.5209 0.282131 0.157193 3 1 1 0 1 2 2 1 0 0 0 1 1 0 1
1 32 3120 8 234 1 -0.0567714 0.598696 0.001045 0.00181777 4.14898e-05 -0.0935583 0.75587 -3.47401 1.05081 5.94479 6 12 29.42 0.372805 0.608855 3 1 1 0 1 5 2 1 0 0 0 1 0 0 0
1 32 3120 29 234 0 0.111017 0.548029 0.000702612 0.00120375 0.0668556 0.0639751 2.10487 -1.04611 5.49978 -30 6 12 29.42 0.372805 0.608855 3 1 1 0 1 3 2 1 0 0 0 1 1 0 1
1 32 3120 14 238 0 -0.0872102 0.728629 0.00134098 0.00203968 4.94838 -0.100497 5.07569 -1.17483 6.67873 1.39124 6 12 29.3983 0.144177 0.742797 3 1 1 0 1 5 3 1 0 0 0 1 1 0 1
1 32 3120 1578 241 1 -0.096825 2.20486 0.00292738 0.00171112 9.82641 0.063857 14.024 -0.242636 2.80695 2.8957 6 12 29.333 0.0374237 2.11479 3 6 1 0 0 2 7 1 0 0 0 1 0 0 0
1 32 3120 4446 241 1 -0.099032 2.20617 0.00307176 0.00190304 54.0729 0.0807212 26.2 -0.545347 3.13119 1.42384 6 12 29.333 0.0374237 2.11479 3 1 1 0 1 2 7 1 0 0 0 1 0 0 0
1 32 3120 403 244 1 0.00690626 0.438499 0.00066941 0.00145385 1.31366 -0.0805801 4.63441 1.13239 2.7805 5.787 6 12 29.2799 0.087741 0.45979 3 1 1 0 1 3 1 1 0 0 0 1 0 0 0
1 32 3120 2613 256 0 -0.0604034 2.02088 0.00228165 0.00174706 41.3654 -0.0668079 13.6364 4.60363 4.60363 5.16964 6 12 34.3163 0.0250748 2.04436 4 6 1 0 0 1 6 1 0 0 0 1 1 0 1
1 32 3120 1 260 0 -0.0484236 1.62987 0.0019337 0.00158829 0.00374274 -0.0870701 2.30876 5.38718 5.38718 3.27951 6 12 34.035 -0.0221106 1.57018 4 1 1 0 1 1 1 1 0 0 0 1 1 0 1
1 32 3120 5 261 0 0.063788 0.32891 0.000520591 0.00134649 0.0296868 0.0710052 1.66692 -2.74435 5.67697 -30 6 12 28.9776 0.0197411 0.433519 3 1 1 0 1 2 2 1 0 0 0 1 1 0 1
1 32 3120 981 261 0 0.00456227 0.352199 0.000574138 0.00150878 0.941324 -0.0836531 5.32097 6.53745 6.53745 -30 6 12 28.9776 0.0197411 0.433519 3 1 1 0 1 2 2 1 0 0 0 1 1 0 1
1 32 3120 6182 263 1 0.222563 2.39665 0.00362982 0.00111091 2.22154e-05 -0.0328245 26.2 -4.09217 -3.41238 -0.83535 6 12 28.9282 0.159272 2.28554 3 36 1 0 0 1 36 1 0 0 0 1 0 0 0
1 32 3120 646 275 0 -0.0251225 0.044182 0.000289574 0.0016616 0.000349383 -0.0906226 5.92166 -4.87336 6.43517 -30 6 12 28.7122 0.301828 0.161188 3 1 1 0 1 3 2 1 0 0 0 1 1 0 1
1 32 3120 558 279 0 0.180636 0.108089 0.00033173 0.00110803 0.000352991 0.0547987 0.42549 -0.357174 6.47723 -30 6 12 28.66 0.0599279 0.148701 3 1 1 0 1 6 2 1 0 0 0 1 1 0 1
1 32 3120 571 279 0 0.0817922 0.163041 0.000348678 0.00129088 0.000315902 0.0682499 0.275317 5.94532 5.94532 -30 6 12 28.66 0.0599279 0.148701 3 1 1 0 1 3 2 1 0 0 0 1 1 0 1
1 32 3120 2939 282 1 0.116274 2.1601 0.00289247 0.00133104 4.44111e-07 -0.0461905 12.366 1.70162 1.70162 2.97968 6 12 28.5669 0.0962337 2.15775 3 5 1 0 0 3 31 1 0 0 0 1 0 0 0
1 32 3120 2947 282 1 0.210756 2.13918 0.00197381 0.00108404 1.09933e-05 -0.0430437 4.60014 -1.7739 1.26411 3.94147 6 12 28.5669 0.0962337 2.15775 3 26 1 0 0 3 31 1 0 0 0 1 0 0 0
1 32 3120 348 289 0 0.0292013 0.0790151 0.000325123 0.00152102 0.00018327 0.0770372 2.82223 6.07459 6.07459 -30 6 12 29.7693 0.0161414 0.129889 3 1 1 0 1 1 1 1 0 0 0 1 1 0 1
1 32 3120 377 295 0 0.0578774 0.234828 0.000410084 0.00134077 0.000268156 0.0744158 0.785904 -0.64472 6.72114 -30 6 12 28.1229 0.0606761 0.238983 3 1 1 0 1 2 1 1 0 0 0 1 1 0 1
1 32 3120 2979 297 0 -0.0682489 1.72139 0.00177756 0.00165282 0.00311964 -0.10386 5.94825 -2.59927 5.65417 -30 6 12 34.2863 0.122401 1.59186 4 1 1 0 1 5 1 1 0 0 0 1 1 0 1
1 32 3120 146 307 0 0.315294 1.02644 0.00087458 0.00086711 0.000619015 -0.041391 0.547741 6.29387 6.29387 -30 6 12 28.8616 0.286253 0.986209 3 1 1 0 1 1 1 1 0 0 0 1 0 0 0
1 32 3120 583 308 0 0.541818 0.766823 0.000522798 0.000542537 0.000337617 -0.0243856 2.0086 6.50481 6.50481 -30 6 12 28.3872 0.557108 0.762953 3 1 1 0 1 2 1 1 0 0 0 1 1 0 1
1 32 3120 696 317 0 0.598833 0.809257 0.000516602 0.000466303 1.16365 -0.0214373 3.70166 5.84079 5.84079 -30 6 12 27.2886 0.565317 0.826251 3 1 1 0 1 2 2 1 0 0 0 1 1 0 1
1 32 3120 715 317 0 0.278922 0.70682 0.000631792 0.000841083 0.000248195 0.0449099 0.450669 -3.31572 6.33922 -30 6 12 27.2886 0.565317 0.826251 3 1 1 0 1 3 2 1 0 0 0 1 1 0 1
1 32 3120 370 325 0 0.300672 0.969238 0.000951327 0.000979 7.41806 -0.0429405 5.65154 -3.2475 2.62935 5.38871 5 10 27.1926 0.132606 0.908162 3 1 1 0 1 3 4 1 0 0 0 1 1 0 1
1 32 3120 402 325 1 -0.0797043 0.937266 0.00165119 0.00210761 3.07954 0.0998999 4.57011 -1.45317 2.29701 3.38682 5 10 27.1926 0.132606 0.908162 3 1 1 0 1 4 4 1 0 1 1 1 0 0 0
1 32 3120 8 331 1 -0.0567714 0.598696 0.001045 0.00181777 4.14898e-05 -0.0935583 0.75587 -1.45601 1.05081 5.94479 6 12 29.8712 0.123335 0.687839 3 1 1 0 1 5 4 1 0 0 0 1 0 0 0
1 32 3120 14 331 0 -0.0872102 0.728629 0.00134098 0.00203968 4.94838 -0.100497 5.07569 -1.99208 6.67873 1.39124 6 12 29.8712 0.123335 0.687839 3 1 1 0 1 5 4 1 0 0 0 1 1 0 1
1 32 3120 100 333 0 0.715006 0.369574 0.000289449 0.000350388 0.394255 0.0156212 3.64905 -1.7128 5.99636 -30 6 12 27.0738 0.14199 0.492035 3 1 1 0 1 2 1 1 0 0 0 1 1 0 1
1 32 3120 8 336 1 -0.0567714 0.598696 0.001045 0.00181777 4.14898e-05 -0.0935583 0.75587 1.05081 1.05081 5.94479 6 12 28.7349 -0.0233817 0.667248 3 1 1 0 1 5 4 1 0 0 0 1 0 0 0
1 32 3120 14 336 0 -0.0872102 0.728629 0.00134098 0.00203968 4.94838 -0.100497 5.07569 -0.544727 6.67873 1.39124 6 12 28.7349 -0.0233817 0.667248 3 1 1 0 1 5 4 1 0 0 0 1 1 0 1
1 32 3120 2491 362 2 1.90361 1.76125 0.0110683 0.000102879 7.91138 -0.000172403 11.8698 -0.352565 1.59803 -30 7 14 38.8681 0.1529 1.81218 5 2 1 1 1 11 22 1 0 0 0 0 0 1 0
1 32 3120 2500 362 1 0.945684 1.85576 0.00185781 0.0002604 8.3682 -0.00803809 12.8211 0.551369 3.7589 -30 7 14 38.8681 0.1529 1.81218 5 1 1 0 1 11 22 0 1 1 1 1 0 0 0
1 32 3120 92 369 0 0.183361 1.76194 0.00189069 0.00102894 5.13812e-07 0.0453686 9.15403 4.1269 4.1269 3.54454 6 12 33.4777 0.18912 1.72863 4 12 1 0 1 1 27 1 0 0 0 1 1 0 1
1 32 3120 2263 369 1 -0.0126533 1.82978 0.00176119 0.00144568 46.077 0.0734686 13.8398 -1.00898 1.67345 3.57219 6 12 33.4777 0.18912 1.72863 4 14 1 0 0 1 27 1 0 0 0 1 0 0 0
1 32 3120 139 377 0 -0.0759246 1.48416 0.00163358 0.00164724 0.0633226 0.102165 6.91646 0.636141 5.80191 2.70758 5 10 26.4598 0.0481849 1.42531 3 2 1 0 0 2 2 1 0 0 0 1 1 0 1
1 32 3120 673 378 0 0.0580042 0.291041 0.000602853 0.00173607 0.153952 -0.0726542 3.36873 5.33977 5.33977 -30 6 12 29.0302 0.0309756 0.342166 3 2 1 1 0 2 4 1 0 0 0 1 1 0 1
1 32 3120 680 378 1 -0.0942289 0.308969 0.000634583 0.00190759 1.29155 -0.102322 7.22571 -1.65687 -0.876934 2.43152 6 12 29.0302 0.0309756 0.342166 3 2 1 0 1 2 4 1 0 0 0 1 0 0 0
1 32 3120 1697 382 1 -0.0823617 2.06445 0.00254546 0.00186221 0.00369511 0.0751637 12.3565 -2.25341 1.31564 3.76939 5 10 26.4303 -0.0704402 1.9983 3 5 1 0 0 1 5 1 0 0 0 1 0 0 0
1 32 3120 1718 389 0 0.106565 2.30527 0.00371089 0.00134452 0.000920218 -0.0382588 14.3781 0.329343 2.09031 5.39195 6 12 28.8404 0.331882 2.24593 3 42 1 0 0 1 78 1 0 0 0 1 1 0 1
1 32 3120 1730 389 0 0.147663 2.35202 0.00497033 0.00147601 0.00150326 -0.0368175 14.9642 -0.0774055 5.10042 4.79913 6 12 28.8404 0.331882 2.24593 3 28 1 16 0 1 78 1 0 0 0 1 1 0 1
1 32 3120 1815 389 1 0.297781 2.15794 0.00201839 0.000800024 0.23898 0.0276363 12.3309 -1.73077 3.07043 2.9539 6 12 28.8404 0.331882 2.24593 3 16 1 0 0 3 78 1 0 0 0 1 0 0 0
1 32 3120 8481 389 1 -0.00100645 2.27006 0.00228501 0.00140552 56.1632 0.0740501 31.945 -1.67062 2.46283 2.38242 6 12 28.8404 0.331882 2.24593 3 7 1 0 0 1 78 1 0 0 0 1 0 0 0
1 32 3120 469 394 0 0.279324 1.45122 0.00107877 0.000868519 30.8078 -0.0415184 10.1213 -3.19228 6.79695 -30 5 10 26.2057 0.0240372 1.46778 3 1 1 0 1 4 4 1 0 0 0 1 1 0 1
1 32 3120 473 394 1 0.0443883 1.47929 0.00222534 0.00211594 7.25051e-05 -0.0746686 6.89754 -5.16666 0.877336 5.43859 5 10 26.2057 0.0240372 1.46778 3 1 1 0 1 3 4 1 0 0 0 1 0 0 0
1 32 3120 491 394 0 0.0282853 1.45421 0.0014126 0.00136205 0.173766 0.0828222 6.80472 5.67047 5.67047 -30 5 10 26.2057 0.0240372 1.46778 3 2 1 1 1 3 4 1 0 0 0 1 1 0 1
1 32 3120 59 396 0 -0.0940924 0.62036 0.0011304 0.00193999 0.00142984 0.105755 3.46094 5.71006 5.71006 3.43863 5 10 26.19 -0.091758 0.541995 3 1 1 0 1 3 2 1 0 0 0 1 1 0 1
1 32 3120 63 396 1 0.310153 0.604012 0.000546067 0.000779092 0.000503933 0.0418674 0.660544 -2.71206 0.0244371 5.89731 5 10 26.19 -0.091758 0.541995 3 1 1 0 1 3 2 1 0 0 0 1 0 0 0
1 32 3120 375 398 0 -0.0214198 0.385429 0.000669415 0.00159435 0.175485 -0.0898975 2.56781 -3.49216 6.58198 -30 5 10 26.1796 -0.0633587 0.398709 3 1 1 0 1 3 2 1 0 0 0 1 1 0 1
1 32 3120 430 398 0 -0.0799793 0.434786 0.00085283 0.00193013 0.000899403 0.0988162 1.17905 6.08408 6.08408 3.0668 5 10 26.1796 -0.0633587 0.398709 3 1 1 0 1 2 2 1 0 0 0 1 1 0 1
1 32 3120 6129 407 0 0.071807 1.96031 0.00174564 0.0012389 0.230714 0.0707345 24.4 4.42526 4.42526 4.7253 5 10 26.0406 0.109892 1.96933 3 4 1 0 0 1 4 1 0 0 0 1 1 0 1
1 32 3120 139 408 0 -0.0759246 1.48416 0.00163358 0.00164724 0.0633226 0.102165 6.91646 5.80191 5.80191 2.70758 5 10 26.036 -0.0403071 1.50154 3 2 1 0 0 2 2 1 0 0 0 1 1 0 1
1 32 3120 852 410 0 -0.0431989 0.701457 0.00118108 0.0018199 3.3606 0.0945704 4.54297 4.91132 4.91132 -30 5 10 26.0156 -0.00728138 0.771911 3 1 1 0 1 2 1 1 0 0 0 1 1 0 1
1 32 3120 56 417 0 -0.0854838 0.677544 0.00124455 0.00198704 0.00158141 0.104463 4.27339 5.46785 5.46785 5.58348 5 10 25.9453 -0.0866398 0.582099 3 1 1 0 1 2 3 1 0 0 0 1 1 0 1
1 32 3120 59 417 0 -0.0940924 0.62036 0.0011304 0.00193999 0.00142984 0.105755 3.46094 4.56755 5.71006 3.43863 5 10 25.9453 -0.0866398 0.582099 3 1 1 0 1 3 3 1 0 0 0 1 1 0 1
1 32 3120 63 417 1 0.310153 0.604012 0.000546067 0.000779092 0.000503933 0.0418674 0.660544 -2.46033 0.0244371 5.89731 5 10 25.9453 -0.0866398 0.582099 3 1 1 0 1 3 3 1 0 0 0 1 0 0 0
1 32 3120 5951 420 0 -0.0346603 2.29388 0.00313269 0.00177233 13.1894 0.0653677 26.2 4.08745 4.08745 2.89493 6 12 29.079 -0.0293717 2.2958 3 2 1 0 0 2 14 1 0 0 0 1 1 0 1
1 32 3120 9647 420 1 0.333829 2.34947 0.00262341 0.000835499 7.35283e-06 0.040962 33.195 -1.33499 1.16251 3.76345 6 12 29.079 -0.0293717 2.2958 3 12 1 0 0 1 14 1 0 0 0 1 0 0 0
1 32 3120 675 423 1 -0.0546284 1.62105 0.00186439 0.00171789 0.00482045 -0.0913102 4.96992 -4.04268 0.985079 3.1177 5 10 25.8859 -0.0179291 1.72014 3 2 1 0 0 3 5 1 0 0 0 1 0 0 0
1 32 3120 719 423 0 0.0243664 1.7088 0.00193378 0.00142979 0.00243916 0.0662948 6.89923 6.1661 6.1661 -30 5 10 25.8859 -0.0179291 1.72014 3 3 1 2 0 3 5 1 0 0 0 1 1 0 1
1 32 3120 982 425 1 0.0872131 0.604742 0.000811548 0.0013439 20.8409 0.0697703 9.94046 -1.69125 6.30274 -30 6 12 28.8375 0.022447 0.503403 3 1 1 0 1 2 1 1 0 0 0 1 0 0 0
1 32 3120 904 429 0 -0.0367677 0.498773 0.000825791 0.00166062 15.1821 -0.0923033 10.6516 -0.151001 5.62622 -30 5 10 25.8165 -0.0766932 0.61455 3 1 1 0 1 2 2 1 0 0 0 1 1 0 1
1 32 3120 929 429 0 -0.0528 0.648951 0.00110011 0.00178859 2.68187e-05 -0.0931263 1.17197 6.04246 6.04246 -30 5 10 25.8165 -0.0766932 0.61455 3 1 1 0 1 2 2 1 0 0 0 1 1 0 1
1 32 3120 955 441 0 0.558139 1.23099 0.00101264 0.000637117 0.00046829 0.0229048 1.21308 -2.1513 5.57121 -30 6 12 30.7424 -0.00790486 1.22568 3 1 1 0 1 2 1 1 0 0 0 1 1 0 1
1 32 3120 181 446 0 -0.0465874 0.732155 0.00121596 0.00183187 16.0694 0.0950447 7.78673 6.77714 6.77714 5.98567 5 10 25.5189 -0.0521908 0.818484 3 1 1 0 1 1 1 1 0 0 0 1 1 0 1
1 32 3120 2380 455 1 -0.098281 1.65511 0.00225386 0.00224819 0.00471906 -0.114665 6.82905 -2.81129 0.718771 5.02734 7 14 33.9861 -0.017314 1.70565 4 2 1 0 1 2 16 1 0 0 0 1 0 0 0
1 32 3120 2491 455 2 1.90361 1.76125 0.0110683 0.000102879 7.91138 -0.000172403 11.8698 -2.36946 1.59803 -30 7 14 33.9861 -0.017314 1.70565 4 2 1 1 1 11 16 1 0 0 0 0 0 1 0
1 32 3120 509 456 0 0.0104706 0.00161933 0.000278488 0.00148679 0.000385513 -0.0835135 2.53777 -2.94226 6.68683 -30 6 12 29.1863 0.154533 0.09897 3 1 1 0 1 2 4 1 0 0 0 1 1 0 1
1 32 3120 524 456 0 0.586026 0.178392 0.000287525 0.000478975 0.0973918 -0.0220629 5.89382 -2.49506 6.49686 -30 6 12 29.1863 0.154533 0.09897 3 1 1 0 1 4 4 1 0 0 0 1 1 0 1
1 32 3120 558 456 0 0.180636 0.108089 0.00033173 0.00110803 0.000352991 0.0547987 0.42549 6.47723 6.47723 -30 6 12 29.1863 0.154533 0.09897 3 1 1 0 1 6 4 1 0 0 0 1 1 0 1
1 32 3120 571 456 0 0.0817922 0.163041 0.000348678 0.00129088 0.000315902 0.0682499 0.275317 0.392289 5.94532 -30 6 12 29.1863 0.154533 0.09897 3 1 1 0 1 3 4 1 0 0 0 1 1 0 1
1 32 3120 217 458 0 0.112687 1.0113 0.00118307 0.00136787 0.215605 0.0659797 3.65625 -1.16276 6.36282 4.41452 5 10 25.0553 -0.0600711 1.01721 3 1 1 0 1 4 1 1 0 0 0 1 1 0 1
1 32 3120 8 459 1 -0.0567714 0.598696 0.001045 0.00181777 4.14898e-05 -0.0935583 0.75587 0.195821 1.05081 5.94479 5 10 25.0508 -0.0746062 0.489969 3 1 1 0 1 5 2 1 0 0 0 1 0 0 0
1 32 3120 20 459 0 -0.0763105 0.511618 0.000910553 0.00179179 5.23266e-05 -0.0984622 0.240264 6.8451 6.8451 -30 5 10 25.0508 -0.0746062 0.489969 3 1 1 0 1 4 2 1 0 0 0 1 1 0 1
1 32 3120 6101 471 1 0.408231 2.32003 0.00352356 0.000751514 3.24359e-07 -0.0240113 25.65 -0.490532 0.679983 1.37831 6 12 34.8551 0.349021 2.30808 4 20 1 0 0 1 48 1 0 0 0 1 0 0 0
1 32 3120 6152 471 0 0.423437 2.32623 0.00376891 0.000636483 0.00019748 0.0234606 24.95 5.20639 5.20639 4.49034 6 12 34.8551 0.349021 2.30808 4 24 1 0 0 1 48 1 0 0 0 1 1 0 1
1 32 3120 5 472 0 0.063788 0.32891 0.000520591 0.00134649 0.0296868 0.0710052 1.66692 5.67697 5.67697 -30 6 12 28.9988 0.0319482 0.34761 3 1 1 0 1 2 2 1 0 0 0 1 1 0 1
1 32 3120 981 472 0 0.00456227 0.352199 0.000574138 0.00150878 0.941324 -0.0836531 5.32097 -4.30575 6.53745 -30 6 12 28.9988 0.0319482 0.34761 3 1 1 0 1 2 2 1 0 0 0 1 1 0 1
1 32 3120 255 479 0 -0.0547569 0.296917 0.000551898 0.00162513 0.317297 0.0972514 4.25462 6.46284 6.46284 -30 6 12 34.1133 -0.0630903 0.363257 4 1 1 0 1 3 1 1 0 0 0 1 1 0 1
1 32 3120 2979 482 0 -0.0682489 1.72139 0.00177756 0.00165282 0.00311964 -0.10386 5.94825 5.65417 5.65417 -30 6 12 28.9773 -0.0531946 1.73165 3 1 1 0 1 5 2 1 0 0 0 1 1 0 1
1 32 3120 2985 482 0 0.681491 1.73647 0.00104754 0.000423983 0.867889 -0.0173081 8.19413 0.447951 5.70414 -30 6 12 28.9773 -0.0531946 1.73165 3 1 1 0 1 4 2 1 0 0 0 1 1 0 1
1 32 3120 599 487 0 0.156037 0.806041 0.000910763 0.00120629 0.000156299 -0.0576232 6.78251 5.37125 5.37125 -30 6 12 27.9465 0.173214 0.675079 3 1 1 0 1 2 1 1 0 0 0 1 1 0 1
1 32 3120 942 491 0 0.279895 0.217427 0.000338679 0.00079748 0.000423769 0.0432188 4.98058 6.87217 6.87217 -30 6 12 26.6874 0.259343 0.113045 3 1 1 0 1 1 2 1 0 0 0 1 1 0 1
1 32 3120 953 491 0 0.0769332 0.0356732 0.000289505 0.00134666 0.000400419 0.068927 2.738 -1.39455 6.3824 -30 6 12 26.6874 0.259343 0.113045 3 1 1 0 1 2 2 1 0 0 0 1 1 0 1
1 32 3120 1815 493 1 0.297781 2.15794 0.00201839 0.000800024 0.23898 0.0276363 12.3309 -0.730196 3.07043 2.9539 6 12 33.9332 0.708494 2.0718 4 16 1 0 0 3 18 1 0 0 0 1 0 0 0
1 32 3120 14 499 0 -0.0872102 0.728629 0.00134098 0.00203968 4.94838 -0.100497 5.07569 6.67873 6.67873 1.39124 5 10 26.5118 -0.0828783 0.789149 3 1 1 0 1 5 3 1 0 0 0 1 1 0 1
1 32 3120 634 510 0 0.0865012 0.875639 0.0010908 0.00136887 83.1866 -0.072124 12.4119 6.58618 6.58618 -30 5 10 25.5062 0.0624359 1.00297 3 1 1 0 1 1 1 1 0 0 0 1 1 0 1
1 32 3120 389 511 0 -0.0311518 0.0974934 0.000319437 0.00162201 0.000308179 0.0916945 3.03835 5.7946 5.7946 -30 6 12 28.6058 -0.0443997 0.0346731 3 1 1 0 1 3 1 1 0 0 0 1 1 0 1
1 32 3120 30 512 0 0.197096 0.0880649 0.000318478 0.000990113 0.000359316 0.0530055 1.20639 5.96825 5.96825 -30 6 12 27.1092 0.161299 0.0598449 3 1 1 0 1 2 2 1 0 0 0 1 1 0 1
1 32 3120 32 512 0 -0.067586 0.0843939 0.000307951 0.00183838 0.0114604 0.0960025 9.02509 -4.30882 6.26376 -30 6 12 27.1092 0.161299 0.0598449 3 1 1 0 1 2 2 1 0 0 0 1 1 0 1
1 32 3120 22 513 0 0.165415 1.75344 0.00172878 0.00112664 1.14178e-05 -0.0509965 3.33356 1.42744 3.0041 3.30386 5 10 25.4325 0.101076 1.63416 3 4 1 0 0 2 8 1 0 0 0 1 1 0 1
1 32 3120 26 513 0 0.15438 1.62887 0.00155902 0.00116947 0.21663 -0.0517405 6.96611 6.62221 6.62221 5.79466 5 10 25.4325 0.101076 1.63416 3 1 1 0 1 4 8 1 0 0 0 1 1 0 1
1 32 3120 37 513 0 0.313292 1.53917 0.00121757 0.000805596 41.4735 -0.0341126 9.96051 0.741355 6.3914 -30 5 10 25.4325 0.101076 1.63416 3 3 1 2 1 4 8 1 0 0 0 1 1 0 1
1 32 3120 468 524 0 -0.0284337 0.279344 0.000537807 0.00162988 0.000203753 -0.0884139 0.635732 -3.07434 6.17234 -30 6 12 29.3007 -0.0238048 0.17198 3 1 1 0 1 2 3 1 0 0 0 1 1 0 1
1 32 3120 2286 525 0 -0.0118452 1.9126 0.00191043 0.00156461 0.000245125 0.0722728 10.1777 6.21199 6.21199 -30 5 10 22.359 -0.0241209 1.91398 2 2 1 1 0 1 2 1 0 0 0 1 1 0 1
1 32 3120 617 526 1 0.088471 2.14581 0.00509446 0.00140107 4.67786e-06 -0.0471313 6.04462 1.47208 5.04995 3.12445 6 12 24.9475 0.000819346 2.03844 3 3 1 0 1 1 6 1 0 0 0 1 0 0 0
1 32 3120 646 530 0 -0.0251225 0.044182 0.000289574 0.0016616 0.000349383 -0.0906226 5.92166 6.43517 6.43517 -30 6 12 34.0404 -0.0380279 0.0774775 4 1 1 0 1 3 1 1 0 0 0 1 1 0 1
1 32 3120 920 534 0 0.00942899 0.241204 0.000449927 0.00141572 0.339728 0.0837138 6.12189 6.65262 6.65262 -30 5 10 22.2337 -0.00652592 0.323836 2 1 1 0 1 1 1 1 0 0 0 1 1 0 1
1 32 3120 100 537 0 0.715006 0.369574 0.000289449 0.000350388 0.394255 0.0156212 3.64905 5.99636 5.99636 -30 6 12 26.7187 0.722075 0.414735 3 1 1 0 1 2 1 1 0 0 0 1 1 0 1
1 32 3120 684 541 0 0.111067 1.95316 0.00273683 0.00120542 2.89864e-05 0.0473143 6.41179 4.35335 4.35335 5.06351 6 12 28.8033 0.0714612 1.95134 3 17 1 7 0 3 49 1 0 0 0 1 1 0 1
1 32 3120 6365 541 0 0.543428 1.90356 0.00150711 0.000478141 94.035 -0.0231916 24.4 -2.61164 4.63242 -30 6 12 28.8033 0.0714612 1.95134 3 24 1 22 0 3 49 1 0 0 0 1 1 0 1
1 32 3120 786 546 0 0.120124 1.58218 0.00168233 0.00117562 0.00131394 -0.0570353 1.97956 1.3392 6.61653 -30 7 14 29.3227 0.00281491 1.54246 3 2 1 1 1 3 2 1 0 0 0 1 1 0 1
1 32 3120 67 558 0 -0.0980781 1.20422 0.00225175 0.00252911 0.000371577 -0.103449 0.0322245 -0.877851 5.03209 -30 5 10 25.8506 -0.0125592 1.22078 3 1 1 0 1 3 1 1 0 0 0 1 1 0 1
1 32 3120 1776 562 2 -0.0806495 2.03616 0.00291193 0.00195551 43.647 -0.0733526 15.9868 -3.68745 3.76697 3.60141 5 10 25.2722 0.317609 1.97713 3 1 1 0 1 1 4 1 0 0 0 0 0 1 0
1 32 3120 1821 562 0 0.375088 1.99928 0.00186102 0.000817471 0.000836488 0.0313215 6.20324 5.86442 5.86442 5.72264 5 10 25.2722 0.317609 1.97713 3 3 1 0 1 1 4 1 0 0 0 1 1 0 1
1 32 3120 696 570 0 0.598833 0.809257 0.000516602 0.000466303 1.16365 -0.0214373 3.70166 -3.8017 5.84079 -30 5 10 25.7909 -0.0820326 0.777076 3 1 1 0 1 2 1 1 0 0 0 1 1 0 1
1 32 3120 1884 581 1 -0.0959727 2.15307 0.00268312 0.00194181 0.00336158 0.073613 9.66651 0.844866 6.68105 4.48539 5 10 21.5063 -0.0407075 2.19798 2 8 1 3 0 1 8 1 0 0 0 1 0 0 0
1 32 3120 895 588 1 0.13248 0.606645 0.000744277 0.00118189 0.0405882 -0.0632455 2.11668 -4.22323 -0.166396 3.16259 6 12 28.1204 -0.0129775 0.567206 3 1 1 0 1 3 3 1 0 0 0 1 0 0 0
1 32 3120 905 588 0 0.0110107 0.542422 0.00079881 0.00144828 0.079331 0.0834045 2.41992 6.24861 6.24861 -30 6 12 28.1204 -0.0129775 0.567206 3 1 1 0 1 2 3 1 0 0 0 1 1 0 1
1 32 3120 921 588 1 -0.0907642 0.588139 0.00104823 0.00186517 2.17534 0.104269 4.66169 -0.273517 -0.273517 3.81764 6 12 28.1204 -0.0129775 0.567206 3 1 1 0 1 2 3 1 0 0 0 1 0 0 0
1 32 3120 524 600 0 0.586026 0.178392 0.000287525 0.000478975 0.0973918 -0.0220629 5.89382 6.49686 6.49686 -30 5 10 21.3549 0.597197 0.242951 2 1 1 0 1 4 2 1 0 0 0 1 1 0 1
1 32 3120 558 600 0 0.180636 0.108089 0.00033173 0.00110803 0.000352991 0.0547987 0.42549 -3.6287 6.47723 -30 5 10 21.3549 0.597197 0.242951 2 1 1 0 1 6 2 1 0 0 0 1 1 0 1
1 32 3120 1016 615 1 -0.0351167 1.93071 0.00273944 0.00160102 4.87065e-05 -0.0661638 6.26706 -4.02268 3.65634 5.45744 5 10 21.2409 0.0103949 2.00937 2 8 1 0 0 1 16 1 0 0 0 1 0 0 0
1 32 3120 684 617 0 0.111067 1.95316 0.00273683 0.00120542 2.89864e-05 0.0473143 6.41179 -1.03088 4.35335 5.06351 5 10 21.2394 -0.0123106 2.05772 2 17 1 7 0 3 50 1 0 0 0 1 1 0 1
1 32 3120 2939 617 1 0.116274 2.1601 0.00289247 0.00133104 4.44111e-07 -0.0461905 12.366 -2.86153 1.70162 2.97968 5 10 21.2394 -0.0123106 2.05772 2 5 1 0 0 3 50 1 0 0 0 1 0 0 0
1 32 3120 2947 617 1 0.210756 2.13918 0.00197381 0.00108404 1.09933e-05 -0.0430437 4.60014 -1.72952 1.26411 3.94147 5 10 21.2394 -0.0123106 2.05772 2 26 1 0 0 3 50 1 0 0 0 1 0 0 0
1 32 3120 886 620 0 0.060215 1.79963 0.00180145 0.00146491 0.00161689 -0.0595113 4.22972 6.22899 6.22899 -30 5 10 21.2014 -0.214436 1.79406 2 4 1 3 0 2 5 1 0 0 0 1 1 0 1
1 32 3120 893 620 0 0.211361 1.76107 0.00136804 0.000990626 0.000986672 -0.0452979 2.15422 0.0244712 5.99817 -30 5 10 21.2014 -0.214436 1.79406 2 1 1 0 1 2 5 1 0 0 0 1 1 0 1
1 32 3120 153 632 0 0.746204 0.141922 0.000261028 0.000398294 0.000381264 -0.0152003 12.6591 -1.89552 4.12549 -30 5 10 24.6967 0.580394 0.0318719 3 1 1 0 1 1 2 1 0 0 0 1 1 0 1
1 32 3120 161 632 0 0.568966 0.0583821 0.000270453 0.000526934 0.000381269 -0.0230606 1.24643 5.69359 5.69359 -30 5 10 24.6967 0.580394 0.0318719 3 1 1 0 1 2 2 1 0 0 0 1 1 0 1
1 32 3120 675 641 1 -0.0546284 1.62105 0.00186439 0.00171789 0.00482045 -0.0913102 4.96992 -2.68114 0.985079 3.1177 6 12 28.123 -0.0445552 1.68394 3 2 1 0 0 3 5 1 0 0 0 1 0 0 0
1 32 3120 719 641 0 0.0243664 1.7088 0.00193378 0.00142979 0.00243916 0.0662948 6.89923 0.529567 6.1661 -30 6 12 28.123 -0.0445552 1.68394 3 3 1 2 0 3 5 1 0 0 0 1 1 0 1
1 32 3120 3053 645 2 -0.0975071 1.99848 0.00314449 0.00181876 0.806978 -0.0940604 13.5005 -1.09312 0.693972 2.08098 5 10 21.0655 0.589241 2.06645 2 2 1 0 0 3 29 1 0 0 0 0 0 1 0
1 32 3120 6650 645 1 0.181048 2.17677 0.00226366 0.000859288 9.27374e-08 0.0464097 25.65 -1.01319 2.0058 5.09901 5 10 21.0655 0.589241 2.06645 2 7 1 0 0 2 29 1 0 0 0 1 0 0 0
1 32 3120 804 655 0 0.0821205 0.547652 0.000732048 0.00126374 0.000167089 -0.0686516 3.29169 6.87471 6.87471 -30 5 10 21.0048 0.0673464 0.460848 2 1 1 0 1 1 1 1 0 0 0 1 1 0 1
1 32 3120 3049 663 0 1.21917 1.90295 0.00720461 0.000338263 7.58383 -0.00585084 13.4066 0.418776 2.51859 -30 6 12 29.1896 -0.0308333 1.85919 3 4 1 3 0 8 14 1 0 0 1 1 1 0 1
1 32 3120 6466 663 1 -0.031692 1.99175 0.00171446 0.00142196 108.601 -0.0721116 25.65 -0.482863 1.63059 4.47144 6 12 29.1896 -0.0308333 1.85919 3 2 1 0 1 7 14 1 0 0 0 1 0 0 0
1 32 3120 881 665 0 0.153572 0.79954 0.000864075 0.00113464 5.20586 0.0579004 5.05687 5.57669 5.57669 -30 5 10 20.8897 0.154676 0.81538 2 1 1 0 1 1 1 1 0 0 0 1 1 0 1
1 32 3120 640 686 0 -0.0698015 0.496421 0.000867508 0.00173421 0.00104934 -0.100011 4.6288 5.55549 5.55549 -30 5 10 20.6813 -0.0708716 0.401658 2 1 1 0 1 1 1 1 0 0 0 1 1 0 1
1 32 3120 2491 698 2 1.90361 1.76125 0.0110683 0.000102879 7.91138 -0.000172403 11.8698 -2.3035 1.59803 -30 6 12 27.8207 0.441779 1.86733 3 2 1 1 1 11 22 1 0 0 0 0 0 1 0
1 32 3120 2500 698 1 0.945684 1.85576 0.00185781 0.0002604 8.3682 -0.00803809 12.8211 0.960009 3.7589 -30 6 12 27.8207 0.441779 1.86733 3 1 1 0 1 11 22 0 1 1 1 1 0 0 0
1 32 3120 119 700 1 -0.070183 0.803588 0.00137327 0.00193586 0.00155861 0.0966648 3.66176 -3.94603 0.56486 3.42583 6 12 20.737 0.347452 0.876989 2 1 1 0 1 3 2 1 0 0 0 1 0 0 0
1 32 3120 121 700 0 -0.00832049 0.864185 0.00131445 0.00173495 2.76499 0.0841707 4.87372 -0.649635 6.42374 3.67233 6 12 20.737 0.347452 0.876989 2 1 1 0 1 2 2 1 0 0 0 1 1 0 1
1 32 3120 10193 703 1 0.150351 2.45053 0.00299862 0.00124149 2.41627e-05 -0.0473159 31.945 2.52533 2.52533 1.48332 5 10 20.292 -0.0790769 2.41145 2 10 1 0 0 1 55 1 0 0 0 1 0 0 0
1 32 3120 10219 703 1 0.144098 2.44451 0.00375204 0.00143575 15.4347 -0.0505722 33.195 0.227994 0.872325 -0.300454 5 10 20.292 -0.0790769 2.41145 2 45 1 0 1 1 55 1 0 0 0 1 0 0 0
1 32 3120 143 704 0 -0.0458803 1.11102 0.00184471 0.00214525 9.51436e-05 -0.0942997 2.51843 6.67803 6.67803 1.60951 5 10 25.9221 -0.0266037 1.10776 3 1 1 0 1 3 1 1 0 0 0 1 1 0 1
1 32 3120 375 705 0 -0.0214198 0.385429 0.000669415 0.00159435 0.175485 -0.0898975 2.56781 -2.76671 6.58198 -30 5 10 20.2721 -0.0547494 0.2869 2 1 1 0 1 3 1 1 0 0 0 1 1 0 1
1 32 3120 1815 707 1 0.297781 2.15794 0.00201839 0.000800024 0.23898 0.0276363 12.3309 3.07043 3.07043 2.9539 6 12 29.2185 0.161042 2.13081 3 16 1 0 0 3 17 1 0 0 0 1 0 0 0
1 32 3120 1339 710 0 0.112958 1.76004 0.00138074 0.00110405 48.8759 0.0579979 11.6823 6.11395 6.11395 -30 5 10 20.7337 0.180587 1.79333 2 1 1 0 1 1 1 1 0 0 0 1 1 0 1
1 32 3120 856 714 0 0.195094 0.307304 0.000384165 0.00100334 0.867384 0.0539937 6.17576 -2.06751 3.64573 4.28785 6 12 26.917 0.259752 0.196794 3 1 1 0 1 2 1 1 0 0 0 1 1 0 1
1 32 3120 652 719 0 0.0826878 0.707581 0.000891914 0.00131511 9.98123e-05 -0.070798 10.6126 -5.23951 4.7727 5.66973 5 10 21.2558 0.0449648 0.798932 2 1 1 0 1 1 1 1 0 0 0 1 1 0 1
1 32 3120 370 722 0 0.300672 0.969238 0.000951327 0.000979 7.41806 -0.0429405 5.65154 1.77191 2.62935 5.38871 5 10 19.3831 0.296599 0.977276 2 1 1 0 1 3 3 1 0 0 0 1 1 0 1
1 32 3120 386 722 0 -0.0622841 1.05939 0.00149229 0.0017482 61.2536 0.0963378 9.8172 -3.15616 5.70311 -30 5 10 19.3831 0.296599 0.977276 2 1 1 0 1 3 3 1 0 0 0 1 1 0 1
1 32 3120 402 722 1 -0.0797043 0.937266 0.00165119 0.00210761 3.07954 0.0998999 4.57011 -2.29912 2.29701 3.38682 5 10 19.3831 0.296599 0.977276 2 1 1 0 1 4 3 1 0 1 1 1 0 0 0
1 32 3120 471 725 1 0.267301 1.79186 0.00219543 0.00073621 1.2725 -0.0338482 10.2415 -1.39165 1.83547 4.0759 5 10 25.4715 0.273333 1.7345 3 2 1 0 1 2 4 1 0 0 0 1 0 0 0
1 32 3120 1446 725 0 0.24657 1.72004 0.00109695 0.000806639 6.99763 0.0462145 10.2808 5.52425 5.52425 -30 5 10 25.4715 0.273333 1.7345 3 2 1 1 1 2 4 1 0 0 0 1 1 0 1
1 32 3120 223 726 1 0.118234 0.1205 0.000314491 0.00115914 0.00173481 -0.0652756 1.06623 1.01135 1.01135 5.2789 5 10 25.2614 -0.00182257 0.135477 3 2 1 0 1 2 4 1 0 0 0 1 0 0 0
1 32 3120 2979 728 0 -0.0682489 1.72139 0.00177756 0.00165282 0.00311964 -0.10386 5.94825 1.20074 5.65417 -30 6 12 28.429 0.007602 1.74205 3 1 1 0 1 5 2 1 0 0 0 1 1 0 1
1 32 3120 2985 728 0 0.681491 1.73647 0.00104754 0.000423983 0.867889 -0.0173081 8.19413 0.5204 5.70414 -30 6 12 28.429 0.007602 1.74205 3 1 1 0 1 4 2 1 0 0 0 1 1 0 1
1 32 3120 588 733 1 0.110152 1.46572 0.00143643 0.00112408 1.01662e-05 0.0597978 2.36878 -1.92294 -0.311884 2.69654 6 12 29.0451 -0.0727713 1.54487 3 1 1 0 1 1 3 1 0 0 0 1 0 0 0
1 32 3120 2741 733 0 -0.0762335 1.62199 0.00176605 0.0017211 38.0363 -0.101394 11.5736 -0.81364 5.42707 -30 6 12 29.0451 -0.0727713 1.54487 3 2 1 1 1 3 3 1 0 0 0 1 1 0 1
1 32 3120 764 740 0 -0.0121254 0.658762 0.00104205 0.00166535 0.0011462 -0.089472 3.61769 -1.54376 5.29659 -30 5 10 21.1026 0.0427423 0.774978 2 2 1 1 0 3 2 1 0 0 0 1 1 0 1
1 32 3120 1446 742 0 0.24657 1.72004 0.00109695 0.000806639 6.99763 0.0462145 10.2808 -2.54594 5.52425 -30 6 12 32.9925 -0.0974597 1.59461 4 2 1 1 1 2 2 1 0 0 0 1 1 0 1
1 32 3120 475 743 0 0.743731 1.25581 0.000860542 0.000423158 0.000417752 0.0148874 1.02567 5.61471 5.61471 -30 6 12 28.7438 0.741264 1.193 3 1 1 0 1 2 1 1 0 0 0 1 1 0 1
1 32 3120 132 751 0 -0.0100141 1.48933 0.00160499 0.00153309 17.0822 -0.0798687 9.34422 5.67869 5.67869 -30 5 10 25.5455 0.0271698 1.52159 3 1 1 0 1 3 2 1 0 0 0 1 1 0 1
1 32 3120 136 751 0 0.338541 1.53481 0.00117866 0.000785201 0.904379 -0.0368539 7.74181 0.249206 6.65234 -30 5 10 25.5455 0.0271698 1.52159 3 1 1 0 1 3 2 1 0 0 0 1 1 0 1
1 32 3120 509 752 0 0.0104706 0.00161933 0.000278488 0.00148679 0.000385513 -0.0835135 2.53777 6.68683 6.68683 -30 6 12 26.7022 -0.0129534 0.044995 4 1 1 0 1 2 2 1 0 0 0 1 1 0 1
1 32 3120 558 752 0 0.180636 0.108089 0.00033173 0.00110803 0.000352991 0.0547987 0.42549 -0.721025 6.47723 -30 6 12 26.7022 -0.0129534 0.044995 4 1 1 0 1 6 2 1 0 0 0 1 1 0 1
1 32 3120 247 767 0 0.250139 1.99762 0.0028497 0.000940801 0.000692694 0.0326856 6.07684 5.79475 5.79475 5.12331 5 10 25.334 0.280304 1.97714 3 10 1 0 0 1 10 1 0 0 0 1 1 0 1
1 32 3120 426 770 0 0.511801 1.4241 0.00109022 0.000538819 0.000290397 0.0238715 4.00826 6.49407 6.49407 -30 5 10 24.6057 0.514893 1.41253 3 1 1 0 1 3 2 1 0 0 0 1 1 0 1
1 32 3120 453 770 0 -0.0984265 1.34764 0.0018477 0.00187843 0.0427296 0.0985802 6.05849 -1.38594 5.33721 -30 5 10 24.6057 0.514893 1.41253 3 1 1 0 1 3 2 1 0 0 0 1 1 0 1
1 32 3120 2500 782 1 0.945684 1.85576 0.00185781 0.0002604 8.3682 -0.00803809 12.8211 -0.894388 3.7589 -30 6 12 34.6834 0.415096 1.91152 4 1 1 0 1 11 13 0 1 1 1 1 0 0 0
1 32 3120 895 783 1 0.13248 0.606645 0.000744277 0.00118189 0.0405882 -0.0632455 2.11668 -0.269117 -0.166396 3.16259 5 10 21.067 0.0129162 0.716076 2 1 1 0 1 3 1 1 0 0 0 1 0 0 0
1 32 3120 160 784 0 -0.0593621 0.542529 0.000941352 0.00176337 5.51389e-05 -0.0947032 11.2762 -4.74366 4.17558 -30 6 12 25.1982 0.217438 0.489531 3 1 1 0 1 1 1 1 0 0 0 1 1 0 1
1 32 3120 895 788 1 0.13248 0.606645 0.000744277 0.00118189 0.0405882 -0.0632455 2.11668 -0.42039 -0.166396 3.16259 6 12 25.0063 0.158515 0.543136 3 1 1 0 1 3 3 1 0 0 0 1 0 0 0
1 32 3120 905 788 0 0.0110107 0.542422 0.00079881 0.00144828 0.079331 0.0834045 2.41992 -0.0923862 6.24861 -30 6 12 25.0063 0.158515 0.543136 3 1 1 0 1 2 3 1 0 0 0 1 1 0 1
1 32 3120 921 788 1 -0.0907642 0.588139 0.00104823 0.00186517 2.17534 0.104269 4.66169 -3.15613 -0.273517 3.81764 6 12 25.0063 0.158515 0.543136 3 1 1 0 1 2 3 1 0 0 0 1 0 0 0
1 32 3120 37 799 0 0.313292 1.53917 0.00121757 0.000805596 41.4735 -0.0341126 9.96051 -1.31795 6.3914 -30 6 12 33.1698 0.329769 1.55413 4 3 1 2 1 4 5 1 0 0 0 1 1 0 1
1 32 3120 800 800 1 -0.0406481 1.71329 0.00177049 0.00160128 0.00283301 -0.0795092 5.60471 -2.52476 1.39162 2.58792 5 10 25.0734 0.173928 1.6686 3 2 1 0 0 3 2 1 0 0 0 1 0 0 0
1 32 3120 209 801 0 0.280325 1.44388 0.00095386 0.000819504 5.70452e-05 -0.0476136 5.28196 4.62676 4.62676 3.91804 6 12 20.2878 0.314086 1.40947 2 1 1 0 1 1 1 1 0 0 0 1 1 0 1
1 32 3120 104 805 0 -0.0548166 0.115946 0.000353812 0.00182684 0.000291503 0.0942531 1.05121 6.22187 6.22187 5.94376 6 12 34.4615 -0.0476036 0.0934499 4 1 1 0 1 3 2 1 0 0 0 1 1 0 1
1 32 3120 115 805 0 -0.0361518 0.0162352 0.000273201 0.00170908 0.000417794 0.0895509 1.06623 0.474272 5.64071 -30 6 12 34.4615 -0.0476036 0.0934499 4 1 1 0 1 2 2 1 0 0 0 1 1 0 1
1 32 3120 945 809 1 0.504699 1.63194 0.00174795 0.000675316 0.000493278 -0.0220122 2.67489 -0.0807124 1.49267 3.90718 5 10 25.3524 -0.0761206 1.65969 3 4 1 0 0 2 4 1 0 0 0 1 0 0 0
1 32 3120 888 811 0 0.0755946 1.24777 0.00157483 0.00166153 0.00159918 -0.0717492 0.87396 5.42343 5.42343 -30 6 12 28.8555 0.110815 1.20372 3 1 1 0 1 2 3 1 0 0 0 1 1 0 1
1 32 3120 908 811 0 0.00119971 1.31222 0.00185281 0.00196722 0.00233813 0.0839743 3.45937 -2.25637 5.74583 -30 6 12 28.8555 0.110815 1.20372 3 1 1 0 1 3 3 1 0 0 0 1 1 0 1
1 32 3120 941 811 1 -0.0925118 1.27171 0.00163655 0.00175028 0.0049462 0.11014 4.42727 -3.03119 4.11742 -30 6 12 28.8555 0.110815 1.20372 3 1 1 0 1 2 3 1 0 0 0 1 0 0 0
1 32 3120 468 812 0 -0.0284337 0.279344 0.000537807 0.00162988 0.000203753 -0.0884139 0.635732 6.17234 6.17234 -30 6 12 29.2934 -0.0467343 0.27726 3 1 1 0 1 2 1 1 0 0 0 1 1 0 1
1 32 3120 227 816 0 -0.0549693 0.201687 0.000401211 0.00167985 0.000231527 0.0953983 2.67526 6.57475 6.57475 -30 6 12 19.8705 -0.0625821 0.149929 2 1 1 0 1 1 1 1 0 0 0 1 1 0 1
1 32 3120 953 822 0 0.0769332 0.0356732 0.000289505 0.00134666 0.000400419 0.068927 2.738 6.3824 6.3824 -30 5 10 20.4754 0.0502652 0.0180331 2 1 1 0 1 2 1 1 0 0 0 1 1 0 1
1 32 3120 583 823 0 0.541818 0.766823 0.000522798 0.000542537 0.000337617 -0.0243856 2.0086 -2.36668 6.50481 -30 6 12 28.1852 -0.065209 0.81181 3 1 1 0 1 2 3 1 0 0 0 1 1 0 1
1 32 3120 599 823 0 0.156037 0.806041 0.000910763 0.00120629 0.000156299 -0.0576232 6.78251 -5.07191 5.37125 -30 6 12 28.1852 -0.065209 0.81181 3 1 1 0 1 2 3 1 0 0 0 1 1 0 1
1 32 3120 612 823 0 -0.065652 0.907732 0.00142912 0.0019031 7.57197e-07 0.0929006 4.55466 4.75885 4.75885 -30 6 12 28.1852 -0.065209 0.81181 3 1 1 0 1 1 3 1 0 0 0 1 1 0 1
1 32 3120 786 824 0 0.120124 1.58218 0.00168233 0.00117562 0.00131394 -0.0570353 1.97956 6.61653 6.61653 -30 7 14 29.7441 0.159726 1.53986 3 2 1 1 1 3 2 1 0 0 0 1 1 0 1
1 32 3120 824 825 1 -0.0838574 1.14358 0.00163748 0.00182752 19.1248 0.10415 7.20058 0.128357 3.69955 -30 5 10 26.2208 0.021216 1.11335 3 1 1 0 1 5 1 1 0 0 0 1 0 0 0
1 32 3120 2692 826 0 -0.0640589 1.71137 0.0016953 0.00160271 0.00270968 0.102632 7.27763 -0.321631 4.14612 -30 6 12 32.8119 0.0355777 1.6469 4 1 1 0 1 3 1 1 0 0 0 1 1 0 1
1 32 3120 2397 834 2 0.115369 1.83962 0.00299428 0.00113423 40.2542 -0.0637988 11.9023 -2.00617 6.68801 -30 6 12 31.847 0.00860108 1.85646 4 1 1 0 1 4 14 1 0 0 0 0 0 1 0
1 32 3120 2491 834 2 1.90361 1.76125 0.0110683 0.000102879 7.91138 -0.000172403 11.8698 -2.77685 1.59803 -30 6 12 31.847 0.00860108 1.85646 4 2 1 1 1 11 14 1 0 0 0 0 0 1 0
1 32 3120 2500 834 1 0.945684 1.85576 0.00185781 0.0002604 8.3682 -0.00803809 12.8211 -2.24347 3.7589 -30 6 12 31.847 0.00860108 1.85646 4 1 1 0 1 11 14 0 1 1 1 1 0 0 0
1 32 3120 886 843 0 0.060215 1.79963 0.00180145 0.00146491 0.00161689 -0.0595113 4.22972 0.320975 6.22899 -30 5 10 21.1256 0.236149 1.72808 2 4 1 3 0 2 5 1 0 0 0 1 1 0 1
1 32 3120 893 843 0 0.211361 1.76107 0.00136804 0.000990626 0.000986672 -0.0452979 2.15422 5.99817 5.99817 -30 5 10 21.1256 0.236149 1.72808 2 1 1 0 1 2 5 1 0 0 0 1 1 0 1
1 32 3120 4246 845 1 0.225827 2.4234 0.00371296 0.000923591 24.4297 -0.029399 26.2 0.907178 0.907178 2.91082 5 10 26.2902 -0.0694238 2.3717 3 24 1 0 0 1 58 1 0 0 0 1 0 0 0
1 32 3120 11538 845 1 0.0517828 2.39978 0.00241912 0.00143359 37.3504 -0.0744047 40.323 1.86564 1.86564 2.99986 5 10 26.2902 -0.0694238 2.3717 3 23 1 0 0 1 58 1 0 0 0 1 0 0 0
1 32 3120 11539 845 1 -0.0897149 2.40292 0.00281919 0.00184074 1.92798 -0.108577 40.323 4.95251 4.95251 3.041 5 10 26.2902 -0.0694238 2.3717 3 1 1 0 1 1 58 1 0 0 0 1 0 0 0
1 32 3120 11639 845 1 0.0354672 2.37403 0.00232931 0.00137663 714.823 0.0689731 40.323 -2.92844 -2.92844 -2.55281 5 10 26.2902 -0.0694238 2.3717 3 4 1 0 0 1 58 1 0 0 0 1 0 0 0
1 32 3120 3049 851 0 1.21917 1.90295 0.00720461 0.000338263 7.58383 -0.00585084 13.4066 2.51859 2.51859 -30 5 10 25.458 0.69504 1.91839 3 4 1 3 0 8 14 1 0 0 1 1 1 0 1
1 32 3120 6533 851 0 0.356869 1.97157 0.00218347 0.000768406 1.77002 -0.0407997 26.2 -0.480761 6.42384 -30 5 10 25.458 0.69504 1.91839 3 2 1 1 0 7 14 1 0 0 1 1 1 0 1
1 32 3120 22 852 0 0.165415 1.75344 0.00172878 0.00112664 1.14178e-05 -0.0509965 3.33356 3.0041 3.0041 3.30386 7 14 28.5409 0.164083 1.70248 3 4 1 0 0 2 5 1 0 0 0 1 1 0 1
1 32 3120 26 852 0 0.15438 1.62887 0.00155902 0.00116947 0.21663 -0.0517405 6.96611 1.63678 6.62221 5.79466 7 14 28.5409 0.164083 1.70248 3 1 1 0 1 4 5 1 0 0 0 1 1 0 1
1 32 3120 30 854 0 0.197096 0.0880649 0.000318478 0.000990113 0.000359316 0.0530055 1.20639 3.98714 5.96825 -30 5 10 25.4314 0.0822629 0.0451246 3 1 1 0 1 2 2 1 0 0 0 1 1 0 1
1 32 3120 32 854 0 -0.067586 0.0843939 0.000307951 0.00183838 0.0114604 0.0960025 9.02509 -3.80912 6.26376 -30 5 10 25.4314 0.0822629 0.0451246 3 1 1 0 1 2 2 1 0 0 0 1 1 0 1
1 32 3120 426 858 0 0.511801 1.4241 0.00109022 0.000538819 0.000290397 0.0238715 4.00826 -0.875884 6.49407 -30 5 10 20.1839 0.256747 1.38889 2 1 1 0 1 3 2 1 0 0 0 1 1 0 1
1 32 3120 453 858 0 -0.0984265 1.34764 0.0018477 0.00187843 0.0427296 0.0985802 6.05849 -2.84133 5.33721 -30 5 10 20.1839 0.256747 1.38889 2 1 1 0 1 3 2 1 0 0 0 1 1 0 1
1 32 3120 20 862 0 -0.0763105 0.511618 0.000910553 0.00179179 5.23266e-05 -0.0984622 0.240264 -3.3497 6.8451 -30 6 12 24.5356 -0.0149453 0.50822 3 1 1 0 1 4 1 1 0 0 0 1 1 0 1
1 32 3120 1553 863 1 -0.0728021 1.71055 0.00181414 0.00166871 3.17653 -0.100625 8.50355 1.96328 1.96328 4.81788 6 12 32.0667 -0.0769035 1.69135 4 4 1 0 1 3 7 1 0 0 0 1 0 0 0
1 32 3120 1594 863 0 0.0702914 1.77806 0.00160207 0.00132712 49.8266 -0.0620789 11.8682 0.257429 6.77781 -30 6 12 32.0667 -0.0769035 1.69135 4 1 1 0 1 2 7 1 0 0 0 1 1 0 1
1 32 3120 465 865 1 -0.010262 1.39807 0.00158248 0.00143527 4.32497e-05 -0.0788784 4.92089 -1.32159 1.46291 4.66056 6 12 28.2326 0.350951 1.48438 3 1 1 0 1 2 5 1 0 0 0 1 0 0 0
1 32 3120 469 865 0 0.279324 1.45122 0.00107877 0.000868519 30.8078 -0.0415184 10.1213 6.79695 6.79695 -30 6 12 28.2326 0.350951 1.48438 3 1 1 0 1 4 5 1 0 0 0 1 1 0 1
1 32 3120 473 865 1 0.0443883 1.47929 0.00222534 0.00211594 7.25051e-05 -0.0746686 6.89754 -1.63342 0.877336 5.43859 6 12 28.2326 0.350951 1.48438 3 1 1 0 1 3 5 1 0 0 0 1 0 0 0
1 32 3120 491 865 0 0.0282853 1.45421 0.0014126 0.00136205 0.173766 0.0828222 6.80472 -0.85692 5.67047 -30 6 12 28.2326 0.350951 1.48438 3 2 1 1 1 3 5 1 0 0 0 1 1 0 1
1 32 3120 469 871 0 0.279324 1.45122 0.00107877 0.000868519 30.8078 -0.0415184 10.1213 0.281009 6.79695 -30 5 10 25.3764 0.0948212 1.57619 3 1 1 0 1 4 3 1 0 0 0 1 1 0 1
1 32 3120 470 871 0 0.0762513 1.63612 0.0017179 0.00124026 1.03156e-05 -0.064842 1.14861 5.17443 5.17443 -30 5 10 25.3764 0.0948212 1.57619 3 1 1 0 1 1 3 1 0 0 0 1 1 0 1
1 32 3120 473 871 1 0.0443883 1.47929 0.00222534 0.00211594 7.25051e-05 -0.0746686 6.89754 -1.54716 0.877336 5.43859 5 10 25.3764 0.0948212 1.57619 3 1 1 0 1 3 3 1 0 0 0 1 0 0 0
1 32 3120 808 873 0 0.632008 1.24651 0.000701337 0.000462838 0.000434579 -0.0187808 0.0627646 0.105454 2.64398 -30 5 10 25.2348 0.161462 1.17201 3 1 1 0 1 5 2 1 0 0 0 1 1 0 1
1 32 3120 824 873 1 -0.0838574 1.14358 0.00163748 0.00182752 19.1248 0.10415 7.20058 -1.41459 3.69955 -30 5 10 25.2348 0.161462 1.17201 3 1 1 0 1 5 2 1 0 0 0 1 0 0 0
1 32 3120 529 879 0 0.0417505 0.64057 0.000864712 0.00140397 9.08945e-05 0.0772426 1.24895 -1.92112 4.86208 4.93219 5 10 17.2018 0.718679 0.565378 3 2 1 0 1 3 2 1 0 0 0 1 1 0 1
1 32 3120 2500 884 1 0.945684 1.85576 0.00185781 0.0002604 8.3682 -0.00803809 12.8211 -0.553449 3.7589 -30 5 10 26.4125 0.74733 1.80133 3 1 1 0 1 11 9 0 1 1 1 1 0 0 0
1 32 3120 3051 886 1 0.824165 1.70163 0.00208733 0.000350038 44.4818 0.00707673 13.4066 5.94194 5.94194 -30 6 12 25.8461 0.724602 1.73064 3 1 1 0 1 3 1 1 0 1 1 1 0 0 0
1 32 3120 984 891 0 -0.0622588 1.51922 0.00158151 0.00152627 0.815353 0.0919271 6.78697 2.62659 5.27719 -30 6 12 28.3511 0.0277557 1.52125 3 1 1 0 1 4 2 1 0 0 0 1 1 0 1
1 32 3120 1006 891 0 0.0441206 1.48914 0.00139471 0.00131713 18.7861 0.0701027 8.54941 6.50379 6.50379 -30 6 12 28.3511 0.0277557 1.52125 3 1 1 0 1 3 2 1 0 0 0 1 1 0 1
1 32 3120 742 896 0 0.544041 0.913661 0.000619586 0.000551797 18.6087 0.0235003 7.07866 -1.10431 6.50136 -30 6 12 34.019 0.0904502 1.02458 4 1 1 0 1 2 1 1 0 0 0 1 1 0 1
1 32 3120 764 902 0 -0.0121254 0.658762 0.00104205 0.00166535 0.0011462 -0.089472 3.61769 5.29659 5.29659 -30 5 10 25.2911 -0.0282481 0.596887 3 2 1 1 0 3 2 1 0 0 0 1 1 0 1
1 32 3120 849 904 1 -0.091848 1.35201 0.00164704 0.00168413 0.000802366 0.104864 2.31006 0.593033 0.593033 2.13242 5 10 24.8946 0.000891167 1.41365 3 2 1 0 1 1 4 1 0 0 0 1 0 0 0
1 32 3120 448 913 0 0.026512 1.06347 0.00164795 0.00196355 1.66102e-08 0.0798196 0.340449 4.04406 4.04406 -30 6 12 28.6313 0.0576936 1.03558 3 1 1 0 1 1 2 1 0 0 0 1 1 0 1
1 32 3120 393 914 0 -0.00872381 1.06494 0.00157425 0.00185534 0.12103 0.0867684 3.79601 6.04814 6.04814 -30 6 12 32.6909 0.00495212 1.07616 4 1 1 0 1 2 1 1 0 0 0 1 1 0 1
1 32 3120 1553 915 1 -0.0728021 1.71055 0.00181414 0.00166871 3.17653 -0.100625 8.50355 -1.30943 1.96328 4.81788 5 10 21.3231 0.100318 1.81064 2 4 1 0 1 3 15 1 0 0 0 1 0 0 0
1 32 3120 1594 915 0 0.0702914 1.77806 0.00160207 0.00132712 49.8266 -0.0620789 11.8682 6.77781 6.77781 -30 5 10 21.3231 0.100318 1.81064 2 1 1 0 1 2 15 1 0 0 0 1 1 0 1
1 32 3120 4473 915 1 0.0200475 1.85572 0.00176645 0.00144119 39.3028 0.0848811 25.65 -2.08985 3.5531 5.06818 5 10 21.3231 0.100318 1.81064 2 12 1 0 0 1 15 1 0 0 0 1 0 0 0
1 32 3120 132 930 0 -0.0100141 1.48933 0.00160499 0.00153309 17.0822 -0.0798687 9.34422 -1.29593 5.67869 -30 5 10 26.0018 0.314883 1.53931 3 1 1 0 1 3 2 1 0 0 0 1 1 0 1
1 32 3120 136 930 0 0.338541 1.53481 0.00117866 0.000785201 0.904379 -0.0368539 7.74181 6.65234 6.65234 -30 5 10 26.0018 0.314883 1.53931 3 1 1 0 1 3 2 1 0 0 0 1 1 0 1
1 32 3120 203 934 1 0.397143 1.60307 0.000911976 0.000643808 0.000198757 -0.032144 5.21316 0.734601 0.734601 2.33332 5 10 20.6813 0.245048 1.622 2 1 1 0 1 1 7 1 0 0 0 1 0 0 0
1 32 3120 2491 935 2 1.90361 1.76125 0.0110683 0.000102879 7.91138 -0.000172403 11.8698 -1.67774 1.59803 -30 6 12 24.9782 0.690498 1.72566 3 2 1 1 1 11 12 1 0 0 0 0 0 1 0
1 32 3120 2500 935 1 0.945684 1.85576 0.00185781 0.0002604 8.3682 -0.00803809 12.8211 -2.14595 3.7589 -30 6 12 24.9782 0.690498 1.72566 3 1 1 0 1 11 12 0 1 1 1 1 0 0 0
1 32 3120 875 940 1 0.365088 0.495034 0.000445401 0.00067214 0.00032389 -0.0356642 2.06483 -2.02672 0.473882 3.59207 6 12 31.2702 -0.00710276 0.42536 4 1 1 0 1 1 1 1 0 0 0 1 0 0 0
1 32 3120 143 944 0 -0.0458803 1.11102 0.00184471 0.00214525 9.51436e-05 -0.0942997 2.51843 -2.42689 6.67803 1.60951 6 12 32.8712 0.0886484 1.03748 4 1 1 0 1 3 1 1 0 0 0 1 1 0 1
1 32 3120 684 960 0 0.111067 1.95316 0.00273683 0.00120542 2.89864e-05 0.0473143 6.41179 -0.141511 4.35335 5.06351 5 10 24.4573 0.50645 1.9368 3 17 1 7 0 3 50 1 0 0 0 1 1 0 1
1 32 3120 6365 960 0 0.543428 1.90356 0.00150711 0.000478141 94.035 -0.0231916 24.4 4.63242 4.63242 -30 5 10 24.4573 0.50645 1.9368 3 24 1 22 0 3 50 1 0 0 0 1 1 0 1
1 32 3120 756 963 1 -0.0893022 1.93984 0.00326053 0.0022204 0.000674411 0.0781066 9.19121 0.255003 1.5224 4.17891 5 10 20.3242 0.163472 1.88149 2 6 1 0 0 3 6 1 0 0 0 1 0 0 0
1 32 3120 3053 975 2 -0.0975071 1.99848 0.00314449 0.00181876 0.806978 -0.0940604 13.5005 -1.40197 0.693972 2.08098 5 10 20.5411 0.0811364 2.05724 2 2 1 0 0 3 29 1 0 0 0 0 0 1 0
1 32 3120 6650 975 1 0.181048 2.17677 0.00226366 0.000859288 9.27374e-08 0.0464097 25.65 -2.16898 2.0058 5.09901 5 10 20.5411 0.0811364 2.05724 2 7 1 0 0 2 29 1 0 0 0 1 0 0 0
1 32 3120 982 976 1 0.0872131 0.604742 0.000811548 0.0013439 20.8409 0.0697703 9.94046 6.30274 6.30274 -30 5 10 19.7001 0.055935 0.716733 2 1 1 0 1 2 2 1 0 0 0 1 0 0 0
1 32 3120 983 976 0 0.0866008 0.753663 0.000988901 0.00139096 0.217326 0.0702619 3.31366 5.04504 6.24515 -30 5 10 19.7001 0.055935 0.716733 2 1 1 0 1 3 2 1 0 0 0 1 1 0 1
1 32 3120 132 977 0 -0.0100141 1.48933 0.00160499 0.00153309 17.0822 -0.0798687 9.34422 -1.80805 5.67869 -30 6 12 19.7437 0.444228 1.43954 2 1 1 0 1 3 1 1 0 0 0 1 1 0 1
1 32 3120 742 979 0 0.544041 0.913661 0.000619586 0.000551797 18.6087 0.0235003 7.07866 6.50136 6.50136 -30 6 12 19.3462 0.556216 0.949365 2 1 1 0 1 2 1 1 0 0 0 1 1 0 1
1 32 3120 2692 983 0 -0.0640589 1.71137 0.0016953 0.00160271 0.00270968 0.102632 7.27763 4.14612 4.14612 -30 5 10 20.2195 -0.0604418 1.70994 2 1 1 0 1 3 1 1 0 0 0 1 1 0 1
1 32 3120 3049 984 0 1.21917 1.90295 0.00720461 0.000338263 7.58383 -0.00585084 13.4066 -0.175591 2.51859 -30 6 12 32.9419 0.138146 1.98321 4 4 1 3 0 8 16 1 0 0 1 1 1 0 1
1 32 3120 3053 984 2 -0.0975071 1.99848 0.00314449 0.00181876 0.806978 -0.0940604 13.5005 0.298245 0.693972 2.08098 6 12 32.9419 0.138146 1.98321 4 2 1 0 0 3 16 1 0 0 0 0 0 1 0
1 32 3120 6533 984 0 0.356869 1.97157 0.00218347 0.000768406 1.77002 -0.0407997 26.2 6.42384 6.42384 -30 6 12 32.9419 0.138146 1.98321 4 2 1 1 0 7 16 1 0 0 1 1 1 0 1
1 32 3120 161 988 0 0.568966 0.0583821 0.000270453 0.000526934 0.000381269 -0.0230606 1.24643 -1.01742 5.69359 -30 5 10 19.3051 0.762389 0.041123 2 1 1 0 1 2 1 1 0 0 0 1 1 0 1
1 32 3120 774 991 0 0.327152 1.02938 0.000860356 0.000853891 0.06888 0.0409794 4.6447 -1.49619 6.20129 -30 6 12 19.5373 0.0212433 0.897545 2 1 1 0 1 2 1 1 0 0 0 1 1 0 1
1 32 3120 646 996 0 -0.0251225 0.044182 0.000289574 0.0016616 0.000349383 -0.0906226 5.92166 -2.34679 6.43517 -30 6 12 30.3817 0.240057 0.048135 4 1 1 0 1 3 2 1 0 0 0 1 1 0 1
1 32 3120 553 999 0 0.0514992 0.00671017 0.000325211 0.00145471 0.000378313 -0.0742451 1.28648 -1.62459 6.68092 -30 5 10 18.6075 0.179572 0.102949 2 1 1 0 1 2 1 1 0 0 0 1 1 0 1
1 32 3120 590 1003 0 0.0836872 1.53056 0.00155435 0.00120639 4.69096e-06 -0.0652672 0.0232318 6.26674 6.26674 -30 5 10 20.0148 0.0462953 1.48955 2 2 1 1 0 2 2 1 0 0 0 1 1 0 1
1 32 3120 2692 1007 0 -0.0640589 1.71137 0.0016953 0.00160271 0.00270968 0.102632 7.27763 -1.48845 4.14612 -30 6 12 27.5345 -0.0651328 1.66836 3 1 1 0 1 3 1 1 0 0 0 1 1 0 1
1 32 3120 3049 1012 0 1.21917 1.90295 0.00720461 0.000338263 7.58383 -0.00585084 13.4066 -0.238744 2.51859 -30 6 12 28.6878 0.281965 1.91744 3 4 1 3 0 8 16 1 0 0 1 1 1 0 1
1 32 3120 6466 1012 1 -0.031692 1.99175 0.00171446 0.00142196 108.601 -0.0721116 25.65 -3.38656 1.63059 4.47144 6 12 28.6878 0.281965 1.91744 3 2 1 0 1 7 16 1 0 0 0 1 0 0 0
1 32 3120 6533 1012 0 0.356869 1.97157 0.00218347 0.000768406 1.77002 -0.0407997 26.2 -2.14383 6.42384 -30 6 12 28.6878 0.281965 1.91744 3 2 1 1 0 7 16 1 0 0 1 1 1 0 1
1 32 3120 8 1016 1 -0.0567714 0.598696 0.001045 0.00181777 4.14898e-05 -0.0935583 0.75587 -3.48818 1.05081 5.94479 6 12 23.9446 0.00623619 0.636103 3 1 1 0 1 5 5 1 0 0 0 1 0 0 0
1 32 3120 14 1016 0 -0.0872102 0.728629 0.00134098 0.00203968 4.94838 -0.100497 5.07569 -4.82646 6.67873 1.39124 6 12 23.9446 0.00623619 0.636103 3 1 1 0 1 5 5 1 0 0 0 1 1 0 1
1 32 3120 20 1016 0 -0.0763105 0.511618 0.000910553 0.00179179 5.23266e-05 -0.0984622 0.240264 -3.564 6.8451 -30 6 12 23.9446 0.00623619 0.636103 3 1 1 0 1 4 5 1 0 0 0 1 1 0 1
1 32 3120 529 1028 0 0.0417505 0.64057 0.000864712 0.00140397 9.08945e-05 0.0772426 1.24895 4.86208 4.86208 4.93219 6 12 28.7519 0.0614227 0.536937 3 2 1 0 1 3 2 1 0 0 0 1 1 0 1
1 32 3120 984 1031 0 -0.0622588 1.51922 0.00158151 0.00152627 0.815353 0.0919271 6.78697 -3.30794 5.27719 -30 5 10 19.763 0.424247 1.39735 2 1 1 0 1 4 1 1 0 0 0 1 1 0 1
1 32 3120 508 1034 0 0.252087 1.13175 0.0010298 0.00111436 0.000663286 0.0450902 0.710963 6.5081 6.5081 -30 6 12 26.41 0.258675 1.07638 3 1 1 0 1 2 1 1 0 0 0 1 1 0 1
1 32 3120 638 1037 0 0.0237287 0.0730834 0.000278834 0.00148941 0.000426745 0.0777336 1.737 -1.0409 2.24096 -30 5 10 20.8734 0.348662 0.0411085 2 1 1 0 1 3 1 1 0 0 0 1 0 0 0
1 32 3120 2380 1042 1 -0.098281 1.65511 0.00225386 0.00224819 0.00471906 -0.114665 6.82905 -0.602916 0.718771 5.02734 5 10 24.6081 -0.0248936 1.79428 3 2 1 0 1 2 17 1 0 0 0 1 0 0 0
1 32 3120 2397 1042 2 0.115369 1.83962 0.00299428 0.00113423 40.2542 -0.0637988 11.9023 0.145896 6.68801 -30 5 10 24.6081 -0.0248936 1.79428 3 1 1 0 1 4 17 1 0 0 0 0 0 1 0
1 32 3120 2491 1042 2 1.90361 1.76125 0.0110683 0.000102879 7.91138 -0.000172403 11.8698 -0.750711 1.59803 -30 5 10 24.6081 -0.0248936 1.79428 3 2 1 1 1 11 17 1 0 0 0 0 0 1 0
1 32 3120 809 1043 1 -0.00212601 0.0196581 0.000291579 0.00156185 0.000397791 0.0832403 3.83927 -3.17144 4.50352 -30 6 12 19.0228 0.0789078 0.0795509 2 1 1 0 1 3 1 1 0 0 0 1 0 0 0
1 32 3120 756 1044 1 -0.0893022 1.93984 0.00326053 0.0022204 0.000674411 0.0781066 9.19121 0.844765 1.5224 4.17891 5 10 20.3652 0.00609552 1.91081 2 6 1 0 0 3 8 1 0 0 0 1 0 0 0
1 32 3120 6466 1044 1 -0.031692 1.99175 0.00171446 0.00142196 108.601 -0.0721116 25.65 -0.343571 1.63059 4.47144 5 10 20.3652 0.00609552 1.91081 2 2 1 0 1 7 8 1 0 0 0 1 0 0 0
1 32 3120 824 1047 1 -0.0838574 1.14358 0.00163748 0.00182752 19.1248 0.10415 7.20058 -1.17043 3.69955 -30 5 10 24.0526 0.132475 1.05479 3 1 1 0 1 5 1 1 0 0 0 1 0 0 0
1 32 3120 381 1048 1 0.679303 1.41495 0.00092169 0.000338206 9.20169 -0.0185168 7.31581 2.1882 2.1882 -30 6 12 19.3805 0.589466 1.42163 2 4 1 3 0 1 4 1 0 0 0 1 0 0 0
1 32 3120 2939 1052 1 0.116274 2.1601 0.00289247 0.00133104 4.44111e-07 -0.0461905 12.366 1.5599 1.70162 2.97968 5 10 24.7684 0.223817 2.12282 3 5 1 0 0 3 39 1 0 0 0 1 0 0 0
1 32 3120 2947 1052 1 0.210756 2.13918 0.00197381 0.00108404 1.09933e-05 -0.0430437 4.60014 0.820858 1.26411 3.94147 5 10 24.7684 0.223817 2.12282 3 26 1 0 0 3 39 1 0 0 0 1 0 0 0
1 32 3120 955 1054 0 0.558139 1.23099 0.00101264 0.000637117 0.00046829 0.0229048 1.21308 5.57121 5.57121 -30 6 12 26.7228 0.548682 1.1666 3 1 1 0 1 2 1 1 0 0 0 1 1 0 1
1 32 3120 67 1060 0 -0.0980781 1.20422 0.00225175 0.00252911 0.000371577 -0.103449 0.0322245 5.03209 5.03209 -30 5 10 20.3319 -0.0881519 1.17782 2 1 1 0 1 3 1 1 0 0 0 1 1 0 1
1 32 3120 938 1062 0 0.55923 1.44698 0.00120647 0.000486519 0.000464347 -0.0208077 4.48712 6.61826 6.61826 -30 5 10 20.6815 0.231531 1.42902 2 2 1 1 0 2 2 1 0 0 0 1 1 0 1
1 32 3120 3049 1066 0 1.21917 1.90295 0.00720461 0.000338263 7.58383 -0.00585084 13.4066 -0.367699 2.51859 -30 6 12 30.0532 0.376397 1.95139 4 4 1 3 0 8 16 1 0 0 1 1 1 0 1
1 32 3120 6466 1066 1 -0.031692 1.99175 0.00171446 0.00142196 108.601 -0.0721116 25.65 -0.398599 1.63059 4.47144 6 12 30.0532 0.376397 1.95139 4 2 1 0 1 7 16 1 0 0 0 1 0 0 0
1 32 3120 6533 1066 0 0.356869 1.97157 0.00218347 0.000768406 1.77002 -0.0407997 26.2 1.16518 6.42384 -30 6 12 30.0532 0.376397 1.95139 4 2 1 1 0 7 16 1 0 0 1 1 1 0 1
1 32 3120 276 1067 0 -0.00143926 0.116012 0.000348789 0.0016593 0.000311457 0.0829782 3.78921 6.58309 6.58309 -30 6 12 27.1181 -0.00452208 0.0374302 3 1 1 0 1 1 3 1 0 0 0 1 1 0 1
1 32 3120 665 1069 0 0.335299 1.30032 0.000851863 0.000732037 88.2731 -0.0398951 11.9324 5.39707 5.39707 5.15706 5 10 25.0317 0.309596 1.36627 3 2 1 0 1 2 2 1 0 0 0 1 1 0 1
1 32 3120 426 1073 0 0.511801 1.4241 0.00109022 0.000538819 0.000290397 0.0238715 4.00826 -1.2514 6.49407 -30 5 10 23.378 -0.0663821 1.37054 3 1 1 0 1 3 2 1 0 0 0 1 1 0 1
1 32 3120 453 1073 0 -0.0984265 1.34764 0.0018477 0.00187843 0.0427296 0.0985802 6.05849 5.33721 5.33721 -30 5 10 23.378 -0.0663821 1.37054 3 1 1 0 1 3 2 1 0 0 0 1 1 0 1
1 32 3120 26 1074 0 0.15438 1.62887 0.00155902 0.00116947 0.21663 -0.0517405 6.96611 -2.00788 6.62221 5.79466 5 10 24.2642 0.118032 1.63894 3 1 1 0 1 4 10 1 0 0 0 1 1 0 1
1 32 3120 37 1074 0 0.313292 1.53917 0.00121757 0.000805596 41.4735 -0.0341126 9.96051 -3.00916 6.3914 -30 5 10 24.2642 0.118032 1.63894 3 3 1 2 1 4 10 1 0 0 0 1 1 0 1
1 32 3120 524 1078 0 0.586026 0.178392 0.000287525 0.000478975 0.0973918 -0.0220629 5.89382 -0.587917 6.49686 -30 5 10 19.6548 0.0890818 0.181168 2 1 1 0 1 4 3 1 0 0 0 1 1 0 1
1 32 3120 558 1078 0 0.180636 0.108089 0.00033173 0.00110803 0.000352991 0.0547987 0.42549 -2.2489 6.47723 -30 5 10 19.6548 0.0890818 0.181168 2 1 1 0 1 6 3 1 0 0 0 1 1 0 1
1 32 3120 571 1078 0 0.0817922 0.163041 0.000348678 0.00129088 0.000315902 0.0682499 0.275317 -1.38317 5.94532 -30 5 10 19.6548 0.0890818 0.181168 2 1 1 0 1 3 3 1 0 0 0 1 1 0 1
1 32 3120 217 1085 0 0.112687 1.0113 0.00118307 0.00136787 0.215605 0.0659797 3.65625 0.152835 6.36282 4.41452 5 10 20.4399 -0.080311 0.942028 2 1 1 0 1 4 1 1 0 0 0 1 1 0 1
1 32 3120 251 1099 1 -0.0863429 0.508086 0.000943633 0.00186834 0.00104631 -0.1004 0.940768 -3.01237 -1.80936 1.91776 5 10 18.9305 0.65942 0.482698 2 1 1 0 1 1 1 1 0 0 0 1 0 0 0
1 32 3120 342 1103 0 0.0792161 1.29809 0.00134916 0.00128223 13.0564 -0.0603311 8.20466 6.59775 6.59775 -30 6 12 19.4936 0.099214 1.3306 2 1 1 0 1 2 1 1 0 0 0 1 1 0 1
1 32 3120 2397 1105 2 0.115369 1.83962 0.00299428 0.00113423 40.2542 -0.0637988 11.9023 0.426169 6.68801 -30 6 12 24.6424 0.30591 1.87314 3 1 1 0 1 4 22 1 0 0 0 0 0 1 0
1 32 3120 2491 1105 2 1.90361 1.76125 0.0110683 0.000102879 7.91138 -0.000172403 11.8698 -1.76147 1.59803 -30 6 12 24.6424 0.30591 1.87314 3 2 1 1 1 11 22 1 0 0 0 0 0 1 0
1 32 3120 2500 1105 1 0.945684 1.85576 0.00185781 0.0002604 8.3682 -0.00803809 12.8211 -0.256714 3.7589 -30 6 12 24.6424 0.30591 1.87314 3 1 1 0 1 11 22 0 1 1 1 1 0 0 0
1 32 3120 3049 1106 0 1.21917 1.90295 0.00720461 0.000338263 7.58383 -0.00585084 13.4066 2.18928 2.51859 -30 5 10 24.4178 1.22092 1.90394 3 4 1 3 0 8 16 1 0 0 1 1 1 0 1
1 32 3120 6466 1106 1 -0.031692 1.99175 0.00171446 0.00142196 108.601 -0.0721116 25.65 -3.12067 1.63059 4.47144 5 10 24.4178 1.22092 1.90394 3 2 1 0 1 7 16 1 0 0 0 1 0 0 0
1 32 3120 6533 1106 0 0.356869 1.97157 0.00218347 0.000768406 1.77002 -0.0407997 26.2 -2.01013 6.42384 -30 5 10 24.4178 1.22092 1.90394 3 2 1 1 0 7 16 1 0 0 1 1 1 0 1
1 32 3120 1578 1110 1 -0.096825 2.20486 0.00292738 0.00171112 9.82641 0.063857 14.024 2.80695 2.80695 2.8957 5 10 19.4847 -0.0789012 2.21955 2 6 1 0 0 2 7 1 0 0 0 1 0 0 0
1 32 3120 4446 1110 1 -0.099032 2.20617 0.00307176 0.00190304 54.0729 0.0807212 26.2 3.13119 3.13119 1.42384 5 10 19.4847 -0.0789012 2.21955 2 1 1 0 1 2 7 1 0 0 0 1 0 0 0
1 32 3120 254 1111 0 -0.0714702 2.03889 0.00272051 0.00178343 3.86763e-05 0.0663165 5.13797 -1.35662 5.45599 4.12303 5 10 24.2207 -0.0844807 2.12497 3 10 1 0 0 2 6 1 0 0 0 1 1 0 1
1 32 3120 675 1112 1 -0.0546284 1.62105 0.00186439 0.00171789 0.00482045 -0.0913102 4.96992 -2.17632 0.985079 3.1177 6 12 26.195 0.0201413 1.60894 3 2 1 0 0 3 5 1 0 0 0 1 0 0 0
1 32 3120 719 1112 0 0.0243664 1.7088 0.00193378 0.00142979 0.00243916 0.0662948 6.89923 -0.41224 6.1661 -30 6 12 26.195 0.0201413 1.60894 3 3 1 2 0 3 5 1 0 0 0 1 1 0 1
1 32 3120 938 1113 0 0.55923 1.44698 0.00120647 0.000486519 0.000464347 -0.0208077 4.48712 -4.23183 6.61826 -30 6 12 26.2689 -0.0160006 1.56941 3 2 1 1 0 2 7 1 0 0 0 1 1 0 1
1 32 3120 945 1113 1 0.504699 1.63194 0.00174795 0.000675316 0.000493278 -0.0220122 2.67489 -2.39552 1.49267 3.90718 6 12 26.2689 -0.0160006 1.56941 3 4 1 0 0 2 7 1 0 0 0 1 0 0 0
1 32 3120 952 1113 1 0.0785645 1.62259 0.00139531 0.00125266 0.00202357 0.0678704 4.02708 0.977546 0.977546 2.95434 6 12 26.2689 -0.0160006 1.56941 3 1 1 0 1 1 7 1 0 0 0 1 0 0 0
1 32 3120 2491 1115 2 1.90361 1.76125 0.0110683 0.000102879 7.91138 -0.000172403 11.8698 1.59803 1.59803 -30 5 10 24.3032 1.14024 1.77536 3 2 1 1 1 11 19 1 0 0 0 0 0 1 0
1 32 3120 2500 1115 1 0.945684 1.85576 0.00185781 0.0002604 8.3682 -0.00803809 12.8211 -1.42324 3.7589 -30 5 10 24.3032 1.14024 1.77536 3 1 1 0 1 11 19 0 1 1 1 1 0 0 0
1 32 3120 2034 1121 1 -0.0747383 1.62326 0.0017334 0.00168518 5.24396 0.109008 8.37203 -0.669306 0.172875 3.00029 5 10 19.7836 0.00438846 1.69673 2 6 1 0 0 1 13 1 0 0 0 1 0 0 0
1 32 3120 402 1125 1 -0.0797043 0.937266 0.00165119 0.00210761 3.07954 0.0998999 4.57011 -0.939481 2.29701 3.38682 6 12 27.2464 -0.0218932 0.812689 3 1 1 0 1 4 3 1 0 1 1 1 0 0 0
1 32 3120 268 1128 1 0.201997 1.33936 0.00116767 0.000980033 0.198984 0.0493459 5.26084 -1.81644 0.285773 3.99105 5 10 23.8278 0.131742 1.27875 3 1 1 0 1 1 1 1 0 0 0 1 0 0 0
1 32 3120 119 1129 1 -0.070183 0.803588 0.00137327 0.00193586 0.00155861 0.0966648 3.66176 -3.02347 0.56486 3.42583 6 12 28.3532 -0.0907239 0.714444 3 1 1 0 1 3 1 1 0 0 0 1 0 0 0
1 32 3120 20 1130 0 -0.0763105 0.511618 0.000910553 0.00179179 5.23266e-05 -0.0984622 0.240264 -0.842015 6.8451 -30 6 12 26.4478 0.0336619 0.450178 3 1 1 0 1 4 1 1 0 0 0 1 1 0 1
1 32 3120 808 1134 0 0.632008 1.24651 0.000701337 0.000462838 0.000434579 -0.0187808 0.0627646 -2.28865 2.64398 -30 6 12 27.3331 0.396649 1.28661 3 1 1 0 1 5 1 1 0 0 0 1 1 0 1
1 32 3120 1553 1135 1 -0.0728021 1.71055 0.00181414 0.00166871 3.17653 -0.100625 8.50355 -0.0685467 1.96328 4.81788 5 10 21.2072 0.160383 1.58241 2 4 1 0 1 3 4 1 0 0 0 1 0 0 0
1 32 3120 3049 1137 0 1.21917 1.90295 0.00720461 0.000338263 7.58383 -0.00585084 13.4066 1.62497 2.51859 -30 5 10 20.9647 1.96519 1.91154 2 4 1 3 0 8 16 1 0 0 1 1 1 0 1
1 32 3120 6466 1137 1 -0.031692 1.99175 0.00171446 0.00142196 108.601 -0.0721116 25.65 -3.22422 1.63059 4.47144 5 10 20.9647 1.96519 1.91154 2 2 1 0 1 7 16 1 0 0 0 1 0 0 0
1 32 3120 6533 1137 0 0.356869 1.97157 0.00218347 0.000768406 1.77002 -0.0407997 26.2 -1.35211 6.42384 -30 5 10 20.9647 1.96519 1.91154 2 2 1 1 0 7 16 1 0 0 1 1 1 0 1
1 32 3120 621 1139 0 0.0354034 1.37644 0.00151132 0.00147011 98.545 -0.0705623 12.5241 5.78762 5.78762 -30 5 10 23.7628 0.0270286 1.45328 3 1 1 0 1 1 1 1 0 0 0 1 1 0 1
1 32 3120 2491 1140 2 1.90361 1.76125 0.0110683 0.000102879 7.91138 -0.000172403 11.8698 -1.17174 1.59803 -30 5 10 23.8914 -0.0687762 1.78844 3 2 1 1 1 11 24 1 0 0 0 0 0 1 0
1 32 3120 2500 1140 1 0.945684 1.85576 0.00185781 0.0002604 8.3682 -0.00803809 12.8211 -2.05614 3.7589 -30 5 10 23.8914 -0.0687762 1.78844 3 1 1 0 1 11 24 0 1 1 1 1 0 0 0
1 32 3120 173 1142 0 -0.0694117 1.36357 0.00173181 0.00166548 156.101 0.0888478 14.1042 -0.543818 6.03328 2.35001 6 12 26.2286 -0.0357268 1.27359 3 2 1 0 1 2 3 1 0 0 0 1 1 0 1
1 32 3120 186 1142 0 -0.0383103 1.23115 0.00151405 0.0015887 13.0055 0.0888702 7.70196 6.37344 6.37344 -30 6 12 26.2286 -0.0357268 1.27359 3 1 1 0 1 1 3 1 0 0 0 1 1 0 1
1 32 3120 602 1144 0 0.0428808 0.573368 0.000858708 0.00151992 0.000809725 0.0771327 4.63764 5.88997 5.88997 5.91916 6 12 24.5563 0.0313385 0.472933 3 1 1 0 1 2 1 1 0 0 0 1 1 0 1
1 32 3120 508 1145 0 0.252087 1.13175 0.0010298 0.00111436 0.000663286 0.0450902 0.710963 5.14675 6.5081 -30 5 10 23.7136 0.157783 1.07065 3 1 1 0 1 2 1 1 0 0 0 1 1 0 1
1 32 3120 929 1146 0 -0.0528 0.648951 0.00110011 0.00178859 2.68187e-05 -0.0931263 1.17197 -0.752721 6.04246 -30 5 10 23.5529 -0.0342821 0.652189 3 1 1 0 1 2 1 1 0 0 0 1 1 0 1
1 32 3120 1602 1150 1 0.0459393 2.02478 0.00188735 0.00136385 38.0494 -0.0523019 13.5039 0.174762 2.55457 -30 6 12 32.5848 -0.0100577 2.02859 4 12 1 11 0 1 21 1 0 0 0 1 0 0 0
1 32 3120 673 1152 0 0.0580042 0.291041 0.000602853 0.00173607 0.153952 -0.0726542 3.36873 -0.730808 5.33977 -30 6 12 26.5138 0.0405285 0.20508 3 2 1 1 0 2 6 1 0 0 0 1 1 0 1
1 32 3120 680 1152 1 -0.0942289 0.308969 0.000634583 0.00190759 1.29155 -0.102322 7.22571 -2.03614 -0.876934 2.43152 6 12 26.5138 0.0405285 0.20508 3 2 1 0 1 2 6 1 0 0 0 1 0 0 0
1 32 3120 687 1152 0 0.0506765 0.201927 0.000389346 0.00140649 2.60376e-07 -0.0734877 0.785904 4.67281 4.67281 -30 6 12 26.5138 0.0405285 0.20508 3 1 1 0 1 1 6 1 0 0 0 1 1 0 1
1 32 3120 712 1152 1 -0.0506514 0.132656 0.000364696 0.00171622 0.00027182 0.0962132 1.28648 -3.13171 -0.632993 4.95188 6 12 26.5138 0.0405285 0.20508 3 1 1 0 1 1 6 1 0 0 0 1 0 0 0
1 32 3120 170 1155 0 -0.0205327 1.80987 0.00244667 0.0017285 0.000598131 0.0701442 9.13919 4.09183 4.09183 3.92374 5 10 24.1337 0.015151 1.78614 3 4 1 0 0 1 4 1 0 0 0 1 1 0 1
1 32 3120 756 1156 1 -0.0893022 1.93984 0.00326053 0.0022204 0.000674411 0.0781066 9.19121 0.544723 1.5224 4.17891 5 10 18.214 0.0966431 1.90315 2 6 1 0 0 3 6 1 0 0 0 1 0 0 0
1 32 3120 2979 1166 0 -0.0682489 1.72139 0.00177756 0.00165282 0.00311964 -0.10386 5.94825 -2.03232 5.65417 -30 6 12 25.5226 0.592586 1.74129 3 1 1 0 1 5 2 1 0 0 0 1 1 0 1
1 32 3120 2985 1166 0 0.681491 1.73647 0.00104754 0.000423983 0.867889 -0.0173081 8.19413 5.70414 5.70414 -30 6 12 25.5226 0.592586 1.74129 3 1 1 0 1 4 2 1 0 0 0 1 1 0 1
1 32 3120 888 1172 0 0.0755946 1.24777 0.00157483 0.00166153 0.00159918 -0.0717492 0.87396 -2.6797 5.42343 -30 5 10 18.2007 -0.0382576 1.23381 2 1 1 0 1 2 3 1 0 0 0 1 1 0 1
1 32 3120 908 1172 0 0.00119971 1.31222 0.00185281 0.00196722 0.00233813 0.0839743 3.45937 5.74583 5.74583 -30 5 10 18.2007 -0.0382576 1.23381 2 1 1 0 1 3 3 1 0 0 0 1 1 0 1
1 32 3120 941 1172 1 -0.0925118 1.27171 0.00163655 0.00175028 0.0049462 0.11014 4.42727 -0.747414 4.11742 -30 5 10 18.2007 -0.0382576 1.23381 2 1 1 0 1 2 3 1 0 0 0 1 0 0 0
1 32 3120 7301 1176 1 -0.0920753 2.14312 0.00229311 0.00186363 145.689 -0.0981027 33.195 0.0870987 0.0870987 1.75239 6 12 33.0898 0.27045 2.19835 4 6 1 0 0 2 13 1 0 0 0 1 0 0 0
1 32 3120 462 1182 1 0.362282 0.405017 0.000399189 0.000652379 1.74111 -0.0366814 5.80153 0.609121 0.609121 4.74663 5 10 16.605 0.293959 0.512641 2 1 1 0 1 1 1 1 0 0 0 1 0 0 0
1 32 3120 3051 1183 1 0.824165 1.70163 0.00208733 0.000350038 44.4818 0.00707673 13.4066 -0.0138812 5.94194 -30 6 12 25.318 0.0694183 1.77814 3 1 1 0 1 3 6 1 0 1 1 1 0 0 0
1 32 3120 104 1186 0 -0.0548166 0.115946 0.000353812 0.00182684 0.000291503 0.0942531 1.05121 0.978823 6.22187 5.94376 5 10 19.3397 -0.0354499 0.181168 2 1 1 0 1 3 2 1 0 0 0 1 1 0 1
1 32 3120 112 1186 0 0.304919 0.219182 0.000343095 0.000872637 0.000351061 0.0406779 2.4777 -2.82759 6.66533 -30 5 10 19.3397 -0.0354499 0.181168 2 1 1 0 1 2 2 1 0 0 0 1 1 0 1
1 32 3120 838 1188 1 -0.0362621 1.22295 0.00152453 0.00162278 2.21694 -0.0956052 5.32598 -2.31536 0.929117 -30 5 10 20.5345 0.073818 1.27599 3 1 1 0 1 1 2 1 0 0 0 1 0 0 0
1 32 3120 908 1188 0 0.00119971 1.31222 0.00185281 0.00196722 0.00233813 0.0839743 3.45937 2.04447 5.74583 -30 5 10 20.5345 0.073818 1.27599 3 1 1 0 1 3 2 1 0 0 0 1 1 0 1
1 32 3120 2741 1190 0 -0.0762335 1.62199 0.00176605 0.0017211 38.0363 -0.101394 11.5736 5.42707 5.42707 -30 6 12 30.1067 -0.0571133 1.66632 4 2 1 1 1 3 14 1 0 0 0 1 1 0 1
1 32 3120 33 1193 0 -0.0367594 1.10528 0.00180457 0.00208634 3.63957e-05 0.0895489 2.68726 4.35829 4.35829 -30 5 10 24.7601 -0.0434729 1.11164 3 1 1 0 1 1 1 1 0 0 0 1 1 0 1
1 32 3120 262 1194 0 0.376747 0.573409 0.000474137 0.000684025 0.000321654 -0.034349 12.0847 -3.83885 6.3329 -30 5 10 17.2169 -0.0587728 0.710408 2 1 1 0 1 1 1 1 0 0 0 1 1 0 1
1 32 3120 342 1196 0 0.0792161 1.29809 0.00134916 0.00128223 13.0564 -0.0603311 8.20466 0.708538 6.59775 -30 6 12 27.1609 0.418511 1.3024 3 1 1 0 1 2 1 1 0 0 0 1 1 0 1
1 32 3120 471 1198 1 0.267301 1.79186 0.00219543 0.00073621 1.2725 -0.0338482 10.2415 0.0564379 1.83547 4.0759 5 10 22.7444 -0.0507999 1.88018 3 2 1 0 1 2 2 1 0 0 0 1 0 0 0
1 32 3120 638 1200 0 0.0237287 0.0730834 0.000278834 0.00148941 0.000426745 0.0777336 1.737 -0.836181 2.24096 -30 6 12 21.4236 -0.0121818 0.0346662 3 1 1 0 1 3 1 1 0 0 0 1 0 0 0
1 32 3120 2491 1204 2 1.90361 1.76125 0.0110683 0.000102879 7.91138 -0.000172403 11.8698 -2.87215 1.59803 -30 5 10 20.872 0.174419 1.86669 3 2 1 1 1 11 22 1 0 0 0 0 0 1 0
1 32 3120 2500 1204 1 0.945684 1.85576 0.00185781 0.0002604 8.3682 -0.00803809 12.8211 3.7589 3.7589 -30 5 10 20.872 0.174419 1.86669 3 1 1 0 1 11 22 0 1 1 1 1 0 0 0
1 32 3120 217 1206 0 0.112687 1.0113 0.00118307 0.00136787 0.215605 0.0659797 3.65625 -1.81414 6.36282 4.41452 5 10 18.4007 0.0113845 1.07259 2 1 1 0 1 4 1 1 0 0 0 1 1 0 1
1 32 3120 2741 1208 0 -0.0762335 1.62199 0.00176605 0.0017211 38.0363 -0.101394 11.5736 2.16691 5.42707 -30 5 10 20.2915 -0.0475823 1.67225 2 2 1 1 1 3 2 1 0 0 0 1 1 0 1
1 32 3120 808 1210 0 0.632008 1.24651 0.000701337 0.000462838 0.000434579 -0.0187808 0.0627646 -3.19937 2.64398 -30 5 10 22.1331 0.0620857 1.19591 3 1 1 0 1 5 2 1 0 0 0 1 1 0 1
1 32 3120 824 1210 1 -0.0838574 1.14358 0.00163748 0.00182752 19.1248 0.10415 7.20058 0.546319 3.69955 -30 5 10 22.1331 0.0620857 1.19591 3 1 1 0 1 5 2 1 0 0 0 1 0 0 0
1 32 3120 806 1213 0 -0.00980948 0.0822103 0.000333248 0.00166806 7.50074e-09 0.0848275 1.60685 -4.23478 5.78787 -30 5 10 16.7091 0.258022 0.142696 2 2 1 1 0 2 2 1 0 0 0 1 1 0 1
1 32 3120 469 1214 0 0.279324 1.45122 0.00107877 0.000868519 30.8078 -0.0415184 10.1213 -3.84858 6.79695 -30 5 10 22.4355 -0.00756986 1.42907 3 1 1 0 1 4 3 1 0 0 0 1 1 0 1
1 32 3120 491 1214 0 0.0282853 1.45421 0.0014126 0.00136205 0.173766 0.0828222 6.80472 0.609838 5.67047 -30 5 10 22.4355 -0.00756986 1.42907 3 2 1 1 1 3 3 1 0 0 0 1 1 0 1
1 32 3120 29 1216 0 0.111017 0.548029 0.000702612 0.00120375 0.0668556 0.0639751 2.10487 5.49978 5.49978 -30 6 12 25.3086 0.0979476 0.562003 3 1 1 0 1 3 3 1 0 0 0 1 1 0 1
1 32 3120 457 1217 0 0.00119635 0.584484 0.000903497 0.00155601 6.48986e-05 -0.0856967 1.23964 3.55923 3.55923 3.55572 5 10 22.5561 0.000689727 0.53597 3 4 1 0 1 2 6 1 0 0 0 1 1 0 1
1 32 3120 788 1218 1 -0.0907003 1.80077 0.00269119 0.00199289 1.21236 -0.0795314 11.0912 -0.451212 1.78062 3.12087 5 10 18.8542 -0.0888304 1.75351 2 2 1 0 1 1 4 1 0 0 0 1 0 0 0
1 32 3120 800 1218 1 -0.0406481 1.71329 0.00177049 0.00160128 0.00283301 -0.0795092 5.60471 1.39162 1.39162 2.58792 5 10 18.8542 -0.0888304 1.75351 2 2 1 0 0 3 4 1 0 0 0 1 0 0 0
1 32 3120 465 1219 1 -0.010262 1.39807 0.00158248 0.00143527 4.32497e-05 -0.0788784 4.92089 1.46291 1.46291 4.66056 6 12 23.2462 -0.0753362 1.28743 3 1 1 0 1 2 1 1 0 0 0 1 0 0 0
1 32 3120 922 1221 0 0.0462696 0.397302 0.000586535 0.00126888 0.000198233 -0.0745504 1.8887 4.92522 4.92522 4.29044 5 10 22.126 0.0294545 0.34185 3 1 1 0 1 3 2 1 0 0 0 1 1 0 1
1 32 3120 954 1221 0 -0.0750103 0.353568 0.000685274 0.00179464 0.000130044 0.0977023 2.05737 -1.61318 6.4435 -30 5 10 22.126 0.0294545 0.34185 3 1 1 0 1 3 2 1 0 0 0 1 1 0 1
1 32 3120 856 1223 0 0.195094 0.307304 0.000384165 0.00100334 0.867384 0.0539937 6.17576 3.64573 3.64573 4.28785 5 10 23.0547 0.167623 0.407468 3 1 1 0 1 2 3 1 0 0 0 1 1 0 1
1 32 3120 864 1223 1 -0.085551 0.353216 0.000672628 0.00174485 0.000111011 0.101101 0.0100322 -1.58237 -0.0532069 4.23909 5 10 23.0547 0.167623 0.407468 3 2 1 0 1 1 3 1 0 0 0 1 0 0 0
1 32 3120 984 1225 0 -0.0622588 1.51922 0.00158151 0.00152627 0.815353 0.0919271 6.78697 -2.73774 5.27719 -30 6 12 26.4798 -0.0564212 1.46166 3 1 1 0 1 4 1 1 0 0 0 1 1 0 1
1 32 3120 638 1228 0 0.0237287 0.0730834 0.000278834 0.00148941 0.000426745 0.0777336 1.737 2.24096 2.24096 -30 5 10 22.2908 0.0411447 0.0401345 3 1 1 0 1 3 1 1 0 0 0 1 0 0 0
1 32 3120 904 1229 0 -0.0367677 0.498773 0.000825791 0.00166062 15.1821 -0.0923033 10.6516 -2.69855 5.62622 -30 5 10 21.7861 0.229778 0.615159 3 1 1 0 1 2 1 1 0 0 0 1 1 0 1
1 32 3120 593 1230 1 0.0584046 0.542593 0.000726452 0.00134713 0.671328 -0.0738167 3.22716 1.93105 1.93105 -30 6 12 22.8071 0.0167952 0.605137 3 1 1 0 1 1 2 1 0 0 0 1 0 0 0
1 32 3120 602 1230 0 0.0428808 0.573368 0.000858708 0.00151992 0.000809725 0.0771327 4.63764 -2.31327 5.88997 5.91916 6 12 22.8071 0.0167952 0.605137 3 1 1 0 1 2 2 1 0 0 0 1 1 0 1
1 32 3120 713 1231 0 -0.0129208 0.254133 0.000488388 0.00157065 0.000225528 -0.0853126 0.615708 5.02203 5.02203 -30 5 10 23.1056 -0.0208733 0.255532 3 1 1 0 1 2 2 1 0 0 0 1 1 0 1
1 32 3120 765 1231 0 0.0834917 0.38233 0.000618409 0.00133882 0.000218186 0.0691712 0.0100187 -2.21368 6.78102 -30 5 10 23.1056 -0.0208733 0.255532 3 1 1 0 1 2 2 1 0 0 0 1 1 0 1
1 32 3120 129 1234 0 -0.0474067 0.348935 0.000607527 0.00160234 0.124108 0.0910314 2.61649 5.29341 5.29341 4.79343 5 10 17.5901 -0.0501756 0.309878 2 1 1 0 1 1 1 1 0 0 0 1 1 0 1
1 32 3120 56 1235 0 -0.0854838 0.677544 0.00124455 0.00198704 0.00158141 0.104463 4.27339 -3.28005 5.46785 5.58348 5 10 17.3451 0.0730847 0.572418 3 1 1 0 1 2 3 1 0 0 0 1 1 0 1
1 32 3120 59 1235 0 -0.0940924 0.62036 0.0011304 0.00193999 0.00142984 0.105755 3.46094 -3.11985 5.71006 3.43863 5 10 17.3451 0.0730847 0.572418 3 1 1 0 1 3 3 1 0 0 0 1 1 0 1
1 32 3120 63 1235 1 0.310153 0.604012 0.000546067 0.000779092 0.000503933 0.0418674 0.660544 -0.718395 0.0244371 5.89731 5 10 17.3451 0.0730847 0.572418 3 1 1 0 1 3 3 1 0 0 0 1 0 0 0
1 32 3120 827 1238 1 0.0409871 0.298544 0.000497246 0.00134708 0.000590072 0.0781219 2.54778 2.47724 2.47724 5.97682 5 10 17.1186 0.0026455 0.179916 2 1 1 0 1 2 2 1 0 0 0 1 0 0 0
1 32 3120 831 1238 0 0.00504895 0.135973 0.000376579 0.00158892 0.000492832 0.0851673 1.35656 -0.787964 4.86055 -30 5 10 17.1186 0.0026455 0.179916 2 1 1 0 1 3 2 1 0 0 0 1 1 0 1
1 32 3120 786 1239 0 0.120124 1.58218 0.00168233 0.00117562 0.00131394 -0.0570353 1.97956 -3.8148 6.61653 -30 5 10 17.7225 -0.197606 1.59898 2 2 1 1 1 3 2 1 0 0 0 1 1 0 1
1 32 3120 386 1240 0 -0.0622841 1.05939 0.00149229 0.0017482 61.2536 0.0963378 9.8172 5.70311 5.70311 -30 6 12 23.3151 -0.0319382 1.14896 3 1 1 0 1 3 1 1 0 0 0 1 1 0 1
1 32 3120 809 1244 1 -0.00212601 0.0196581 0.000291579 0.00156185 0.000397791 0.0832403 3.83927 -1.77407 4.50352 -30 5 10 18.039 0.0106359 0.0410708 2 1 1 0 1 3 2 1 0 0 0 1 0 0 0
1 32 3120 831 1244 0 0.00504895 0.135973 0.000376579 0.00158892 0.000492832 0.0851673 1.35656 0.591649 4.86055 -30 5 10 18.039 0.0106359 0.0410708 2 1 1 0 1 3 2 1 0 0 0 1 1 0 1
1 32 3120 670 1246 1 -0.0669024 1.19177 0.00170702 0.00183456 20.8577 -0.0973884 8.21493 6.12622 6.12622 -30 5 10 18.8307 -0.0475206 1.24007 2 1 1 0 1 1 1 1 0 0 0 1 0 0 0
1 32 3120 1169 1247 0 0.0112277 1.70126 0.001605 0.00141653 33.1456 -0.0789659 10.8407 4.78638 4.78638 4.34035 6 12 17.8197 -0.0185825 1.73273 2 5 1 0 0 1 5 1 0 0 0 1 1 0 1
1 32 3120 808 1250 0 0.632008 1.24651 0.000701337 0.000462838 0.000434579 -0.0187808 0.0627646 2.64398 2.64398 -30 5 10 17.4541 0.544547 1.19614 2 1 1 0 1 5 1 1 0 0 0 1 1 0 1
1 32 3120 143 1251 0 -0.0458803 1.11102 0.00184471 0.00214525 9.51436e-05 -0.0942997 2.51843 -0.284613 6.67803 1.60951 5 10 21.8369 0.314848 1.00643 3 1 1 0 1 3 1 1 0 0 0 1 1 0 1
1 32 3120 136 1258 0 0.338541 1.53481 0.00117866 0.000785201 0.904379 -0.0368539 7.74181 -1.52799 6.65234 -30 5 10 18.623 -0.0728127 1.44776 3 1 1 0 1 3 3 1 0 0 0 1 1 0 1
1 32 3120 173 1258 0 -0.0694117 1.36357 0.00173181 0.00166548 156.101 0.0888478 14.1042 6.03328 6.03328 2.35001 5 10 18.623 -0.0728127 1.44776 3 2 1 0 1 2 3 1 0 0 0 1 1 0 1
1 32 3120 3049 1262 0 1.21917 1.90295 0.00720461 0.000338263 7.58383 -0.00585084 13.4066 -1.16315 2.51859 -30 5 10 18.1341 0.0924493 1.95249 2 4 1 3 0 8 16 1 0 0 1 1 1 0 1
1 32 3120 6466 1262 1 -0.031692 1.99175 0.00171446 0.00142196 108.601 -0.0721116 25.65 -1.59763 1.63059 4.47144 5 10 18.1341 0.0924493 1.95249 2 2 1 0 1 7 16 1 0 0 0 1 0 0 0
1 32 3120 6533 1262 0 0.356869 1.97157 0.00218347 0.000768406 1.77002 -0.0407997 26.2 -1.08556 6.42384 -30 5 10 18.1341 0.0924493 1.95249 2 2 1 1 0 7 16 1 0 0 1 1 1 0 1
1 32 3120 3389 1263 0 0.196767 1.91721 0.00136907 0.000808531 636.607 -0.0418882 25.65 6.35213 6.35213 -30 6 12 26.6204 0.21543 2.02129 4 7 1 6 0 1 7 1 0 0 0 1 1 0 1
1 32 3120 831 1267 0 0.00504895 0.135973 0.000376579 0.00158892 0.000492832 0.0851673 1.35656 4.86055 4.86055 -30 5 10 18.2797 -0.0354245 0.115397 2 1 1 0 1 3 1 1 0 0 0 1 1 0 1
1 32 3120 529 1270 0 0.0417505 0.64057 0.000864712 0.00140397 9.08945e-05 0.0772426 1.24895 -1.87494 4.86208 4.93219 5 10 15.65 0.421545 0.519736 2 2 1 0 1 3 2 1 0 0 0 1 1 0 1
1 32 3120 2979 1276 0 -0.0682489 1.72139 0.00177756 0.00165282 0.00311964 -0.10386 5.94825 -1.30611 5.65417 -30 6 12 17.9288 -0.10052 1.7191 3 1 1 0 1 5 2 1 0 0 0 1 1 0 1
1 32 3120 2985 1276 0 0.681491 1.73647 0.00104754 0.000423983 0.867889 -0.0173081 8.19413 -1.08512 5.70414 -30 6 12 17.9288 -0.10052 1.7191 3 1 1 0 1 4 2 1 0 0 0 1 1 0 1
1 32 3120 964 1277 0 -0.0198615 1.37664 0.00142836 0.00140249 0.0003165 -0.0906397 2.02464 4.0835 4.0835 5.46237 5 10 19.5238 0.0546983 1.36104 3 2 1 0 1 1 3 1 0 0 0 1 1 0 1
1 32 3120 1006 1277 0 0.0441206 1.48914 0.00139471 0.00131713 18.7861 0.0701027 8.54941 -2.25292 6.50379 -30 5 10 19.5238 0.0546983 1.36104 3 1 1 0 1 3 3 1 0 0 0 1 1 0 1
1 32 3120 389 1279 0 -0.0311518 0.0974934 0.000319437 0.00162201 0.000308179 0.0916945 3.03835 -1.11788 5.7946 -30 5 10 19.4845 0.156769 0.054023 3 1 1 0 1 3 1 1 0 0 0 1 1 0 1
1 32 3120 370 1283 0 0.300672 0.969238 0.000951327 0.000979 7.41806 -0.0429405 5.65154 -1.81873 2.62935 5.38871 5 10 16.158 0.0847311 1.01053 2 1 1 0 1 3 2 1 0 0 0 1 1 0 1
1 32 3120 386 1283 0 -0.0622841 1.05939 0.00149229 0.0017482 61.2536 0.0963378 9.8172 -4.55501 5.70311 -30 5 10 16.158 0.0847311 1.01053 2 1 1 0 1 3 2 1 0 0 0 1 1 0 1
1 32 3120 475 1285 0 0.743731 1.25581 0.000860542 0.000423158 0.000417752 0.0148874 1.02567 -1.05257 5.61471 -30 5 10 17.4766 0.00913522 1.2371 3 1 1 0 1 2 1 1 0 0 0 1 1 0 1
1 32 3120 255 1287 0 -0.0547569 0.296917 0.000551898 0.00162513 0.317297 0.0972514 4.25462 -2.01664 6.46284 -30 5 10 16.2928 0.0367988 0.271678 2 1 1 0 1 3 1 1 0 0 0 1 1 0 1
1 32 3120 403 1291 1 0.00690626 0.438499 0.00066941 0.00145385 1.31366 -0.0805801 4.63441 -3.31871 2.7805 5.787 5 10 16.9474 0.0477594 0.310114 2 1 1 0 1 3 2 1 0 0 0 1 0 0 0
1 32 3120 433 1291 0 0.0364161 0.245758 0.000431683 0.0014056 0.000262717 0.0757369 8.59459 -3.32248 5.9283 -30 5 10 16.9474 0.0477594 0.310114 2 1 1 0 1 1 2 1 0 0 0 1 1 0 1
1 32 3120 402 1295 1 -0.0797043 0.937266 0.00165119 0.00210761 3.07954 0.0998999 4.57011 -2.67097 2.29701 3.38682 5 10 15.8281 0.0103731 0.826092 2 1 1 0 1 4 3 1 0 1 1 1 0 0 0
1 32 3120 393 1304 0 -0.00872381 1.06494 0.00157425 0.00185534 0.12103 0.0867684 3.79601 -2.95032 6.04814 -30 5 10 20.7931 0.572553 1.09489 3 1 1 0 1 2 1 1 0 0 0 1 1 0 1
1 32 3120 3470 1305 1 -0.0901699 1.85613 0.00196106 0.00169985 627.019 -0.0852591 26.2 -3.60319 -1.23235 5.09916 5 10 17.4448 0.417726 1.75762 2 8 1 0 0 1 8 1 0 0 0 1 0 0 0
1 32 3120 67 1306 0 -0.0980781 1.20422 0.00225175 0.00252911 0.000371577 -0.103449 0.0322245 -0.189455 5.03209 -30 5 10 15.7216 0.117326 1.15321 2 1 1 0 1 3 1 1 0 0 0 1 1 0 1
1 32 3120 255 1307 0 -0.0547569 0.296917 0.000551898 0.00162513 0.317297 0.0972514 4.25462 -2.86816 6.46284 -30 6 12 19.1457 0.021373 0.391871 3 1 1 0 1 3 1 1 0 0 0 1 1 0 1
1 32 3120 827 1308 1 0.0409871 0.298544 0.000497246 0.00134708 0.000590072 0.0781219 2.54778 -2.6249 2.47724 5.97682 5 10 17.3425 0.919707 0.33174 2 1 1 0 1 2 1 1 0 0 0 1 0 0 0
1 32 3120 808 1313 0 0.632008 1.24651 0.000701337 0.000462838 0.000434579 -0.0187808 0.0627646 -2.47179 2.64398 -30 5 10 19.275 -0.0807328 1.19591 3 1 1 0 1 5 2 1 0 0 0 1 1 0 1
1 32 3120 824 1313 1 -0.0838574 1.14358 0.00163748 0.00182752 19.1248 0.10415 7.20058 3.69955 3.69955 -30 5 10 19.275 -0.0807328 1.19591 3 1 1 0 1 5 2 1 0 0 0 1 0 0 0
1 32 3120 800 1314 1 -0.0406481 1.71329 0.00177049 0.00160128 0.00283301 -0.0795092 5.60471 -1.19531 1.39162 2.58792 5 10 17.593 0.0596376 1.79196 2 2 1 0 0 3 2 1 0 0 0 1 0 0 0
1 32 3120 2397 1326 2 0.115369 1.83962 0.00299428 0.00113423 40.2542 -0.0637988 11.9023 -1.36977 6.68801 -30 5 10 16.6791 0.593591 1.79951 3 1 1 0 1 4 16 1 0 0 0 0 0 1 0
1 32 3120 2491 1326 2 1.90361 1.76125 0.0110683 0.000102879 7.91138 -0.000172403 11.8698 -1.96195 1.59803 -30 5 10 16.6791 0.593591 1.79951 3 2 1 1 1 11 16 1 0 0 0 0 0 1 0
1 32 3120 2500 1326 1 0.945684 1.85576 0.00185781 0.0002604 8.3682 -0.00803809 12.8211 -2.90989 3.7589 -30 5 10 16.6791 0.593591 1.79951 3 1 1 0 1 11 16 0 1 1 1 1 0 0 0
1 32 3120 524 1327 0 0.586026 0.178392 0.000287525 0.000478975 0.0973918 -0.0220629 5.89382 -2.78947 6.49686 -30 5 10 15.4485 0.172411 0.155489 2 1 1 0 1 4 2 1 0 0 0 1 1 0 1
1 32 3120 558 1327 0 0.180636 0.108089 0.00033173 0.00110803 0.000352991 0.0547987 0.42549 -0.378322 6.47723 -30 5 10 15.4485 0.172411 0.155489 2 1 1 0 1 6 2 1 0 0 0 1 1 0 1
1 32 3154 739 2 0 0.10145 0.265854 0.000313179 0.00116752 0.000993234 0.0635712 0.62572 6.44918 6.44918 -30 6 12 36.4296 0.0857701 0.264157 4 1 1 0 1 1 1 1 0 0 0 1 1 0 1
1 32 3154 860 3 0 -0.00526599 0.798534 0.00119365 0.00167469 1.15707e-05 -0.0861159 2.12039 5.97773 5.97773 5.65778 6 12 36.2031 -0.0281243 0.807983 4 1 1 0 1 4 1 1 0 0 0 1 1 0 1
1 32 3154 801 10 0 0.0221403 0.0281909 0.000323176 0.00149475 0.000699009 0.0791358 4.15964 6.78121 6.78121 5.55794 6 12 35.8882 0.0119758 0.109521 4 1 1 0 1 2 1 1 0 0 0 1 1 0 1
1 32 3154 133 21 0 0.115991 0.630958 0.000788266 0.00121451 0.000726598 0.0655658 2.53917 -0.645278 5.03467 -30 6 12 35.5341 -0.0413008 0.58929 4 1 1 0 1 2 1 1 0 0 0 1 1 0 1
1 32 3154 191 22 1 -0.0229812 0.463933 0.000779425 0.00165705 0.000829655 -0.0891888 1.22641 -4.03809 -0.234323 3.58439 6 12 35.5177 -0.00363775 0.460242 4 1 1 0 1 1 2 1 0 0 0 1 0 0 0
1 32 3154 242 22 0 0.00802268 0.376927 0.000609586 0.00145917 1.50187 0.0809818 5.72143 6.42797 6.42797 -30 6 12 35.5177 -0.00363775 0.460242 4 1 1 0 1 1 2 1 0 0 0 1 1 0 1
1 32 3154 560 31 1 -0.0807124 0.423862 0.000824387 0.00186452 8.31358e-05 -0.0995071 3.49888 -2.33025 0.750832 3.4707 6 12 35.1192 0.011945 0.534558 4 1 1 0 1 4 2 1 0 0 0 1 0 0 0
1 32 3154 577 31 0 0.0277872 0.56176 0.000834178 0.00146135 0.000122638 -0.0773484 0.0250288 6.8441 6.8441 5.47132 6 12 35.1192 0.011945 0.534558 4 1 1 0 1 3 2 1 0 0 0 1 1 0 1
1 32 3154 957 33 0 -0.0263331 0.214115 0.000433089 0.00162121 0.00019345 0.0908091 1.02618 5.29918 5.29918 -30 6 12 35.103 -0.054718 0.224131 4 1 1 0 1 2 1 1 0 0 1 1 1 0 1
1 32 3154 316 41 0 0.272927 0.525413 0.000542264 0.000837951 0.000512552 -0.0461559 2.78427 6.74417 6.74417 -30 6 12 34.7913 0.239931 0.448823 4 1 1 0 1 1 1 1 0 0 0 1 1 0 1
1 32 3154 838 45 1 -0.0820429 0.72419 0.00128942 0.00196685 0.00142149 -0.0989623 2.0513 -4.96386 -0.233632 2.65335 6 12 34.6113 0.0693418 0.774794 4 1 1 0 1 1 2 1 0 0 0 1 0 0 0
1 32 3154 845 45 1 0.306197 0.751206 0.000746204 0.000903926 1.85385 0.0409332 4.45551 0.212323 0.320507 2.73704 6 12 34.6113 0.0693418 0.774794 4 1 1 0 1 1 2 1 0 0 0 1 0 0 0
1 32 3154 305 52 0 -0.0374164 1.65632 0.00189524 0.00157657 0.00294668 0.0818475 0.433091 -2.78842 0.161385 -30 6 12 34.9104 0.141375 1.68499 4 1 1 0 1 2 17 1 0 0 0 1 1 0 1
1 32 3154 1252 52 0 0.177196 1.69442 0.00123547 0.000979599 0.00239253 -0.0617503 8.32515 6.55761 6.55761 -30 6 12 34.9104 0.141375 1.68499 4 11 1 10 0 3 17 1 0 0 0 1 1 0 1
1 32 3154 1258 52 0 0.279115 1.77894 0.00143128 0.000882868 68.8255 -0.0373505 15.0946 -1.33217 3.98905 4.1134 6 12 34.9104 0.141375 1.68499 4 2 1 0 0 4 17 1 0 0 0 1 1 0 1
1 32 3154 700 70 0 0.15947 0.749483 0.000815322 0.00111304 16.901 0.0588348 7.76322 6.62766 6.62766 -30 6 12 33.5671 0.119742 0.833439 4 1 1 0 1 3 1 1 0 0 0 1 1 0 1
1 32 3154 40 72 1 0.225842 0.296952 0.000401292 0.000957624 0.000916295 -0.0508659 1.10047 3.90931 3.90931 5.40802 6 12 33.4549 0.16956 0.376048 4 1 1 0 1 2 3 1 0 0 0 1 0 0 0
1 32 3154 42 72 0 -0.0707391 0.457634 0.000821821 0.00179084 2.99111 -0.0998546 6.04668 -2.77102 6.14805 -30 6 12 33.4549 0.16956 0.376048 4 1 1 0 1 6 3 1 0 0 0 1 1 0 1
1 32 3154 88 72 0 -0.0109296 0.446696 0.000724388 0.00151852 0.000131492 0.0848587 3.9494 -2.12737 5.55022 -30 6 12 33.4549 0.16956 0.376048 4 1 1 0 1 6 3 1 0 0 0 1 1 0 1
1 32 3154 540 74 0 0.0788498 0.212287 0.000385699 0.00127487 2.80673e-05 -0.0714541 0.82595 1.21966 6.49831 -30 6 12 33.3656 0.76962 0.209737 4 1 1 0 1 8 3 1 0 0 0 1 1 0 1
1 32 3154 566 74 0 0.777466 0.203613 0.000355651 0.000388873 4.345e-05 -0.0138994 0.876008 6.23332 6.23332 -30 6 12 33.3656 0.76962 0.209737 4 1 1 0 1 9 3 1 0 0 1 1 1 0 1
1 32 3154 593 74 0 -0.0345025 0.129851 0.000359042 0.00166087 0.0641222 0.0894685 8.45443 -4.40108 6.76989 -30 6 12 33.3656 0.76962 0.209737 4 1 1 0 1 10 3 1 0 0 0 1 1 0 1
1 32 3154 674 82 0 -0.0534927 0.708303 0.00121999 0.00187096 1.32006e-05 0.0933539 0.561282 -0.920341 6.27597 -30 6 12 34.626 -0.0528849 0.677732 4 1 1 0 1 4 1 1 0 0 0 1 1 0 1
1 32 3154 2594 86 0 0.205075 1.66885 0.00123139 0.000984986 0.173775 0.0559008 8.58838 5.42812 5.42812 3.26131 6 12 33.959 0.178217 1.68148 4 2 1 0 1 1 2 1 0 0 1 1 1 0 1
1 32 3154 70 117 0 0.00629891 0.249822 0.000468577 0.00152262 0.000561581 0.0817645 3.93683 6.48133 6.48133 -30 6 12 30.533 -0.00448612 0.16656 3 4 1 3 0 1 4 1 0 0 0 1 1 0 1
1 32 3154 511 124 0 0.406233 1.22456 0.000813272 0.000613884 1.37453 0.0347483 5.8789 6.66144 6.66144 -30 6 12 30.4255 0.42933 1.23818 3 1 1 0 1 3 1 1 0 0 0 1 1 0 1
1 32 3154 65 127 2 0.114932 0.774937 0.00133441 0.00148273 0.00195657 -0.0676947 2.1658 6.28313 6.28313 -30 6 12 30.3774 0.0662072 0.778112 3 1 1 0 1 1 1 1 0 0 0 0 0 1 0
1 32 3154 1433 142 1 -0.057373 1.89253 0.00204176 0.00165726 125.069 -0.0718725 16.7001 -0.991876 0.915769 2.69141 7 14 33.7006 -0.0385821 1.89312 3 8 1 0 0 1 15 1 0 0 0 1 0 0 0
1 32 3154 1481 142 0 -0.0360858 1.89945 0.00198446 0.00165034 0.00373814 0.0775265 8.7798 -2.40241 5.38687 5.89531 7 14 33.7006 -0.0385821 1.89312 3 4 1 0 0 2 15 1 0 0 0 1 1 0 1
1 32 3154 887 143 0 -0.077014 0.0482516 0.000272139 0.00190236 0.00034225 0.0982318 4.99059 4.72609 4.72609 -30 6 12 30.133 -0.0592052 0.0486007 3 1 1 0 1 2 1 1 0 0 0 1 1 0 1
1 32 3154 25 146 0 0.468686 1.07819 0.000790558 0.000620319 0.0806634 0.0281184 3.79281 6.81438 6.81438 -30 6 12 30.0952 0.452024 1.08234 3 1 1 0 1 4 1 1 0 0 0 1 1 0 1
1 32 3154 438 148 0 -0.0147834 1.70165 0.00168621 0.00147488 0.000278508 0.0795866 2.66072 6.68859 6.68859 -30 7 14 33.5027 -0.0265787 1.68475 4 1 1 0 1 2 4 1 0 0 0 1 1 0 1
1 32 3154 439 148 0 -0.0856614 1.72401 0.00211697 0.00181853 0.000423312 0.0848609 5.95634 1.08199 4.05867 -30 7 14 33.5027 -0.0265787 1.68475 4 1 1 0 1 2 4 1 0 0 0 1 1 0 1
1 32 3154 448 148 0 -0.0443543 1.56987 0.00182699 0.00153349 0.000301879 0.0849264 0.0612706 -0.927007 1.05194 -30 7 14 33.5027 -0.0265787 1.68475 4 2 1 1 1 1 4 1 0 0 0 1 1 0 1
1 32 3154 912 152 0 -0.0822306 0.541453 0.000955033 0.00182552 1.68205e-05 0.102545 1.49128 -0.348632 5.85362 -30 6 12 30.0444 -0.0498169 0.554688 3 1 1 0 1 2 1 1 0 0 0 1 1 0 1
1 32 3154 210 153 0 0.508376 0.714432 0.000532603 0.000553152 4.01889 0.0266499 4.78242 6.61834 6.61834 5.90059 6 12 30.0437 0.487623 0.754131 3 1 1 0 1 1 1 1 0 0 0 1 1 0 1
1 32 3154 695 155 0 -0.0172159 0.213913 0.000416389 0.00151098 0.000141404 -0.0889576 0.999899 -3.32676 6.72532 -30 6 12 30.039 0.387441 0.126913 3 1 1 0 1 4 2 1 0 0 1 1 1 0 1
1 32 3154 723 155 0 -0.0857746 0.210984 0.00047629 0.00185247 0.000207199 0.100643 5.33099 -2.87681 4.91012 -30 6 12 30.039 0.387441 0.126913 3 1 1 0 1 3 2 1 0 0 0 1 1 0 1
1 32 3154 570 163 0 0.672165 1.01224 0.000712491 0.000412449 0.127878 -0.0177609 3.62402 0.592137 6.26199 5.47804 6 12 29.9659 0.185372 1.04602 3 1 1 0 1 11 3 1 0 0 1 1 1 0 1
1 32 3154 584 163 1 0.0193498 0.997717 0.00141406 0.00169812 3.51128e-06 -0.079192 1.24118 -1.62385 1.49338 2.25469 6 12 29.9659 0.185372 1.04602 3 1 1 0 1 2 3 1 0 0 0 1 0 0 0
1 32 3154 606 163 0 -0.0699139 0.950027 0.00158407 0.00202038 6.05975e-05 0.100393 4.314 -3.53449 5.4741 -30 6 12 29.9659 0.185372 1.04602 3 1 1 0 1 10 3 1 0 0 0 1 1 0 1
1 32 3154 648 178 0 0.0171519 0.140119 0.000384674 0.00152964 0.0282248 -0.080463 5.22086 5.8956 5.8956 -30 6 12 29.7869 -0.0142164 0.236653 3 1 1 0 1 1 3 1 0 0 0 1 1 0 1
1 32 3154 664 178 0 0.367363 0.258944 0.000305313 0.00067607 0.899747 -0.0349949 8.3813 -1.24941 6.48572 -30 6 12 29.7869 -0.0142164 0.236653 3 2 1 1 1 1 3 1 0 0 0 1 1 0 1
1 32 3154 520 182 0 -0.0413807 0.46233 0.000797428 0.00169621 2.67123 0.0899222 5.96171 5.93108 5.93108 -30 6 12 29.7091 -0.0268847 0.546004 3 1 1 0 1 1 1 1 0 0 0 1 1 0 1
1 32 3154 249 183 0 0.240101 0.777133 0.000763881 0.000985359 0.000584963 -0.0473146 3.14587 -2.92727 6.48827 -30 6 12 29.6886 0.212018 0.83492 3 1 1 0 1 2 2 1 0 0 0 1 1 0 1
1 32 3154 338 183 1 0.151063 0.764986 0.000913634 0.00122013 0.855479 0.0590333 4.00214 1.24257 1.24257 2.77601 6 12 29.6886 0.212018 0.83492 3 1 1 0 1 3 2 1 0 0 0 1 0 0 0
1 32 3154 42 186 0 -0.0707391 0.457634 0.000821821 0.00179084 2.99111 -0.0998546 6.04668 -4.84681 6.14805 -30 6 12 29.6633 0.985482 0.476426 3 1 1 0 1 6 2 1 0 0 0 1 1 0 1
1 32 3154 88 186 0 -0.0109296 0.446696 0.000724388 0.00151852 0.000131492 0.0848587 3.9494 -4.24837 5.55022 -30 6 12 29.6633 0.985482 0.476426 3 1 1 0 1 6 2 1 0 0 0 1 1 0 1
1 32 3154 178 194 0 0.398355 0.492945 0.000469494 0.000629818 3.87233 -0.0345103 6.17195 -4.04107 6.73433 -30 6 12 29.5794 0.0702717 0.376836 3 1 1 0 1 3 2 1 0 0 0 1 1 0 1
1 32 3154 190 194 0 0.0630372 0.509504 0.000666859 0.00125352 0.000154884 0.0736835 4.96566 5.24477 5.24477 -30 6 12 29.5794 0.0702717 0.376836 3 1 1 0 1 3 2 1 0 0 0 1 1 0 1
1 32 3154 479 196 0 -0.0161577 1.66624 0.00208814 0.00158283 19.0973 0.0718876 10.9432 1.3064 6.20964 5.80922 6 12 29.511 -0.0496037 1.63899 3 8 1 0 0 2 8 1 0 0 0 1 1 0 1
1 32 3154 203 199 0 -0.0484867 0.649795 0.0010628 0.00171376 8.04225e-06 -0.0964573 1.59287 -2.70758 5.48686 -30 6 12 29.4998 0.055159 0.616785 3 1 1 0 1 2 3 1 0 0 0 1 1 0 1
1 32 3154 933 201 0 0.102278 0.621448 0.000763302 0.00121519 0.000147534 0.0674298 3.74761 6.11243 6.11243 -30 6 12 29.4864 0.0907713 0.526378 3 1 1 0 1 2 1 1 0 0 0 1 1 0 1
1 32 3154 775 210 0 0.166401 0.527226 0.000607426 0.00105071 19.3026 -0.0561223 10.951 -3.96314 5.57757 -30 6 12 29.2798 -0.0151542 0.593725 3 1 1 0 1 2 3 1 0 0 0 1 1 0 1
1 32 3154 802 210 0 0.107282 0.601455 0.000775664 0.00123145 29.8548 0.0649312 11.8071 -2.53381 6.82312 -30 6 12 29.2798 -0.0151542 0.593725 3 1 1 0 1 2 3 1 0 0 0 1 1 0 1
1 32 3154 818 210 0 -0.0872823 0.576389 0.00104126 0.00188963 9.54141e-06 0.105189 2.16199 0.53459 0.53459 4.93352 6 12 29.2798 -0.0151542 0.593725 3 1 1 0 1 3 3 1 0 0 0 1 0 0 0
1 32 3154 50 211 0 0.3541 0.420744 0.0003925 0.00067073 0.0447502 -0.0376972 1.83415 5.78583 5.78583 -30 6 12 29.2765 0.34041 0.430839 3 1 1 0 1 1 2 1 0 0 0 1 1 0 1
1 32 3154 76 211 1 -0.0401968 0.525848 0.000929 0.00176193 4.93502 0.090915 6.55985 -3.39193 -0.126915 2.60647 6 12 29.2765 0.34041 0.430839 3 1 1 0 1 2 2 1 0 0 0 1 0 0 0
1 32 3154 453 214 0 0.753815 1.28966 0.000905958 0.000396464 0.000346812 -0.0151826 1.72505 -2.90221 5.21724 -30 6 12 29.2137 -0.0233999 1.18923 3 1 1 0 1 3 2 1 0 0 0 1 1 0 1
1 32 3154 471 214 0 -0.0364044 1.14984 0.00148041 0.00161783 15.2023 0.093949 7.5919 6.1922 6.1922 -30 6 12 29.2137 -0.0233999 1.18923 3 1 1 0 1 3 2 1 0 0 0 1 0 0 0
1 32 3154 249 217 0 0.240101 0.777133 0.000763881 0.000985359 0.000584963 -0.0473146 3.14587 6.48827 6.48827 -30 6 12 29.1721 0.266555 0.695477 3 1 1 0 1 2 1 1 0 0 0 1 1 0 1
1 32 3154 723 227 0 -0.0857746 0.210984 0.00047629 0.00185247 0.000207199 0.100643 5.33099 4.91012 4.91012 -30 6 12 28.9306 -0.067125 0.10085 3 1 1 0 1 3 1 1 0 0 0 1 1 0 1
1 32 3154 552 231 0 0.606046 1.0029 0.00077349 0.000487001 0.949695 -0.0215403 4.19179 2.886 2.886 -30 6 12 28.9078 0.657367 1.02754 3 1 1 0 1 11 5 1 0 0 0 1 1 0 1
1 32 3154 561 231 0 1.33498 0.977609 0.000759181 0.000132832 0.0970399 -0.00323063 3.47342 -2.2507 2.39895 -30 6 12 28.9078 0.657367 1.02754 3 1 1 0 1 11 5 1 0 0 1 1 1 0 1
1 32 3154 562 231 0 0.757826 0.99353 0.000864199 0.000423872 0.0775433 0.014269 3.50601 -0.623264 4.44527 -30 6 12 28.9078 0.657367 1.02754 3 1 1 0 1 11 5 1 0 0 1 1 1 0 1
1 32 3154 570 231 0 0.672165 1.01224 0.000712491 0.000412449 0.127878 -0.0177609 3.62402 6.26199 6.26199 5.47804 6 12 28.9078 0.657367 1.02754 3 1 1 0 1 11 5 1 0 0 1 1 1 0 1
1 32 3154 606 231 0 -0.0699139 0.950027 0.00158407 0.00202038 6.05975e-05 0.100393 4.314 -3.98081 5.4741 -30 6 12 28.9078 0.657367 1.02754 3 1 1 0 1 10 5 1 0 0 0 1 1 0 1
1 32 3154 811 234 1 0.126128 1.01067 0.0011576 0.00134551 0.00103933 0.0649384 4.01374 -2.5414 5.40752 -30 6 12 28.8307 0.377247 0.926686 3 1 1 0 1 3 1 0 1 1 1 1 0 0 0
1 32 3154 352 235 0 -0.0414237 0.695823 0.00109729 0.00170173 0.00117445 -0.0906569 4.92552 5.64034 5.64034 -30 6 12 28.8238 -0.0433793 0.593928 3 1 1 0 1 2 1 1 0 0 0 1 1 0 1
1 32 3154 2817 240 0 0.0473497 1.96162 0.00204158 0.0014846 0.000267099 -0.0670315 7.19546 6.53107 6.53107 -30 6 12 30.0442 0.0382655 1.93176 3 2 1 1 0 1 21 1 0 0 0 1 1 0 1
1 32 3154 2834 240 1 0.0759614 1.84798 0.00182513 0.00122105 28.8359 0.0630455 11.5977 -0.987621 -0.207267 1.74304 6 12 30.0442 0.0382655 1.93176 3 16 1 0 0 1 21 1 0 0 0 1 0 0 0
1 32 3154 6050 240 2 0.284134 1.93165 0.00267849 0.00095048 357.477 0.0440501 25.65 -1.47467 -0.0823552 1.89083 6 12 30.0442 0.0382655 1.93176 3 1 1 0 1 1 21 1 0 0 0 0 0 1 0
1 32 3154 700 243 0 0.15947 0.749483 0.000815322 0.00111304 16.901 0.0588348 7.76322 -3.319 6.62766 -30 6 12 28.5089 -0.0610096 0.66042 3 1 1 0 1 3 1 1 0 0 0 1 1 0 1
1 32 3154 178 246 0 0.398355 0.492945 0.000469494 0.000629818 3.87233 -0.0345103 6.17195 6.73433 6.73433 -30 6 12 28.4582 0.372746 0.570042 3 1 1 0 1 3 2 1 0 0 0 1 1 0 1
1 32 3154 190 246 0 0.0630372 0.509504 0.000666859 0.00125352 0.000154884 0.0736835 4.96566 -3.72774 5.24477 -30 6 12 28.4582 0.372746 0.570042 3 1 1 0 1 3 2 1 0 0 0 1 1 0 1
1 32 3154 29 247 0 -0.0723376 1.55274 0.00178028 0.00163954 42.5298 -0.0827336 10.0878 6.03642 6.03642 -30 7 14 28.6572 -0.0775166 1.61669 3 4 1 1 0 1 4 1 0 0 0 1 1 0 1
1 32 3154 87 248 0 0.0539927 1.8332 0.0019049 0.00140145 5.9786e-06 0.0605255 6.50049 6.48476 6.48476 -30 7 14 36.089 0.0742096 1.81017 4 2 1 1 1 2 4 1 0 0 0 1 1 0 1
1 32 3154 97 248 0 0.050667 1.73853 0.0018422 0.00154108 0.000290809 0.072642 1.70408 -0.509527 3.80534 -30 7 14 36.089 0.0742096 1.81017 4 1 1 0 1 2 4 1 0 0 0 1 1 0 1
1 32 3154 214 251 0 0.0538368 0.421027 0.000598653 0.00130313 0.000199663 -0.072764 2.66792 -2.62897 6.86862 -30 6 12 28.3364 0.111176 0.423514 3 1 1 0 1 3 3 1 0 0 0 1 1 0 1
1 32 3154 883 252 0 -0.0595108 0.692758 0.00119914 0.00187987 16.0548 0.0944267 7.61709 5.1523 5.1523 -30 6 12 30.1426 -0.0525805 0.780747 3 1 1 0 1 2 1 1 0 0 0 1 1 0 1
1 32 3154 1119 254 1 0.678042 2.21759 0.00578782 0.00047169 10.3868 -0.0107939 16.607 0.29056 0.29056 0.704866 6 12 29.9208 0.0363897 2.26518 3 4 1 0 0 2 22 1 0 0 0 1 0 0 0
1 32 3154 435 260 1 -0.0732909 0.872627 0.00155173 0.00209295 6.014e-06 -0.0972425 2.93431 -4.94226 0.550127 1.49726 5 10 28.1048 0.206431 0.930321 3 1 1 0 1 1 2 1 0 0 0 1 0 0 0
1 32 3154 445 260 0 0.308091 1.02736 0.000928196 0.000927052 4.66137 -0.0407487 5.16351 -3.21965 6.51578 -30 5 10 28.1048 0.206431 0.930321 3 1 1 0 1 2 2 1 0 0 0 1 1 0 1
1 32 3154 872 269 1 -0.057392 0.509694 0.000879066 0.00172749 7.03184e-05 -0.0940093 0.210002 -3.73725 -0.536009 3.18231 6 12 29.2569 -0.0628892 0.550362 3 1 1 0 1 1 2 1 0 0 0 1 0 0 0
1 32 3154 912 269 0 -0.0822306 0.541453 0.000955033 0.00182552 1.68205e-05 0.102545 1.49128 5.85362 5.85362 -30 6 12 29.2569 -0.0628892 0.550362 3 1 1 0 1 2 2 1 0 0 0 1 1 0 1
1 32 3154 670 272 0 0.137752 0.124984 0.000358594 0.00118642 0.000812509 0.0609235 0.685789 -0.989043 6.27528 -30 6 12 27.4953 -0.00493045 0.0130289 3 1 1 0 1 3 1 1 0 0 0 1 1 0 1
1 32 3154 195 275 1 -0.0372189 0.969082 0.00149569 0.00187027 0.00188874 -0.0927623 4.35392 -4.45238 -0.0824515 0.0662028 5 10 27.3945 0.234078 1.09572 3 1 1 0 1 3 3 1 0 0 0 1 0 0 0
1 32 3154 261 275 1 0.00826844 0.992398 0.00153763 0.00186176 1.7198 0.0807592 5.54359 -0.553095 5.98476 5.09958 5 10 27.3945 0.234078 1.09572 3 2 1 0 0 2 3 1 0 0 0 1 0 0 0
1 32 3154 214 277 0 0.0538368 0.421027 0.000598653 0.00130313 0.000199663 -0.072764 2.66792 6.86862 6.86862 -30 6 12 29.3089 0.0732767 0.358125 3 1 1 0 1 3 1 1 0 0 0 1 1 0 1
1 32 3154 1536 278 1 0.0770502 1.66409 0.00149825 0.00130629 174.339 0.061136 14.9117 -2.6031 1.20571 3.46299 6 12 27.5589 -0.00439984 1.68568 3 2 1 0 0 3 8 1 0 0 0 1 0 0 0
1 32 3154 402 288 0 -0.0675977 0.703911 0.00117769 0.00182541 0.175764 0.0993725 2.63789 -2.66819 6.57624 -30 5 10 27.1317 -0.0616085 0.591378 3 1 1 0 1 2 1 1 0 0 0 1 1 0 1
1 32 3154 5998 289 1 -0.0936897 2.32775 0.00349114 0.00159685 321.741 0.0612082 26.2 2.02332 2.02332 2.38197 5 10 27.126 0.196504 2.39602 3 5 1 0 0 1 43 1 0 0 0 1 0 0 0
1 32 3154 12960 289 1 0.550999 2.4255 0.00493427 0.000573651 205.746 -0.0207388 40.873 -3.56988 -1.28607 -2.40524 5 10 27.126 0.196504 2.39602 3 24 1 0 0 1 43 1 0 0 0 1 0 0 0
1 32 3154 918 293 1 0.0530427 0.967105 0.00136084 0.00165111 0.00130497 0.0759353 4.87519 -0.126022 -0.126022 4.41699 5 10 27.0847 -0.0534655 0.829263 3 2 1 0 0 1 3 1 0 0 0 1 0 0 0
1 32 3154 920 293 0 -0.0282534 0.79359 0.00121693 0.00172175 2.06406 0.0906502 4.58357 6.75112 6.75112 -30 5 10 27.0847 -0.0534655 0.829263 3 1 1 0 1 2 3 1 0 0 0 1 1 0 1
1 32 3154 1258 295 0 0.279115 1.77894 0.00143128 0.000882868 68.8255 -0.0373505 15.0946 3.98905 3.98905 4.1134 7 14 34.8598 0.265833 1.83733 3 2 1 0 0 4 5 1 0 0 0 1 1 0 1
1 32 3154 700 298 0 0.15947 0.749483 0.000815322 0.00111304 16.901 0.0588348 7.76322 -0.875095 6.62766 -30 5 10 27.0038 0.00116976 0.770986 3 1 1 0 1 3 1 1 0 0 0 1 1 0 1
1 32 3154 8158 309 0 -0.0827436 2.18891 0.00237367 0.00171762 22.0745 -0.101405 32.645 5.15605 5.15605 3.94364 5 10 26.9091 -0.0813254 2.24478 3 4 1 0 1 1 4 1 0 0 0 1 1 0 1
1 32 3154 834 312 0 0.141481 1.26075 0.00142023 0.00140108 3.32109e-05 -0.0594846 2.97936 -2.32351 6.69991 -30 6 12 29.3864 0.122121 1.19224 3 1 1 0 1 8 3 1 0 0 0 1 1 0 1
1 32 3154 847 312 0 0.352178 1.08174 0.000942003 0.000848017 0.000228775 0.0369941 1.52992 -1.89609 6.50893 -30 6 12 29.3864 0.122121 1.19224 3 1 1 0 1 7 3 1 0 0 0 1 1 0 1
1 32 3154 854 312 0 -0.0371737 1.1264 0.00174048 0.00200769 3.62126e-05 0.089303 0.693347 -1.31564 5.88394 -30 6 12 29.3864 0.122121 1.19224 3 1 1 0 1 8 3 1 0 0 0 1 1 0 1
1 32 3154 452 319 0 -0.0428582 0.502966 0.000826224 0.00164247 6.66435 -0.0938712 7.39321 6.81858 6.81858 -30 6 12 35.0199 -0.048659 0.611803 4 1 1 0 1 1 2 1 0 0 0 1 1 0 1
1 32 3154 489 319 1 0.167214 0.509667 0.000600613 0.00106888 0.260746 0.0581578 2.85814 -2.50767 0.652593 5.72047 6 12 35.0199 -0.048659 0.611803 4 1 1 0 1 1 2 1 0 0 0 1 0 0 0
1 32 3154 131 327 0 -0.0233877 0.857481 0.00126147 0.00170098 1.02545e-06 0.0892952 0.0800763 6.85962 6.85962 -30 5 10 26.588 -0.0452449 0.826538 3 1 1 0 1 2 1 1 0 0 0 1 1 0 1
1 32 3154 47 333 0 -0.0857463 0.255334 0.00054268 0.00187129 0.00379388 -0.104064 1.03619 6.51621 6.51621 -30 5 10 26.4999 -0.0742588 0.267427 3 1 1 0 1 1 1 1 0 0 0 1 1 0 1
1 32 3154 484 348 1 -0.0909504 2.14462 0.00359002 0.00168794 2.65917e-05 0.0655994 5.6013 0.271861 3.01682 5.29326 5 10 26.2485 -0.073449 2.15016 3 1 1 0 1 1 21 1 0 0 0 1 0 0 0
1 32 3154 235 350 1 0.412684 0.0283677 0.00025346 0.000691857 0.00036663 -0.0316672 0.29534 -3.97376 4.20663 -30 5 10 26.1822 0.0364758 0.0795479 3 1 1 0 1 4 3 1 0 0 0 1 0 0 0
1 32 3154 236 350 0 0.432015 0.110969 0.000271655 0.00063607 0.000374839 -0.030358 4.01948 -4.33195 6.36493 -30 5 10 26.1822 0.0364758 0.0795479 3 1 1 0 1 4 3 1 0 0 0 1 1 0 1
1 32 3154 243 350 0 0.0542326 0.0873545 0.000298974 0.00140062 0.000341564 0.0728061 0.135156 6.84379 6.84379 -30 5 10 26.1822 0.0364758 0.0795479 3 1 1 0 1 4 3 1 0 0 0 1 1 0 1
1 32 3154 801 352 0 0.0221403 0.0281909 0.000323176 0.00149475 0.000699009 0.0791358 4.15964 -2.65899 6.78121 5.55794 6 12 27.1869 0.381975 0.073959 3 1 1 0 1 2 1 1 0 0 0 1 1 0 1
1 32 3154 298 354 0 0.204194 0.0807005 0.000284786 0.00104183 0.000361181 -0.0541723 0.815939 -3.06159 4.65657 -30 6 12 27.9717 0.288822 0.100836 3 1 1 0 1 3 2 1 0 0 0 1 1 0 1
1 32 3154 353 354 0 0.445508 0.139455 0.000319229 0.000800774 0.000373287 0.0293627 3.85929 -2.05664 6.68976 -30 6 12 27.9717 0.288822 0.100836 3 1 1 0 1 2 2 1 0 0 0 1 1 0 1
1 32 3154 87 366 0 0.0539927 1.8332 0.0019049 0.00140145 5.9786e-06 0.0605255 6.50049 0.103638 6.48476 -30 5 10 26.0435 0.0382972 1.71262 3 2 1 1 1 2 3 1 0 0 0 1 1 0 1
1 32 3154 97 366 0 0.050667 1.73853 0.0018422 0.00154108 0.000290809 0.072642 1.70408 3.80534 3.80534 -30 5 10 26.0435 0.0382972 1.71262 3 1 1 0 1 2 3 1 0 0 0 1 1 0 1
1 32 3154 683 368 0 0.486843 1.33509 0.00105689 0.000788842 0.000573425 0.0299939 2.37026 -1.54913 5.97854 -30 6 12 28.4772 0.198276 1.32623 3 1 1 0 1 2 1 1 0 0 0 1 1 0 1
1 32 3154 837 369 1 0.0625246 0.446732 0.0006702 0.00133983 0.000668504 -0.0720937 1.2936 -2.88558 4.67278 -30 5 10 26.0037 -0.0566168 0.526154 3 1 1 0 1 2 1 1 0 0 0 1 0 0 0
1 32 3154 774 372 1 0.0933264 0.576024 0.000743173 0.00125662 8.79637 0.0667117 7.16125 -2.70331 4.96501 5.817 5 10 25.9317 0.111904 0.558325 3 1 1 0 1 2 1 1 0 0 0 1 0 0 0
1 32 3154 1536 374 1 0.0770502 1.66409 0.00149825 0.00130629 174.339 0.061136 14.9117 -0.474243 1.20571 3.46299 5 10 25.8788 -0.0330164 1.72682 3 2 1 0 0 3 8 1 0 0 0 1 0 0 0
1 32 3154 485 375 0 0.0241539 0.217838 0.000398843 0.00146863 0.000507107 -0.0767669 6.35216 5.26726 5.26726 -30 6 12 32.1847 -0.0126345 0.0906947 4 1 1 0 1 1 1 1 0 0 0 1 1 0 1
1 32 3154 195 376 1 -0.0372189 0.969082 0.00149569 0.00187027 0.00188874 -0.0927623 4.35392 -5.05315 -0.0824515 0.0662028 5 10 25.7911 0.349243 1.06043 3 1 1 0 1 3 1 1 0 0 0 1 0 0 0
1 32 3154 52 385 0 0.0544789 0.0281827 0.000248374 0.00143849 0.000355719 0.0749049 0.275317 6.03585 6.03585 -30 6 12 29.1799 0.0385166 0.0318868 3 1 1 0 1 1 1 1 0 0 0 1 1 0 1
1 32 3154 606 387 0 -0.0699139 0.950027 0.00158407 0.00202038 6.05975e-05 0.100393 4.314 5.4741 5.4741 -30 5 10 25.2995 -0.0608174 0.874497 3 1 1 0 1 10 1 1 0 0 0 1 1 0 1
1 32 3154 908 388 0 0.337886 1.43005 0.000860682 0.000708538 4.62239 -0.0407261 6.8504 -2.29845 6.09386 -30 5 10 25.2883 -0.0642862 1.43789 3 1 1 0 1 3 1 1 0 0 0 1 1 0 1
1 32 3154 374 390 0 0.0294369 1.063 0.00146169 0.0017147 5.13934e-06 0.0765478 5.41389 -3.8892 6.09436 -30 5 10 25.2529 0.00317436 1.09076 3 1 1 0 1 2 1 1 0 0 0 1 1 0 1
1 32 3154 106 391 0 0.228403 0.327902 0.000418472 0.000944994 0.000306263 0.0504164 3.64905 0.669696 5.55168 -30 6 12 31.0914 0.177618 0.276938 4 1 1 0 1 4 2 1 0 0 0 1 1 0 1
1 32 3154 117 391 0 0.200201 0.266506 0.000399472 0.00100882 0.000836347 0.0538383 1.18637 6.81461 6.81461 -30 6 12 31.0914 0.177618 0.276938 4 1 1 0 1 3 2 1 0 0 1 1 1 0 1
1 32 3154 352 394 0 -0.0414237 0.695823 0.00109729 0.00170173 0.00117445 -0.0906569 4.92552 1.18011 5.64034 -30 6 12 25.1228 -0.0763824 0.603837 3 1 1 0 1 2 1 1 0 0 0 1 1 0 1
1 32 3154 38 403 0 -0.0149787 0.759137 0.00113905 0.00167339 38.223 -0.0878101 9.78459 -2.9376 5.57171 -30 6 12 33.0022 0.482674 0.649042 4 1 1 0 1 3 1 1 0 0 0 1 1 0 1
1 32 3154 76 404 1 -0.0401968 0.525848 0.000929 0.00176193 4.93502 0.090915 6.55985 -1.5123 -0.126915 2.60647 6 12 27.975 0.124585 0.60436 4 1 1 0 1 2 1 1 0 0 0 1 0 0 0
1 32 3154 786 406 0 -0.0145836 0.956318 0.00152008 0.00190716 1.81974e-07 0.0850788 4.18873 6.58989 6.58989 -30 5 10 24.7773 -0.00711773 0.880528 3 1 1 0 1 2 1 1 0 0 0 1 1 0 1
1 32 3154 550 421 0 0.790406 0.946816 0.000714046 0.000386568 0.110938 0.0137717 3.40799 6.61858 6.61858 -30 5 10 24.4956 0.797817 0.950442 3 1 1 0 1 9 4 1 0 0 1 1 1 0 1
1 32 3154 552 421 0 0.606046 1.0029 0.00077349 0.000487001 0.949695 -0.0215403 4.19179 -1.31011 2.886 -30 5 10 24.4956 0.797817 0.950442 3 1 1 0 1 11 4 1 0 0 0 1 1 0 1
1 32 3154 561 421 0 1.33498 0.977609 0.000759181 0.000132832 0.0970399 -0.00323063 3.47342 -2.42768 2.39895 -30 5 10 24.4956 0.797817 0.950442 3 1 1 0 1 11 4 1 0 0 1 1 1 0 1
1 32 3154 562 421 0 0.757826 0.99353 0.000864199 0.000423872 0.0775433 0.014269 3.50601 0.778495 4.44527 -30 5 10 24.4956 0.797817 0.950442 3 1 1 0 1 11 4 1 0 0 1 1 1 0 1
1 32 3154 758 424 2 0.103496 0.607972 0.000666186 0.00117412 0.000289407 0.0596022 15.3022 -4.85994 -0.366846 3.08096 6 12 29.2272 -0.0676753 0.695766 3 1 1 0 1 1 1 1 0 0 0 0 0 1 0
1 32 3154 276 429 1 0.166315 1.64193 0.00147322 0.00107714 0.00104905 0.0494245 9.17438 -1.141 0.297803 2.21562 6 12 28.4714 -0.0588679 1.74424 3 16 1 0 0 1 29 1 0 0 0 1 0 0 0
1 32 3154 305 429 0 -0.0374164 1.65632 0.00189524 0.00157657 0.00294668 0.0818475 0.433091 -2.02882 0.161385 -30 6 12 28.4714 -0.0588679 1.74424 3 1 1 0 1 2 29 1 0 0 0 1 1 0 1
1 32 3154 148 430 2 -0.0214976 2.13213 0.00309104 0.00146185 0.00172124 0.0581815 6.21509 -2.93319 5.1178 4.02172 5 10 24.1669 0.491175 2.22636 3 4 1 0 0 2 25 1 0 0 0 0 0 1 0
1 32 3154 1119 430 1 0.678042 2.21759 0.00578782 0.00047169 10.3868 -0.0107939 16.607 -1.97801 0.29056 0.704866 5 10 24.1669 0.491175 2.22636 3 4 1 0 0 2 25 1 0 0 0 1 0 0 0
1 32 3154 593 447 0 -0.0345025 0.129851 0.000359042 0.00166087 0.0641222 0.0894685 8.45443 -4.94552 6.76989 -30 6 12 23.3498 0.376097 0.0830844 3 1 1 0 1 10 1 1 0 0 0 1 1 0 1
1 32 3154 873 462 0 0.0353693 0.437915 0.000653214 0.00138887 2.50334 0.0787102 5.96171 6.07594 6.07594 -30 6 12 22.6351 0.0106979 0.519055 2 1 1 0 1 1 1 1 0 0 0 1 1 0 1
1 32 3154 8639 464 1 0.550826 2.26372 0.00222284 0.000563221 0.000208639 0.0226494 32.645 -1.22204 0.759833 1.97826 6 12 34.2938 0.0682383 2.20791 4 34 1 0 0 1 38 1 0 0 0 1 0 0 0
1 32 3154 375 468 0 0.0495303 1.62529 0.00164912 0.00124289 0.00218371 0.0702539 2.54414 4.76783 4.76783 -30 5 10 25.24 0.0918426 1.57477 3 1 1 0 1 1 1 1 0 0 0 1 1 0 1
1 32 3154 214 472 0 0.0538368 0.421027 0.000598653 0.00130313 0.000199663 -0.072764 2.66792 -1.67396 6.86862 -30 6 12 25.2386 0.327006 0.407269 3 1 1 0 1 3 1 1 0 0 0 1 1 0 1
1 32 3154 847 485 0 0.352178 1.08174 0.000942003 0.000848017 0.000228775 0.0369941 1.52992 6.50893 6.50893 -30 5 10 22.0985 0.321522 1.02006 2 1 1 0 1 7 2 1 0 0 0 1 1 0 1
1 32 3154 854 485 0 -0.0371737 1.1264 0.00174048 0.00200769 3.62126e-05 0.089303 0.693347 -2.05639 5.88394 -30 5 10 22.0985 0.321522 1.02006 2 1 1 0 1 8 2 1 0 0 0 1 1 0 1
1 32 3154 584 488 1 0.0193498 0.997717 0.00141406 0.00169812 3.51128e-06 -0.079192 1.24118 -4.79551 1.49338 2.25469 5 10 24.8079 -0.0219851 1.09484 3 1 1 0 1 2 1 1 0 0 0 1 0 0 0
1 32 3154 1253 490 1 -0.0664083 2.31486 0.00232277 0.00144874 0.0016192 -0.058299 12.3122 -2.00852 -0.507084 3.1311 6 12 21.9836 -0.0805341 2.27667 2 2 1 0 1 1 2 1 0 0 0 1 0 0 0
1 32 3154 718 500 0 0.633633 0.685911 0.000489415 0.000415741 25.0914 -0.0192767 9.53187 -4.56192 5.1204 -30 5 10 21.8771 -0.0711096 0.675984 2 1 1 0 1 3 3 1 0 0 0 1 1 0 1
1 32 3154 731 500 0 -0.0720029 0.580034 0.00104376 0.00186471 9.00051 0.0975025 7.14292 6.42177 6.42177 -30 5 10 21.8771 -0.0711096 0.675984 2 1 1 0 1 2 3 1 0 0 0 1 1 0 1
1 32 3154 741 500 0 -0.0737464 0.564714 0.00102842 0.00190335 0.00117026 0.10076 2.13746 -1.2804 6.08847 -30 5 10 21.8771 -0.0711096 0.675984 2 1 1 0 1 2 3 1 0 0 0 1 1 0 1
1 32 3154 40 503 1 0.225842 0.296952 0.000401292 0.000957624 0.000916295 -0.0508659 1.10047 -2.55855 3.90931 5.40802 6 12 27.0507 -0.0320591 0.355143 3 1 1 0 1 2 3 1 0 0 0 1 0 0 0
1 32 3154 42 503 0 -0.0707391 0.457634 0.000821821 0.00179084 2.99111 -0.0998546 6.04668 -4.30857 6.14805 -30 6 12 27.0507 -0.0320591 0.355143 3 1 1 0 1 6 3 1 0 0 0 1 1 0 1
1 32 3154 88 503 0 -0.0109296 0.446696 0.000724388 0.00151852 0.000131492 0.0848587 3.9494 5.55022 5.55022 -30 6 12 27.0507 -0.0320591 0.355143 3 1 1 0 1 6 3 1 0 0 0 1 1 0 1
1 32 3154 550 504 0 0.790406 0.946816 0.000714046 0.000386568 0.110938 0.0137717 3.40799 -0.772087 6.61858 -30 5 10 25.0028 1.42718 0.971504 3 1 1 0 1 9 6 1 0 0 1 1 1 0 1
1 32 3154 552 504 0 0.606046 1.0029 0.00077349 0.000487001 0.949695 -0.0215403 4.19179 -1.36769 2.886 -30 5 10 25.0028 1.42718 0.971504 3 1 1 0 1 11 6 1 0 0 0 1 1 0 1
1 32 3154 561 504 0 1.33498 0.977609 0.000759181 0.000132832 0.0970399 -0.00323063 3.47342 -0.564216 2.39895 -30 5 10 25.0028 1.42718 0.971504 3 1 1 0 1 11 6 1 0 0 1 1 1 0 1
1 32 3154 562 504 0 0.757826 0.99353 0.000864199 0.000423872 0.0775433 0.014269 3.50601 -0.858943 4.44527 -30 5 10 25.0028 1.42718 0.971504 3 1 1 0 1 11 6 1 0 0 1 1 1 0 1
1 32 3154 570 504 0 0.672165 1.01224 0.000712491 0.000412449 0.127878 -0.0177609 3.62402 -1.22276 6.26199 5.47804 5 10 25.0028 1.42718 0.971504 3 1 1 0 1 11 6 1 0 0 1 1 1 0 1
1 32 3154 606 504 0 -0.0699139 0.950027 0.00158407 0.00202038 6.05975e-05 0.100393 4.314 -3.95414 5.4741 -30 5 10 25.0028 1.42718 0.971504 3 1 1 0 1 10 6 1 0 0 0 1 1 0 1
1 32 3154 920 510 0 -0.0282534 0.79359 0.00121693 0.00172175 2.06406 0.0906502 4.58357 -3.11994 6.75112 -30 6 12 26.861 -0.0387855 0.688105 3 1 1 0 1 2 1 1 0 0 0 1 1 0 1
1 32 3154 203 511 0 -0.0484867 0.649795 0.0010628 0.00171376 8.04225e-06 -0.0964573 1.59287 5.48686 5.48686 -30 5 10 21.7093 -0.0902454 0.654466 2 1 1 0 1 2 3 1 0 0 0 1 1 0 1
1 32 3154 45 512 0 -0.0769394 0.786212 0.00137483 0.00199007 2.03054 0.101422 4.07287 6.00792 6.00792 -30 6 12 21.7017 -0.0912432 0.822463 2 1 1 0 1 1 1 1 0 0 0 1 1 0 1
1 32 3154 2323 517 1 -0.0478747 1.83031 0.00191844 0.00162862 0.0113745 -0.0867378 8.8422 -2.85007 0.35703 1.38251 5 10 21.672 0.0306718 1.83893 2 9 1 0 0 2 9 1 0 1 1 1 0 0 0
1 32 3154 245 520 1 0.193046 1.8207 0.00231817 0.00112505 5.4618e-06 0.0421223 8.15271 -0.374678 1.69955 5.58303 5 10 21.6308 0.300386 1.82852 2 8 1 4 0 3 17 1 0 0 0 1 0 0 0
1 32 3154 304 520 0 -0.0312495 1.81714 0.00216879 0.00170982 0.00067306 0.0814372 3.39169 -1.45631 5.42174 -30 5 10 21.6308 0.300386 1.82852 2 1 1 0 1 3 17 1 0 0 0 1 1 0 1
1 32 3154 2210 520 0 0.253937 1.9118 0.00126914 0.000872275 2.06808e-06 -0.0468238 1.09219 4.3598 4.3598 3.67578 5 10 21.6308 0.300386 1.82852 2 4 1 0 0 2 17 1 0 0 0 1 1 0 1
1 32 3154 178 524 0 0.398355 0.492945 0.000469494 0.000629818 3.87233 -0.0345103 6.17195 -3.22785 6.73433 -30 5 10 21.6043 0.117131 0.529143 2 1 1 0 1 3 2 1 0 0 0 1 1 0 1
1 32 3154 190 524 0 0.0630372 0.509504 0.000666859 0.00125352 0.000154884 0.0736835 4.96566 -0.528985 5.24477 -30 5 10 21.6043 0.117131 0.529143 2 1 1 0 1 3 2 1 0 0 0 1 1 0 1
1 32 3154 43 526 0 0.0854707 1.80185 0.00270874 0.00128728 5.08593 0.0519725 9.3784 3.20852 3.20852 3.95932 5 10 21.5975 -0.03901 1.82435 2 1 1 0 1 1 1 1 0 0 0 1 1 0 1
1 32 3154 835 527 0 -0.0720789 0.0189144 0.000255808 0.00184816 0.00036767 0.0970832 4.01948 6.27733 6.27733 -30 6 12 21.5911 -0.0801371 0.0599304 2 1 1 0 1 2 1 1 0 0 0 1 1 0 1
1 32 3154 1688 532 0 0.401886 2.34261 0.00420491 0.000715615 0.000521387 -0.0210763 10.6369 6.71879 6.71879 -30 5 10 21.5312 0.425889 2.3008 2 5 1 4 0 1 11 1 0 0 0 1 1 0 1
1 32 3154 670 539 0 0.137752 0.124984 0.000358594 0.00118642 0.000812509 0.0609235 0.685789 1.09415 6.27528 -30 5 10 21.4796 0.0644357 0.110436 2 1 1 0 1 3 2 1 0 0 0 1 1 0 1
1 32 3154 698 539 0 0.0859047 0.0379894 0.000247999 0.00123561 0.00137506 0.0695253 6.05181 5.87916 5.87916 -30 5 10 21.4796 0.0644357 0.110436 2 1 1 0 1 2 2 1 0 0 0 1 1 0 1
1 32 3154 862 541 0 0.277528 0.973228 0.000917088 0.000972599 0.000651555 0.0452327 0.236333 6.86474 6.86474 -30 5 10 21.4452 0.259111 0.931331 2 1 1 0 1 2 1 1 0 0 0 1 1 0 1
1 32 3154 913 551 1 -0.0427592 0.318884 0.000584535 0.00166359 0.363889 -0.0937834 3.96942 -3.43837 -0.361177 1.97456 5 10 25.8797 0.113614 0.265983 3 1 1 0 1 1 1 1 0 0 0 1 0 0 0
1 32 3154 3967 560 0 -0.0871304 2.20848 0.00409503 0.00211741 86.9659 -0.0841254 26.2 4.57741 4.57741 4.60116 5 10 21.2376 0.0481539 2.24038 2 2 1 0 1 1 2 1 0 0 0 1 1 0 1
1 32 3154 4696 562 0 0.040727 2.22265 0.00268403 0.0013248 46.3226 -0.0564423 25.65 3.96581 3.96581 2.83309 6 12 21.2244 0.0663163 2.21361 2 6 1 0 0 1 8 1 0 0 0 1 1 0 1
1 32 3154 199 565 0 0.0448489 1.51645 0.0015609 0.00141806 19.1726 0.0701908 8.5602 1.8768 6.86776 -30 5 10 25.3888 0.140736 1.60676 3 1 1 0 1 3 1 1 0 0 0 1 1 0 1
1 32 3154 696 581 0 0.192537 0.0743634 0.000278167 0.00105132 0.000362745 0.0547672 4.39991 6.23395 6.23395 -30 6 12 28.9571 0.167378 0.0159719 3 1 1 0 1 1 2 1 0 0 0 1 1 0 1
1 32 3154 698 581 0 0.0859047 0.0379894 0.000247999 0.00123561 0.00137506 0.0695253 6.05181 -1.4507 5.87916 -30 6 12 28.9571 0.167378 0.0159719 3 1 1 0 1 2 2 1 0 0 0 1 1 0 1
1 32 3154 603 587 0 1.21283 0.204889 0.000504029 0.000247687 4.12347e-05 -0.0052912 0.865996 2.1388 2.1388 -30 6 12 31.4733 1.21601 0.211341 4 1 1 0 1 3 2 1 0 0 1 1 1 0 1
1 32 3154 609 587 0 0.260244 0.167002 0.000228429 0.000867966 0.000353098 0.0456827 3.82926 -3.72953 4.70507 5.56408 6 12 31.4733 1.21601 0.211341 4 1 1 0 1 4 2 1 0 0 0 1 1 0 1
1 32 3154 496 591 0 0.63285 1.1728 0.000683151 0.000460343 0.000431015 0.018847 1.77235 -0.999561 5.74436 5.19739 6 12 28.1979 0.220094 1.20765 3 1 1 0 1 5 1 1 0 0 0 1 1 0 1
1 32 3154 937 595 0 0.411736 1.50542 0.00119889 0.000647234 62.127 -0.0280678 11.7565 6.66685 6.66685 -30 6 12 29.6609 0.403008 1.54409 3 1 1 0 1 2 1 1 0 0 0 1 1 0 1
1 32 3154 1252 600 0 0.177196 1.69442 0.00123547 0.000979599 0.00239253 -0.0617503 8.32515 -1.49687 6.55761 -30 5 10 20.8813 0.572815 1.77862 2 11 1 10 0 3 16 1 0 0 0 1 1 0 1
1 32 3154 1258 600 0 0.279115 1.77894 0.00143128 0.000882868 68.8255 -0.0373505 15.0946 -1.48607 3.98905 4.1134 5 10 20.8813 0.572815 1.77862 2 2 1 0 0 4 16 1 0 0 0 1 1 0 1
1 32 3154 13 601 0 0.0859797 1.38638 0.0013228 0.0012687 46.3016 -0.0674067 9.53161 6.44613 6.44613 -30 5 10 20.8758 0.115997 1.43167 2 1 1 0 1 1 1 1 0 0 0 1 1 0 1
1 32 3154 14 614 0 -0.00813242 0.826391 0.00130617 0.00176062 0.00128742 0.0845136 0.831785 6.46697 6.46697 -30 5 10 20.7503 -0.0371256 0.793638 2 1 1 0 1 1 1 1 0 0 0 1 1 0 1
1 32 3154 925 617 0 -0.013024 0.566229 0.000871165 0.00155817 11.3681 -0.0877461 8.38003 -3.9962 2.74203 3.43962 5 10 20.7416 -0.0344426 0.537332 2 1 1 0 1 2 2 1 0 0 0 1 1 0 1
1 32 3154 955 617 0 -0.000429117 0.429814 0.000713281 0.00157295 3.87963 0.0858738 7.39321 6.59747 6.59747 -30 5 10 20.7416 -0.0344426 0.537332 2 1 1 0 1 1 2 1 0 0 0 1 1 0 1
1 32 3154 107 618 0 -0.062871 0.324805 0.000591201 0.00162707 0.000756395 -0.0983686 6.39427 5.36398 5.36398 4.95677 6 12 20.7334 -0.0897996 0.194555 2 1 1 0 1 2 1 1 0 0 0 1 1 0 1
1 32 3154 775 619 0 0.166401 0.527226 0.000607426 0.00105071 19.3026 -0.0561223 10.951 -1.62149 5.57757 -30 6 12 20.7249 -0.0735405 0.442172 2 1 1 0 1 2 4 1 0 0 0 1 1 0 1
1 32 3154 785 619 0 -0.0834499 0.318584 0.000647621 0.00185942 1.40614 -0.100275 7.18297 5.8607 5.8607 -30 6 12 20.7249 -0.0735405 0.442172 2 1 1 0 1 2 4 1 0 0 0 1 1 0 1
1 32 3154 815 619 1 0.1007 0.387959 0.00057235 0.00124736 1.45723 0.0694766 5.85553 0.543193 1.15505 3.29753 6 12 20.7249 -0.0735405 0.442172 2 1 1 0 1 1 4 1 0 0 0 1 0 0 0
1 32 3154 818 619 0 -0.0872823 0.576389 0.00104126 0.00188963 9.54141e-06 0.105189 2.16199 -2.78948 0.53459 4.93352 6 12 20.7249 -0.0735405 0.442172 2 1 1 0 1 3 4 1 0 0 0 1 0 0 0
1 32 3154 540 620 0 0.0788498 0.212287 0.000385699 0.00127487 2.80673e-05 -0.0714541 0.82595 -4.06713 6.49831 -30 5 10 20.7148 -0.0223589 0.295322 2 1 1 0 1 8 2 1 0 0 0 1 1 0 1
1 32 3154 566 620 0 0.777466 0.203613 0.000355651 0.000388873 4.345e-05 -0.0138994 0.876008 -3.55236 6.23332 -30 5 10 20.7148 -0.0223589 0.295322 2 1 1 0 1 9 2 1 0 0 1 1 1 0 1
1 32 3154 353 621 0 0.445508 0.139455 0.000319229 0.000800774 0.000373287 0.0293627 3.85929 6.68976 6.68976 -30 6 12 20.6726 0.460166 0.0570711 2 1 1 0 1 2 1 1 0 0 0 1 1 0 1
1 32 3154 144 622 1 0.12218 0.151166 0.000322631 0.0011624 0.000331944 -0.0620058 5.94601 -2.8617 -0.0982907 5.11406 6 12 20.6714 0.374267 0.197299 2 2 1 0 0 2 3 1 0 0 0 1 0 0 0
1 32 3154 164 622 0 0.0128658 0.218339 0.000438139 0.00146799 0.000257216 0.0806336 2.84575 -2.68337 6.32218 -30 6 12 20.6714 0.374267 0.197299 2 1 1 0 1 2 3 1 0 0 0 1 1 0 1
1 32 3154 1481 628 0 -0.0360858 1.89945 0.00198446 0.00165034 0.00373814 0.0775265 8.7798 5.38687 5.38687 5.89531 6 12 20.6396 -0.12468 1.91913 2 4 1 0 0 2 4 1 0 0 0 1 1 0 1
1 32 3154 374 635 0 0.0294369 1.063 0.00146169 0.0017147 5.13934e-06 0.0765478 5.41389 6.09436 6.09436 -30 5 10 20.4161 0.0371464 0.962971 2 1 1 0 1 2 1 1 0 0 0 1 1 0 1
1 32 3154 3043 638 0 -0.0283496 1.90656 0.00196024 0.00162296 45.6261 -0.0890424 24.95 -3.19176 -1.38464 5.39849 5 10 20.4003 -0.0368674 1.98705 2 3 1 0 0 1 13 1 0 0 0 1 0 0 0
1 32 3154 166 643 1 -0.0588575 2.018 0.00254914 0.00167671 0.000124066 -0.0699791 3.48626 -3.11912 1.31887 4.21252 6 12 29.2603 0.265165 2.04067 3 9 1 0 0 1 9 1 0 0 0 1 0 0 0
1 32 3154 258 656 0 0.19824 0.106549 0.00027036 0.00104689 0.000187248 -0.0520145 0.515593 -4.3358 6.65601 -30 5 10 24.9481 0.010971 0.227569 3 1 1 0 1 4 1 1 0 0 0 1 1 0 1
1 32 3154 144 657 1 0.12218 0.151166 0.000322631 0.0011624 0.000331944 -0.0620058 5.94601 -4.63521 -0.0982907 5.11406 6 12 32.9468 -0.00674406 0.160667 4 2 1 0 0 2 4 1 0 0 0 1 0 0 0
1 32 3154 164 657 0 0.0128658 0.218339 0.000438139 0.00146799 0.000257216 0.0806336 2.84575 6.32218 6.32218 -30 6 12 32.9468 -0.00674406 0.160667 4 1 1 0 1 2 4 1 0 0 0 1 1 0 1
1 32 3154 187 657 0 -0.0469591 0.0846391 0.000317169 0.00170295 0.00257484 0.0957247 4.99059 -1.08153 -0.210138 5.54686 6 12 32.9468 -0.00674406 0.160667 4 1 1 0 1 1 4 1 0 0 0 1 1 0 1
1 32 3154 684 659 1 -0.0858668 1.09026 0.00162413 0.00187937 35.7645 -0.103839 9.00356 -2.00185 1.26044 3.06603 5 10 25.0846 0.108943 1.10508 3 1 1 0 1 2 1 1 0 0 0 1 0 0 0
1 32 3154 695 664 0 -0.0172159 0.213913 0.000416389 0.00151098 0.000141404 -0.0889576 0.999899 6.72532 6.72532 -30 5 10 26.7039 -0.0384109 0.253998 3 1 1 0 1 4 1 1 0 0 1 1 1 0 1
1 32 3154 1909 667 1 -0.0963254 2.05376 0.00234203 0.00190521 0.0052911 -0.0838464 7.74677 -1.92993 -1.5828 3.30228 6 12 34.3454 0.182645 2.02025 4 2 1 0 0 1 14 1 0 0 0 1 0 0 0
1 32 3154 892 670 1 -0.0699999 0.422078 0.000769073 0.00175839 1.27928 -0.0971774 4.67763 0.189008 1.94834 5.1749 6 12 28.0802 0.209292 0.514504 3 1 1 0 1 1 1 1 0 0 0 1 0 0 0
1 32 3154 947 673 1 -0.0638761 0.283906 0.000528982 0.00160097 0.443772 -0.0996345 5.36102 -3.65393 1.1117 4.98012 6 12 31.7203 -0.0526635 0.3067 4 1 1 0 1 2 1 1 0 0 0 1 0 0 0
1 32 3154 496 686 0 0.63285 1.1728 0.000683151 0.000460343 0.000431015 0.018847 1.77235 -2.04436 5.74436 5.19739 5 10 25.7154 0.0165909 1.09606 3 1 1 0 1 5 1 1 0 0 0 1 1 0 1
1 32 3154 869 688 0 0.0996465 1.18398 0.00148357 0.00157701 0.00122095 -0.0656994 0.167177 2.14551 6.32732 -30 5 10 25.483 -0.00192812 1.19395 3 1 1 0 1 3 1 1 0 0 0 1 1 0 1
1 32 3154 762 690 0 0.326431 0.224777 0.000297445 0.000625837 0.229229 0.0403083 5.341 6.20602 6.20602 -30 5 10 21.9065 0.302254 0.261664 2 1 1 0 1 1 2 1 0 0 0 1 1 0 1
1 32 3154 773 690 1 -0.0521496 0.375525 0.000685598 0.00174052 1.46668 0.0959005 5.6914 -2.69152 -1.21891 1.7742 5 10 21.9065 0.302254 0.261664 2 1 1 0 1 1 2 1 0 0 0 1 0 0 0
1 32 3154 565 693 1 0.227315 1.29701 0.00135935 0.00100976 15.5081 -0.0440375 7.39334 -3.47376 1.06699 -30 5 10 25.2339 0.106682 1.16576 3 1 1 0 1 1 3 1 0 0 0 1 0 0 0
1 32 3154 576 693 0 0.227856 1.08868 0.00089755 0.000896261 24.4366 -0.0525504 7.53337 -3.27917 5.01363 -30 5 10 25.2339 0.106682 1.16576 3 1 1 0 1 5 3 1 0 0 0 1 1 0 1
1 32 3154 583 693 0 0.0853603 1.11168 0.00119543 0.00129931 31.3396 0.0690065 8.0624 6.38372 6.38372 -30 5 10 25.2339 0.106682 1.16576 3 1 1 0 1 3 3 1 0 0 0 1 1 0 1
1 32 3154 718 694 0 0.633633 0.685911 0.000489415 0.000415741 25.0914 -0.0192767 9.53187 5.1204 5.1204 -30 5 10 23.9375 0.611766 0.789075 3 1 1 0 1 3 3 1 0 0 0 1 1 0 1
1 32 3154 722 694 1 0.123974 0.837297 0.000990638 0.00128432 18.9373 -0.0620388 7.32082 -2.09652 0.224007 2.83259 5 10 23.9375 0.611766 0.789075 3 1 1 0 1 3 3 1 0 0 0 1 0 0 0
1 32 3154 737 694 1 0.0524921 0.862914 0.0011113 0.00144249 17.6707 0.0733529 7.01427 -1.97836 3.09714 3.77555 5 10 23.9375 0.611766 0.789075 3 1 1 0 1 2 3 1 0 0 0 1 0 0 0
1 32 3154 338 696 1 0.151063 0.764986 0.000913634 0.00122013 0.855479 0.0590333 4.00214 -2.50574 1.24257 2.77601 6 12 27.804 -0.0158119 0.676489 3 1 1 0 1 3 1 1 0 0 0 1 0 0 0
1 32 3154 25 700 0 0.468686 1.07819 0.000790558 0.000620319 0.0806634 0.0281184 3.79281 -1.71615 6.81438 -30 5 10 23.5825 0.0972099 1.02107 3 1 1 0 1 4 1 1 0 0 0 1 1 0 1
1 32 3154 774 702 1 0.0933264 0.576024 0.000743173 0.00125662 8.79637 0.0667117 7.16125 4.96501 4.96501 5.817 5 10 20.983 0.0981543 0.681758 2 1 1 0 1 2 1 1 0 0 0 1 0 0 0
1 32 3154 670 704 0 0.137752 0.124984 0.000358594 0.00118642 0.000812509 0.0609235 0.685789 6.27528 6.27528 -30 5 10 21.0606 0.111978 0.115568 2 1 1 0 1 3 1 1 0 0 0 1 1 0 1
1 32 3154 472 713 0 0.253521 1.32229 0.00125029 0.00113785 0.000825059 -0.0470384 1.22486 6.70631 6.70631 -30 6 12 28.3637 0.26211 1.2523 3 1 1 0 1 1 2 1 0 0 0 1 1 0 1
1 32 3154 496 713 0 0.63285 1.1728 0.000683151 0.000460343 0.000431015 0.018847 1.77235 -1.1654 5.74436 5.19739 6 12 28.3637 0.26211 1.2523 3 1 1 0 1 5 2 1 0 0 0 1 1 0 1
1 32 3154 550 715 0 0.790406 0.946816 0.000714046 0.000386568 0.110938 0.0137717 3.40799 -0.572962 6.61858 -30 5 10 25.7662 0.734933 0.996714 3 1 1 0 1 9 6 1 0 0 1 1 1 0 1
1 32 3154 552 715 0 0.606046 1.0029 0.00077349 0.000487001 0.949695 -0.0215403 4.19179 -0.927314 2.886 -30 5 10 25.7662 0.734933 0.996714 3 1 1 0 1 11 6 1 0 0 0 1 1 0 1
1 32 3154 561 715 0 1.33498 0.977609 0.000759181 0.000132832 0.0970399 -0.00323063 3.47342 -0.972555 2.39895 -30 5 10 25.7662 0.734933 0.996714 3 1 1 0 1 11 6 1 0 0 1 1 1 0 1
1 32 3154 562 715 0 0.757826 0.99353 0.000864199 0.000423872 0.0775433 0.014269 3.50601 4.44527 4.44527 -30 5 10 25.7662 0.734933 0.996714 3 1 1 0 1 11 6 1 0 0 1 1 1 0 1
1 32 3154 570 715 0 0.672165 1.01224 0.000712491 0.000412449 0.127878 -0.0177609 3.62402 -1.55034 6.26199 5.47804 5 10 25.7662 0.734933 0.996714 3 1 1 0 1 11 6 1 0 0 1 1 1 0 1
1 32 3154 606 715 0 -0.0699139 0.950027 0.00158407 0.00202038 6.05975e-05 0.100393 4.314 -3.5798 5.4741 -30 5 10 25.7662 0.734933 0.996714 3 1 1 0 1 10 6 1 0 0 0 1 1 0 1
1 32 3154 586 717 1 0.769251 1.59731 0.00115955 0.000346741 0.000347155 -0.013595 2.04466 -1.75116 -0.737861 5.16414 5 10 20.5344 -0.0617474 1.49329 2 2 1 0 0 2 2 1 0 0 0 1 0 0 0
1 32 3154 925 719 0 -0.013024 0.566229 0.000871165 0.00155817 11.3681 -0.0877461 8.38003 2.74203 2.74203 3.43962 6 12 24.4579 -0.0196427 0.658589 3 1 1 0 1 2 1 1 0 0 0 1 1 0 1
1 32 3154 887 720 0 -0.077014 0.0482516 0.000272139 0.00190236 0.00034225 0.0982318 4.99059 -1.69324 4.72609 -30 6 12 27.1717 0.0881097 0.0686833 3 1 1 0 1 2 1 1 0 0 0 1 1 0 1
1 32 3154 1271 726 0 -0.0103879 1.71772 0.00160216 0.0014633 0.00692593 -0.0935532 7.3466 6.7526 6.7526 -30 5 10 25.3572 0.00950199 1.71703 3 2 1 1 0 1 2 1 0 0 0 1 1 0 1
1 32 3154 860 730 0 -0.00526599 0.798534 0.00119365 0.00167469 1.15707e-05 -0.0861159 2.12039 -0.672181 5.97773 5.65778 5 10 19.5157 -0.0574589 0.834872 2 1 1 0 1 4 1 1 0 0 0 1 1 0 1
1 32 3154 196 731 0 -0.0421228 1.10147 0.00170364 0.00198071 8.84671e-05 -0.0938537 7.48619 4.43902 4.43902 -30 5 10 25.2453 -0.05062 0.978758 3 1 1 0 1 3 1 1 0 0 0 1 1 0 1
1 32 3154 347 732 0 0.0140218 0.117221 0.000354997 0.00153579 0.0218466 0.0808044 5.04065 3.17874 5.36434 -30 6 12 27.4699 0.01354 0.0961729 3 1 1 0 1 2 1 1 0 0 0 1 1 0 1
1 32 3154 684 734 1 -0.0858668 1.09026 0.00162413 0.00187937 35.7645 -0.103839 9.00356 -2.40599 1.26044 3.06603 5 10 25.7128 0.224312 1.15811 3 1 1 0 1 2 1 1 0 0 0 1 0 0 0
1 32 3154 338 737 1 0.151063 0.764986 0.000913634 0.00122013 0.855479 0.0590333 4.00214 -0.386988 1.24257 2.77601 5 10 25.5569 -0.0369883 0.79594 3 1 1 0 1 3 1 1 0 0 0 1 0 0 0
1 32 3154 453 741 0 0.753815 1.28966 0.000905958 0.000396464 0.000346812 -0.0151826 1.72505 -3.36256 5.21724 -30 5 10 21.0529 0.0890715 1.41185 2 1 1 0 1 3 1 1 0 0 0 1 1 0 1
1 32 3154 932 743 0 1.75188 0.944796 0.0016112 0.000107539 0.107682 -0.00125402 3.87931 -3.37375 0.88879 5.44962 6 12 30.2807 0.161542 1.05466 3 1 1 0 1 3 1 1 0 0 1 1 1 0 1
1 32 3154 322 746 0 -0.0154889 0.29022 0.000512852 0.00152344 0.000644206 0.0889857 2.35519 6.83354 6.83354 -30 5 10 26.8633 -0.00552937 0.261596 3 1 1 0 1 1 1 1 0 0 0 1 1 0 1
1 32 3154 473 748 0 -0.00397076 1.47773 0.0018475 0.00157508 0.000310243 -0.0842679 1.2546 6.81597 6.81597 -30 6 12 28.7664 -0.016361 1.44796 3 1 1 0 1 3 3 1 0 0 0 1 1 0 1
1 32 3154 498 748 0 0.19872 1.43481 0.00102991 0.000930159 0.132044 0.0579482 6.6383 -1.27283 5.48656 -30 6 12 28.7664 -0.016361 1.44796 3 2 1 1 1 3 3 1 0 0 0 1 1 0 1
1 32 3154 904 751 2 0.0341322 0.205382 0.000489783 0.00145981 0.00913335 -0.0813531 1.88717 6.24896 6.24896 -30 5 10 20.4269 0.0017785 0.235826 2 1 1 0 1 1 1 1 0 0 0 0 0 1 0
1 32 3154 402 757 0 -0.0675977 0.703911 0.00117769 0.00182541 0.175764 0.0993725 2.63789 6.57624 6.57624 -30 6 12 32.4416 -0.071771 0.712834 4 1 1 0 1 2 1 1 0 0 0 1 1 0 1
1 32 3154 707 759 0 -0.043867 0.403416 0.000695016 0.00163152 0.000134461 -0.0906576 7.1951 -3.89982 5.20678 -30 5 10 19.9309 -0.0589063 0.395227 2 1 1 0 1 1 2 1 0 0 0 1 1 0 1
1 32 3154 752 759 0 -0.0500847 0.499215 0.000862194 0.00171936 6.21921e-05 0.0955144 4.84042 5.49395 5.49395 -30 5 10 19.9309 -0.0589063 0.395227 2 1 1 0 1 2 2 1 0 0 0 1 1 0 1
1 32 3154 131 763 0 -0.0233877 0.857481 0.00126147 0.00170098 1.02545e-06 0.0892952 0.0800763 -1.86314 6.85962 -30 6 12 28.0995 0.0985926 0.733803 3 1 1 0 1 2 1 1 0 0 0 1 1 0 1
1 32 3154 496 764 0 0.63285 1.1728 0.000683151 0.000460343 0.000431015 0.018847 1.77235 5.74436 5.74436 5.19739 5 10 25.3447 0.618963 1.12577 3 1 1 0 1 5 1 1 0 0 0 1 1 0 1
1 32 3154 250 766 1 -0.0978808 1.77394 0.00197269 0.0017366 0.000300242 -0.0838514 4.96056 -1.40315 1.74942 4.20263 6 12 32.6716 0.34806 1.72162 4 5 1 0 0 2 7 1 0 0 0 1 0 0 0
1 32 3154 304 766 0 -0.0312495 1.81714 0.00216879 0.00170982 0.00067306 0.0814372 3.39169 -0.241853 5.42174 -30 6 12 32.6716 0.34806 1.72162 4 1 1 0 1 3 7 1 0 0 0 1 1 0 1
1 32 3154 2231 766 2 0.207532 1.78318 0.00196855 0.00102732 76.4722 -0.0476913 13.1397 -2.62031 0.765532 5.20103 6 12 32.6716 0.34806 1.72162 4 1 1 0 1 4 7 1 0 0 0 0 0 1 0
1 32 3154 2566 767 2 -0.0495343 2.06296 0.00286438 0.00191209 11.1929 0.0685986 12.4312 -2.0181 0.629213 4.06041 5 10 20.6919 0.210336 2.02759 2 2 1 0 1 1 4 1 0 0 0 0 0 1 0
1 32 3154 5634 767 1 0.2904 2.06701 0.00206469 0.0008978 1.83925e-05 0.0464772 24.4 6.2126 6.2126 -30 5 10 20.6919 0.210336 2.02759 2 2 1 1 0 1 4 1 0 0 0 1 0 0 0
1 32 3154 550 773 0 0.790406 0.946816 0.000714046 0.000386568 0.110938 0.0137717 3.40799 -1.02779 6.61858 -30 5 10 23.8964 1.29734 0.982431 3 1 1 0 1 9 6 1 0 0 1 1 1 0 1
1 32 3154 552 773 0 0.606046 1.0029 0.00077349 0.000487001 0.949695 -0.0215403 4.19179 -1.02212 2.886 -30 5 10 23.8964 1.29734 0.982431 3 1 1 0 1 11 6 1 0 0 0 1 1 0 1
1 32 3154 561 773 0 1.33498 0.977609 0.000759181 0.000132832 0.0970399 -0.00323063 3.47342 2.39895 2.39895 -30 5 10 23.8964 1.29734 0.982431 3 1 1 0 1 11 6 1 0 0 1 1 1 0 1
1 32 3154 562 773 0 0.757826 0.99353 0.000864199 0.000423872 0.0775433 0.014269 3.50601 -0.736609 4.44527 -30 5 10 23.8964 1.29734 0.982431 3 1 1 0 1 11 6 1 0 0 1 1 1 0 1
1 32 3154 570 773 0 0.672165 1.01224 0.000712491 0.000412449 0.127878 -0.0177609 3.62402 -0.748562 6.26199 5.47804 5 10 23.8964 1.29734 0.982431 3 1 1 0 1 11 6 1 0 0 1 1 1 0 1
1 32 3154 606 773 0 -0.0699139 0.950027 0.00158407 0.00202038 6.05975e-05 0.100393 4.314 -4.13005 5.4741 -30 5 10 23.8964 1.29734 0.982431 3 1 1 0 1 10 6 1 0 0 0 1 1 0 1
1 32 3154 628 774 0 0.195169 0.547309 0.000724415 0.00129765 0.000235366 0.0545749 4.79176 5.45016 5.45016 5.83072 6 12 26.9015 0.168637 0.43923 3 1 1 0 1 1 1 1 0 0 0 1 1 0 1
1 32 3154 550 775 0 0.790406 0.946816 0.000714046 0.000386568 0.110938 0.0137717 3.40799 -0.430991 6.61858 -30 5 10 19.8902 0.387863 0.973589 2 1 1 0 1 9 5 1 0 0 1 1 1 0 1
1 32 3154 552 775 0 0.606046 1.0029 0.00077349 0.000487001 0.949695 -0.0215403 4.19179 -1.16765 2.886 -30 5 10 19.8902 0.387863 0.973589 2 1 1 0 1 11 5 1 0 0 0 1 1 0 1
1 32 3154 561 775 0 1.33498 0.977609 0.000759181 0.000132832 0.0970399 -0.00323063 3.47342 -0.615388 2.39895 -30 5 10 19.8902 0.387863 0.973589 2 1 1 0 1 11 5 1 0 0 1 1 1 0 1
1 32 3154 562 775 0 0.757826 0.99353 0.000864199 0.000423872 0.0775433 0.014269 3.50601 -0.242431 4.44527 -30 5 10 19.8902 0.387863 0.973589 2 1 1 0 1 11 5 1 0 0 1 1 1 0 1
1 32 3154 570 775 0 0.672165 1.01224 0.000712491 0.000412449 0.127878 -0.0177609 3.62402 -1.85639 6.26199 5.47804 5 10 19.8902 0.387863 0.973589 2 1 1 0 1 11 5 1 0 0 1 1 1 0 1
1 32 3154 542 778 0 -0.0147623 1.22485 0.00181121 0.00198157 0.000106822 -0.0882668 1.25004 -1.69592 4.9534 -30 6 12 28.5104 0.26399 1.25627 3 1 1 0 1 5 1 1 0 0 0 1 1 0 1
1 32 3154 199 781 0 0.0448489 1.51645 0.0015609 0.00141806 19.1726 0.0701908 8.5602 6.86776 6.86776 -30 6 12 27.9432 0.0633797 1.5486 3 1 1 0 1 3 1 1 0 0 0 1 1 0 1
1 32 3154 542 783 0 -0.0147623 1.22485 0.00181121 0.00198157 0.000106822 -0.0882668 1.25004 -2.42809 4.9534 -30 6 12 28.7238 0.198446 1.25069 3 1 1 0 1 5 1 1 0 0 0 1 1 0 1
1 32 3154 20 784 0 0.479848 1.54479 0.00111448 0.000599153 0.000577768 0.0271436 5.89895 3.44395 5.12356 -30 5 10 25.9346 0.426136 1.53559 3 1 1 0 1 3 3 1 0 0 0 1 1 0 1
1 32 3154 703 788 1 0.314047 0.435956 0.000443912 0.000741027 0.000455712 -0.0400623 0.305351 -2.07193 2.53499 -30 5 10 24.4816 -0.061394 0.514893 3 1 1 0 1 2 3 1 0 0 0 1 0 0 0
1 32 3154 731 788 0 -0.0720029 0.580034 0.00104376 0.00186471 9.00051 0.0975025 7.14292 -1.30725 6.42177 -30 5 10 24.4816 -0.061394 0.514893 3 1 1 0 1 2 3 1 0 0 0 1 1 0 1
1 32 3154 741 788 0 -0.0737464 0.564714 0.00102842 0.00190335 0.00117026 0.10076 2.13746 6.08847 6.08847 -30 5 10 24.4816 -0.061394 0.514893 3 1 1 0 1 2 3 1 0 0 0 1 1 0 1
1 32 3154 453 792 0 0.753815 1.28966 0.000905958 0.000396464 0.000346812 -0.0151826 1.72505 5.21724 5.21724 -30 6 12 28.3516 0.746307 1.22647 3 1 1 0 1 3 2 1 0 0 0 1 1 0 1
1 32 3154 471 792 0 -0.0364044 1.14984 0.00148041 0.00161783 15.2023 0.093949 7.5919 -2.6854 6.1922 -30 6 12 28.3516 0.746307 1.22647 3 1 1 0 1 3 2 1 0 0 0 1 0 0 0
1 32 3154 869 800 0 0.0996465 1.18398 0.00148357 0.00157701 0.00122095 -0.0656994 0.167177 6.32732 6.32732 -30 6 12 29.0756 0.102802 1.15185 3 1 1 0 1 3 1 1 0 0 0 1 1 0 1
1 32 3154 2828 804 1 0.034543 1.90885 0.00200865 0.00145723 101.008 -0.0583238 14.829 2.10453 2.10453 3.18964 5 10 24.5014 -0.0385731 1.88356 3 16 1 0 0 1 21 1 0 0 0 1 0 0 0
1 32 3154 6052 804 0 -0.0857379 1.83179 0.00195493 0.0016754 163.471 -0.103038 25.65 1.91613 5.63659 5.96872 5 10 24.5014 -0.0385731 1.88356 3 3 1 0 0 2 21 1 0 0 0 1 1 0 1
1 32 3154 804 809 0 -0.0502216 0.841996 0.0013866 0.00189486 8.74105 -0.0970996 6.62414 6.66719 6.66719 -30 5 10 21.1648 -0.045889 0.897014 2 1 1 0 1 1 1 1 0 0 0 1 1 0 1
1 32 3154 683 813 0 0.486843 1.33509 0.00105689 0.000788842 0.000573425 0.0299939 2.37026 5.97854 5.97854 -30 7 14 28.4587 0.459496 1.30185 3 1 1 0 1 2 1 1 0 0 0 1 1 0 1
1 32 3154 847 820 0 0.352178 1.08174 0.000942003 0.000848017 0.000228775 0.0369941 1.52992 -1.48154 6.50893 -30 5 10 20.1824 -0.0161754 1.09173 2 1 1 0 1 7 2 1 0 0 0 1 1 0 1
1 32 3154 854 820 0 -0.0371737 1.1264 0.00174048 0.00200769 3.62126e-05 0.089303 0.693347 5.88394 5.88394 -30 5 10 20.1824 -0.0161754 1.09173 2 1 1 0 1 8 2 1 0 0 0 1 1 0 1
1 32 3154 192 821 0 0.281469 1.7612 0.00146862 0.000883133 0.000105026 -0.0391135 2.63028 -1.32917 6.84096 -30 6 12 28.6916 0.635582 1.76328 3 1 1 0 1 2 19 1 0 0 0 1 1 0 1
1 32 3154 245 821 1 0.193046 1.8207 0.00231817 0.00112505 5.4618e-06 0.0421223 8.15271 0.227928 1.69955 5.58303 6 12 28.6916 0.635582 1.76328 3 8 1 4 0 3 19 1 0 0 0 1 0 0 0
1 32 3154 2140 821 1 -0.075198 1.86668 0.002264 0.00186961 77.7326 -0.0809722 13.5477 -3.6856 4.2767 1.58465 6 12 28.6916 0.635582 1.76328 3 6 1 0 1 2 19 1 0 0 0 1 0 0 0
1 32 3154 419 825 1 0.128314 1.77072 0.0015319 0.00100297 5.81626e-06 -0.0537826 4.80918 -2.51206 0.530075 0.468877 5 10 19.7709 0.161689 1.67929 2 8 1 0 0 3 8 1 0 0 0 1 0 0 0
1 32 3154 5914 826 1 -0.098855 2.14974 0.00268686 0.0017442 86.1462 0.0823372 26.2 -1.8812 -0.753124 0.482978 6 12 29.0222 0.347322 2.04827 3 2 1 0 1 1 2 1 0 0 0 1 0 0 0
1 32 3154 560 829 1 -0.0807124 0.423862 0.000824387 0.00186452 8.31358e-05 -0.0995071 3.49888 0.750832 0.750832 3.4707 5 10 25.5854 -0.0475136 0.379691 3 1 1 0 1 4 3 1 0 0 0 1 0 0 0
1 32 3154 563 829 1 -0.0298757 0.37832 0.000646342 0.00152444 0.000144323 -0.0889396 2.37759 1.78169 1.78169 2.95216 5 10 25.5854 -0.0475136 0.379691 3 1 1 0 1 3 3 1 0 0 0 1 0 0 0
1 32 3154 573 829 0 -0.0194105 0.364421 0.000654694 0.00158956 0.00379524 -0.0868307 1.33654 6.8664 6.8664 -30 5 10 25.5854 -0.0475136 0.379691 3 1 1 0 1 3 3 1 0 0 0 1 1 0 1
1 32 3154 540 830 0 0.0788498 0.212287 0.000385699 0.00127487 2.80673e-05 -0.0714541 0.82595 -2.43402 6.49831 -30 5 10 19.1642 0.873388 0.12693 2 1 1 0 1 8 3 1 0 0 0 1 1 0 1
1 32 3154 566 830 0 0.777466 0.203613 0.000355651 0.000388873 4.345e-05 -0.0138994 0.876008 -0.823709 6.23332 -30 5 10 19.1642 0.873388 0.12693 2 1 1 0 1 9 3 1 0 0 1 1 1 0 1
1 32 3154 593 830 0 -0.0345025 0.129851 0.000359042 0.00166087 0.0641222 0.0894685 8.45443 -4.89015 6.76989 -30 5 10 19.1642 0.873388 0.12693 2 1 1 0 1 10 3 1 0 0 0 1 1 0 1
1 32 3154 22 833 1 0.242698 1.39992 0.00113165 0.000855564 3.31019e-05 -0.0520422 0.597424 -0.219705 3.40907 -30 6 12 26.8484 0.709852 1.2909 3 1 1 0 1 3 1 1 0 0 0 1 0 0 0
1 32 3154 576 835 0 0.227856 1.08868 0.00089755 0.000896261 24.4366 -0.0525504 7.53337 -3.78769 5.01363 -30 6 12 28.1207 0.0276568 1.07659 3 1 1 0 1 5 2 1 0 0 0 1 1 0 1
1 32 3154 583 835 0 0.0853603 1.11168 0.00119543 0.00129931 31.3396 0.0690065 8.0624 -0.0804898 6.38372 -30 6 12 28.1207 0.0276568 1.07659 3 1 1 0 1 3 2 1 0 0 0 1 1 0 1
1 32 3154 667 836 0 0.277593 1.79423 0.00154555 0.000961163 0.000971777 -0.0410746 2.08521 6.4828 6.4828 5.36406 6 12 26.9424 0.252686 1.76837 3 1 1 0 1 1 7 1 0 0 0 1 1 0 1
1 32 3154 3954 836 1 0.153424 1.85863 0.00169305 0.00108238 217.072 0.0575764 26.2 -4.1282 0.616426 4.48054 6 12 26.9424 0.252686 1.76837 3 6 1 0 1 1 7 1 0 0 0 1 0 0 0
1 32 3154 38 837 0 -0.0149787 0.759137 0.00113905 0.00167339 38.223 -0.0878101 9.78459 5.57171 5.57171 -30 6 12 28.5676 -0.00240514 0.866222 3 1 1 0 1 3 1 1 0 0 0 1 1 0 1
1 32 3154 441 840 1 0.0755715 2.23124 0.0041644 0.00166128 0.00138008 -0.0452316 3.2881 4.48025 4.48025 3.24544 5 10 20.1873 0.0968493 2.1757 2 9 1 0 1 1 18 1 0 0 0 1 1 0 1
1 32 3154 2231 841 2 0.207532 1.78318 0.00196855 0.00102732 76.4722 -0.0476913 13.1397 0.348469 0.765532 5.20103 7 14 32.3227 0.0231496 1.87055 3 1 1 0 1 4 6 1 0 0 0 0 0 1 0
1 32 3154 2306 841 1 0.0707722 1.83224 0.00161578 0.00120754 0.909399 0.0641444 10.7205 -2.76209 2.82046 4.79537 7 14 32.3227 0.0231496 1.87055 3 1 1 0 1 2 6 1 0 0 0 1 0 0 0
1 32 3154 195 845 1 -0.0372189 0.969082 0.00149569 0.00187027 0.00188874 -0.0927623 4.35392 -3.64389 -0.0824515 0.0662028 6 12 27.3548 0.0237169 1.01362 3 1 1 0 1 3 3 1 0 0 0 1 0 0 0
1 32 3154 261 845 1 0.00826844 0.992398 0.00153763 0.00186176 1.7198 0.0807592 5.54359 5.98476 5.98476 5.09958 6 12 27.3548 0.0237169 1.01362 3 2 1 0 0 2 3 1 0 0 0 1 0 0 0
1 32 3154 618 847 0 0.00348375 1.07469 0.00157964 0.00186158 9.76084e-06 -0.0846393 0.559244 6.01727 6.01727 -30 6 12 32.7025 0.0037786 1.05109 4 1 1 0 1 1 1 1 0 0 0 1 1 0 1
1 32 3154 192 848 0 0.281469 1.7612 0.00146862 0.000883133 0.000105026 -0.0391135 2.63028 6.84096 6.84096 -30 5 10 20.8763 -0.120159 1.73543 2 1 1 0 1 2 19 1 0 0 0 1 1 0 1
1 32 3154 245 848 1 0.193046 1.8207 0.00231817 0.00112505 5.4618e-06 0.0421223 8.15271 -1.45471 1.69955 5.58303 5 10 20.8763 -0.120159 1.73543 2 8 1 4 0 3 19 1 0 0 0 1 0 0 0
1 32 3154 2140 848 1 -0.075198 1.86668 0.002264 0.00186961 77.7326 -0.0809722 13.5477 -3.75367 4.2767 1.58465 5 10 20.8763 -0.120159 1.73543 2 6 1 0 1 2 19 1 0 0 0 1 0 0 0
1 32 3154 1168 855 1 -0.0462261 1.93291 0.00183194 0.00163714 0.00676486 0.0904386 1.25737 -1.62764 -0.9479 4.08982 5 10 24.4798 0.220875 1.98545 3 3 1 0 0 1 19 1 0 0 0 1 0 0 0
1 32 3154 6473 855 1 -0.00329288 2.03313 0.00190584 0.00147422 175.862 -0.0911547 33.195 -4.36191 -0.866271 1.42011 5 10 24.4798 0.220875 1.98545 3 19 1 0 0 2 19 1 0 0 0 1 0 0 0
1 32 3154 831 858 0 -0.00138488 1.45631 0.00166162 0.00158888 57.525 -0.0780175 11.6657 -3.32221 6.74263 2.42753 5 10 20.0393 -0.0696468 1.4376 2 1 1 0 1 2 4 1 0 0 0 1 1 0 1
1 32 3154 855 858 0 0.285306 1.42204 0.00098364 0.000842565 6.77184 0.04522 7.14386 6.614 6.614 -30 5 10 20.0393 -0.0696468 1.4376 2 3 1 2 0 1 4 1 0 0 0 1 1 0 1
1 32 3154 1353 860 0 0.217161 1.81277 0.00135224 0.00096031 158.333 0.0401776 15.363 4.22555 4.22555 4.22246 6 12 32.2543 0.201368 1.82648 4 8 1 0 0 3 14 1 0 0 0 1 1 0 1
1 32 3154 438 861 0 -0.0147834 1.70165 0.00168621 0.00147488 0.000278508 0.0795866 2.66072 1.09063 6.68859 -30 5 10 25.6896 -0.0401099 1.73146 3 1 1 0 1 2 11 1 0 0 0 1 1 0 1
1 32 3154 439 861 0 -0.0856614 1.72401 0.00211697 0.00181853 0.000423312 0.0848609 5.95634 4.05867 4.05867 -30 5 10 25.6896 -0.0401099 1.73146 3 1 1 0 1 2 11 1 0 0 0 1 1 0 1
1 32 3154 2323 861 1 -0.0478747 1.83031 0.00191844 0.00162862 0.0113745 -0.0867378 8.8422 -2.5781 0.35703 1.38251 5 10 25.6896 -0.0401099 1.73146 3 9 1 0 0 2 11 1 0 1 1 1 0 0 0
1 32 3154 937 862 0 0.411736 1.50542 0.00119889 0.000647234 62.127 -0.0280678 11.7565 -3.0509 6.66685 -30 6 12 26.7291 -0.094715 1.49699 3 1 1 0 1 2 1 1 0 0 0 1 1 0 1
1 32 3154 196 868 0 -0.0421228 1.10147 0.00170364 0.00198071 8.84671e-05 -0.0938537 7.48619 -3.36132 4.43902 -30 5 10 25.225 -0.0804605 1.21155 3 1 1 0 1 3 3 1 0 0 0 1 1 0 1
1 32 3154 221 868 0 -0.0887699 1.22888 0.00219674 0.00241305 0.000380969 -0.101443 0.8191 3.51912 3.51912 -30 5 10 25.225 -0.0804605 1.21155 3 1 1 0 1 4 3 1 0 0 0 1 1 0 1
1 32 3154 224 868 0 -0.0683152 1.11303 0.00192319 0.00225051 0.153151 -0.0956309 4.03634 3.47601 5.98169 5.81984 5 10 25.225 -0.0804605 1.21155 3 1 1 0 1 3 3 1 0 0 1 1 1 0 1
1 32 3154 1252 873 0 0.177196 1.69442 0.00123547 0.000979599 0.00239253 -0.0617503 8.32515 -2.87535 6.55761 -30 5 10 20.0407 -0.0870323 1.78889 2 11 1 10 0 3 16 1 0 0 0 1 1 0 1
1 32 3154 1258 873 0 0.279115 1.77894 0.00143128 0.000882868 68.8255 -0.0373505 15.0946 -3.86647 3.98905 4.1134 5 10 20.0407 -0.0870323 1.78889 2 2 1 0 0 4 16 1 0 0 0 1 1 0 1
1 32 3154 42 876 0 -0.0707391 0.457634 0.000821821 0.00179084 2.99111 -0.0998546 6.04668 -3.73001 6.14805 -30 5 10 23.8749 1.06306 0.536205 3 1 1 0 1 6 2 1 0 0 0 1 1 0 1
1 32 3154 88 876 0 -0.0109296 0.446696 0.000724388 0.00151852 0.000131492 0.0848587 3.9494 -4.03714 5.55022 -30 5 10 23.8749 1.06306 0.536205 3 1 1 0 1 6 2 1 0 0 0 1 1 0 1
1 32 3154 932 880 0 1.75188 0.944796 0.0016112 0.000107539 0.107682 -0.00125402 3.87931 -3.72606 0.88879 5.44962 5 10 19.3317 0.118193 1.04333 2 1 1 0 1 3 1 1 0 0 1 1 1 0 1
1 32 3154 550 883 0 0.790406 0.946816 0.000714046 0.000386568 0.110938 0.0137717 3.40799 1.63777 6.61858 -30 5 10 23.6688 1.04157 0.9538 3 1 1 0 1 9 6 1 0 0 1 1 1 0 1
1 32 3154 552 883 0 0.606046 1.0029 0.00077349 0.000487001 0.949695 -0.0215403 4.19179 -0.812276 2.886 -30 5 10 23.6688 1.04157 0.9538 3 1 1 0 1 11 6 1 0 0 0 1 1 0 1
1 32 3154 561 883 0 1.33498 0.977609 0.000759181 0.000132832 0.0970399 -0.00323063 3.47342 -1.86631 2.39895 -30 5 10 23.6688 1.04157 0.9538 3 1 1 0 1 11 6 1 0 0 1 1 1 0 1
1 32 3154 562 883 0 0.757826 0.99353 0.000864199 0.000423872 0.0775433 0.014269 3.50601 -0.943949 4.44527 -30 5 10 23.6688 1.04157 0.9538 3 1 1 0 1 11 6 1 0 0 1 1 1 0 1
1 32 3154 570 883 0 0.672165 1.01224 0.000712491 0.000412449 0.127878 -0.0177609 3.62402 -0.460807 6.26199 5.47804 5 10 23.6688 1.04157 0.9538 3 1 1 0 1 11 6 1 0 0 1 1 1 0 1
1 32 3154 606 883 0 -0.0699139 0.950027 0.00158407 0.00202038 6.05975e-05 0.100393 4.314 -4.09679 5.4741 -30 5 10 23.6688 1.04157 0.9538 3 1 1 0 1 10 6 1 0 0 0 1 1 0 1
1 32 3154 221 884 0 -0.0887699 1.22888 0.00219674 0.00241305 0.000380969 -0.101443 0.8191 -3.09822 3.51912 -30 6 12 27.9812 0.0729843 1.30372 3 1 1 0 1 4 1 1 0 0 0 1 1 0 1
1 32 3154 869 885 0 0.0996465 1.18398 0.00148357 0.00157701 0.00122095 -0.0656994 0.167177 -0.232106 6.32732 -30 5 10 20.3717 0.216354 1.20869 2 1 1 0 1 3 1 1 0 0 0 1 1 0 1
1 32 3154 1353 886 0 0.217161 1.81277 0.00135224 0.00096031 158.333 0.0401776 15.363 2.33625 4.22555 4.22246 7 14 34.4004 0.235914 1.90407 4 8 1 0 0 3 19 1 0 0 0 1 1 0 1
1 32 3154 1364 886 0 0.220614 1.89463 0.00147037 0.000860845 8.86597 0.0410355 10.8299 5.79135 5.79135 -30 7 14 34.4004 0.235914 1.90407 4 8 1 6 0 1 19 1 0 0 0 1 1 0 1
1 32 3154 933 892 0 0.102278 0.621448 0.000763302 0.00121519 0.000147534 0.0674298 3.74761 -3.72202 6.11243 -30 6 12 27.8281 0.192683 0.602527 3 1 1 0 1 2 1 1 0 0 0 1 1 0 1
1 32 3154 473 893 0 -0.00397076 1.47773 0.0018475 0.00157508 0.000310243 -0.0842679 1.2546 -2.53933 6.81597 -30 6 12 27.4727 0.214996 1.44556 3 1 1 0 1 3 3 1 0 0 0 1 1 0 1
1 32 3154 498 893 0 0.19872 1.43481 0.00102991 0.000930159 0.132044 0.0579482 6.6383 5.48656 5.48656 -30 6 12 27.4727 0.214996 1.44556 3 2 1 1 1 3 3 1 0 0 0 1 1 0 1
1 32 3154 950 895 0 0.168466 1.23508 0.00106601 0.0010115 4.72593 0.057327 6.63861 5.91697 5.91697 -30 5 10 23.6935 0.153814 1.25653 3 1 1 0 1 1 1 1 0 0 0 1 1 0 1
1 32 3154 148 902 2 -0.0214976 2.13213 0.00309104 0.00146185 0.00172124 0.0581815 6.21509 -3.69013 5.1178 4.02172 5 10 24.1877 -0.137146 2.17114 3 4 1 0 0 2 12 1 0 0 0 0 0 1 0
1 32 3154 42 907 0 -0.0707391 0.457634 0.000821821 0.00179084 2.99111 -0.0998546 6.04668 -3.00777 6.14805 -30 5 10 19.4696 -0.0666134 0.357175 2 1 1 0 1 6 4 1 0 0 0 1 1 0 1
1 32 3154 88 907 0 -0.0109296 0.446696 0.000724388 0.00151852 0.000131492 0.0848587 3.9494 0.770804 5.55022 -30 5 10 19.4696 -0.0666134 0.357175 2 1 1 0 1 6 4 1 0 0 0 1 1 0 1
1 32 3154 106 907 0 0.228403 0.327902 0.000418472 0.000944994 0.000306263 0.0504164 3.64905 -2.60581 5.55168 -30 5 10 19.4696 -0.0666134 0.357175 2 1 1 0 1 4 4 1 0 0 0 1 1 0 1
1 32 3154 117 907 0 0.200201 0.266506 0.000399472 0.00100882 0.000836347 0.0538383 1.18637 -1.99196 6.81461 -30 5 10 19.4696 -0.0666134 0.357175 2 1 1 0 1 3 4 1 0 0 1 1 1 0 1
1 32 3154 403 913 0 0.0579256 1.7455 0.00167302 0.00128756 0.00179514 -0.063566 3.71624 5.6567 5.6567 -30 5 10 25.1012 0.0747598 1.72744 3 1 1 0 1 1 9 1 0 0 0 1 1 0 1
1 32 3154 1353 913 0 0.217161 1.81277 0.00135224 0.00096031 158.333 0.0401776 15.363 -2.98984 4.22555 4.22246 5 10 25.1012 0.0747598 1.72744 3 8 1 0 0 3 9 1 0 0 0 1 1 0 1
1 32 3154 834 916 0 0.141481 1.26075 0.00142023 0.00140108 3.32109e-05 -0.0594846 2.97936 6.69991 6.69991 -30 5 10 24.0641 0.146645 1.18475 3 1 1 0 1 8 3 1 0 0 0 1 1 0 1
1 32 3154 847 916 0 0.352178 1.08174 0.000942003 0.000848017 0.000228775 0.0369941 1.52992 -1.4451 6.50893 -30 5 10 24.0641 0.146645 1.18475 3 1 1 0 1 7 3 1 0 0 0 1 1 0 1
1 32 3154 854 916 0 -0.0371737 1.1264 0.00174048 0.00200769 3.62126e-05 0.089303 0.693347 -2.70771 5.88394 -30 5 10 24.0641 0.146645 1.18475 3 1 1 0 1 8 3 1 0 0 0 1 1 0 1
1 32 3154 944 917 0 0.0746782 1.05294 0.00121926 0.00133575 52.9457 0.0708234 10.0289 6.27721 6.27721 -30 5 10 24.386 0.0331857 1.13272 3 1 1 0 1 1 1 1 0 0 0 1 1 0 1
1 32 3154 695 923 0 -0.0172159 0.213913 0.000416389 0.00151098 0.000141404 -0.0889576 0.999899 -1.64577 6.72532 -30 6 12 27.0583 -0.0433896 0.261094 3 1 1 0 1 4 1 1 0 0 1 1 1 0 1
1 32 3154 803 930 1 -0.02666 1.22128 0.00192791 0.00211412 0.000163042 -0.0918315 0.844697 -2.19959 0.385759 -30 5 10 24.4802 -0.0855077 1.29337 3 1 1 0 1 3 1 1 0 0 0 1 0 0 0
1 32 3154 576 931 0 0.227856 1.08868 0.00089755 0.000896261 24.4366 -0.0525504 7.53337 -2.51188 5.01363 -30 5 10 21.098 0.107126 1.07283 2 1 1 0 1 5 2 1 0 0 0 1 1 0 1
1 32 3154 599 931 0 0.30481 0.952459 0.000792141 0.000868258 1.5405 0.0422522 4.15537 -0.987507 5.00941 -30 5 10 21.098 0.107126 1.07283 2 1 1 0 1 2 2 1 0 0 0 1 1 0 1
1 32 3154 963 940 0 -0.0779907 0.0506284 0.000289122 0.0018874 0.0003337 0.102422 1.76703 6.50074 6.50074 -30 5 10 24.9825 -0.0810962 0.0124487 3 1 1 0 1 1 1 1 0 0 0 1 1 0 1
1 32 3154 5195 943 1 -0.0476804 2.08571 0.00159453 0.00147965 77.8963 -0.060592 26.2 -1.70951 0.577358 3.58507 5 10 24.1308 0.0973407 2.08799 3 22 1 0 0 2 22 1 0 0 0 1 0 0 0
1 32 3154 199 946 0 0.0448489 1.51645 0.0015609 0.00141806 19.1726 0.0701908 8.5602 -0.875581 6.86776 -30 6 12 27.8388 -0.0005772 1.45376 3 1 1 0 1 3 1 1 0 0 0 1 1 0 1
1 32 3154 860 950 0 -0.00526599 0.798534 0.00119365 0.00167469 1.15707e-05 -0.0861159 2.12039 -3.55872 5.97773 5.65778 6 12 18.5056 0.0489149 0.816777 2 1 1 0 1 4 2 1 0 0 0 1 1 0 1
1 32 3154 888 950 0 0.0412198 0.951955 0.00127283 0.0015842 2.46334e-05 0.0747453 8.12906 6.08712 6.08712 -30 6 12 18.5056 0.0489149 0.816777 2 1 1 0 1 2 2 1 0 0 0 1 1 0 1
1 32 3154 479 952 0 -0.0161577 1.66624 0.00208814 0.00158283 19.0973 0.0718876 10.9432 6.20964 6.20964 5.80922 6 12 26.5864 -0.0179109 1.67969 3 8 1 0 0 2 8 1 0 0 0 1 1 0 1
1 32 3154 542 958 0 -0.0147623 1.22485 0.00181121 0.00198157 0.000106822 -0.0882668 1.25004 4.9534 4.9534 -30 5 10 20.4881 -0.037912 1.16963 2 1 1 0 1 5 1 1 0 0 0 1 1 0 1
1 32 3154 540 960 0 0.0788498 0.212287 0.000385699 0.00127487 2.80673e-05 -0.0714541 0.82595 6.49831 6.49831 -30 5 10 20.0771 0.0483346 0.217406 2 1 1 0 1 8 3 1 0 0 0 1 1 0 1
1 32 3154 566 960 0 0.777466 0.203613 0.000355651 0.000388873 4.345e-05 -0.0138994 0.876008 1.26487 6.23332 -30 5 10 20.0771 0.0483346 0.217406 2 1 1 0 1 9 3 1 0 0 1 1 1 0 1
1 32 3154 593 960 0 -0.0345025 0.129851 0.000359042 0.00166087 0.0641222 0.0894685 8.45443 -4.44333 6.76989 -30 5 10 20.0771 0.0483346 0.217406 2 1 1 0 1 10 3 1 0 0 0 1 1 0 1
1 32 3154 803 963 1 -0.02666 1.22128 0.00192791 0.00211412 0.000163042 -0.0918315 0.844697 -1.7702 0.385759 -30 6 12 28.0772 0.140776 1.27067 3 1 1 0 1 3 2 1 0 0 0 1 0 0 0
1 32 3154 834 963 0 0.141481 1.26075 0.00142023 0.00140108 3.32109e-05 -0.0594846 2.97936 -0.7316 6.69991 -30 6 12 28.0772 0.140776 1.27067 3 1 1 0 1 8 2 1 0 0 0 1 1 0 1
1 32 3154 299 969 0 0.134992 1.56899 0.0011206 0.0010835 1.27399e-05 0.0649195 3.67408 6.09431 6.09431 -30 6 12 28.2773 0.167224 1.5415 3 1 1 0 1 3 2 1 0 0 0 1 1 0 1
1 32 3154 2232 969 2 0.0825908 1.57439 0.00195356 0.00152112 384.683 0.0624048 18.2804 -1.85281 1.40281 4.69531 6 12 28.2773 0.167224 1.5415 3 1 1 0 1 2 2 1 0 0 0 0 0 1 0
1 32 3154 765 972 0 0.0848547 1.03917 0.00132842 0.00153462 3.59965e-05 -0.0677787 5.17587 -4.81783 5.80053 -30 5 10 20.0222 -0.000279348 1.15231 2 1 1 0 1 2 1 1 0 0 0 1 1 0 1
1 32 3154 340 974 0 -0.0381365 1.63218 0.0016905 0.00158676 0.00107068 -0.0921547 3.72215 0.617222 4.39739 -30 5 10 24.8044 0.00337245 1.51663 3 2 1 1 1 2 3 1 0 0 0 1 1 0 1
1 32 3154 348 974 0 0.0435622 1.55484 0.00153873 0.00138569 0.000216506 -0.0762649 6.19698 5.45344 6.27853 -30 5 10 24.8044 0.00337245 1.51663 3 1 1 0 1 2 3 1 0 0 0 1 0 0 0
1 32 3154 2 979 1 -0.0882068 1.56802 0.00200788 0.00185795 27.2357 0.0886273 9.47561 2.10622 2.10622 3.00561 6 12 27.4249 -0.0805777 1.57558 3 4 1 0 1 2 7 1 0 0 0 1 0 0 0
1 32 3154 20 979 0 0.479848 1.54479 0.00111448 0.000599153 0.000577768 0.0271436 5.89895 -1.39743 5.12356 -30 6 12 27.4249 -0.0805777 1.57558 3 1 1 0 1 3 7 1 0 0 0 1 1 0 1
1 32 3154 752 989 0 -0.0500847 0.499215 0.000862194 0.00171936 6.21921e-05 0.0955144 4.84042 1.57381 5.49395 -30 5 10 20.2069 -0.00325065 0.444992 2 1 1 0 1 2 1 1 0 0 0 1 1 0 1
1 32 3154 5195 996 1 -0.0476804 2.08571 0.00159453 0.00147965 77.8963 -0.060592 26.2 0.57407 0.577358 3.58507 5 10 24.4648 0.0285829 2.08623 3 22 1 0 0 2 22 1 0 0 0 1 0 0 0
1 32 3154 765 1002 0 0.0848547 1.03917 0.00132842 0.00153462 3.59965e-05 -0.0677787 5.17587 5.80053 5.80053 -30 6 12 28.8789 0.0613496 0.943622 3 1 1 0 1 2 1 1 0 0 0 1 1 0 1
1 32 3154 847 1004 0 0.352178 1.08174 0.000942003 0.000848017 0.000228775 0.0369941 1.52992 -2.00862 6.50893 -30 5 10 20.1346 -0.0291096 1.08344 2 1 1 0 1 7 2 1 0 0 0 1 1 0 1
1 32 3154 854 1004 0 -0.0371737 1.1264 0.00174048 0.00200769 3.62126e-05 0.089303 0.693347 3.55759 5.88394 -30 5 10 20.1346 -0.0291096 1.08344 2 1 1 0 1 8 2 1 0 0 0 1 1 0 1
1 32 3154 304 1005 0 -0.0312495 1.81714 0.00216879 0.00170982 0.00067306 0.0814372 3.39169 5.42174 5.42174 -30 5 10 24.2596 0.155986 1.78886 3 1 1 0 1 3 6 1 0 0 0 1 1 0 1
1 32 3154 2210 1005 0 0.253937 1.9118 0.00126914 0.000872275 2.06808e-06 -0.0468238 1.09219 -2.13399 4.3598 3.67578 5 10 24.2596 0.155986 1.78886 3 4 1 0 0 2 6 1 0 0 0 1 1 0 1
1 32 3154 2231 1005 2 0.207532 1.78318 0.00196855 0.00102732 76.4722 -0.0476913 13.1397 -3.52065 0.765532 5.20103 5 10 24.2596 0.155986 1.78886 3 1 1 0 1 4 6 1 0 0 0 0 0 1 0
1 32 3154 2402 1008 0 -0.00382733 2.04416 0.00204135 0.00153321 11.4056 -0.0588223 12.4834 5.93208 5.93208 4.61717 5 10 25.8189 0.0038857 2.08376 3 18 1 0 0 1 33 1 0 0 0 1 1 0 1
1 32 3154 22 1016 1 0.242698 1.39992 0.00113165 0.000855564 3.31019e-05 -0.0520422 0.597424 -1.32342 3.40907 -30 6 12 20.0266 0.370827 1.42392 2 1 1 0 1 3 1 1 0 0 0 1 0 0 0
1 32 3154 349 1017 1 0.318649 0.0988417 0.000312507 0.00084364 0.0123973 -0.0398282 5.06067 -1.87998 0.411366 3.95986 6 12 20.4608 -0.0485079 0.166589 2 1 1 0 1 2 1 1 0 0 0 1 0 0 0
1 32 3154 186 1022 0 0.233196 0.331926 0.000393005 0.000844881 0.000471482 0.0498931 0.720329 4.74813 4.74813 4.88019 6 12 32.6296 0.225456 0.330424 4 1 1 0 1 1 1 1 0 0 0 1 1 0 1
1 32 3154 244 1027 0 0.0111449 1.25793 0.0012875 0.00136557 154.821 -0.079581 13.0824 6.76522 6.76522 5.99854 5 10 23.8553 -0.0206932 1.35043 3 1 1 0 1 1 1 1 0 0 0 1 1 0 1
1 32 3154 831 1028 0 -0.00138488 1.45631 0.00166162 0.00158888 57.525 -0.0780175 11.6657 6.74263 6.74263 2.42753 5 10 20.5071 -0.242468 1.52733 2 1 1 0 1 2 1 1 0 0 0 1 1 0 1
1 32 3154 217 1029 0 -0.0289934 0.0100887 0.000235914 0.00161961 0.000440366 -0.0874912 5.90164 -3.15302 -0.354268 -30 6 12 26.6962 0.410211 0.0291204 3 1 1 0 1 2 4 1 0 0 0 1 1 0 1
1 32 3154 235 1029 1 0.412684 0.0283677 0.00025346 0.000691857 0.00036663 -0.0316672 0.29534 4.20663 4.20663 -30 6 12 26.6962 0.410211 0.0291204 3 1 1 0 1 4 4 1 0 0 0 1 0 0 0
1 32 3154 236 1029 0 0.432015 0.110969 0.000271655 0.00063607 0.000374839 -0.030358 4.01948 6.36493 6.36493 -30 6 12 26.6962 0.410211 0.0291204 3 1 1 0 1 4 4 1 0 0 0 1 1 0 1
1 32 3154 243 1029 0 0.0542326 0.0873545 0.000298974 0.00140062 0.000341564 0.0728061 0.135156 -2.81519 6.84379 -30 6 12 26.6962 0.410211 0.0291204 3 1 1 0 1 4 4 1 0 0 0 1 1 0 1
1 32 3154 540 1031 0 0.0788498 0.212287 0.000385699 0.00127487 2.80673e-05 -0.0714541 0.82595 -2.7891 6.49831 -30 5 10 18.5717 0.526107 0.0774652 3 1 1 0 1 8 3 1 0 0 0 1 1 0 1
1 32 3154 566 1031 0 0.777466 0.203613 0.000355651 0.000388873 4.345e-05 -0.0138994 0.876008 -1.61185 6.23332 -30 5 10 18.5717 0.526107 0.0774652 3 1 1 0 1 9 3 1 0 0 1 1 1 0 1
1 32 3154 593 1031 0 -0.0345025 0.129851 0.000359042 0.00166087 0.0641222 0.0894685 8.45443 -4.65164 6.76989 -30 5 10 18.5717 0.526107 0.0774652 3 1 1 0 1 10 3 1 0 0 0 1 1 0 1
1 32 3154 662 1033 0 0.526638 1.39017 0.00122838 0.000476454 0.238589 -0.0220394 6.47443 6.38768 6.38768 -30 5 10 23.3822 0.486953 1.39464 3 1 1 0 1 3 2 1 0 0 1 1 1 0 1
1 32 3154 673 1033 0 -0.0935529 1.47324 0.00215069 0.00198264 0.000536289 0.0956609 3.25266 -0.887042 2.30543 -30 5 10 23.3822 0.486953 1.39464 3 1 1 0 1 1 2 1 0 0 0 1 1 0 1
1 32 3154 1859 1034 1 -0.0446118 1.58737 0.00162167 0.00154385 126.332 -0.0934879 13.054 0.374048 0.374048 4.08114 5 10 20.7412 0.0335513 1.52033 2 2 1 0 0 1 8 1 0 0 0 1 0 0 0
1 32 3154 1870 1034 1 -0.0787636 1.6373 0.00177276 0.00166683 51.2953 -0.10319 11.2798 -0.45944 -0.420235 2.03199 5 10 20.7412 0.0335513 1.52033 2 6 1 0 0 1 8 1 0 0 0 1 0 0 0
1 32 3154 473 1042 0 -0.00397076 1.47773 0.0018475 0.00157508 0.000310243 -0.0842679 1.2546 -2.00445 6.81597 -30 5 10 21.0848 0.271157 1.38985 3 1 1 0 1 3 3 1 0 0 0 1 1 0 1
1 32 3154 498 1042 0 0.19872 1.43481 0.00102991 0.000930159 0.132044 0.0579482 6.6383 0.237057 5.48656 -30 5 10 21.0848 0.271157 1.38985 3 2 1 1 1 3 3 1 0 0 0 1 1 0 1
1 32 3154 419 1047 1 0.128314 1.77072 0.0015319 0.00100297 5.81626e-06 -0.0537826 4.80918 0.530075 0.530075 0.468877 6 12 26.6401 0.42448 1.80274 3 8 1 0 0 3 8 1 0 0 0 1 0 0 0
1 32 3154 540 1048 0 0.0788498 0.212287 0.000385699 0.00127487 2.80673e-05 -0.0714541 0.82595 -0.454434 6.49831 -30 5 10 18.5268 0.243554 0.133744 2 1 1 0 1 8 3 1 0 0 0 1 1 0 1
1 32 3154 566 1048 0 0.777466 0.203613 0.000355651 0.000388873 4.345e-05 -0.0138994 0.876008 -1.32541 6.23332 -30 5 10 18.5268 0.243554 0.133744 2 1 1 0 1 9 3 1 0 0 1 1 1 0 1
1 32 3154 593 1048 0 -0.0345025 0.129851 0.000359042 0.00166087 0.0641222 0.0894685 8.45443 -4.48315 6.76989 -30 5 10 18.5268 0.243554 0.133744 2 1 1 0 1 10 3 1 0 0 0 1 1 0 1
1 32 3154 243 1051 0 0.0542326 0.0873545 0.000298974 0.00140062 0.000341564 0.0728061 0.135156 -3.04876 6.84379 -30 5 10 18.3205 0.274328 0.0327825 2 1 1 0 1 4 1 1 0 0 0 1 1 0 1
1 32 3154 312 1059 0 -0.0830351 0.602371 0.00107342 0.00187359 24.9457 -0.0994539 10.8399 5.98518 5.98518 -30 5 10 20.6081 -0.0861982 0.715395 2 1 1 0 1 1 1 1 0 0 0 1 1 0 1
1 32 3154 662 1061 0 0.526638 1.39017 0.00122838 0.000476454 0.238589 -0.0220394 6.47443 0.350896 6.38768 -30 6 12 27.1411 0.0670175 1.27343 3 1 1 0 1 3 1 1 0 0 1 1 1 0 1
1 32 3154 511 1064 0 0.406233 1.22456 0.000813272 0.000613884 1.37453 0.0347483 5.8789 -1.20177 6.66144 -30 5 10 19.6325 0.00864001 1.28395 2 1 1 0 1 3 1 1 0 0 0 1 1 0 1
1 32 3154 42 1065 0 -0.0707391 0.457634 0.000821821 0.00179084 2.99111 -0.0998546 6.04668 6.14805 6.14805 -30 6 12 28.3664 -0.068609 0.543228 3 1 1 0 1 6 2 1 0 0 0 1 1 0 1
1 32 3154 88 1065 0 -0.0109296 0.446696 0.000724388 0.00151852 0.000131492 0.0848587 3.9494 -3.44057 5.55022 -30 6 12 28.3664 -0.068609 0.543228 3 1 1 0 1 6 2 1 0 0 0 1 1 0 1
1 32 3154 62 1067 1 -0.0751732 2.0068 0.00266863 0.00180326 0.00395112 -0.0775462 2.1658 -4.57204 -1.78713 4.6415 5 10 24.6573 0.215898 2.0354 3 3 1 0 0 1 25 1 0 0 0 1 0 0 0
1 32 3154 1072 1067 1 0.336626 2.03969 0.00212117 0.000794131 121.043 -0.0244542 18.311 -3.17001 0.433106 0.626701 5 10 24.6573 0.215898 2.0354 3 12 1 0 0 1 25 1 0 0 0 1 0 0 0
1 32 3154 340 1069 0 -0.0381365 1.63218 0.0016905 0.00158676 0.00107068 -0.0921547 3.72215 4.39739 4.39739 -30 6 12 26.4188 -0.012627 1.6069 3 2 1 1 1 2 12 1 0 0 0 1 1 0 1
1 32 3154 348 1069 0 0.0435622 1.55484 0.00153873 0.00138569 0.000216506 -0.0762649 6.19698 3.51357 6.27853 -30 6 12 26.4188 -0.012627 1.6069 3 1 1 0 1 2 12 1 0 0 0 1 0 0 0
1 32 3154 2288 1069 1 -0.0125183 1.6585 0.00158355 0.00150357 32.5855 -0.084576 12.1535 -0.765529 1.08974 3.48289 6 12 26.4188 -0.012627 1.6069 3 9 1 0 0 1 12 1 0 0 0 1 0 0 0
1 32 3154 106 1074 0 0.228403 0.327902 0.000418472 0.000944994 0.000306263 0.0504164 3.64905 -3.1602 5.55168 -30 6 12 23.8843 0.318716 0.414957 3 1 1 0 1 4 1 1 0 0 0 1 1 0 1
1 32 3154 674 1076 0 -0.0534927 0.708303 0.00121999 0.00187096 1.32006e-05 0.0933539 0.561282 6.27597 6.27597 -30 6 12 27.7219 -0.0479223 0.677353 3 1 1 0 1 4 1 1 0 0 0 1 1 0 1
1 32 3154 1536 1077 1 0.0770502 1.66409 0.00149825 0.00130629 174.339 0.061136 14.9117 -1.32732 1.20571 3.46299 6 12 26.3373 -0.0553817 1.55223 3 2 1 0 0 3 10 1 0 0 0 1 0 0 0
1 32 3154 1566 1077 1 -0.0577333 1.66643 0.00175013 0.00164032 150.862 0.0839911 15.4824 -0.207369 0.547616 3.76017 6 12 26.3373 -0.0553817 1.55223 3 6 1 0 0 2 10 1 0 0 0 1 0 0 0
1 32 3154 834 1078 0 0.141481 1.26075 0.00142023 0.00140108 3.32109e-05 -0.0594846 2.97936 0.180232 6.69991 -30 5 10 23.4913 0.277092 1.21565 3 1 1 0 1 8 2 1 0 0 0 1 1 0 1
1 32 3154 854 1078 0 -0.0371737 1.1264 0.00174048 0.00200769 3.62126e-05 0.089303 0.693347 -2.43694 5.88394 -30 5 10 23.4913 0.277092 1.21565 3 1 1 0 1 8 2 1 0 0 0 1 1 0 1
1 32 3154 20 1079 0 0.479848 1.54479 0.00111448 0.000599153 0.000577768 0.0271436 5.89895 5.12356 5.12356 -30 5 10 23.5664 0.458737 1.54457 3 1 1 0 1 3 3 1 0 0 0 1 1 0 1
1 32 3154 482 1081 0 -0.0111516 1.11874 0.0014079 0.00155198 59.2983 0.0809813 10.36 6.66691 6.66691 -30 6 12 31.3608 0.00726127 1.18979 4 1 1 0 1 2 1 1 0 0 0 1 1 0 1
1 32 3154 2 1083 1 -0.0882068 1.56802 0.00200788 0.00185795 27.2357 0.0886273 9.47561 -1.3002 2.10622 3.00561 5 10 24.4565 0.074419 1.58512 3 4 1 0 1 2 4 1 0 0 0 1 0 0 0
1 32 3154 674 1086 0 -0.0534927 0.708303 0.00121999 0.00187096 1.32006e-05 0.0933539 0.561282 0.932431 6.27597 -30 5 10 19.3796 0.0377034 0.70224 2 1 1 0 1 4 1 1 0 0 0 1 1 0 1
1 32 3154 550 1087 0 0.790406 0.946816 0.000714046 0.000386568 0.110938 0.0137717 3.40799 -0.873132 6.61858 -30 5 10 22.5636 1.0723 0.977251 3 1 1 0 1 9 6 1 0 0 1 1 1 0 1
1 32 3154 552 1087 0 0.606046 1.0029 0.00077349 0.000487001 0.949695 -0.0215403 4.19179 -1.24262 2.886 -30 5 10 22.5636 1.0723 0.977251 3 1 1 0 1 11 6 1 0 0 0 1 1 0 1
1 32 3154 561 1087 0 1.33498 0.977609 0.000759181 0.000132832 0.0970399 -0.00323063 3.47342 -0.106504 2.39895 -30 5 10 22.5636 1.0723 0.977251 3 1 1 0 1 11 6 1 0 0 1 1 1 0 1
1 32 3154 562 1087 0 0.757826 0.99353 0.000864199 0.000423872 0.0775433 0.014269 3.50601 -0.541816 4.44527 -30 5 10 22.5636 1.0723 0.977251 3 1 1 0 1 11 6 1 0 0 1 1 1 0 1
1 32 3154 570 1087 0 0.672165 1.01224 0.000712491 0.000412449 0.127878 -0.0177609 3.62402 -1.23398 6.26199 5.47804 5 10 22.5636 1.0723 0.977251 3 1 1 0 1 11 6 1 0 0 1 1 1 0 1
1 32 3154 606 1087 0 -0.0699139 0.950027 0.00158407 0.00202038 6.05975e-05 0.100393 4.314 -3.71069 5.4741 -30 5 10 22.5636 1.0723 0.977251 3 1 1 0 1 10 6 1 0 0 0 1 1 0 1
1 32 3154 550 1090 0 0.790406 0.946816 0.000714046 0.000386568 0.110938 0.0137717 3.40799 0.730902 6.61858 -30 5 10 20.237 0.207577 0.94908 3 1 1 0 1 9 6 1 0 0 1 1 1 0 1
1 32 3154 552 1090 0 0.606046 1.0029 0.00077349 0.000487001 0.949695 -0.0215403 4.19179 -1.0375 2.886 -30 5 10 20.237 0.207577 0.94908 3 1 1 0 1 11 6 1 0 0 0 1 1 0 1
1 32 3154 561 1090 0 1.33498 0.977609 0.000759181 0.000132832 0.0970399 -0.00323063 3.47342 -2.15769 2.39895 -30 5 10 20.237 0.207577 0.94908 3 1 1 0 1 11 6 1 0 0 1 1 1 0 1
1 32 3154 562 1090 0 0.757826 0.99353 0.000864199 0.000423872 0.0775433 0.014269 3.50601 -0.74541 4.44527 -30 5 10 20.237 0.207577 0.94908 3 1 1 0 1 11 6 1 0 0 1 1 1 0 1
1 32 3154 570 1090 0 0.672165 1.01224 0.000712491 0.000412449 0.127878 -0.0177609 3.62402 -1.5659 6.26199 5.47804 5 10 20.237 0.207577 0.94908 3 1 1 0 1 11 6 1 0 0 1 1 1 0 1
1 32 3154 606 1090 0 -0.0699139 0.950027 0.00158407 0.00202038 6.05975e-05 0.100393 4.314 -1.89357 5.4741 -30 5 10 20.237 0.207577 0.94908 3 1 1 0 1 10 6 1 0 0 0 1 1 0 1
1 32 3154 22 1091 1 0.242698 1.39992 0.00113165 0.000855564 3.31019e-05 -0.0520422 0.597424 3.40907 3.40907 -30 5 10 19.0193 0.0163843 1.3552 2 1 1 0 1 3 1 1 0 0 0 1 0 0 0
1 32 3154 826 1092 1 0.310558 0.235516 0.000343092 0.000837539 0.000421717 -0.0403179 3.09485 -2.43462 0.351871 4.76285 5 10 17.4539 0.012574 0.110437 2 1 1 0 1 1 2 1 0 0 0 1 0 0 0
1 32 3154 839 1092 1 0.396462 0.0810839 0.000335034 0.000724273 0.000392807 -0.0329025 0.0650749 -1.8364 0.306715 4.50936 5 10 17.4539 0.012574 0.110437 2 1 1 0 1 1 2 1 0 0 0 1 0 0 0
1 32 3154 875 1093 1 -0.0393982 0.197762 0.000415684 0.00163323 0.0649573 -0.0898185 3.609 -3.78204 0.518782 5.2878 5 10 18.387 0.324214 0.188442 2 1 1 0 1 2 2 1 0 0 0 1 0 0 0
1 32 3154 923 1093 1 0.0134797 0.205645 0.000423338 0.00155528 0.000536419 0.0827695 0.385444 1.1645 1.1645 3.80315 5 10 18.387 0.324214 0.188442 2 1 1 0 1 2 2 0 1 1 1 1 0 0 0
1 32 3154 552 1095 0 0.606046 1.0029 0.00077349 0.000487001 0.949695 -0.0215403 4.19179 0.199161 2.886 -30 5 10 23.6037 0.144956 0.940679 3 1 1 0 1 11 5 1 0 0 0 1 1 0 1
1 32 3154 561 1095 0 1.33498 0.977609 0.000759181 0.000132832 0.0970399 -0.00323063 3.47342 -0.666987 2.39895 -30 5 10 23.6037 0.144956 0.940679 3 1 1 0 1 11 5 1 0 0 1 1 1 0 1
1 32 3154 562 1095 0 0.757826 0.99353 0.000864199 0.000423872 0.0775433 0.014269 3.50601 0.530781 4.44527 -30 5 10 23.6037 0.144956 0.940679 3 1 1 0 1 11 5 1 0 0 1 1 1 0 1
1 32 3154 570 1095 0 0.672165 1.01224 0.000712491 0.000412449 0.127878 -0.0177609 3.62402 -0.0880298 6.26199 5.47804 5 10 23.6037 0.144956 0.940679 3 1 1 0 1 11 5 1 0 0 1 1 1 0 1
1 32 3154 606 1095 0 -0.0699139 0.950027 0.00158407 0.00202038 6.05975e-05 0.100393 4.314 -3.11622 5.4741 -30 5 10 23.6037 0.144956 0.940679 3 1 1 0 1 10 5 1 0 0 0 1 1 0 1
1 32 3154 834 1097 0 0.141481 1.26075 0.00142023 0.00140108 3.32109e-05 -0.0594846 2.97936 -2.7089 6.69991 -30 5 10 24.4748 0.106827 1.25426 3 1 1 0 1 8 1 1 0 0 0 1 1 0 1
1 32 3154 136 1098 0 0.12758 1.28189 0.00115697 0.00113883 121.256 0.0626632 12.9302 6.83862 6.83862 -30 6 12 19.3242 0.106469 1.35503 2 1 1 0 1 1 1 1 0 0 0 1 1 0 1
1 32 3154 819 1099 1 0.423386 0.284989 0.000352669 0.000664623 0.444497 -0.0324775 5.44625 2.8264 2.8264 5.00846 5 10 18.097 0.236715 0.324298 2 1 1 0 1 1 1 1 0 0 0 1 0 0 0
1 32 3154 864 1100 0 0.115624 1.22529 0.00114162 0.00119647 132.65 -0.0653412 12.4454 6.31246 6.31246 5.71229 5 10 20.9611 0.133071 1.31515 3 1 1 0 1 3 1 1 0 0 0 1 1 0 1
1 32 3154 445 1101 0 0.308091 1.02736 0.000928196 0.000927052 4.66137 -0.0407487 5.16351 6.51578 6.51578 -30 6 12 26.0972 0.291744 1.05519 3 1 1 0 1 2 2 1 0 0 0 1 1 0 1
1 32 3154 471 1101 0 -0.0364044 1.14984 0.00148041 0.00161783 15.2023 0.093949 7.5919 -2.48219 6.1922 -30 6 12 26.0972 0.291744 1.05519 3 1 1 0 1 3 2 1 0 0 0 1 0 0 0
1 32 3154 25 1103 0 0.468686 1.07819 0.000790558 0.000620319 0.0806634 0.0281184 3.79281 -0.874677 6.81438 -30 5 10 21.9738 -0.0706283 1.1768 3 1 1 0 1 4 1 1 0 0 0 1 1 0 1
1 32 3154 864 1106 0 0.115624 1.22529 0.00114162 0.00119647 132.65 -0.0653412 12.4454 0.535024 6.31246 5.71229 5 10 18.5901 0.0970845 1.17061 2 1 1 0 1 3 1 1 0 0 0 1 1 0 1
1 32 3154 902 1109 0 -0.0397553 0.377762 0.000634648 0.00158046 0.000728865 0.0899499 2.81809 5.31644 5.31644 3.83711 5 10 23.6546 -0.0198219 0.308951 3 1 1 0 1 1 1 1 0 0 0 1 1 0 1
1 32 3154 586 1112 1 0.769251 1.59731 0.00115955 0.000346741 0.000347155 -0.013595 2.04466 -1.28035 -0.737861 5.16414 5 10 19.334 -0.16279 1.60381 2 2 1 0 0 2 2 1 0 0 0 1 0 0 0
1 32 3154 830 1117 0 0.194665 1.03575 0.00107879 0.00114379 3.26593 -0.0531474 5.738 4.74947 4.74947 -30 5 10 19.6185 0.127762 1.03643 2 1 1 0 1 2 2 1 0 0 0 1 1 0 1
1 32 3154 862 1117 0 0.277528 0.973228 0.000917088 0.000972599 0.000651555 0.0452327 0.236333 -2.14395 6.86474 -30 5 10 19.6185 0.127762 1.03643 2 1 1 0 1 2 2 1 0 0 0 1 1 0 1
1 32 3154 347 1121 0 0.0140218 0.117221 0.000354997 0.00153579 0.0218466 0.0808044 5.04065 5.36434 5.36434 -30 6 12 29.6346 0.00139849 0.207463 4 1 1 0 1 2 1 1 0 0 0 1 1 0 1
1 32 3154 576 1123 0 0.227856 1.08868 0.00089755 0.000896261 24.4366 -0.0525504 7.53337 5.01363 5.01363 -30 5 10 18.9943 0.229019 1.13368 2 1 1 0 1 5 2 1 0 0 0 1 1 0 1
1 32 3154 583 1123 0 0.0853603 1.11168 0.00119543 0.00129931 31.3396 0.0690065 8.0624 -1.16642 6.38372 -30 5 10 18.9943 0.229019 1.13368 2 1 1 0 1 3 2 1 0 0 0 1 1 0 1
1 32 3154 908 1126 0 0.337886 1.43005 0.000860682 0.000708538 4.62239 -0.0407261 6.8504 6.09386 6.09386 -30 5 10 23.5698 0.332221 1.4457 3 1 1 0 1 3 1 1 0 0 0 1 1 0 1
1 32 3154 6052 1133 0 -0.0857379 1.83179 0.00195493 0.0016754 163.471 -0.103038 25.65 5.63659 5.63659 5.96872 5 10 19.7063 -0.343794 1.89438 2 3 1 0 0 2 3 1 0 0 0 1 1 0 1
1 32 3154 258 1137 0 0.19824 0.106549 0.00027036 0.00104689 0.000187248 -0.0520145 0.515593 -0.531802 6.65601 -30 6 12 24.665 0.202156 0.0568891 3 1 1 0 1 4 2 1 0 0 0 1 1 0 1
1 32 3154 298 1137 0 0.204194 0.0807005 0.000284786 0.00104183 0.000361181 -0.0541723 0.815939 4.65657 4.65657 -30 6 12 24.665 0.202156 0.0568891 3 1 1 0 1 3 2 1 0 0 0 1 1 0 1
1 32 3154 299 1139 0 0.134992 1.56899 0.0011206 0.0010835 1.27399e-05 0.0649195 3.67408 -2.27517 6.09431 -30 6 12 24.0568 -0.0416039 1.60271 3 1 1 0 1 3 1 1 0 0 0 1 1 0 1
1 32 3154 695 1140 0 -0.0172159 0.213913 0.000416389 0.00151098 0.000141404 -0.0889576 0.999899 -2.69998 6.72532 -30 6 12 25.4866 -0.0575586 0.198904 3 1 1 0 1 4 2 1 0 0 1 1 1 0 1
1 32 3154 723 1140 0 -0.0857746 0.210984 0.00047629 0.00185247 0.000207199 0.100643 5.33099 -1.49519 4.91012 -30 6 12 25.4866 -0.0575586 0.198904 3 1 1 0 1 3 2 1 0 0 0 1 1 0 1
1 32 3154 1771 1141 1 -0.0832217 1.96944 0.0022769 0.00181185 5.58809 0.0804702 10.9715 -3.09966 0.552251 3.12283 6 12 31.4618 -0.0212263 1.93377 4 5 1 0 0 1 5 1 0 0 0 1 0 0 0
1 32 3154 25 1144 0 0.468686 1.07819 0.000790558 0.000620319 0.0806634 0.0281184 3.79281 -1.54372 6.81438 -30 5 10 18.691 -0.0695565 1.01841 2 1 1 0 1 4 2 1 0 0 0 1 1 0 1
1 32 3154 44 1144 0 -0.0673 0.918212 0.0016252 0.00210446 17.3454 0.100246 6.84488 5.06547 5.06547 3.33311 5 10 18.691 -0.0695565 1.01841 2 1 1 0 1 1 2 1 0 0 0 1 1 0 1
1 32 3154 299 1145 0 0.134992 1.56899 0.0011206 0.0010835 1.27399e-05 0.0649195 3.67408 1.82678 6.09431 -30 5 10 22.1166 0.0329081 1.55313 3 1 1 0 1 3 2 1 0 0 0 1 1 0 1
1 32 3154 2232 1145 2 0.0825908 1.57439 0.00195356 0.00152112 384.683 0.0624048 18.2804 0.204442 1.40281 4.69531 5 10 22.1166 0.0329081 1.55313 3 1 1 0 1 2 2 1 0 0 0 0 0 1 0
1 32 3154 540 1147 0 0.0788498 0.212287 0.000385699 0.00127487 2.80673e-05 -0.0714541 0.82595 -2.62872 6.49831 -30 6 12 30.1452 0.927091 0.142956 4 1 1 0 1 8 3 1 0 0 0 1 1 0 1
1 32 3154 566 1147 0 0.777466 0.203613 0.000355651 0.000388873 4.345e-05 -0.0138994 0.876008 -1.71491 6.23332 -30 6 12 30.1452 0.927091 0.142956 4 1 1 0 1 9 3 1 0 0 1 1 1 0 1
1 32 3154 593 1147 0 -0.0345025 0.129851 0.000359042 0.00166087 0.0641222 0.0894685 8.45443 -3.94368 6.76989 -30 6 12 30.1452 0.927091 0.142956 4 1 1 0 1 10 3 1 0 0 0 1 1 0 1
1 32 3154 674 1151 0 -0.0534927 0.708303 0.00121999 0.00187096 1.32006e-05 0.0933539 0.561282 -0.577028 6.27597 -30 5 10 23.8659 0.135041 0.725165 3 1 1 0 1 4 1 1 0 0 0 1 1 0 1
1 32 3154 566 1152 0 0.777466 0.203613 0.000355651 0.000388873 4.345e-05 -0.0138994 0.876008 -0.378914 6.23332 -30 5 10 19.0465 -0.0413753 0.0859083 2 1 1 0 1 9 3 1 0 0 1 1 1 0 1
1 32 3154 593 1152 0 -0.0345025 0.129851 0.000359042 0.00166087 0.0641222 0.0894685 8.45443 -3.34593 6.76989 -30 5 10 19.0465 -0.0413753 0.0859083 2 1 1 0 1 10 3 1 0 0 0 1 1 0 1
1 32 3154 601 1152 0 0.278697 0.0317795 0.000243888 0.000845464 0.000353531 0.0447095 0.385444 -2.36055 5.7406 -30 5 10 19.0465 -0.0413753 0.0859083 2 1 1 0 1 5 3 1 0 0 1 1 1 0 1
1 32 3154 1860 1155 2 1.7323 1.39844 0.0228822 0.000368406 415.476 0.000880712 19.3767 -4.57066 -0.795179 2.18799 6 12 25.9384 0.326754 1.26896 3 1 1 0 1 2 1 1 0 0 0 0 0 1 0
1 32 3154 2550 1157 0 0.181067 1.87171 0.00145585 0.00102262 21.721 0.0468144 11.2897 2.30066 2.30066 3.27919 6 12 25.983 0.23071 1.82513 3 8 1 0 1 1 8 1 0 0 0 1 1 0 1
1 32 3154 641 1158 1 -0.0935197 0.194902 0.000458469 0.00185145 0.390564 0.102526 8.76479 -1.41641 -1.41641 2.05109 5 10 18.8174 -0.0838981 0.18833 2 1 1 0 1 1 2 1 0 0 0 1 0 0 0
1 32 3154 642 1158 0 -0.0724692 0.208763 0.000477842 0.00180576 0.000602067 0.0979246 3.22704 6.15953 6.15953 -30 5 10 18.8174 -0.0838981 0.18833 2 1 1 0 1 1 2 1 0 0 0 1 1 0 1
1 32 3154 1566 1160 1 -0.0577333 1.66643 0.00175013 0.00164032 150.862 0.0839911 15.4824 -1.12313 0.547616 3.76017 6 12 23.7487 -0.0537103 1.74526 3 6 1 0 0 2 6 1 0 0 0 1 0 0 0
1 32 3154 671 1162 0 0.0144157 0.147388 0.000361453 0.00153879 0.00030151 0.0797173 8.10109 -2.3733 5.47159 -30 5 10 19.0303 -0.0580923 0.15448 2 1 1 0 1 1 1 1 0 0 0 1 1 0 1
1 32 3154 786 1167 0 -0.0145836 0.956318 0.00152008 0.00190716 1.81974e-07 0.0850788 4.18873 4.47677 6.58989 -30 5 10 23.1202 -0.00477514 0.890552 3 1 1 0 1 2 1 1 0 0 0 1 1 0 1
1 32 3154 451 1169 1 0.382941 0.215371 0.000318173 0.00074072 0.000408715 0.034199 4.13961 5.23938 5.23938 -30 6 12 24.9488 0.335723 0.12675 3 1 1 0 1 2 1 1 0 0 0 1 0 0 0
1 32 3154 511 1173 0 0.406233 1.22456 0.000813272 0.000613884 1.37453 0.0347483 5.8789 -0.992879 6.66144 -30 6 12 26.3585 0.431401 1.23818 3 1 1 0 1 3 1 1 0 0 0 1 1 0 1
1 32 3154 802 1175 0 0.107282 0.601455 0.000775664 0.00123145 29.8548 0.0649312 11.8071 -1.88626 6.82312 -30 5 10 18.9532 0.00395974 0.679746 2 1 1 0 1 2 2 1 0 0 0 1 1 0 1
1 32 3154 818 1175 0 -0.0872823 0.576389 0.00104126 0.00188963 9.54141e-06 0.105189 2.16199 -4.27044 0.53459 4.93352 5 10 18.9532 0.00395974 0.679746 2 1 1 0 1 3 2 1 0 0 0 1 0 0 0
1 32 3154 785 1176 0 -0.0834499 0.318584 0.000647621 0.00185942 1.40614 -0.100275 7.18297 -2.47233 5.8607 -30 5 10 15.9147 -0.0739396 0.242519 2 1 1 0 1 2 1 1 0 0 0 1 1 0 1
1 32 3154 451 1177 1 0.382941 0.215371 0.000318173 0.00074072 0.000408715 0.034199 4.13961 -1.51582 5.23938 -30 5 10 17.0323 -0.0953832 0.261657 2 1 1 0 1 2 1 1 0 0 0 1 0 0 0
1 32 3154 875 1178 1 -0.0393982 0.197762 0.000415684 0.00163323 0.0649573 -0.0898185 3.609 -2.97642 0.518782 5.2878 5 10 17.8155 0.0830681 0.243908 2 1 1 0 1 2 2 1 0 0 0 1 0 0 0
1 32 3154 923 1178 1 0.0134797 0.205645 0.000423338 0.00155528 0.000536419 0.0827695 0.385444 -1.08532 1.1645 3.80315 5 10 17.8155 0.0830681 0.243908 2 1 1 0 1 2 2 0 1 1 1 1 0 0 0
1 32 3154 811 1179 1 0.126128 1.01067 0.0011576 0.00134551 0.00103933 0.0649384 4.01374 5.40752 5.40752 -30 5 10 23.0854 0.109014 1.01195 3 1 1 0 1 3 1 0 1 1 1 1 0 0 0
1 32 3154 550 1181 0 0.790406 0.946816 0.000714046 0.000386568 0.110938 0.0137717 3.40799 -0.754417 6.61858 -30 5 10 22.443 0.61687 1.0134 3 1 1 0 1 9 5 1 0 0 1 1 1 0 1
1 32 3154 552 1181 0 0.606046 1.0029 0.00077349 0.000487001 0.949695 -0.0215403 4.19179 1.78933 2.886 -30 5 10 22.443 0.61687 1.0134 3 1 1 0 1 11 5 1 0 0 0 1 1 0 1
1 32 3154 561 1181 0 1.33498 0.977609 0.000759181 0.000132832 0.0970399 -0.00323063 3.47342 -2.1278 2.39895 -30 5 10 22.443 0.61687 1.0134 3 1 1 0 1 11 5 1 0 0 1 1 1 0 1
1 32 3154 562 1181 0 0.757826 0.99353 0.000864199 0.000423872 0.0775433 0.014269 3.50601 -0.661375 4.44527 -30 5 10 22.443 0.61687 1.0134 3 1 1 0 1 11 5 1 0 0 1 1 1 0 1
1 32 3154 570 1181 0 0.672165 1.01224 0.000712491 0.000412449 0.127878 -0.0177609 3.62402 0.299521 6.26199 5.47804 5 10 22.443 0.61687 1.0134 3 1 1 0 1 11 5 1 0 0 1 1 1 0 1
1 32 3154 830 1182 0 0.194665 1.03575 0.00107879 0.00114379 3.26593 -0.0531474 5.738 -0.38128 4.74947 -30 5 10 23.0598 0.119758 1.16884 3 1 1 0 1 2 1 1 0 0 0 1 1 0 1
1 32 3154 235 1183 1 0.412684 0.0283677 0.00025346 0.000691857 0.00036663 -0.0316672 0.29534 -0.678105 4.20663 -30 5 10 22.8412 0.18685 0.112413 3 1 1 0 1 4 4 1 0 0 0 1 0 0 0
1 32 3154 236 1183 0 0.432015 0.110969 0.000271655 0.00063607 0.000374839 -0.030358 4.01948 -1.46714 6.36493 -30 5 10 22.8412 0.18685 0.112413 3 1 1 0 1 4 4 1 0 0 0 1 1 0 1
1 32 3154 258 1183 0 0.19824 0.106549 0.00027036 0.00104689 0.000187248 -0.0520145 0.515593 6.65601 6.65601 -30 5 10 22.8412 0.18685 0.112413 3 1 1 0 1 4 4 1 0 0 0 1 1 0 1
1 32 3154 298 1183 0 0.204194 0.0807005 0.000284786 0.00104183 0.000361181 -0.0541723 0.815939 0.13426 4.65657 -30 5 10 22.8412 0.18685 0.112413 3 1 1 0 1 3 4 1 0 0 0 1 1 0 1
1 32 3154 107 1185 0 -0.062871 0.324805 0.000591201 0.00162707 0.000756395 -0.0983686 6.39427 -0.837943 5.36398 4.95677 5 10 21.9621 0.11225 0.327152 3 1 1 0 1 2 2 1 0 0 0 1 1 0 1
1 32 3154 157 1185 1 -0.0932858 0.434151 0.000796663 0.00180562 0.471001 0.101812 3.26944 -2.92077 -0.00627165 2.48028 5 10 21.9621 0.11225 0.327152 3 1 1 0 1 1 2 1 0 0 0 1 0 0 0
1 32 3154 517 1186 1 0.290705 1.6199 0.00106431 0.000789068 5.47103e-05 -0.0443717 3.14697 -1.22123 -0.495565 1.11252 5 10 17.3553 -0.0440518 1.62288 2 3 1 0 0 1 5 1 0 0 0 1 0 0 0
1 32 3154 2546 1186 1 0.183788 1.68168 0.0013159 0.00104574 60.0263 0.0530169 11.6348 -3.35484 0.447592 2.20258 5 10 17.3553 -0.0440518 1.62288 2 2 1 0 1 2 5 1 0 0 0 1 0 0 0
1 32 3154 68 1187 0 0.345386 1.39701 0.00113018 0.000990176 0.000191443 -0.0366334 5.76202 2.77036 2.77036 -30 5 10 17.4946 0.371948 1.2987 2 1 1 0 1 1 1 1 0 0 0 1 1 0 1
1 32 3154 133 1188 0 0.115991 0.630958 0.000788266 0.00121451 0.000726598 0.0655658 2.53917 5.03467 5.03467 -30 6 12 25.555 0.095928 0.563394 3 1 1 0 1 2 1 1 0 0 0 1 1 0 1
1 32 3154 601 1189 0 0.278697 0.0317795 0.000243888 0.000845464 0.000353531 0.0447095 0.385444 5.7406 5.7406 -30 6 12 27.538 0.284615 0.037427 4 1 1 0 1 5 2 1 0 0 1 1 1 0 1
1 32 3154 609 1189 0 0.260244 0.167002 0.000228429 0.000867966 0.000353098 0.0456827 3.82926 1.0139 4.70507 5.56408 6 12 27.538 0.284615 0.037427 4 1 1 0 1 4 2 1 0 0 0 1 1 0 1
1 32 3154 89 1190 0 0.13017 0.584625 0.000748406 0.00120419 27.3639 -0.0616424 11.4764 0.0781178 6.31048 -30 5 10 23.1541 -0.049824 0.63846 3 1 1 0 1 1 1 1 0 0 0 1 1 0 1
1 32 3154 540 1191 0 0.0788498 0.212287 0.000385699 0.00127487 2.80673e-05 -0.0714541 0.82595 -2.13681 6.49831 -30 5 10 22.942 0.451452 0.0979644 3 1 1 0 1 8 3 1 0 0 0 1 1 0 1
1 32 3154 566 1191 0 0.777466 0.203613 0.000355651 0.000388873 4.345e-05 -0.0138994 0.876008 -1.98894 6.23332 -30 5 10 22.942 0.451452 0.0979644 3 1 1 0 1 9 3 1 0 0 1 1 1 0 1
1 32 3154 593 1191 0 -0.0345025 0.129851 0.000359042 0.00166087 0.0641222 0.0894685 8.45443 -4.03174 6.76989 -30 5 10 22.942 0.451452 0.0979644 3 1 1 0 1 10 3 1 0 0 0 1 1 0 1
1 32 3154 250 1192 1 -0.0978808 1.77394 0.00197269 0.0017366 0.000300242 -0.0838514 4.96056 -0.971437 1.74942 4.20263 5 10 19.4859 -0.00704475 1.72941 3 5 1 0 0 2 6 1 0 0 0 1 0 0 0
1 32 3154 2231 1192 2 0.207532 1.78318 0.00196855 0.00102732 76.4722 -0.0476913 13.1397 -1.95656 0.765532 5.20103 5 10 19.4859 -0.00704475 1.72941 3 1 1 0 1 4 6 1 0 0 0 0 0 1 0
1 32 3154 106 1196 0 0.228403 0.327902 0.000418472 0.000944994 0.000306263 0.0504164 3.64905 5.55168 5.55168 -30 6 12 29.5612 0.211768 0.241833 4 1 1 0 1 4 2 1 0 0 0 1 1 0 1
1 32 3154 117 1196 0 0.200201 0.266506 0.000399472 0.00100882 0.000836347 0.0538383 1.18637 1.36008 6.81461 -30 6 12 29.5612 0.211768 0.241833 4 1 1 0 1 3 2 1 0 0 1 1 1 0 1
1 32 3154 835 1199 0 -0.0720789 0.0189144 0.000255808 0.00184816 0.00036767 0.0970832 4.01948 -3.4795 6.27733 -30 5 10 16.7945 0.190836 0.0328225 2 1 1 0 1 2 1 1 0 0 0 1 1 0 1
1 32 3154 860 1200 0 -0.00526599 0.798534 0.00119365 0.00167469 1.15707e-05 -0.0861159 2.12039 -2.48541 5.97773 5.65778 5 10 20.2661 -0.0801821 0.672991 3 1 1 0 1 4 2 1 0 0 0 1 1 0 1
1 32 3154 883 1200 0 -0.0595108 0.692758 0.00119914 0.00187987 16.0548 0.0944267 7.61709 -1.08123 5.1523 -30 5 10 20.2661 -0.0801821 0.672991 3 1 1 0 1 2 2 1 0 0 0 1 1 0 1
1 32 3154 1612 1202 0 0.673019 1.54906 0.000921165 0.000385393 182.535 0.017925 15.4089 3.99251 3.99251 -30 5 10 17.8716 0.283749 1.60787 2 1 1 0 1 1 1 1 0 0 0 1 1 0 1
1 32 3154 740 1204 1 0.0768711 1.07819 0.00137365 0.00156066 0.00129078 -0.071283 0.981129 6.84785 6.84785 -30 5 10 19.803 0.0489227 1.05709 2 1 1 0 1 1 1 1 0 0 0 1 0 0 0
1 32 3154 601 1205 0 0.278697 0.0317795 0.000243888 0.000845464 0.000353531 0.0447095 0.385444 -0.704118 5.7406 -30 5 10 21.2582 0.270422 0.085137 3 1 1 0 1 5 3 1 0 0 1 1 1 0 1
1 32 3154 603 1205 0 1.21283 0.204889 0.000504029 0.000247687 4.12347e-05 -0.0052912 0.865996 -3.59639 2.1388 -30 5 10 21.2582 0.270422 0.085137 3 1 1 0 1 3 3 1 0 0 1 1 1 0 1
1 32 3154 609 1205 0 0.260244 0.167002 0.000228429 0.000867966 0.000353098 0.0456827 3.82926 2.63425 4.70507 5.56408 5 10 21.2582 0.270422 0.085137 3 1 1 0 1 4 3 1 0 0 0 1 1 0 1
1 32 3154 576 1207 0 0.227856 1.08868 0.00089755 0.000896261 24.4366 -0.0525504 7.53337 -2.93786 5.01363 -30 5 10 18.4265 0.318358 0.970427 2 1 1 0 1 5 2 1 0 0 0 1 1 0 1
1 32 3154 599 1207 0 0.30481 0.952459 0.000792141 0.000868258 1.5405 0.0422522 4.15537 5.00941 5.00941 -30 5 10 18.4265 0.318358 0.970427 2 1 1 0 1 2 2 1 0 0 0 1 1 0 1
1 32 3154 603 1208 0 1.21283 0.204889 0.000504029 0.000247687 4.12347e-05 -0.0052912 0.865996 -3.10063 2.1388 -30 5 10 19.7582 -0.00985486 0.220253 3 1 1 0 1 3 2 1 0 0 1 1 1 0 1
1 32 3154 609 1208 0 0.260244 0.167002 0.000228429 0.000867966 0.000353098 0.0456827 3.82926 -1.80711 4.70507 5.56408 5 10 19.7582 -0.00985486 0.220253 3 1 1 0 1 4 2 1 0 0 0 1 1 0 1
1 32 3154 6473 1209 1 -0.00329288 2.03313 0.00190584 0.00147422 175.862 -0.0911547 33.195 -2.65705 -0.866271 1.42011 5 10 17.823 -0.0741821 1.90135 2 19 1 0 0 2 19 1 0 0 0 1 0 0 0
1 32 3154 834 1210 0 0.141481 1.26075 0.00142023 0.00140108 3.32109e-05 -0.0594846 2.97936 0.0994679 6.69991 -30 5 10 17.3969 0.272375 1.1917 2 1 1 0 1 8 3 1 0 0 0 1 1 0 1
1 32 3154 847 1210 0 0.352178 1.08174 0.000942003 0.000848017 0.000228775 0.0369941 1.52992 -2.27711 6.50893 -30 5 10 17.3969 0.272375 1.1917 2 1 1 0 1 7 3 1 0 0 0 1 1 0 1
1 32 3154 854 1210 0 -0.0371737 1.1264 0.00174048 0.00200769 3.62126e-05 0.089303 0.693347 -2.20564 5.88394 -30 5 10 17.3969 0.272375 1.1917 2 1 1 0 1 8 3 1 0 0 0 1 1 0 1
1 32 3154 496 1213 0 0.63285 1.1728 0.000683151 0.000460343 0.000431015 0.018847 1.77235 -0.674002 5.74436 5.19739 5 10 19.2379 -0.0723424 1.15889 3 1 1 0 1 5 1 1 0 0 0 1 1 0 1
1 32 3154 879 1214 1 -0.0652619 1.43234 0.00195091 0.0017038 125.005 -0.0823925 12.4756 -0.805707 0.0527908 2.23602 5 10 17.732 -0.116569 1.36453 2 4 1 0 0 1 5 1 0 0 0 1 0 0 0
1 32 3154 908 1214 0 0.337886 1.43005 0.000860682 0.000708538 4.62239 -0.0407261 6.8504 0.52053 6.09386 -30 5 10 17.732 -0.116569 1.36453 2 1 1 0 1 3 5 1 0 0 0 1 1 0 1
1 32 3154 530 1218 1 -0.0974451 1.65101 0.00214904 0.00180717 59.84 -0.0799907 12.6925 -0.326738 -0.204963 2.83772 5 10 18.1904 -0.10481 1.62212 2 2 1 0 0 1 4 1 0 0 0 1 0 0 0
1 32 3154 2546 1218 1 0.183788 1.68168 0.0013159 0.00104574 60.0263 0.0530169 11.6348 -0.339244 0.447592 2.20258 5 10 18.1904 -0.10481 1.62212 2 2 1 0 1 2 4 1 0 0 0 1 0 0 0
1 32 3154 837 1222 1 0.0625246 0.446732 0.0006702 0.00133983 0.000668504 -0.0720937 1.2936 4.67278 4.67278 -30 5 10 18.2364 -0.0871163 0.458406 2 1 1 0 1 2 1 1 0 0 0 1 0 0 0
1 32 3154 38 1224 0 -0.0149787 0.759137 0.00113905 0.00167339 38.223 -0.0878101 9.78459 -1.9673 5.57171 -30 5 10 16.5552 0.0407046 0.626932 2 1 1 0 1 3 1 1 0 0 0 1 1 0 1
1 32 3154 196 1225 0 -0.0421228 1.10147 0.00170364 0.00198071 8.84671e-05 -0.0938537 7.48619 -2.99596 4.43902 -30 5 10 21.2562 -0.0194321 1.1319 3 1 1 0 1 3 3 1 0 0 0 1 1 0 1
1 32 3154 221 1225 0 -0.0887699 1.22888 0.00219674 0.00241305 0.000380969 -0.101443 0.8191 1.0385 3.51912 -30 5 10 21.2562 -0.0194321 1.1319 3 1 1 0 1 4 3 1 0 0 0 1 1 0 1
1 32 3154 224 1225 0 -0.0683152 1.11303 0.00192319 0.00225051 0.153151 -0.0956309 4.03634 5.98169 5.98169 5.81984 5 10 21.2562 -0.0194321 1.1319 3 1 1 0 1 3 3 1 0 0 1 1 1 0 1
1 32 3154 1860 1227 2 1.7323 1.39844 0.0228822 0.000368406 415.476 0.000880712 19.3767 -3.27974 -0.795179 2.18799 5 10 20.2066 -0.00857335 1.36911 3 1 1 0 1 2 1 1 0 0 0 0 0 1 0
1 32 3154 557 1230 0 0.0479352 0.334328 0.000506227 0.00134039 1.57169 0.076006 6.88437 6.70821 6.70821 -30 6 12 21.9367 0.14253 0.448224 3 1 1 0 1 1 1 1 0 0 0 1 1 0 1
1 32 3154 803 1231 1 -0.02666 1.22128 0.00192791 0.00211412 0.000163042 -0.0918315 0.844697 -2.86734 0.385759 -30 6 12 22.6601 0.560934 1.22406 3 1 1 0 1 3 1 1 0 0 0 1 0 0 0
1 32 3154 888 1232 0 0.0412198 0.951955 0.00127283 0.0015842 2.46334e-05 0.0747453 8.12906 -4.32992 6.08712 -30 5 10 15.2897 1.24231 0.991249 2 1 1 0 1 2 1 1 0 0 0 1 1 0 1
1 32 3154 482 1233 0 -0.0111516 1.11874 0.0014079 0.00155198 59.2983 0.0809813 10.36 -0.0687646 6.66691 -30 5 10 18.4874 0.120851 1.1983 2 1 1 0 1 2 1 1 0 0 0 1 1 0 1
1 32 3154 560 1238 1 -0.0807124 0.423862 0.000824387 0.00186452 8.31358e-05 -0.0995071 3.49888 -0.889138 0.750832 3.4707 5 10 17.9747 -0.102496 0.452906 2 1 1 0 1 4 4 1 0 0 0 1 0 0 0
1 32 3154 563 1238 1 -0.0298757 0.37832 0.000646342 0.00152444 0.000144323 -0.0889396 2.37759 -1.23673 1.78169 2.95216 5 10 17.9747 -0.102496 0.452906 2 1 1 0 1 3 4 1 0 0 0 1 0 0 0
1 32 3154 573 1238 0 -0.0194105 0.364421 0.000654694 0.00158956 0.00379524 -0.0868307 1.33654 -0.610827 6.8664 -30 5 10 17.9747 -0.102496 0.452906 2 1 1 0 1 3 4 1 0 0 0 1 1 0 1
1 32 3154 577 1238 0 0.0277872 0.56176 0.000834178 0.00146135 0.000122638 -0.0773484 0.0250288 0.0367562 6.8441 5.47132 5 10 17.9747 -0.102496 0.452906 2 1 1 0 1 3 4 1 0 0 0 1 1 0 1
1 32 3154 217 1241 0 -0.0289934 0.0100887 0.000235914 0.00161961 0.000440366 -0.0874912 5.90164 -2.99789 -0.354268 -30 5 10 17.5867 0.118251 0.031898 2 1 1 0 1 2 4 1 0 0 0 1 1 0 1
1 32 3154 235 1241 1 0.412684 0.0283677 0.00025346 0.000691857 0.00036663 -0.0316672 0.29534 3.29615 4.20663 -30 5 10 17.5867 0.118251 0.031898 2 1 1 0 1 4 4 1 0 0 0 1 0 0 0
1 32 3154 236 1241 0 0.432015 0.110969 0.000271655 0.00063607 0.000374839 -0.030358 4.01948 -0.217863 6.36493 -30 5 10 17.5867 0.118251 0.031898 2 1 1 0 1 4 4 1 0 0 0 1 1 0 1
1 32 3154 243 1241 0 0.0542326 0.0873545 0.000298974 0.00140062 0.000341564 0.0728061 0.135156 -1.55507 6.84379 -30 5 10 17.5867 0.118251 0.031898 2 1 1 0 1 4 4 1 0 0 0 1 1 0 1
1 32 3154 811 1244 1 0.126128 1.01067 0.0011576 0.00134551 0.00103933 0.0649384 4.01374 -1.85992 5.40752 -30 5 10 17.8407 0.404085 1.11466 2 1 1 0 1 3 1 0 1 1 1 1 0 0 0
1 32 3154 593 1245 0 -0.0345025 0.129851 0.000359042 0.00166087 0.0641222 0.0894685 8.45443 -5.19756 6.76989 -30 6 12 19.3785 0.357882 0.0657504 3 1 1 0 1 10 1 1 0 0 0 1 1 0 1
1 32 3154 601 1252 0 0.278697 0.0317795 0.000243888 0.000845464 0.000353531 0.0447095 0.385444 -1.45795 5.7406 -30 5 10 15.1714 0.361688 0.0429044 2 1 1 0 1 5 1 1 0 0 1 1 1 0 1
1 32 3154 349 1254 1 0.318649 0.0988417 0.000312507 0.00084364 0.0123973 -0.0398282 5.06067 -0.00387288 0.411366 3.95986 5 10 16.4369 -0.04732 0.169004 2 1 1 0 1 2 1 1 0 0 0 1 0 0 0
1 32 3154 221 1258 0 -0.0887699 1.22888 0.00219674 0.00241305 0.000380969 -0.101443 0.8191 -3.30684 3.51912 -30 5 10 17.4696 0.198986 1.20671 2 1 1 0 1 4 2 1 0 0 0 1 1 0 1
1 32 3154 224 1258 0 -0.0683152 1.11303 0.00192319 0.00225051 0.153151 -0.0956309 4.03634 -3.72674 5.98169 5.81984 5 10 17.4696 0.198986 1.20671 2 1 1 0 1 3 2 1 0 0 1 1 1 0 1
1 32 3154 3147 1263 2 0.145134 1.67986 0.00104101 0.00103327 866.469 0.0502328 25.65 -2.03527 0.372713 2.70215 5 10 19.1414 -0.0342435 1.65235 2 1 1 0 1 1 1 1 0 0 0 0 0 1 0
1 32 3154 932 1265 0 1.75188 0.944796 0.0016112 0.000107539 0.107682 -0.00125402 3.87931 0.88879 0.88879 5.44962 5 10 17.7983 0.681827 0.949641 2 1 1 0 1 3 1 1 0 0 1 1 1 0 1
1 32 3154 320 1266 1 -0.0598844 1.80149 0.00219072 0.00175592 0.000400238 -0.0805217 5.7009 1.28663 1.28663 4.56445 7 14 29.3449 -0.0559759 1.80802 4 6 1 0 0 1 7 1 0 0 0 1 0 0 0
1 32 3154 2306 1266 1 0.0707722 1.83224 0.00161578 0.00120754 0.909399 0.0641444 10.7205 -1.19748 2.82046 4.79537 7 14 29.3449 -0.0559759 1.80802 4 1 1 0 1 2 7 1 0 0 0 1 0 0 0
1 32 3154 258 1267 0 0.19824 0.106549 0.00027036 0.00104689 0.000187248 -0.0520145 0.515593 -3.03571 6.65601 -30 5 10 17.3828 0.0214543 0.10767 2 1 1 0 1 4 1 1 0 0 0 1 1 0 1
1 32 3154 662 1268 0 0.526638 1.39017 0.00122838 0.000476454 0.238589 -0.0220394 6.47443 0.359887 6.38768 -30 5 10 17.716 0.00788889 1.43941 2 1 1 0 1 3 1 1 0 0 1 1 1 0 1
1 32 3154 560 1269 1 -0.0807124 0.423862 0.000824387 0.00186452 8.31358e-05 -0.0995071 3.49888 -1.47944 0.750832 3.4707 5 10 16.7001 -0.0703799 0.442121 2 1 1 0 1 4 4 1 0 0 0 1 0 0 0
1 32 3154 563 1269 1 -0.0298757 0.37832 0.000646342 0.00152444 0.000144323 -0.0889396 2.37759 -1.53901 1.78169 2.95216 5 10 16.7001 -0.0703799 0.442121 2 1 1 0 1 3 4 1 0 0 0 1 0 0 0
1 32 3154 573 1269 0 -0.0194105 0.364421 0.000654694 0.00158956 0.00379524 -0.0868307 1.33654 0.2596 6.8664 -30 5 10 16.7001 -0.0703799 0.442121 2 1 1 0 1 3 4 1 0 0 0 1 1 0 1
1 32 3154 577 1269 0 0.0277872 0.56176 0.000834178 0.00146135 0.000122638 -0.0773484 0.0250288 -0.10222 6.8441 5.47132 5 10 16.7001 -0.0703799 0.442121 2 1 1 0 1 3 4 1 0 0 0 1 1 0 1
1 32 3154 542 1270 0 -0.0147623 1.22485 0.00181121 0.00198157 0.000106822 -0.0882668 1.25004 -0.420054 4.9534 -30 5 10 20.8037 0.106811 1.25448 3 1 1 0 1 5 1 1 0 0 0 1 1 0 1
1 32 3154 722 1272 1 0.123974 0.837297 0.000990638 0.00128432 18.9373 -0.0620388 7.32082 -1.49187 0.224007 2.83259 5 10 17.2334 -0.0871346 0.912468 2 1 1 0 1 3 1 1 0 0 0 1 0 0 0
1 32 3154 957 1275 0 -0.0263331 0.214115 0.000433089 0.00162121 0.00019345 0.0908091 1.02618 -0.16064 5.29918 -30 5 10 19.4961 -0.0272529 0.290075 3 1 1 0 1 2 1 1 0 0 1 1 1 0 1
1 32 3154 703 1278 1 0.314047 0.435956 0.000443912 0.000741027 0.000455712 -0.0400623 0.305351 2.53499 2.53499 -30 6 12 19.4195 0.0901021 0.404774 3 1 1 0 1 2 1 1 0 0 0 1 0 0 0
1 32 3154 834 1282 0 0.141481 1.26075 0.00142023 0.00140108 3.32109e-05 -0.0594846 2.97936 3.81236 6.69991 -30 5 10 20.616 0.191018 1.19381 3 1 1 0 1 8 1 1 0 0 0 1 1 0 1
1 32 3154 947 1285 1 -0.0638761 0.283906 0.000528982 0.00160097 0.443772 -0.0996345 5.36102 -1.00796 1.1117 4.98012 5 10 17.5042 -0.0727741 0.242907 2 1 1 0 1 2 2 1 0 0 0 1 0 0 0
1 32 3154 952 1285 1 -0.0915634 0.210065 0.000483488 0.0018071 0.0203717 -0.106354 2.4777 4.23716 4.23716 -30 5 10 17.5042 -0.0727741 0.242907 2 1 1 0 1 1 2 1 0 0 0 1 0 0 0
1 32 3154 601 1291 0 0.278697 0.0317795 0.000243888 0.000845464 0.000353531 0.0447095 0.385444 -3.32878 5.7406 -30 6 12 15.8956 0.196078 0.104405 2 1 1 0 1 5 1 1 0 0 1 1 1 0 1
1 32 3154 419 1292 1 0.128314 1.77072 0.0015319 0.00100297 5.81626e-06 -0.0537826 4.80918 -0.973951 0.530075 0.468877 5 10 20.0404 0.192056 1.80334 3 8 1 0 0 3 8 1 0 0 0 1 0 0 0
1 32 3154 864 1293 0 0.115624 1.22529 0.00114162 0.00119647 132.65 -0.0653412 12.4454 0.479735 6.31246 5.71229 5 10 18.9607 -0.0291391 1.15307 3 1 1 0 1 3 1 1 0 0 0 1 1 0 1
1 32 3154 718 1295 0 0.633633 0.685911 0.000489415 0.000415741 25.0914 -0.0192767 9.53187 -1.38598 5.1204 -30 5 10 17.6993 0.208141 0.79591 3 1 1 0 1 3 3 1 0 0 0 1 1 0 1
1 32 3154 722 1295 1 0.123974 0.837297 0.000990638 0.00128432 18.9373 -0.0620388 7.32082 -2.04577 0.224007 2.83259 5 10 17.6993 0.208141 0.79591 3 1 1 0 1 3 3 1 0 0 0 1 0 0 0
1 32 3154 737 1295 1 0.0524921 0.862914 0.0011113 0.00144249 17.6707 0.0733529 7.01427 -2.7468 3.09714 3.77555 5 10 17.6993 0.208141 0.79591 3 1 1 0 1 2 3 1 0 0 0 1 0 0 0
1 32 3154 542 1296 0 -0.0147623 1.22485 0.00181121 0.00198157 0.000106822 -0.0882668 1.25004 -1.41667 4.9534 -30 5 10 16.3429 0.393124 1.24611 2 1 1 0 1 5 1 1 0 0 0 1 1 0 1
1 32 3154 834 1297 0 0.141481 1.26075 0.00142023 0.00140108 3.32109e-05 -0.0594846 2.97936 2.83523 6.69991 -30 5 10 16.841 0.0815649 1.16907 2 1 1 0 1 8 3 1 0 0 0 1 1 0 1
1 32 3154 847 1297 0 0.352178 1.08174 0.000942003 0.000848017 0.000228775 0.0369941 1.52992 -1.25404 6.50893 -30 5 10 16.841 0.0815649 1.16907 2 1 1 0 1 7 3 1 0 0 0 1 1 0 1
1 32 3154 854 1297 0 -0.0371737 1.1264 0.00174048 0.00200769 3.62126e-05 0.089303 0.693347 -2.28349 5.88394 -30 5 10 16.841 0.0815649 1.16907 2 1 1 0 1 8 3 1 0 0 0 1 1 0 1
1 88 8744 872 2 0 0.0213421 0.928143 0.00137253 0.00175458 2.14039e-05 -0.0778038 0.0901859 -3.08296 6.71758 -30 6 12 36.9627 0.136866 0.88674 4 1 1 0 1 4 2 1 0 0 0 1 1 0 1
1 88 8744 873 2 0 0.368156 0.814813 0.000691483 0.000780654 4.94039 -0.0353067 5.4048 -1.17293 6.69132 -30 6 12 36.9627 0.136866 0.88674 4 1 1 0 1 4 2 1 0 0 0 1 1 0 1
1 88 8744 476 10 0 -0.0132572 0.877427 0.00129819 0.00174151 2.36839e-06 -0.0871548 1.36897 4.98568 4.98568 -30 6 12 36.1929 0.0242052 0.865302 4 1 1 0 1 3 2 1 0 0 0 1 1 0 1
1 88 8744 511 10 1 0.638188 0.915908 0.000543974 0.00045296 4.33949 0.0186511 5.48609 -1.39906 1.67604 5.27614 6 12 36.1929 0.0242052 0.865302 4 1 1 0 1 2 2 1 0 0 0 1 0 0 0
1 88 8744 401 27 0 0.038707 0.566365 0.000830077 0.00144191 2.24807 0.078691 4.53006 6.69728 6.69728 -30 6 12 35.5635 0.0301467 0.616653 4 1 1 0 1 1 1 1 0 0 0 1 1 0 1
1 88 8744 1788 28 1 0.0952033 2.16976 0.00228628 0.00134363 0.00146362 0.0493395 9.85254 -1.58266 0.776796 3.75078 6 12 35.5581 0.122261 2.19982 4 8 1 0 0 1 34 1 0 0 0 1 0 0 0
1 88 8744 1811 28 1 -0.0991037 2.11416 0.00300991 0.00187319 81.3292 0.066932 16.214 -0.593293 1.2429 2.02181 6 12 35.5581 0.122261 2.19982 4 2 1 0 0 1 34 1 0 0 0 1 0 0 0
1 88 8744 4596 28 1 0.382819 2.25002 0.00300101 0.000619936 0.0731111 0.0269718 26.2 -0.764154 -0.032343 2.79166 6 12 35.5581 0.122261 2.19982 4 20 1 0 0 1 34 1 0 0 0 1 0 0 0
1 88 8744 750 40 0 0.140797 0.598304 0.00077683 0.00127886 0.000626442 0.0597375 0.775893 -0.708239 5.90504 4.96223 6 12 35.1892 -0.0280021 0.625368 4 1 1 0 1 2 2 1 0 0 0 1 1 0 1
1 88 8744 752 40 0 -0.0347739 0.660457 0.00107374 0.00173945 0.00108142 0.0890985 0.401083 6.65057 6.65057 -30 6 12 35.1892 -0.0280021 0.625368 4 1 1 0 1 1 2 1 0 0 0 1 1 0 1
1 88 8744 640 55 0 0.0647483 0.922862 0.00126133 0.00157834 2.74515e-05 0.0736121 3.26411 5.2844 5.2844 -30 6 12 34.7774 0.0351135 0.846794 4 1 1 0 1 3 2 1 0 0 0 1 1 0 1
1 88 8744 670 55 0 -0.0101958 0.834194 0.0012917 0.00176361 5.48796 0.0877099 5.09615 -0.462259 3.99534 5.70169 6 12 34.7774 0.0351135 0.846794 4 1 1 0 1 3 2 1 0 0 0 1 1 0 1
1 88 8744 815 68 0 0.0338916 0.0585468 0.000285041 0.00148184 0.000349182 0.0792149 0.305351 6.4325 6.4325 -30 6 12 34.5047 0.0205968 0.0539259 4 1 1 0 1 5 2 1 0 0 0 1 1 0 1
1 88 8744 820 68 0 0.073741 0.0305816 0.000257486 0.00139565 0.000399123 0.0693615 0.465536 0.410421 6.82104 -30 6 12 34.5047 0.0205968 0.0539259 4 1 1 0 1 4 2 1 0 0 0 1 1 0 1
1 88 8744 800 76 0 0.928736 0.362762 0.000427341 0.00026215 0.000380684 0.0100249 2.01732 5.49535 5.49535 -30 6 12 34.2385 0.913976 0.306254 4 1 1 0 1 7 6 1 0 0 1 1 1 0 1
1 88 8744 801 76 0 1.43596 0.404385 0.000639187 8.45375e-05 0.00038375 -0.00321001 1.8909 -2.5986 1.77787 -30 6 12 34.2385 0.913976 0.306254 4 1 1 0 1 7 6 1 0 0 1 1 1 0 1
1 88 8744 804 76 0 1.477 0.396107 0.000691126 0.000109066 0.00038397 0.00270906 1.91721 -1.69623 1.36371 -30 6 12 34.2385 0.913976 0.306254 4 1 1 0 1 9 6 1 0 0 1 1 1 0 1
1 88 8744 808 76 0 1.43465 0.395771 0.00137674 0.000116722 0.000383699 -0.00321499 1.92032 -1.80982 1.7618 5.85599 6 12 34.2385 0.913976 0.306254 4 1 1 0 1 9 6 1 0 0 1 1 1 0 1
1 88 8744 811 76 0 1.32694 0.381889 0.000518927 0.000125531 0.000383765 0.00378975 1.96183 0.340328 1.18355 -30 6 12 34.2385 0.913976 0.306254 4 1 1 0 1 9 6 1 0 0 1 1 1 0 1
1 88 8744 813 76 0 1.28194 0.414497 0.000610568 0.000180573 0.000383373 -0.00439082 1.86715 -1.96339 1.7017 5.98265 6 12 34.2385 0.913976 0.306254 4 1 1 0 1 9 6 1 0 0 1 1 1 0 1
1 88 8744 644 89 0 -0.0231991 0.39318 0.000673098 0.00158612 0.000127422 0.0903201 0.921701 5.93995 5.93995 -30 6 12 33.6859 -0.0323471 0.3646 4 1 1 0 1 2 1 1 0 0 0 1 1 0 1
1 88 8744 611 90 0 0.689524 0.172092 0.000339006 0.000401955 0.0381657 -0.0169869 3.61901 5.22241 5.22241 -30 6 12 33.6592 0.714327 0.233427 4 1 1 0 1 6 1 1 0 0 1 1 1 0 1
1 88 8744 155 93 0 -0.0933535 1.86512 0.00228964 0.00174977 0.000223492 0.0785988 5.86754 4.8746 4.8746 -30 7 14 36.6815 -0.0414512 1.85495 4 1 1 0 1 1 4 1 0 0 1 1 1 0 1
1 88 8744 534 95 0 -0.0740089 0.184404 0.000431401 0.00178298 0.000568328 -0.0978849 4.69025 -4.25023 6.75995 -30 6 12 33.239 0.637299 0.197384 4 1 1 0 1 3 2 1 0 0 0 1 1 0 1
1 88 8744 589 95 1 -0.0937253 0.216517 0.000453832 0.00178225 0.000641912 0.104778 5.78275 -5.08848 -1.48576 2.94872 6 12 33.239 0.637299 0.197384 4 1 1 0 1 2 2 1 0 0 0 1 0 0 0
1 88 8744 290 98 2 -0.0192015 0.0868504 0.000570735 0.0015126 0.00175025 -0.0960222 4.04951 -3.64154 4.03907 3.57688 6 12 33.0449 0.0188941 0.124233 4 1 1 0 1 3 3 1 0 0 0 0 0 1 0
1 88 8744 309 98 0 0.0381632 0.087724 0.000287265 0.00145398 9.50726e-05 0.0754562 2.07739 6.51824 6.51824 -30 6 12 33.0449 0.0188941 0.124233 4 1 1 0 1 3 3 1 0 0 0 1 1 0 1
1 88 8744 314 98 1 0.418637 0.0268659 0.000270659 0.000710758 0.000252065 0.0311779 2.59784 0.281733 2.73013 2.44872 6 12 33.0449 0.0188941 0.124233 4 1 1 0 1 3 3 1 0 0 0 1 0 0 0
1 88 8744 660 100 0 -0.083465 1.57864 0.00171436 0.00169727 0.00163959 0.103699 3.19456 4.10489 4.10489 -30 6 12 33.8913 -0.0806338 1.57665 4 2 1 1 1 2 2 1 0 0 0 1 1 0 1
1 88 8744 470 101 0 1.01192 0.155857 0.000298007 0.000212245 0.0269187 0.00819794 3.4759 -2.01151 5.51957 -30 6 12 32.5832 0.591625 0.132865 4 1 1 0 1 6 5 1 0 0 1 1 1 0 1
1 88 8744 471 101 0 1.28171 0.184276 0.00182217 0.000161923 0.0483302 0.00428084 3.54893 -1.06174 1.50943 -30 6 12 32.5832 0.591625 0.132865 4 1 1 0 1 6 5 1 0 0 1 1 1 0 1
1 88 8744 472 101 0 1.92026 0.16026 0.00198724 0.000247648 0.0296403 -0.000966825 3.48887 -2.58019 0.550947 5.17315 6 12 32.5832 0.591625 0.132865 4 1 1 0 1 6 5 1 0 0 1 1 1 0 1
1 88 8744 475 101 0 0.579755 0.0715292 0.000262529 0.000515801 0.00255142 0.0222189 3.23858 6.60481 6.60481 -30 6 12 32.5832 0.591625 0.132865 4 1 1 0 1 5 5 1 0 0 1 1 1 0 1
1 88 8744 478 101 0 0.862016 0.130482 0.000478469 0.00042056 0.0147311 -0.0118083 3.40877 -2.1072 4.14466 -30 6 12 32.5832 0.591625 0.132865 4 1 1 0 1 5 5 1 0 0 1 1 1 0 1
1 88 8744 396 123 0 0.337789 0.516645 0.000501166 0.000734345 0.000476228 0.0396309 0.440047 6.86492 6.86492 -30 6 12 31.0454 0.315181 0.485368 3 1 1 0 1 1 1 1 0 0 0 1 1 0 1
1 88 8744 368 133 0 0.0501235 0.731553 0.00100135 0.00144071 0.000909364 0.0736424 0.861718 5.96909 5.96909 -30 6 12 30.7346 0.0304641 0.712916 3 2 1 1 0 1 2 1 0 0 0 1 1 0 1
1 88 8744 333 135 0 0.188772 0.668144 0.000740658 0.00107457 15.0553 0.0555309 7.71858 -0.83755 0.829174 5.2524 6 12 30.7316 0.585467 0.742468 3 1 1 0 1 1 1 1 0 0 0 1 1 0 1
1 88 8744 565 137 0 0.1241 0.640195 0.000759293 0.00118986 3.81397 -0.0635613 5.26463 -1.50854 4.00051 4.97597 6 12 30.6839 -0.0404026 0.644417 3 1 1 0 1 5 2 1 0 0 1 1 1 0 1
1 88 8744 582 137 0 -0.028983 0.640922 0.00101347 0.00167365 0.00112302 -0.0909518 1.51168 6.82436 6.82436 -30 6 12 30.6839 -0.0404026 0.644417 3 1 1 0 1 2 2 1 0 0 0 1 1 0 1
1 88 8744 554 143 0 0.419343 1.51749 0.000987479 0.00066046 0.000666989 0.0331426 6.18991 6.63171 6.63171 -30 6 12 30.5982 0.43269 1.51324 3 1 1 0 1 2 1 1 0 0 0 1 1 0 1
1 88 8744 421 147 1 0.237581 0.105063 0.000304792 0.000966965 7.61418e-09 -0.0477994 1.13631 -3.55177 -0.735136 4.38388 6 12 30.5675 -0.0354299 0.0657522 3 1 1 0 1 3 4 1 0 0 0 1 0 0 0
1 88 8744 450 147 0 -0.0255815 0.0106384 0.000258346 0.00157127 0.000392094 0.0877346 3.89934 6.37012 6.37012 -30 6 12 30.5675 -0.0354299 0.0657522 3 1 1 0 1 4 4 1 0 0 0 1 1 0 1
1 88 8744 815 148 0 0.0338916 0.0585468 0.000285041 0.00148184 0.000349182 0.0792149 0.305351 0.325401 6.4325 -30 6 12 30.5647 0.0852456 0.021787 3 1 1 0 1 5 2 1 0 0 0 1 1 0 1
1 88 8744 820 148 0 0.073741 0.0305816 0.000257486 0.00139565 0.000399123 0.0693615 0.465536 6.82104 6.82104 -30 6 12 30.5647 0.0852456 0.021787 3 1 1 0 1 4 2 1 0 0 0 1 1 0 1
1 88 8744 555 151 1 -0.0911746 0.771215 0.00134783 0.00195059 1.68578e-05 -0.10545 3.43283 -5.01404 -0.101943 0.455682 6 12 30.499 0.07413 0.775371 3 1 1 0 1 2 2 1 0 0 0 1 0 0 0
1 88 8744 603 151 0 0.0896999 0.739257 0.00093301 0.00133278 3.14969 0.0696703 4.90723 6.68648 6.68648 -30 6 12 30.499 0.07413 0.775371 3 1 1 0 1 3 2 1 0 0 0 1 1 0 1
1 88 8744 711 154 0 -0.0707547 0.842554 0.00149121 0.00204117 1.31226e-06 0.0967403 2.02384 6.00076 6.00076 -30 6 12 30.4342 -0.0723669 0.789462 3 1 1 0 1 3 1 1 0 0 0 1 1 0 1
1 88 8744 925 157 0 0.121007 1.82381 0.00277541 0.00138176 10.8198 0.04747 11.8072 4.83411 4.83411 4.6209 7 14 41.0382 -0.00050025 1.84901 5 1 1 0 1 3 1 1 0 0 0 1 1 0 1
1 88 8744 620 164 1 0.140069 1.30805 0.00125739 0.00109098 0.689417 -0.0590413 5.36602 -3.55518 0.814939 5.59482 6 12 30.305 0.178534 1.20829 3 1 1 0 1 2 1 1 0 0 0 1 0 0 0
1 88 8744 763 167 1 -0.0916022 0.856559 0.00155255 0.00209458 3.14845e-05 -0.102736 2.54437 -0.0990105 -0.0990105 1.21963 6 12 30.2886 0.0509395 0.863448 3 1 1 0 1 1 3 1 0 0 0 1 0 0 0
1 88 8744 771 167 0 0.0292323 0.811293 0.00114865 0.00159178 10.109 -0.0796536 6.58795 6.25226 6.25226 -30 6 12 30.2886 0.0509395 0.863448 3 2 1 1 1 1 3 1 0 0 0 1 1 0 1
1 88 8744 657 177 0 0.0561316 0.345378 0.000528738 0.00131201 0.000581927 -0.0727451 1.78706 6.87373 6.87373 -30 6 12 30.1765 0.04539 0.300252 3 1 1 0 1 1 1 1 0 0 0 1 1 0 1
1 88 8744 328 178 0 0.0696156 1.65861 0.00147341 0.00126868 0.0024862 0.0705573 1.8221 5.28814 5.28814 -30 6 12 30.1536 0.0860252 1.62933 3 1 1 0 1 2 2 1 0 0 0 1 1 0 1
1 88 8744 329 178 0 0.483332 1.60406 0.000953665 0.000582316 0.000520723 0.0249014 6.18347 -1.3657 6.41588 -30 6 12 30.1536 0.0860252 1.62933 3 1 1 0 1 4 2 1 0 0 0 1 1 0 1
1 88 8744 873 179 0 0.368156 0.814813 0.000691483 0.000780654 4.94039 -0.0353067 5.4048 -2.8857 6.69132 -30 6 12 30.1512 0.574041 0.704024 3 1 1 0 1 4 3 1 0 0 0 1 1 0 1
1 88 8744 874 179 0 0.556601 0.693263 0.000520553 0.000487067 0.160481 0.0226908 2.99721 6.74118 6.74118 -30 6 12 30.1512 0.574041 0.704024 3 1 1 0 1 2 3 1 0 0 0 1 1 0 1
1 88 8744 917 179 0 0.00476541 0.60512 0.000919504 0.0015761 2.01758 0.0842575 4.55781 -1.6911 5.93411 -30 6 12 30.1512 0.574041 0.704024 3 1 1 0 1 4 3 1 0 0 0 1 1 0 1
1 88 8744 226 188 0 0.0338895 0.354807 0.000579702 0.00144477 1.61111e-07 -0.0790583 1.33654 -3.21714 6.40121 -30 6 12 30.0567 0.0319787 0.333216 3 1 1 0 1 3 3 1 0 0 0 1 0 0 0
1 88 8744 245 188 0 0.215706 0.408471 0.000510657 0.000948217 0.000291651 -0.0501384 2.12745 -4.50353 6.6629 -30 6 12 30.0567 0.0319787 0.333216 3 1 1 0 1 3 3 1 0 0 0 1 1 0 1
1 88 8744 261 188 0 0.0427605 0.33063 0.000556791 0.00139959 0.000206826 0.0755047 0.790192 5.79355 5.79355 -30 6 12 30.0567 0.0319787 0.333216 3 1 1 0 1 3 3 1 0 0 0 1 1 0 1
1 88 8744 534 199 0 -0.0740089 0.184404 0.000431401 0.00178298 0.000568328 -0.0978849 4.69025 6.75995 6.75995 -30 6 12 29.9715 -0.0869913 0.0850279 3 1 1 0 1 3 2 1 0 0 0 1 1 0 1
1 88 8744 546 199 1 -0.0843913 0.033493 0.000274004 0.00181112 0.000939501 -0.103686 4.68024 -1.76489 0.41534 3.90728 6 12 29.9715 -0.0869913 0.0850279 3 1 1 0 1 2 2 1 0 0 0 1 0 0 0
1 88 8744 807 205 0 0.135106 1.67624 0.00138058 0.0011469 2.13081e-06 0.0594466 1.54772 5.11992 5.11992 -30 6 12 29.8746 0.167594 1.64672 3 1 1 0 1 1 1 1 0 0 0 1 1 0 1
1 88 8744 820 208 0 0.073741 0.0305816 0.000257486 0.00139565 0.000399123 0.0693615 0.465536 -0.262702 6.82104 -30 6 12 29.8395 0.240985 0.0303941 3 1 1 0 1 4 2 1 0 0 0 1 1 0 1
1 88 8744 838 208 0 0.171025 0.0618705 0.000247845 0.00103629 0.000407375 0.0554367 0.145167 2.76395 5.3006 -30 6 12 29.8395 0.240985 0.0303941 3 1 1 0 1 4 2 1 0 0 0 1 1 0 1
1 88 8744 245 210 0 0.215706 0.408471 0.000510657 0.000948217 0.000291651 -0.0501384 2.12745 -0.69488 6.6629 -30 6 12 29.8336 -0.0548288 0.485368 3 1 1 0 1 3 2 1 0 0 0 1 1 0 1
1 88 8744 254 210 0 -0.0492509 0.567728 0.00096794 0.00174935 3.55162e-05 -0.0958285 3.49114 5.53414 5.53414 -30 6 12 29.8336 -0.0548288 0.485368 3 1 1 0 1 2 2 1 0 0 0 1 1 0 1
1 88 8744 2854 213 0 0.0517178 2.36748 0.00346144 0.00147978 1.04576e-05 -0.0453014 12.3359 6.3294 6.3294 5.20019 6 12 29.8208 0.07131 2.33613 3 4 1 0 0 1 51 1 0 0 0 1 1 0 1
1 88 8744 751 215 0 0.0219244 0.813981 0.00112029 0.00153096 0.00108488 -0.0782812 1.50259 6.33543 6.33674 -30 6 12 29.7951 0.00488808 0.754436 3 1 1 0 1 3 1 1 0 0 0 1 1 0 1
1 88 8744 453 220 0 0.0209107 0.550508 0.000824575 0.0015118 0.000834046 0.0811064 1.5618 -0.295047 6.0653 -30 6 12 33.9101 -0.0750492 0.623185 4 1 1 0 1 2 4 1 0 0 0 1 1 0 1
1 88 8744 474 220 1 0.301859 0.516308 0.000447757 0.000747582 0.000479757 0.0421372 1.3433 -2.14774 1.73528 -30 6 12 33.9101 -0.0750492 0.623185 4 1 1 0 1 3 4 1 0 0 0 1 0 0 0
1 88 8744 496 220 1 -0.0937372 0.655602 0.00115138 0.0018777 13.6711 0.105998 7.88035 -0.495426 -0.495426 2.18083 6 12 33.9101 -0.0750492 0.623185 4 2 1 0 0 2 4 1 0 0 0 1 0 0 0
1 88 8744 711 224 0 -0.0707547 0.842554 0.00149121 0.00204117 1.31226e-06 0.0967403 2.02384 -1.98445 6.00076 -30 6 12 29.6914 -0.0228778 0.79555 3 1 1 0 1 3 1 1 0 0 0 1 1 0 1
1 88 8744 56 228 0 0.232899 0.534081 0.000553485 0.000915551 0.00051612 -0.0481779 0.946089 -2.75208 4.612 -30 6 12 34.8104 -0.0367705 0.451966 4 1 1 0 1 3 2 1 0 0 0 1 1 0 1
1 88 8744 101 228 0 -0.020042 0.403281 0.000686568 0.0015665 0.404429 0.0863672 3.46659 6.6237 6.6237 5.68774 6 12 34.8104 -0.0367705 0.451966 4 1 1 0 1 4 2 1 0 0 0 1 1 0 1
1 88 8744 840 230 0 0.207788 0.443795 0.00048116 0.000912799 7.58201 0.051189 9.22742 6.82179 6.82179 -30 6 12 29.6601 0.224507 0.581704 3 1 1 0 1 3 1 1 0 0 0 1 1 0 1
1 88 8744 534 232 0 -0.0740089 0.184404 0.000431401 0.00178298 0.000568328 -0.0978849 4.69025 -5.14639 6.75995 -30 6 12 29.65 0.424287 0.216959 3 1 1 0 1 3 2 1 0 0 0 1 1 0 1
1 88 8744 589 232 1 -0.0937253 0.216517 0.000453832 0.00178225 0.000641912 0.104778 5.78275 -4.85098 -1.48576 2.94872 6 12 29.65 0.424287 0.216959 3 1 1 0 1 2 2 1 0 0 0 1 0 0 0
1 88 8744 168 243 0 1.36469 0.725881 0.000513509 0.00010401 0.000383385 -0.00352421 0.850389 0.0615346 2.22337 -30 6 12 29.5132 0.352321 0.684961 3 1 1 0 1 4 1 1 0 0 1 1 1 0 1
1 88 8744 254 257 0 -0.0492509 0.567728 0.00096794 0.00174935 3.55162e-05 -0.0958285 3.49114 -4.77443 5.53414 -30 6 12 29.2275 0.143702 0.643419 3 1 1 0 1 2 1 1 0 0 0 1 1 0 1
1 88 8744 872 259 0 0.0213421 0.928143 0.00137253 0.00175458 2.14039e-05 -0.0778038 0.0901859 -0.988455 6.71758 -30 6 12 29.2002 0.340572 0.848154 3 1 1 0 1 4 2 1 0 0 0 1 1 0 1
1 88 8744 873 259 0 0.368156 0.814813 0.000691483 0.000780654 4.94039 -0.0353067 5.4048 6.69132 6.69132 -30 6 12 29.2002 0.340572 0.848154 3 1 1 0 1 4 2 1 0 0 0 1 1 0 1
1 88 8744 381 260 0 0.240597 0.0564053 0.000265789 0.000976314 0.000190061 0.0490956 1.03277 1.46974 6.04853 -30 6 12 29.1962 0.0430039 0.00433994 3 1 1 0 1 2 2 1 0 0 0 1 1 0 1
1 88 8744 412 260 0 -0.0277351 0.0285143 0.000303287 0.00164365 9.48348e-05 0.0886578 5.7815 -1.53495 5.56023 -30 6 12 29.1962 0.0430039 0.00433994 3 1 1 0 1 3 2 1 0 0 0 1 1 0 1
1 88 8744 300 271 0 0.544486 0.292316 0.000324252 0.000424386 0.249028 -0.0236255 3.80768 6.85596 6.85596 -30 6 12 29.0548 0.526487 0.346922 3 1 1 0 1 3 4 1 0 0 0 1 1 0 1
1 88 8744 305 271 0 0.357086 0.418281 0.000492467 0.000820461 0.000442365 0.036504 0.56004 -1.98314 4.31921 -30 6 12 29.0548 0.526487 0.346922 3 2 1 1 0 3 4 1 0 0 0 1 1 0 1
1 88 8744 317 271 1 -0.021441 0.423718 0.000702178 0.00155499 0.000756599 0.0866351 0.75587 -1.32904 0.419725 4.45918 6 12 29.0548 0.526487 0.346922 3 1 1 0 1 3 4 1 0 0 0 1 0 0 0
1 88 8744 301 289 0 0.082808 0.536547 0.00083136 0.00132646 0.000138629 -0.0706396 3.5023 6.64143 6.64143 -30 6 12 28.6281 0.0656435 0.4499 3 1 1 0 1 2 1 1 0 0 0 1 1 0 1
1 88 8744 604 291 0 0.095484 0.326365 0.000454653 0.00111227 0.00025949 0.0662879 5.06067 6.35434 6.35434 -30 6 12 28.5474 0.111552 0.211375 3 1 1 0 1 1 1 1 0 0 0 1 1 0 1
1 88 8744 204 293 0 0.278772 0.237041 0.000321147 0.000834053 0.000426436 0.0430896 2.06738 6.41701 6.41701 -30 6 12 28.5257 0.250724 0.185538 3 1 1 0 1 2 1 1 0 0 0 1 1 0 1
1 88 8744 0 298 0 -0.0343264 1.62711 0.00188639 0.00149545 1.69728 0.0795064 7.61731 0.188955 5.43183 -30 7 14 28.3816 0.0602367 1.56237 3 3 1 2 1 2 5 1 0 0 0 1 1 0 1
1 88 8744 926 298 0 0.10685 1.57667 0.00136073 0.00122868 4.86319e-05 0.0671123 4.49152 6.30002 6.30002 -30 7 14 28.3816 0.0602367 1.56237 3 1 1 0 1 2 5 1 0 0 0 1 1 0 1
1 88 8744 6991 298 2 0.858414 1.59578 0.00271874 0.000404755 852.379 0.00560792 26.2 -3.61764 -0.649249 3.98375 7 14 28.3816 0.0602367 1.56237 3 1 1 0 1 1 5 1 0 0 0 0 0 1 0
1 88 8744 874 301 0 0.556601 0.693263 0.000520553 0.000487067 0.160481 0.0226908 2.99721 -0.0266643 6.74118 -30 6 12 34.9404 -0.0201538 0.651474 4 1 1 0 1 2 2 1 0 0 0 1 1 0 1
1 88 8744 917 301 0 0.00476541 0.60512 0.000919504 0.0015761 2.01758 0.0842575 4.55781 5.93411 5.93411 -30 6 12 34.9404 -0.0201538 0.651474 4 1 1 0 1 4 2 1 0 0 0 1 1 0 1
1 88 8744 654 304 0 -0.0256516 1.59415 0.00157372 0.00147734 0.00383214 -0.0868959 3.97092 0.545781 4.12113 -30 6 12 28.9375 -0.0557412 1.54026 3 2 1 1 0 3 6 1 0 0 0 1 1 0 1
1 88 8744 616 306 0 0.646525 0.45315 0.000373823 0.000432969 1.23157 -0.0185972 4.38415 6.77181 6.77181 -30 6 12 28.1988 0.658276 0.506345 3 1 1 0 1 1 2 1 0 0 1 1 1 0 1
1 88 8744 633 306 1 0.0184626 0.525528 0.000801738 0.00142584 2.69799 0.0808036 5.04188 -2.36792 1.73891 5.90973 6 12 28.1988 0.658276 0.506345 3 1 1 0 1 1 2 1 0 0 0 1 0 0 0
1 88 8744 691 313 0 0.248329 0.381078 0.000476135 0.000953294 0.000306617 0.0467477 1.92592 5.65305 5.65305 -30 6 12 27.9962 0.21012 0.327747 3 1 1 0 1 1 3 1 0 0 1 1 1 0 1
1 88 8744 699 313 1 0.241192 0.439377 0.00048577 0.000871225 4.72383e-06 0.047125 1.75513 0.485664 0.485664 5.0575 6 12 27.9962 0.21012 0.327747 3 2 1 0 0 1 3 1 0 0 0 1 0 0 0
1 88 8744 101 319 0 -0.020042 0.403281 0.000686568 0.0015665 0.404429 0.0863672 3.46659 -0.630848 6.6237 5.68774 6 12 27.7199 0.105334 0.344982 3 1 1 0 1 4 1 1 0 0 0 1 1 0 1
1 88 8744 476 325 0 -0.0132572 0.877427 0.00129819 0.00174151 2.36839e-06 -0.0871548 1.36897 -3.51962 4.98568 -30 6 12 29.1493 0.322939 0.861432 3 1 1 0 1 3 2 1 0 0 0 1 1 0 1
1 88 8744 552 325 0 0.305427 0.992682 0.000888741 0.00092685 0.000223533 0.040898 4.70782 4.27144 4.27144 4.10527 6 12 29.1493 0.322939 0.861432 3 1 1 0 1 1 2 1 0 0 0 1 1 0 1
1 88 8744 8 327 1 0.380604 0.9897 0.000837151 0.00077285 0.000270936 -0.0340216 0.340364 -2.7623 2.9579 3.25089 5 10 27.5385 0.076686 0.979264 3 1 1 0 1 3 4 1 0 0 0 1 0 0 0
1 88 8744 33 327 0 0.0989981 0.98486 0.00118063 0.00137443 3.00934e-05 0.0687284 2.15748 6.70828 6.70828 5.40028 5 10 27.5385 0.076686 0.979264 3 1 1 0 1 3 4 1 0 0 0 1 1 0 1
1 88 8744 932 327 1 -0.0944551 0.926004 0.00148735 0.00192231 74.6902 -0.11272 11.6424 -3.72587 -1.06044 -0.166779 5 10 27.5385 0.076686 0.979264 3 2 1 0 1 3 4 1 0 0 0 1 0 0 0
1 88 8744 846 331 0 0.00131287 0.407096 0.000622397 0.00143173 0.968555 0.0844432 4.61438 6.16404 6.16404 -30 6 12 29.8 -0.0166183 0.464772 3 1 1 0 1 2 1 1 0 0 0 1 1 0 1
1 88 8744 1601 343 1 -0.0903292 2.0237 0.00251435 0.00186765 130.702 0.0679996 16.6273 4.8627 4.8627 2.99125 6 12 28.4807 -0.0423209 2.10745 3 27 1 0 0 1 36 1 0 0 0 1 0 0 0
1 88 8744 607 344 0 -0.0713082 0.70598 0.00122803 0.00189872 12.6448 -0.096881 7.31572 6.80727 6.80727 -30 6 12 35.0063 -0.0643392 0.792175 4 1 1 0 1 2 1 1 0 0 0 1 1 0 1
1 88 8744 937 356 1 0.730574 0.615208 0.000440544 0.00033274 0.102833 -0.0154315 2.39761 -1.89206 0.653759 2.46878 6 12 27.0148 0.668215 0.751494 3 1 1 0 1 4 1 1 0 0 0 1 0 0 0
1 88 8744 2043 365 1 -0.0121002 1.98718 0.00212607 0.00160196 10.0128 -0.0658165 13.318 1.05465 2.36142 2.8684 5 10 26.9037 0.239008 2.01718 3 17 1 0 0 1 17 1 0 0 0 1 0 0 0
1 88 8744 588 373 0 -0.00428867 1.02499 0.00151004 0.00179193 0.00182276 0.086534 1.02785 5.71057 5.71057 -30 5 10 26.8422 -0.0464601 1.01215 3 1 1 0 1 2 1 1 0 0 0 1 1 0 1
1 88 8744 1124 374 0 -0.0115097 2.37905 0.00433288 0.00159924 6.51582 0.0440419 16.3425 -1.50286 2.54006 -30 5 10 26.825 0.116012 2.36029 3 15 1 12 0 2 42 1 0 0 0 1 1 0 1
1 88 8744 129 375 1 0.0623234 1.22202 0.00163521 0.00172494 1.20099e-07 -0.0715156 2.16749 -2.15035 -0.526338 3.57393 6 12 28.9908 0.153403 1.20446 3 1 1 0 1 1 1 1 0 0 0 1 0 0 0
1 88 8744 685 386 0 -0.0713706 0.630185 0.00118728 0.0019723 16.1526 -0.0983118 8.33962 -0.646863 5.70029 -30 6 12 26.6715 -0.0296975 0.651985 3 1 1 0 1 2 2 1 0 0 0 1 1 0 1
1 88 8744 719 386 0 -0.00536174 0.587068 0.000957995 0.00162403 4.56547 -0.0884822 6.09808 6.73719 6.73719 -30 6 12 26.6715 -0.0296975 0.651985 3 1 1 0 1 1 2 1 0 0 0 1 1 0 1
1 88 8744 206 389 0 -0.0764465 0.198694 0.000442719 0.00177617 0.000589948 -0.0986551 0.155179 5.83361 5.83361 -30 6 12 26.6404 -0.093734 0.19614 3 1 1 0 1 1 1 1 0 0 0 1 1 0 1
1 88 8744 310 393 0 0.0029132 0.9365 0.00140835 0.00177484 11.7476 0.0818884 6.15026 -2.88539 4.8647 -30 5 10 26.5783 0.0651952 0.917311 3 1 1 0 1 2 1 1 0 0 0 1 1 0 1
1 88 8744 603 397 0 0.0896999 0.739257 0.00093301 0.00133278 3.14969 0.0696703 4.90723 -0.593536 6.68648 -30 6 12 32.945 0.127672 0.631122 4 1 1 0 1 3 1 1 0 0 0 1 1 0 1
1 88 8744 99 405 0 -0.0453068 1.37817 0.00174737 0.00154156 2.03473 -0.0809036 6.97542 6.14239 6.14239 2.65896 5 10 26.4368 -0.0363117 1.40492 3 1 1 0 1 1 2 1 0 0 0 1 1 0 1
1 88 8744 1343 406 1 0.15147 2.18647 0.0026287 0.0012044 4.72291 -0.0368478 13.7038 5.48839 5.48839 5.42267 6 12 29.109 -0.00425544 2.19711 3 18 1 0 0 3 24 1 0 0 0 1 0 0 0
1 88 8744 1365 406 2 -0.0768817 2.19502 0.00208161 0.00189363 18.2508 -0.0452829 17.019 0.59748 0.59748 2.21052 6 12 29.109 -0.00425544 2.19711 3 6 1 0 1 3 24 1 0 0 0 0 0 1 0
1 88 8744 3021 408 1 0.193197 1.97535 0.00166139 0.00105419 3.01952e-05 0.0445715 11.2889 -1.20708 1.63707 3.40322 5 10 26.3894 0.367708 2.07473 3 4 1 0 0 3 16 1 0 0 0 1 0 0 0
1 88 8744 367 415 0 0.148817 1.02813 0.00115369 0.00126361 8.7782 0.05873 6.40992 1.27256 5.87853 5.72027 5 10 26.3087 0.0382653 1.01985 3 1 1 0 1 3 1 1 0 0 0 1 1 0 1
1 88 8744 833 421 0 0.746261 0.0297714 0.000320673 0.000435527 0.000383598 -0.0149591 1.23642 5.21227 5.21227 -30 5 10 26.1964 0.744486 0.0328443 3 1 1 0 1 3 2 1 0 0 0 1 1 0 1
1 88 8744 838 421 0 0.171025 0.0618705 0.000247845 0.00103629 0.000407375 0.0554367 0.145167 -2.15522 5.3006 -30 5 10 26.1964 0.744486 0.0328443 3 1 1 0 1 4 2 1 0 0 0 1 1 0 1
1 88 8744 656 423 0 -0.0674889 0.223277 0.000470136 0.00175865 0.00062885 0.0993615 0.675778 6.51577 6.51577 4.75593 5 10 26.1787 -0.0777979 0.203006 3 1 1 0 1 2 1 1 0 0 0 1 1 0 1
1 88 8744 6 424 0 -0.0517119 0.926024 0.0016402 0.00199106 0.00254247 0.0958525 2.56947 4.35321 5.92653 -30 5 10 26.1556 -0.0688123 1.01486 3 1 1 0 1 2 1 1 0 0 0 1 1 0 1
1 88 8744 19 425 0 -0.0777584 1.45251 0.00185253 0.00163287 0.00041463 0.0924372 3.36671 4.66768 4.66768 -30 5 10 26.1435 -0.0726391 1.45122 3 1 1 0 1 2 1 1 0 0 0 1 1 0 1
1 88 8744 1343 428 1 0.15147 2.18647 0.0026287 0.0012044 4.72291 -0.0368478 13.7038 -2.10075 5.48839 5.42267 6 12 29.0042 0.0763573 2.18694 3 18 1 0 0 3 24 1 0 0 0 1 0 0 0
1 88 8744 1365 428 2 -0.0768817 2.19502 0.00208161 0.00189363 18.2508 -0.0452829 17.019 -3.24149 0.59748 2.21052 6 12 29.0042 0.0763573 2.18694 3 6 1 0 1 3 24 1 0 0 0 0 0 1 0
1 88 8744 54 437 0 0.127734 1.77242 0.00175938 0.0010286 0.570718 0.0473522 8.46286 5.35264 5.35264 -30 6 12 28.4406 0.07072 1.78534 3 2 1 1 0 1 10 1 0 0 0 1 1 0 1
1 88 8744 654 443 0 -0.0256516 1.59415 0.00157372 0.00147734 0.00383214 -0.0868959 3.97092 -2.86009 4.12113 -30 5 10 25.7515 0.0206764 1.64926 3 2 1 1 0 3 4 1 0 0 0 1 1 0 1
1 88 8744 549 446 0 0.640292 0.402299 0.000342328 0.000360123 0.814442 0.0191965 4.3899 4.69128 4.69128 -30 6 12 27.654 0.684264 0.457467 3 2 1 1 1 5 2 1 0 0 1 1 1 0 1
1 88 8744 540 448 0 0.285367 1.29206 0.00106662 0.000767395 2.28466 -0.0420194 6.55509 -0.933954 6.61167 -30 6 12 34.6528 0.025039 1.16397 4 1 1 0 1 4 1 1 0 0 0 1 1 0 1
1 88 8744 420 450 1 0.00919985 0.137854 0.000352447 0.00148521 0.000302742 -0.0809052 0.805927 -3.1074 -1.03326 -30 6 12 28.8985 0.0786955 0.0180001 3 1 1 0 1 1 6 1 0 0 0 1 0 0 0
1 88 8744 421 450 1 0.237581 0.105063 0.000304792 0.000966965 7.61418e-09 -0.0477994 1.13631 -2.54684 -0.735136 4.38388 6 12 28.8985 0.0786955 0.0180001 3 1 1 0 1 3 6 1 0 0 0 1 0 0 0
1 88 8744 450 450 0 -0.0255815 0.0106384 0.000258346 0.00157127 0.000392094 0.0877346 3.89934 -1.47779 6.37012 -30 6 12 28.8985 0.0786955 0.0180001 3 1 1 0 1 4 6 1 0 0 0 1 1 0 1
1 88 8744 475 450 0 0.579755 0.0715292 0.000262529 0.000515801 0.00255142 0.0222189 3.23858 -2.55264 6.60481 -30 6 12 28.8985 0.0786955 0.0180001 3 1 1 0 1 5 6 1 0 0 1 1 1 0 1
1 88 8744 548 452 1 0.168433 0.702684 0.000741077 0.00104662 0.00067272 -0.0484898 0.130094 -1.62923 5.34573 -30 6 12 27.2453 0.594411 0.818127 3 1 1 0 1 7 1 1 0 0 0 1 0 0 0
1 88 8744 3049 453 1 -0.0349305 1.98837 0.0021112 0.00170365 72.8487 -0.0616995 14.8854 -2.40008 -0.525467 2.23974 5 10 25.632 0.056169 1.93001 3 9 1 0 0 1 19 1 0 0 0 1 0 0 0
1 88 8744 3063 453 1 -0.0983093 1.82188 0.00204973 0.0018532 3.26604 -0.0943863 9.5181 -4.29538 -0.293095 2.18635 5 10 25.632 0.056169 1.93001 3 2 1 0 1 1 19 1 0 0 0 1 0 0 0
1 88 8744 395 454 0 -0.0731378 1.06271 0.00189488 0.00227359 0.00265002 0.100708 2.05931 5.96834 5.96834 -30 5 10 25.6276 -0.0867273 1.01532 3 1 1 0 1 4 1 1 0 0 0 1 1 0 1
1 88 8744 194 456 0 1.13402 1.05845 0.000739617 0.000165866 0.000380074 -0.00599862 0.47079 2.35804 2.35804 -30 6 12 30.3709 1.10777 1.02367 4 1 1 0 1 5 3 1 0 0 1 1 1 0 1
1 88 8744 200 456 0 1.92123 1.05003 0.00288758 8.60325e-05 0.000383975 0.00114732 0.452708 -0.636067 1.04935 -30 6 12 30.3709 1.10777 1.02367 4 1 1 0 1 5 3 1 0 0 1 1 1 0 1
1 88 8744 162 468 0 -0.0559838 0.238925 0.00046891 0.00169198 0.000628183 -0.0962305 0.16519 6.41588 6.41588 -30 6 12 29.985 -0.0458218 0.224833 3 1 1 0 1 2 1 1 0 0 0 1 1 0 1
1 88 8744 470 471 0 1.01192 0.155857 0.000298007 0.000212245 0.0269187 0.00819794 3.4759 0.348671 5.51957 -30 6 12 28.1899 0.856418 0.191237 3 1 1 0 1 6 5 1 0 0 1 1 1 0 1
1 88 8744 471 471 0 1.28171 0.184276 0.00182217 0.000161923 0.0483302 0.00428084 3.54893 -0.38807 1.50943 -30 6 12 28.1899 0.856418 0.191237 3 1 1 0 1 6 5 1 0 0 1 1 1 0 1
1 88 8744 472 471 0 1.92026 0.16026 0.00198724 0.000247648 0.0296403 -0.000966825 3.48887 -2.23687 0.550947 5.17315 6 12 28.1899 0.856418 0.191237 3 1 1 0 1 6 5 1 0 0 1 1 1 0 1
1 88 8744 475 471 0 0.579755 0.0715292 0.000262529 0.000515801 0.00255142 0.0222189 3.23858 -1.70967 6.60481 -30 6 12 28.1899 0.856418 0.191237 3 1 1 0 1 5 5 1 0 0 1 1 1 0 1
1 88 8744 478 471 0 0.862016 0.130482 0.000478469 0.00042056 0.0147311 -0.0118083 3.40877 4.14466 4.14466 -30 6 12 28.1899 0.856418 0.191237 3 1 1 0 1 5 5 1 0 0 1 1 1 0 1
1 88 8744 319 476 0 -0.0523249 1.24243 0.00159227 0.00164343 6.40787 0.0923293 6.15767 0.186111 6.50462 -30 6 12 25.6605 0.0376254 1.25161 3 2 1 1 0 4 2 1 0 0 0 1 1 0 1
1 88 8744 0 480 0 -0.0343264 1.62711 0.00188639 0.00149545 1.69728 0.0795064 7.61731 5.43183 5.43183 -30 5 10 25.6648 -0.0376953 1.65072 3 3 1 2 1 2 4 1 0 0 0 1 1 0 1
1 88 8744 926 480 0 0.10685 1.57667 0.00136073 0.00122868 4.86319e-05 0.0671123 4.49152 0.0338609 6.30002 -30 5 10 25.6648 -0.0376953 1.65072 3 1 1 0 1 2 4 1 0 0 0 1 1 0 1
1 88 8744 177 483 1 0.00984011 0.0940869 0.000290039 0.00155658 0.000330849 -0.0800732 4.79036 -5.21764 0.614741 4.81386 6 12 24.8414 0.577173 0.174507 3 1 1 0 1 1 1 1 0 0 0 1 0 0 0
1 88 8744 233 492 0 -0.00155516 1.20393 0.0018109 0.00200727 1.432e-05 -0.0817767 2.16749 -0.842098 6.15403 -30 6 12 27.6361 -0.014253 1.19276 3 1 1 0 1 3 1 1 0 0 1 1 1 0 1
1 88 8744 290 503 2 -0.0192015 0.0868504 0.000570735 0.0015126 0.00175025 -0.0960222 4.04951 0.65981 4.03907 3.57688 6 12 27.0637 0.36251 0.10991 3 1 1 0 1 3 3 1 0 0 0 0 0 1 0
1 88 8744 309 503 0 0.0381632 0.087724 0.000287265 0.00145398 9.50726e-05 0.0754562 2.07739 -1.93958 6.51824 -30 6 12 27.0637 0.36251 0.10991 3 1 1 0 1 3 3 1 0 0 0 1 1 0 1
1 88 8744 314 503 1 0.418637 0.0268659 0.000270659 0.000710758 0.000252065 0.0311779 2.59784 -2.13506 2.73013 2.44872 6 12 27.0637 0.36251 0.10991 3 1 1 0 1 3 3 1 0 0 0 1 0 0 0
1 88 8744 546 504 1 -0.0843913 0.033493 0.000274004 0.00181112 0.000939501 -0.103686 4.68024 -3.48205 0.41534 3.90728 6 12 28.0729 0.383127 0.0346697 3 1 1 0 1 2 2 1 0 0 0 1 0 0 0
1 88 8744 606 504 0 1.38314 0.0791099 0.000805859 0.000270724 0.00327538 0.00326491 3.29865 -2.56971 1.64481 -30 6 12 28.0729 0.383127 0.0346697 3 1 1 0 1 4 2 1 0 0 1 1 1 0 1
1 88 8744 905 508 1 0.430462 0.530733 0.000447118 0.000601074 0.0639003 -0.0318477 2.37258 -3.46959 2.61097 -30 5 10 26.5574 0.0271344 0.455036 3 1 1 0 1 3 3 1 0 0 0 1 0 0 0
1 88 8744 914 508 1 -0.0831801 0.350884 0.000707684 0.00188098 0.0265972 0.100297 1.92151 -0.561266 -0.24295 3.57471 5 10 26.5574 0.0271344 0.455036 3 1 1 0 1 2 3 1 0 0 0 1 0 0 0
1 88 8744 915 508 0 0.00459859 0.433314 0.000711839 0.00159029 0.0761283 0.0841452 2.31752 6.50239 6.50239 -30 5 10 26.5574 0.0271344 0.455036 3 1 1 0 1 3 3 1 0 0 0 1 1 0 1
1 88 8744 425 511 0 -0.0064637 1.65903 0.00170181 0.00148945 0.000410698 0.0816011 3.41647 6.02761 6.02761 -30 5 10 25.1963 -0.0216711 1.64884 3 1 1 0 1 2 1 1 0 0 0 1 1 0 1
1 88 8744 176 518 0 0.257895 1.07384 0.00101229 0.00107629 0.000705974 0.046898 0.600792 6.48187 6.48187 -30 6 12 29.8083 0.244241 1.04539 3 1 1 0 1 1 1 1 0 0 0 1 1 0 1
1 88 8744 425 519 0 -0.0064637 1.65903 0.00170181 0.00148945 0.000410698 0.0816011 3.41647 -1.39713 6.02761 -30 5 10 25.2094 -0.0691149 1.76953 3 1 1 0 1 2 2 1 0 0 0 1 1 0 1
1 88 8744 6367 519 2 0.573979 1.84776 0.00104459 0.000306327 735.949 0.0148069 25.65 -5.21201 -0.436555 3.56015 5 10 25.2094 -0.0691149 1.76953 3 1 1 0 1 2 2 1 0 0 0 0 0 1 0
1 88 8744 836 520 1 -0.0145933 1.63058 0.00178421 0.00152123 1.47815 -0.0758358 7.49503 -2.46238 5.10329 3.49583 6 12 27.7001 0.202455 1.67783 3 1 1 0 1 3 5 1 0 0 0 1 0 0 0
1 88 8744 845 520 0 0.104645 1.67405 0.00161154 0.00127124 3.52523e-05 0.0629707 4.56553 1.02049 6.17377 -30 6 12 27.7001 0.202455 1.67783 3 1 1 0 1 4 5 1 0 0 0 1 1 0 1
1 88 8744 848 520 1 -0.0923147 1.73681 0.00213283 0.00164265 0.000387144 0.0833964 8.87658 -1.84801 1.28871 1.42888 6 12 27.7001 0.202455 1.67783 3 2 1 0 1 4 5 1 0 0 0 1 0 0 0
1 88 8744 855 520 0 0.184672 1.75157 0.00137986 0.0010296 1.67481e-05 0.0573691 2.39641 6.62015 6.62015 -30 6 12 27.7001 0.202455 1.67783 3 2 1 1 0 3 5 1 0 0 0 1 1 0 1
1 88 8744 929 524 0 -0.0498859 0.312125 0.000556335 0.00158949 0.000724696 0.0958527 2.77805 5.52159 5.52159 4.88478 6 12 34.1197 -0.0729662 0.247745 4 1 1 0 1 1 1 1 0 0 0 1 1 0 1
1 88 8744 381 532 0 0.240597 0.0564053 0.000265789 0.000976314 0.000190061 0.0490956 1.03277 6.04853 6.04853 -30 6 12 27.3995 0.209172 0.0744885 3 1 1 0 1 2 1 1 0 0 0 1 1 0 1
1 88 8744 233 534 0 -0.00155516 1.20393 0.0018109 0.00200727 1.432e-05 -0.0817767 2.16749 6.15403 6.15403 -30 5 10 25.8381 0.00341339 1.18522 3 1 1 0 1 3 1 1 0 0 1 1 1 0 1
1 88 8744 836 539 1 -0.0145933 1.63058 0.00178421 0.00152123 1.47815 -0.0758358 7.49503 -3.09259 5.10329 3.49583 5 10 25.6103 0.0329973 1.65886 3 1 1 0 1 3 4 1 0 0 0 1 0 0 0
1 88 8744 845 539 0 0.104645 1.67405 0.00161154 0.00127124 3.52523e-05 0.0629707 4.56553 6.17377 6.17377 -30 5 10 25.6103 0.0329973 1.65886 3 1 1 0 1 4 4 1 0 0 0 1 1 0 1
1 88 8744 848 539 1 -0.0923147 1.73681 0.00213283 0.00164265 0.000387144 0.0833964 8.87658 -0.0249002 1.28871 1.42888 5 10 25.6103 0.0329973 1.65886 3 2 1 0 1 4 4 1 0 0 0 1 0 0 0
1 88 8744 607 543 0 -0.0713082 0.70598 0.00122803 0.00189872 12.6448 -0.096881 7.31572 -3.76189 6.80727 -30 6 12 32.725 -0.0570559 0.731663 4 1 1 0 1 2 1 1 0 0 0 1 1 0 1
1 88 8744 644 550 0 -0.0231991 0.39318 0.000673098 0.00158612 0.000127422 0.0903201 0.921701 -2.59909 5.93995 -30 6 12 27.3204 0.0637657 0.505097 3 1 1 0 1 2 1 1 0 0 0 1 1 0 1
1 88 8744 523 553 1 -0.035728 1.89919 0.00297284 0.00160462 0.000217259 -0.0693958 8.82276 1.75317 1.75317 2.31907 5 10 22.3918 0.0543701 1.84485 2 6 1 0 0 1 5 1 0 0 0 1 0 0 0
1 88 8744 2829 553 2 0.541894 1.94116 0.00152549 0.000587067 0.000228381 -0.0219078 7.19579 0.533427 0.637524 4.38653 5 10 22.3918 0.0543701 1.84485 2 3 1 0 1 1 5 1 0 0 0 0 0 1 0
1 88 8744 711 565 0 -0.0707547 0.842554 0.00149121 0.00204117 1.31226e-06 0.0967403 2.02384 -3.96655 6.00076 -30 5 10 22.0576 0.0398428 0.969727 2 1 1 0 1 3 1 1 0 0 0 1 1 0 1
1 88 8744 937 568 1 0.730574 0.615208 0.000440544 0.00033274 0.102833 -0.0154315 2.39761 -0.959838 0.653759 2.46878 6 12 28.9744 0.0572207 0.729172 4 1 1 0 1 4 1 1 0 0 0 1 0 0 0
1 88 8744 548 573 1 0.168433 0.702684 0.000741077 0.00104662 0.00067272 -0.0484898 0.130094 -4.16506 5.34573 -30 6 12 27.5991 -0.0451084 0.671472 3 1 1 0 1 7 1 1 0 0 0 1 0 0 0
1 88 8744 329 575 0 0.483332 1.60406 0.000953665 0.000582316 0.000520723 0.0249014 6.18347 -0.953795 6.41588 -30 7 14 29.1592 0.281085 1.47598 3 1 1 0 1 4 2 1 0 0 0 1 1 0 1
1 88 8744 339 575 0 0.306938 1.44638 0.000992691 0.000799595 23.316 0.0395566 9.73775 6.57392 6.57392 -30 7 14 29.1592 0.281085 1.47598 3 1 1 0 1 1 2 1 0 0 1 1 1 0 1
1 88 8744 184 588 0 -0.0112945 0.160554 0.000356511 0.00154776 0.000273859 0.0875177 2.13746 6.06249 6.06249 -30 5 10 21.8171 -0.0270409 0.107655 2 1 1 0 1 1 1 1 0 0 0 1 1 0 1
1 88 8744 603 592 0 0.0896999 0.739257 0.00093301 0.00133278 3.14969 0.0696703 4.90723 -2.22094 6.68648 -30 6 12 21.7556 0.110973 0.676442 2 1 1 0 1 3 1 1 0 0 0 1 1 0 1
1 88 8744 746 606 0 0.317169 0.0128765 0.000261871 0.000841689 0.000381389 0.0397795 0.0850979 6.704 6.704 -30 5 10 21.6723 0.298249 0.0312945 2 1 1 0 1 1 1 1 0 0 0 1 1 0 1
1 88 8744 5790 617 1 0.453792 2.02494 0.00191455 0.000508632 1.74632 0.0275075 24.95 -1.48908 1.47656 1.35919 5 10 21.6195 -0.0375702 1.99485 2 27 1 0 0 1 39 1 0 0 0 1 0 0 0
1 88 8744 93 618 0 -0.0686529 1.56662 0.00174718 0.00168456 0.00164317 -0.101431 4.31106 5.29846 5.29846 -30 5 10 21.6017 -0.0886781 1.55958 2 1 1 0 1 1 1 1 0 0 0 1 1 0 1
1 88 8744 162 635 0 -0.0559838 0.238925 0.00046891 0.00169198 0.000628183 -0.0962305 0.16519 2.02679 6.41588 -30 6 12 21.4596 -0.0814968 0.253003 2 1 1 0 1 2 2 1 0 0 0 1 1 0 1
1 88 8744 204 635 0 0.278772 0.237041 0.000321147 0.000834053 0.000426436 0.0430896 2.06738 -2.06543 6.41701 -30 6 12 21.4596 -0.0814968 0.253003 2 1 1 0 1 2 2 1 0 0 0 1 1 0 1
1 88 8744 549 642 0 0.640292 0.402299 0.000342328 0.000360123 0.814442 0.0191965 4.3899 -0.331644 4.69128 -30 6 12 24.2261 0.351751 0.500861 3 2 1 1 1 5 2 1 0 0 1 1 1 0 1
1 88 8744 679 652 1 0.15384 0.81414 0.000894648 0.00113484 3.26759 -0.0581792 4.51505 -0.972842 -0.421832 2.64336 5 10 21.3361 -0.0791341 0.741939 2 1 1 0 1 2 2 1 0 0 0 1 0 0 0
1 88 8744 685 652 0 -0.0713706 0.630185 0.00118728 0.0019723 16.1526 -0.0983118 8.33962 5.70029 5.70029 -30 5 10 21.3361 -0.0791341 0.741939 2 1 1 0 1 2 2 1 0 0 0 1 1 0 1
1 88 8744 1307 653 0 -0.0260497 2.37649 0.00428309 0.00175238 36.2183 0.0443595 17.9022 4.54652 4.54652 2.3837 5 10 21.3307 0.0129312 2.35019 2 80 2 0 0 1 214 1 0 0 0 1 1 0 0
1 88 8744 1318 653 1 -0.0381058 2.29262 0.00337175 0.00184786 0.0013933 0.0514926 13.3627 1.06739 1.97687 3.01157 5 10 21.3307 0.0129312 2.35019 2 20 1 0 0 1 214 1 0 0 0 1 0 0 0
1 88 8744 7943 653 0 -0.00981027 2.37335 0.00295059 0.00169433 38.938 0.0706128 31.395 4.80746 4.80746 2.30975 5 10 21.3307 0.0129312 2.35019 2 80 2 0 0 1 214 1 0 0 0 1 1 0 0
1 88 8744 872 677 0 0.0213421 0.928143 0.00137253 0.00175458 2.14039e-05 -0.0778038 0.0901859 6.71758 6.71758 -30 5 10 21.3222 0.028218 0.889876 2 1 1 0 1 4 2 1 0 0 0 1 1 0 1
1 88 8744 873 677 0 0.368156 0.814813 0.000691483 0.000780654 4.94039 -0.0353067 5.4048 0.253315 6.69132 -30 5 10 21.3222 0.028218 0.889876 2 1 1 0 1 4 2 1 0 0 0 1 1 0 1
1 88 8744 13130 678 1 0.01539 2.35612 0.00237816 0.00136332 36.9637 0.0850216 40.873 -1.61802 2.0206 2.19024 5 10 21.0221 -0.0480746 2.34355 2 49 2 0 0 1 18 1 0 0 0 1 1 0 1
1 88 8744 409 680 1 -0.0713834 1.33565 0.00165423 0.00164588 5.03236 -0.0884376 6.48134 -0.425494 0.503814 5.34384 5 10 20.9966 -0.0204393 1.46714 2 1 1 0 1 1 1 1 0 0 0 1 0 0 0
1 88 8744 6537 684 0 0.0585667 2.06386 0.00196709 0.00124478 31.7589 0.0613939 24.95 5.77348 5.77348 -30 5 10 20.9749 0.130905 2.08294 2 2 1 1 1 1 2 1 0 0 0 1 1 0 1
1 88 8744 661 690 0 -0.0675467 0.702264 0.00119662 0.00188446 1.66261 0.0986091 3.83768 6.67056 6.67056 -30 6 12 32.8971 -0.0770883 0.740313 4 1 1 0 1 1 2 1 0 0 0 1 1 0 1
1 88 8744 670 690 0 -0.0101958 0.834194 0.0012917 0.00176361 5.48796 0.0877099 5.09615 -0.596147 3.99534 5.70169 6 12 32.8971 -0.0770883 0.740313 4 1 1 0 1 3 2 1 0 0 0 1 1 0 1
1 88 8744 150 697 1 -0.0367331 0.507145 0.000823073 0.00159535 8.17324e-05 -0.0904003 6.212 -1.97617 1.23091 -30 5 10 20.8165 -0.0266789 0.404518 2 1 1 0 1 2 1 1 0 0 0 1 0 0 0
1 88 8744 916 700 0 -0.0750942 2.05453 0.0026996 0.00168764 0.000111569 -0.0704848 4.16411 0.229211 0.229211 -30 5 10 20.7868 0.184876 1.97802 2 5 1 1 0 1 16 1 0 0 0 1 1 0 1
1 88 8744 161 706 0 -0.0538269 0.377538 0.000675495 0.00166848 0.582568 0.0933781 4.03104 5.79844 5.79844 5.99777 5 10 20.7182 -0.0673688 0.440741 2 1 1 0 1 1 1 1 0 0 0 1 1 0 1
1 88 8744 265 709 1 0.150677 0.86948 0.000942373 0.00119844 7.41251 0.0603495 5.5212 -2.24115 0.039517 3.56278 5 10 20.66 -0.00578444 0.883893 2 2 1 0 0 1 2 1 0 0 0 1 0 0 0
1 88 8744 654 713 0 -0.0256516 1.59415 0.00157372 0.00147734 0.00383214 -0.0868959 3.97092 4.12113 4.12113 -30 6 12 28.3597 -0.0219034 1.61933 3 2 1 1 0 3 4 1 0 0 0 1 1 0 1
1 88 8744 270 720 0 0.279092 0.782934 0.000706583 0.000890885 3.53293 -0.0447481 4.6233 -4.36972 5.71899 -30 6 12 35.1026 0.122185 0.646816 4 2 1 1 1 3 2 1 0 0 0 1 1 0 1
1 88 8744 608 725 0 -0.0406754 0.363248 0.000673187 0.00171134 0.000716853 -0.0902017 4.06953 4.60559 4.60559 5.82696 6 12 28.0867 -0.0686421 0.277049 3 1 1 0 1 1 3 1 0 0 0 1 1 0 1
1 88 8744 611 725 0 0.689524 0.172092 0.000339006 0.000401955 0.0381657 -0.0169869 3.61901 -0.555439 5.22241 -30 6 12 28.0867 -0.0686421 0.277049 3 1 1 0 1 6 3 1 0 0 1 1 1 0 1
1 88 8744 656 725 0 -0.0674889 0.223277 0.000470136 0.00175865 0.00062885 0.0993615 0.675778 -2.07206 6.51577 4.75593 6 12 28.0867 -0.0686421 0.277049 3 1 1 0 1 2 3 1 0 0 0 1 1 0 1
1 88 8744 153 729 0 -0.00467675 1.72317 0.00186563 0.00153433 0.00295478 -0.0756355 4.37989 6.19162 6.19162 -30 5 10 25.2232 0.0162494 1.71423 3 1 1 0 1 1 3 1 0 0 0 1 1 0 1
1 88 8744 710 732 0 -0.00977506 0.0434652 0.000303412 0.00165291 0.000355074 0.0848074 3.82926 6.35094 6.35094 -30 6 12 28.2947 -0.018503 0.0391606 3 1 1 0 1 2 1 1 0 0 0 1 1 0 1
1 88 8744 800 734 0 0.928736 0.362762 0.000427341 0.00026215 0.000380684 0.0100249 2.01732 0.201638 5.49535 -30 6 12 26.5401 1.36723 0.329067 3 1 1 0 1 7 6 1 0 0 1 1 1 0 1
1 88 8744 801 734 0 1.43596 0.404385 0.000639187 8.45375e-05 0.00038375 -0.00321001 1.8909 -0.986047 1.77787 -30 6 12 26.5401 1.36723 0.329067 3 1 1 0 1 7 6 1 0 0 1 1 1 0 1
1 88 8744 804 734 0 1.477 0.396107 0.000691126 0.000109066 0.00038397 0.00270906 1.91721 0.0396237 1.36371 -30 6 12 26.5401 1.36723 0.329067 3 1 1 0 1 9 6 1 0 0 1 1 1 0 1
1 88 8744 808 734 0 1.43465 0.395771 0.00137674 0.000116722 0.000383699 -0.00321499 1.92032 -0.0614423 1.7618 5.85599 6 12 26.5401 1.36723 0.329067 3 1 1 0 1 9 6 1 0 0 1 1 1 0 1
1 88 8744 811 734 0 1.32694 0.381889 0.000518927 0.000125531 0.000383765 0.00378975 1.96183 1.18355 1.18355 -30 6 12 26.5401 1.36723 0.329067 3 1 1 0 1 9 6 1 0 0 1 1 1 0 1
1 88 8744 813 734 0 1.28194 0.414497 0.000610568 0.000180573 0.000383373 -0.00439082 1.86715 -1.14973 1.7017 5.98265 6 12 26.5401 1.36723 0.329067 3 1 1 0 1 9 6 1 0 0 1 1 1 0 1
1 88 8744 34 735 0 1.01007 1.14147 0.00105125 0.000221908 0.000370552 -0.00878684 0.845195 -1.63695 2.78891 5.41238 6 12 30.5114 1.09864 1.16313 4 1 1 0 1 3 2 1 0 0 1 1 1 0 1
1 88 8744 42 735 0 1.09548 1.19587 0.00100392 0.000212253 0.000376198 0.00698795 1.11591 4.35594 4.35594 -30 6 12 30.5114 1.09864 1.16313 4 1 1 0 1 3 2 1 0 0 1 1 1 0 1
1 88 8744 555 743 1 -0.0911746 0.771215 0.00134783 0.00195059 1.68578e-05 -0.10545 3.43283 -2.11175 -0.101943 0.455682 5 10 23.5973 0.0169532 0.859387 3 1 1 0 1 2 1 1 0 0 0 1 0 0 0
1 88 8744 470 745 0 1.01192 0.155857 0.000298007 0.000212245 0.0269187 0.00819794 3.4759 2.12864 5.51957 -30 6 12 25.1749 2.02112 0.220133 3 1 1 0 1 6 4 1 0 0 1 1 1 0 1
1 88 8744 471 745 0 1.28171 0.184276 0.00182217 0.000161923 0.0483302 0.00428084 3.54893 0.197566 1.50943 -30 6 12 25.1749 2.02112 0.220133 3 1 1 0 1 6 4 1 0 0 1 1 1 0 1
1 88 8744 472 745 0 1.92026 0.16026 0.00198724 0.000247648 0.0296403 -0.000966825 3.48887 0.550947 0.550947 5.17315 6 12 25.1749 2.02112 0.220133 3 1 1 0 1 6 4 1 0 0 1 1 1 0 1
1 88 8744 478 745 0 0.862016 0.130482 0.000478469 0.00042056 0.0147311 -0.0118083 3.40877 0.0603554 4.14466 -30 6 12 25.1749 2.02112 0.220133 3 1 1 0 1 5 4 1 0 0 1 1 1 0 1
1 88 8744 675 747 0 -0.0106125 1.16129 0.00175592 0.00197203 0.00190468 -0.084053 0.194466 -3.53557 3.95905 -30 6 12 30.2888 0.0536502 1.06151 3 1 1 0 1 4 1 1 0 0 0 1 1 0 1
1 88 8744 6367 753 2 0.573979 1.84776 0.00104459 0.000306327 735.949 0.0148069 25.65 -1.81751 -0.436555 3.56015 6 12 32.8296 -0.0331761 1.82962 4 1 1 0 1 2 1 1 0 0 0 0 0 1 0
1 88 8744 925 754 0 0.121007 1.82381 0.00277541 0.00138176 10.8198 0.04747 11.8072 -0.397849 4.83411 4.6209 5 10 24.6451 0.0247557 1.75602 3 1 1 0 1 3 1 1 0 0 0 1 1 0 1
1 88 8744 1343 758 1 0.15147 2.18647 0.0026287 0.0012044 4.72291 -0.0368478 13.7038 1.79437 5.48839 5.42267 6 12 28.4016 0.0205579 2.18459 3 18 1 0 0 3 24 1 0 0 0 1 0 0 0
1 88 8744 1365 758 2 -0.0768817 2.19502 0.00208161 0.00189363 18.2508 -0.0452829 17.019 -1.89318 0.59748 2.21052 6 12 28.4016 0.0205579 2.18459 3 6 1 0 1 3 24 1 0 0 0 0 0 1 0
1 88 8744 496 760 1 -0.0937372 0.655602 0.00115138 0.0018777 13.6711 0.105998 7.88035 -0.968919 -0.495426 2.18083 6 12 26.374 0.139654 0.779177 3 2 1 0 0 2 2 1 0 0 0 1 0 0 0
1 88 8744 925 761 0 0.121007 1.82381 0.00277541 0.00138176 10.8198 0.04747 11.8072 2.88551 4.83411 4.6209 7 14 32.4813 0.0675499 1.86038 3 1 1 0 1 3 6 1 0 0 0 1 1 0 1
1 88 8744 556 762 0 -0.0181314 1.65 0.0016997 0.00146573 0.000103767 0.0757515 7.10055 4.18557 4.18557 -30 5 10 25.6472 0.0360538 1.66253 3 1 1 0 1 2 1 1 0 0 0 1 1 0 1
1 88 8744 43 763 0 0.351986 1.68437 0.00126204 0.000737515 0.000669603 -0.033414 4.65531 6.45131 6.45131 -30 5 10 20.637 0.373468 1.66969 2 1 1 0 1 1 1 1 0 0 0 1 1 0 1
1 88 8744 23 766 0 1.24388 1.22904 0.00148317 0.000162737 0.000378345 0.00509823 1.2503 2.64458 2.64458 -30 6 12 26.895 1.23725 1.19882 3 1 1 0 1 2 3 1 0 0 1 1 1 0 1
1 88 8744 34 766 0 1.01007 1.14147 0.00105125 0.000221908 0.000370552 -0.00878684 0.845195 -1.78876 2.78891 5.41238 6 12 26.895 1.23725 1.19882 3 1 1 0 1 3 3 1 0 0 1 1 1 0 1
1 88 8744 42 766 0 1.09548 1.19587 0.00100392 0.000212253 0.000376198 0.00698795 1.11591 -0.76991 4.35594 -30 6 12 26.895 1.23725 1.19882 3 1 1 0 1 3 3 1 0 0 1 1 1 0 1
1 88 8744 301 771 0 0.082808 0.536547 0.00083136 0.00132646 0.000138629 -0.0706396 3.5023 -3.75445 6.64143 -30 6 12 32.7316 0.251097 0.588937 4 1 1 0 1 2 2 1 0 0 0 1 1 0 1
1 88 8744 323 771 0 0.298357 0.609553 0.000574664 0.000810449 0.000283561 0.0417112 0.0601941 5.80502 5.80502 -30 6 12 32.7316 0.251097 0.588937 4 1 1 0 1 1 2 1 0 0 0 1 1 0 1
1 88 8744 679 772 1 0.15384 0.81414 0.000894648 0.00113484 3.26759 -0.0581792 4.51505 -0.8562 -0.421832 2.64336 5 10 25.5523 -0.0686147 0.786957 3 1 1 0 1 2 1 1 0 0 0 1 0 0 0
1 88 8744 675 774 0 -0.0106125 1.16129 0.00175592 0.00197203 0.00190468 -0.084053 0.194466 1.48032 3.95905 -30 6 12 28.6476 0.026144 1.14393 3 1 1 0 1 4 1 1 0 0 0 1 1 0 1
1 88 8744 640 782 0 0.0647483 0.922862 0.00126133 0.00157834 2.74515e-05 0.0736121 3.26411 -3.02741 5.2844 -30 6 12 33.4987 -0.0461683 1.00364 4 1 1 0 1 3 1 1 0 0 0 1 1 0 1
1 88 8744 168 783 0 1.36469 0.725881 0.000513509 0.00010401 0.000383385 -0.00352421 0.850389 -2.60692 2.22337 -30 6 12 25.0328 0.482058 0.623422 3 1 1 0 1 4 1 1 0 0 1 1 1 0 1
1 88 8744 192 790 1 0.170305 1.25811 0.00115714 0.00101768 0.366847 0.0575601 4.9055 2.46943 2.46943 4.62526 6 12 29.1666 0.175431 1.21346 3 2 1 0 0 1 2 1 0 0 0 1 0 0 0
1 88 8744 2014 791 0 -0.0627646 1.68774 0.00184704 0.00167213 96.4385 0.0894491 14.3156 6.38044 6.38044 -30 5 10 24.7601 -0.0924878 1.75407 3 2 1 1 0 1 2 1 0 0 0 1 1 0 1
1 88 8744 194 794 0 1.13402 1.05845 0.000739617 0.000165866 0.000380074 -0.00599862 0.47079 0.314597 2.35804 -30 6 12 25.0746 1.85197 1.01297 3 1 1 0 1 5 3 1 0 0 1 1 1 0 1
1 88 8744 200 794 0 1.92123 1.05003 0.00288758 8.60325e-05 0.000383975 0.00114732 0.452708 1.04935 1.04935 -30 6 12 25.0746 1.85197 1.01297 3 1 1 0 1 5 3 1 0 0 1 1 1 0 1
1 88 8744 800 796 0 0.928736 0.362762 0.000427341 0.00026215 0.000380684 0.0100249 2.01732 -1.56009 5.49535 -30 6 12 25.7573 1.29871 0.360725 3 1 1 0 1 7 6 1 0 0 1 1 1 0 1
1 88 8744 801 796 0 1.43596 0.404385 0.000639187 8.45375e-05 0.00038375 -0.00321001 1.8909 -0.135027 1.77787 -30 6 12 25.7573 1.29871 0.360725 3 1 1 0 1 7 6 1 0 0 1 1 1 0 1
1 88 8744 804 796 0 1.477 0.396107 0.000691126 0.000109066 0.00038397 0.00270906 1.91721 0.0376002 1.36371 -30 6 12 25.7573 1.29871 0.360725 3 1 1 0 1 9 6 1 0 0 1 1 1 0 1
1 88 8744 808 796 0 1.43465 0.395771 0.00137674 0.000116722 0.000383699 -0.00321499 1.92032 -0.461064 1.7618 5.85599 6 12 25.7573 1.29871 0.360725 3 1 1 0 1 9 6 1 0 0 1 1 1 0 1
1 88 8744 811 796 0 1.32694 0.381889 0.000518927 0.000125531 0.000383765 0.00378975 1.96183 -0.661478 1.18355 -30 6 12 25.7573 1.29871 0.360725 3 1 1 0 1 9 6 1 0 0 1 1 1 0 1
1 88 8744 813 796 0 1.28194 0.414497 0.000610568 0.000180573 0.000383373 -0.00439082 1.86715 1.7017 1.7017 5.98265 6 12 25.7573 1.29871 0.360725 3 1 1 0 1 9 6 1 0 0 1 1 1 0 1
1 88 8744 241 797 1 0.145883 0.699975 0.00080433 0.00118137 0.000176955 0.0583133 2.41263 -2.48723 0.485795 5.04025 6 12 27.5822 0.428104 0.562754 3 1 1 0 1 1 2 1 0 0 0 1 0 0 0
1 88 8744 244 797 1 -0.0682057 0.578173 0.00100248 0.00176669 2.71221e-05 0.0969557 1.90898 -2.65399 0.012575 1.71434 6 12 27.5822 0.428104 0.562754 3 1 1 0 1 1 2 1 0 0 0 1 0 0 0
1 88 8744 8 809 1 0.380604 0.9897 0.000837151 0.00077285 0.000270936 -0.0340216 0.340364 0.79552 2.9579 3.25089 5 10 18.9357 0.332046 1.01997 2 1 1 0 1 3 4 1 0 0 0 1 0 0 0
1 88 8744 33 809 0 0.0989981 0.98486 0.00118063 0.00137443 3.00934e-05 0.0687284 2.15748 -2.65526 6.70828 5.40028 5 10 18.9357 0.332046 1.01997 2 1 1 0 1 3 4 1 0 0 0 1 1 0 1
1 88 8744 932 809 1 -0.0944551 0.926004 0.00148735 0.00192231 74.6902 -0.11272 11.6424 -2.5837 -1.06044 -0.166779 5 10 18.9357 0.332046 1.01997 2 2 1 0 1 3 4 1 0 0 0 1 0 0 0
1 88 8744 175 822 0 0.150158 1.61501 0.00101586 0.00101037 1.4632e-05 -0.0525178 4.03352 6.43882 6.43882 -30 6 12 32.8794 0.178683 1.60877 4 1 1 0 1 1 1 1 0 0 0 1 1 0 1
1 88 8744 606 826 0 1.38314 0.0791099 0.000805859 0.000270724 0.00327538 0.00326491 3.29865 0.0072526 1.64481 -30 6 12 26.4367 0.844715 0.158157 3 1 1 0 1 4 2 1 0 0 1 1 1 0 1
1 88 8744 611 826 0 0.689524 0.172092 0.000339006 0.000401955 0.0381657 -0.0169869 3.61901 -1.62521 5.22241 -30 6 12 26.4367 0.844715 0.158157 3 1 1 0 1 6 2 1 0 0 1 1 1 0 1
1 88 8744 905 827 1 0.430462 0.530733 0.000447118 0.000601074 0.0639003 -0.0318477 2.37258 -2.94468 2.61097 -30 6 12 26.8818 0.0447973 0.577033 3 1 1 0 1 3 2 1 0 0 0 1 0 0 0
1 88 8744 917 827 0 0.00476541 0.60512 0.000919504 0.0015761 2.01758 0.0842575 4.55781 -0.556675 5.93411 -30 6 12 26.8818 0.0447973 0.577033 3 1 1 0 1 4 2 1 0 0 0 1 1 0 1
1 88 8744 226 829 0 0.0338895 0.354807 0.000579702 0.00144477 1.61111e-07 -0.0790583 1.33654 -1.01175 6.40121 -30 6 12 25.6057 0.189525 0.344271 3 1 1 0 1 3 3 1 0 0 0 1 0 0 0
1 88 8744 245 829 0 0.215706 0.408471 0.000510657 0.000948217 0.000291651 -0.0501384 2.12745 6.6629 6.6629 -30 6 12 25.6057 0.189525 0.344271 3 1 1 0 1 3 3 1 0 0 0 1 1 0 1
1 88 8744 261 829 0 0.0427605 0.33063 0.000556791 0.00139959 0.000206826 0.0755047 0.790192 -1.87807 5.79355 -30 6 12 25.6057 0.189525 0.344271 3 1 1 0 1 3 3 1 0 0 0 1 1 0 1
1 88 8744 304 833 0 0.145394 1.58543 0.00138961 0.0010877 0.00419341 0.0549893 6.47812 5.87908 5.87908 -30 5 10 25.3993 0.160479 1.59618 3 1 1 0 1 1 3 1 0 0 0 1 1 0 1
1 88 8744 793 840 1 0.00959882 1.31702 0.00141912 0.00143449 0.00246343 0.0842908 2.78944 6.12637 6.12637 -30 5 10 21.1249 0.0292207 1.30657 2 1 1 0 1 2 1 1 0 0 0 1 0 0 0
1 88 8744 710 845 0 -0.00977506 0.0434652 0.000303412 0.00165291 0.000355074 0.0848074 3.82926 -4.87919 6.35094 -30 6 12 28.0177 0.0509173 0.0738058 3 1 1 0 1 2 1 1 0 0 0 1 1 0 1
1 88 8744 647 849 1 0.541387 1.98228 0.0044061 0.000656525 0.000278602 -0.0181391 6.5731 0.333488 0.333488 4.05268 5 10 25.7881 0.0291108 1.97289 3 2 1 0 0 1 14 1 0 0 0 1 0 0 0
1 88 8744 793 850 1 0.00959882 1.31702 0.00141912 0.00143449 0.00246343 0.0842908 2.78944 2.09032 6.12637 -30 6 12 33.4569 0.129006 1.29853 4 1 1 0 1 2 1 1 0 0 0 1 0 0 0
1 88 8744 367 851 0 0.148817 1.02813 0.00115369 0.00126361 8.7782 0.05873 6.40992 5.87853 5.87853 5.72027 6 12 33.6042 0.112652 1.06574 4 1 1 0 1 3 1 1 0 0 0 1 1 0 1
1 88 8744 1082 857 1 0.0169681 2.46666 0.00545805 0.00162876 0.00085271 0.0380233 18.3682 -2.69787 -2.69787 0.851459 5 10 20.9524 -0.0290634 2.38917 2 24 1 0 0 1 44 1 0 0 0 1 0 0 0
1 88 8744 1084 857 1 0.0790853 2.48413 0.00413371 0.00145765 0.000706758 -0.0334807 15.2548 0.45601 0.45601 0.75858 5 10 20.9524 -0.0290634 2.38917 2 10 1 0 0 1 44 1 0 0 0 1 0 0 0
1 88 8744 1124 857 0 -0.0115097 2.37905 0.00433288 0.00159924 6.51582 0.0440419 16.3425 -1.51514 2.54006 -30 5 10 20.9524 -0.0290634 2.38917 2 15 1 12 0 2 44 1 0 0 0 1 1 0 1
1 88 8744 412 859 0 -0.0277351 0.0285143 0.000303287 0.00164365 9.48348e-05 0.0886578 5.7815 5.56023 5.56023 -30 6 12 28.1009 -0.0459395 0.147366 3 1 1 0 1 3 1 1 0 0 0 1 1 0 1
1 88 8744 5282 860 0 -0.0869177 1.87037 0.00195534 0.0016845 81.4664 -0.104766 24.4 3.51432 3.51432 -30 6 12 29.1491 -0.0758738 1.91805 3 2 1 1 0 1 7 1 0 0 0 1 1 0 1
1 88 8744 588 864 0 -0.00428867 1.02499 0.00151004 0.00179193 0.00182276 0.086534 1.02785 -0.526469 5.71057 -30 5 10 19.8678 -0.0545573 1.0516 2 1 1 0 1 2 1 1 0 0 0 1 1 0 1
1 88 8744 766 874 0 0.00348535 1.14044 0.0018461 0.00194114 6.42979e-05 0.0843389 2.03345 5.45624 5.45624 5.55151 6 12 27.2914 0.013293 1.12199 3 1 1 0 1 1 1 1 0 0 0 1 1 0 1
1 88 8744 168 875 0 1.36469 0.725881 0.000513509 0.00010401 0.000383385 -0.00352421 0.850389 -0.587883 2.22337 -30 6 12 24.4735 1.81616 0.665518 3 1 1 0 1 4 1 1 0 0 1 1 1 0 1
1 88 8744 510 877 1 -0.0844661 1.66948 0.00200186 0.00180323 0.000453548 -0.0868846 7.19579 -1.29989 -0.820713 5.38538 7 14 28.9005 0.60323 1.66885 3 5 1 0 1 1 12 1 0 0 0 1 0 0 0
1 88 8744 556 877 0 -0.0181314 1.65 0.0016997 0.00146573 0.000103767 0.0757515 7.10055 -0.212095 4.18557 -30 7 14 28.9005 0.60323 1.66885 3 1 1 0 1 2 12 1 0 0 0 1 1 0 1
1 88 8744 2849 877 1 -0.0706072 1.70811 0.00182099 0.00171475 36.5975 -0.0922457 12.2006 -2.47229 0.612144 2.2404 7 14 28.9005 0.60323 1.66885 3 2 1 0 0 5 12 1 0 0 0 1 0 0 0
1 88 8744 606 888 0 1.38314 0.0791099 0.000805859 0.000270724 0.00327538 0.00326491 3.29865 1.5448 1.64481 -30 6 12 26.584 1.40639 0.136228 3 1 1 0 1 4 2 1 0 0 1 1 1 0 1
1 88 8744 611 888 0 0.689524 0.172092 0.000339006 0.000401955 0.0381657 -0.0169869 3.61901 -2.37896 5.22241 -30 6 12 26.584 1.40639 0.136228 3 1 1 0 1 6 2 1 0 0 1 1 1 0 1
1 88 8744 89 891 0 0.205842 0.69587 0.000743168 0.00103864 0.000221669 0.0511659 0.350779 6.86902 6.86902 -30 6 12 27.5125 0.171621 0.666029 3 1 1 0 1 1 1 1 0 0 0 1 1 0 1
1 88 8744 846 906 0 0.00131287 0.407096 0.000622397 0.00143173 0.968555 0.0844432 4.61438 -2.5826 6.16404 -30 5 10 19.0419 0.417153 0.331954 2 1 1 0 1 2 1 1 0 0 0 1 1 0 1
1 88 8744 332 914 0 -0.0882024 1.24561 0.00212821 0.00237534 0.000427832 -0.103228 0.445952 3.37322 3.37322 5.304 5 10 25.2463 -0.0544842 1.21454 3 1 1 0 1 1 1 1 0 0 0 1 1 0 1
1 88 8744 640 917 0 0.0647483 0.922862 0.00126133 0.00157834 2.74515e-05 0.0736121 3.26411 -1.76193 5.2844 -30 6 12 28.5774 -0.0294534 1.03691 3 1 1 0 1 3 2 1 0 0 0 1 1 0 1
1 88 8744 641 917 0 -0.0470397 1.05443 0.00169337 0.00204051 5.26233e-05 0.0942007 1.29184 4.5852 4.5852 -30 6 12 28.5774 -0.0294534 1.03691 3 1 1 0 1 1 2 1 0 0 0 1 1 0 1
1 88 8744 2146 925 1 0.381482 2.1489 0.0022816 0.000768136 6.80879 -0.0228274 13.0145 -3.31518 -0.103789 2.13371 6 12 32.75 -0.036316 2.2796 4 24 1 0 0 1 24 1 0 0 0 1 0 0 0
1 88 8744 815 929 0 0.0338916 0.0585468 0.000285041 0.00148184 0.000349182 0.0792149 0.305351 0.394984 6.4325 -30 6 12 20.0011 0.015984 0.031898 2 1 1 0 1 5 2 1 0 0 0 1 1 0 1
1 88 8744 820 929 0 0.073741 0.0305816 0.000257486 0.00139565 0.000399123 0.0693615 0.465536 -2.2605 6.82104 -30 6 12 20.0011 0.015984 0.031898 2 1 1 0 1 4 2 1 0 0 0 1 1 0 1
1 88 8744 937 937 1 0.730574 0.615208 0.000440544 0.00033274 0.102833 -0.0154315 2.39761 0.653759 0.653759 2.46878 5 10 19.7142 0.0765979 0.63057 2 1 1 0 1 4 1 1 0 0 0 1 0 0 0
1 88 8744 800 946 0 0.928736 0.362762 0.000427341 0.00026215 0.000380684 0.0100249 2.01732 -0.668684 5.49535 -30 6 12 25.093 1.49281 0.342053 3 1 1 0 1 7 6 1 0 0 1 1 1 0 1
1 88 8744 801 946 0 1.43596 0.404385 0.000639187 8.45375e-05 0.00038375 -0.00321001 1.8909 -0.0879019 1.77787 -30 6 12 25.093 1.49281 0.342053 3 1 1 0 1 7 6 1 0 0 1 1 1 0 1
1 88 8744 804 946 0 1.477 0.396107 0.000691126 0.000109066 0.00038397 0.00270906 1.91721 1.36371 1.36371 -30 6 12 25.093 1.49281 0.342053 3 1 1 0 1 9 6 1 0 0 1 1 1 0 1
1 88 8744 808 946 0 1.43465 0.395771 0.00137674 0.000116722 0.000383699 -0.00321499 1.92032 0.287549 1.7618 5.85599 6 12 25.093 1.49281 0.342053 3 1 1 0 1 9 6 1 0 0 1 1 1 0 1
1 88 8744 811 946 0 1.32694 0.381889 0.000518927 0.000125531 0.000383765 0.00378975 1.96183 0.230826 1.18355 -30 6 12 25.093 1.49281 0.342053 3 1 1 0 1 9 6 1 0 0 1 1 1 0 1
1 88 8744 813 946 0 1.28194 0.414497 0.000610568 0.000180573 0.000383373 -0.00439082 1.86715 -0.297188 1.7017 5.98265 6 12 25.093 1.49281 0.342053 3 1 1 0 1 9 6 1 0 0 1 1 1 0 1
1 88 8744 682 947 0 0.0913107 1.52467 0.00131101 0.00115772 8.15413 -0.0622814 7.84373 4.54496 4.54496 3.59382 5 10 23.9325 0.148072 1.51174 3 1 1 0 1 1 2 1 0 0 0 1 1 0 1
1 88 8744 2998 947 2 1.1648 1.41841 0.00327583 0.000229513 316.931 0.00840862 18.3075 -0.182596 0.082013 2.62611 5 10 23.9325 0.148072 1.51174 3 1 1 0 1 2 2 1 0 0 0 0 0 1 0
1 88 8744 34 953 0 1.01007 1.14147 0.00105125 0.000221908 0.000370552 -0.00878684 0.845195 2.78891 2.78891 5.41238 5 10 23.5688 1.02417 1.10982 3 1 1 0 1 3 2 1 0 0 1 1 1 0 1
1 88 8744 42 953 0 1.09548 1.19587 0.00100392 0.000212253 0.000376198 0.00698795 1.11591 -1.29062 4.35594 -30 5 10 23.5688 1.02417 1.10982 3 1 1 0 1 3 2 1 0 0 1 1 1 0 1
1 88 8744 194 962 0 1.13402 1.05845 0.000739617 0.000165866 0.000380074 -0.00599862 0.47079 0.216175 2.35804 -30 5 10 22.3489 0.802988 1.01942 3 1 1 0 1 5 3 1 0 0 1 1 1 0 1
1 88 8744 200 962 0 1.92123 1.05003 0.00288758 8.60325e-05 0.000383975 0.00114732 0.452708 0.360026 1.04935 -30 5 10 22.3489 0.802988 1.01942 3 1 1 0 1 5 3 1 0 0 1 1 1 0 1
1 88 8744 120 964 0 0.033638 0.770345 0.00107796 0.00153828 6.42172e-05 -0.0761635 3.40083 6.34662 6.34662 -30 5 10 25.0749 0.0169999 0.683613 3 1 1 0 1 2 1 1 0 0 0 1 1 0 0
1 88 8744 6 966 0 -0.0517119 0.926024 0.0016402 0.00199106 0.00254247 0.0958525 2.56947 5.92653 5.92653 -30 5 10 23.4317 -0.0845253 0.941734 3 1 1 0 1 2 1 1 0 0 0 1 1 0 1
1 88 8744 2849 970 1 -0.0706072 1.70811 0.00182099 0.00171475 36.5975 -0.0922457 12.2006 -2.2079 0.612144 2.2404 5 10 24.8405 -0.088386 1.77333 3 2 1 0 0 5 4 1 0 0 0 1 0 0 0
1 88 8744 2851 970 0 -0.0928372 1.77384 0.00207666 0.00195951 16.7435 -0.0899834 11.632 -1.56525 3.66714 5.98657 5 10 24.8405 -0.088386 1.77333 3 2 1 0 1 3 4 1 0 0 0 1 1 0 1
1 88 8744 651 971 2 0.0306544 1.70424 0.00128958 0.00131202 1.53312e-05 -0.0717068 0.283927 -1.52825 1.68401 5.80445 6 12 28.3612 0.248579 1.63551 3 1 1 0 1 3 1 1 0 0 0 0 0 1 0
1 88 8744 255 972 0 -0.0325016 0.289585 0.00051572 0.00154668 0.614968 0.0880607 5.77149 6.46301 6.46301 -30 6 12 29.3783 -0.0305916 0.38456 3 1 1 0 1 1 1 1 0 0 0 1 1 0 1
1 88 8744 119 973 1 0.131954 1.86313 0.00168635 0.00104947 0.000971794 -0.0466112 7.10214 1.4069 1.4069 3.12799 6 12 28.2881 0.0285705 1.88115 3 4 1 0 0 1 4 1 0 0 0 1 0 0 0
1 88 8744 310 975 0 0.0029132 0.9365 0.00140835 0.00177484 11.7476 0.0818884 6.15026 4.8647 4.8647 -30 6 12 27.6806 -0.0206318 0.988299 3 1 1 0 1 2 1 1 0 0 0 1 1 0 1
1 88 8744 3253 982 1 -0.0636843 1.98442 0.00188824 0.0016583 0.00158019 0.0745789 10.9413 0.0678482 0.067854 5.18831 6 12 28.5456 0.202086 2.00158 3 6 1 0 0 2 6 1 0 0 0 1 0 0 0
1 88 8744 855 988 0 0.184672 1.75157 0.00137986 0.0010296 1.67481e-05 0.0573691 2.39641 -2.47135 6.62015 -30 5 10 24.2719 0.0506057 1.77679 3 2 1 1 0 3 6 1 0 0 0 1 1 0 1
1 88 8744 3279 988 1 -0.0905021 1.88573 0.00206391 0.00168809 5.97708 0.0886397 11.8442 -1.51691 1.49908 2.51631 5 10 24.2719 0.0506057 1.77679 3 4 1 0 0 2 6 1 0 0 0 1 0 0 0
1 88 8744 430 992 0 0.368015 0.274931 0.000336471 0.000712477 0.000417216 -0.0352369 0.360395 -1.96069 4.2123 -30 6 12 21.2072 0.788365 0.244878 3 1 1 0 1 3 5 1 0 0 0 1 1 0 1
1 88 8744 470 992 0 1.01192 0.155857 0.000298007 0.000212245 0.0269187 0.00819794 3.4759 0.445961 5.51957 -30 6 12 21.2072 0.788365 0.244878 3 1 1 0 1 6 5 1 0 0 1 1 1 0 1
1 88 8744 471 992 0 1.28171 0.184276 0.00182217 0.000161923 0.0483302 0.00428084 3.54893 1.50943 1.50943 -30 6 12 21.2072 0.788365 0.244878 3 1 1 0 1 6 5 1 0 0 1 1 1 0 1
1 88 8744 472 992 0 1.92026 0.16026 0.00198724 0.000247648 0.0296403 -0.000966825 3.48887 -1.92962 0.550947 5.17315 6 12 21.2072 0.788365 0.244878 3 1 1 0 1 6 5 1 0 0 1 1 1 0 1
1 88 8744 478 992 0 0.862016 0.130482 0.000478469 0.00042056 0.0147311 -0.0118083 3.40877 -1.82631 4.14466 -30 6 12 21.2072 0.788365 0.244878 3 1 1 0 1 5 5 1 0 0 1 1 1 0 1
1 88 8744 759 993 1 0.351858 1.90002 0.00199877 0.000621859 0.000610336 0.0288055 7.16387 -1.24003 0.586511 2.40695 5 10 25.7706 -0.0903162 1.98295 3 3 1 0 0 1 3 1 0 0 0 1 0 0 0
1 88 8744 235 1009 1 0.0104862 1.29309 0.00141028 0.00141634 0.00300166 0.0887189 3.90267 -2.64639 2.16154 5.70064 5 10 20.5501 -0.00969506 1.32612 2 1 1 0 1 1 1 1 0 0 0 1 0 0 0
1 88 8744 845 1013 0 0.104645 1.67405 0.00161154 0.00127124 3.52523e-05 0.0629707 4.56553 0.821373 6.17377 -30 6 12 27.6379 0.144035 1.71296 3 1 1 0 1 4 4 1 0 0 0 1 1 0 1
1 88 8744 848 1013 1 -0.0923147 1.73681 0.00213283 0.00164265 0.000387144 0.0833964 8.87658 0.62674 1.28871 1.42888 6 12 27.6379 0.144035 1.71296 3 2 1 0 1 4 4 1 0 0 0 1 0 0 0
1 88 8744 3138 1013 2 0.106032 1.73481 0.00120114 0.00121672 7.30504 0.0579805 9.09644 0.904031 0.904031 3.20006 6 12 27.6379 0.144035 1.71296 3 1 1 0 1 1 4 1 0 0 0 0 0 1 0
1 88 8744 848 1015 1 -0.0923147 1.73681 0.00213283 0.00164265 0.000387144 0.0833964 8.87658 -1.0993 1.28871 1.42888 7 14 33.6937 0.37591 1.85489 4 2 1 0 1 4 6 1 0 0 0 1 0 0 0
1 88 8744 855 1015 0 0.184672 1.75157 0.00137986 0.0010296 1.67481e-05 0.0573691 2.39641 -3.10771 6.62015 -30 7 14 33.6937 0.37591 1.85489 4 2 1 1 0 3 6 1 0 0 0 1 1 0 1
1 88 8744 430 1017 0 0.368015 0.274931 0.000336471 0.000712477 0.000417216 -0.0352369 0.360395 0.133106 4.2123 -30 6 12 24.3229 0.983926 0.214386 3 1 1 0 1 3 5 1 0 0 0 1 1 0 1
1 88 8744 470 1017 0 1.01192 0.155857 0.000298007 0.000212245 0.0269187 0.00819794 3.4759 5.51957 5.51957 -30 6 12 24.3229 0.983926 0.214386 3 1 1 0 1 6 5 1 0 0 1 1 1 0 1
1 88 8744 471 1017 0 1.28171 0.184276 0.00182217 0.000161923 0.0483302 0.00428084 3.54893 -0.197586 1.50943 -30 6 12 24.3229 0.983926 0.214386 3 1 1 0 1 6 5 1 0 0 1 1 1 0 1
1 88 8744 472 1017 0 1.92026 0.16026 0.00198724 0.000247648 0.0296403 -0.000966825 3.48887 -1.05047 0.550947 5.17315 6 12 24.3229 0.983926 0.214386 3 1 1 0 1 6 5 1 0 0 1 1 1 0 1
1 88 8744 478 1017 0 0.862016 0.130482 0.000478469 0.00042056 0.0147311 -0.0118083 3.40877 -1.27006 4.14466 -30 6 12 24.3229 0.983926 0.214386 3 1 1 0 1 5 5 1 0 0 1 1 1 0 1
1 88 8744 548 1018 1 0.168433 0.702684 0.000741077 0.00104662 0.00067272 -0.0484898 0.130094 2.10102 5.34573 -30 5 10 19.2129 0.153859 0.723635 2 1 1 0 1 7 2 1 0 0 0 1 0 0 0
1 88 8744 565 1018 0 0.1241 0.640195 0.000759293 0.00118986 3.81397 -0.0635613 5.26463 1.97945 4.00051 4.97597 5 10 19.2129 0.153859 0.723635 2 1 1 0 1 5 2 1 0 0 1 1 1 0 1
1 88 8744 2849 1020 1 -0.0706072 1.70811 0.00182099 0.00171475 36.5975 -0.0922457 12.2006 -3.41238 0.612144 2.2404 6 12 31.0982 0.274163 1.5829 4 2 1 0 0 5 6 1 0 0 0 1 0 0 0
1 88 8744 540 1023 0 0.285367 1.29206 0.00106662 0.000767395 2.28466 -0.0420194 6.55509 -0.107136 6.61167 -30 5 10 20.6559 0.527115 1.28137 2 1 1 0 1 4 1 1 0 0 0 1 1 0 1
1 88 8744 453 1027 0 0.0209107 0.550508 0.000824575 0.0015118 0.000834046 0.0811064 1.5618 6.0653 6.0653 -30 6 12 27.5998 0.0444649 0.500814 3 1 1 0 1 2 2 1 0 0 0 1 1 0 1
1 88 8744 474 1027 1 0.301859 0.516308 0.000447757 0.000747582 0.000479757 0.0421372 1.3433 -0.119411 1.73528 -30 6 12 27.5998 0.0444649 0.500814 3 1 1 0 1 3 2 1 0 0 0 1 0 0 0
1 88 8744 586 1028 0 -0.0420983 1.23349 0.00188486 0.0020614 0.0028453 -0.093834 0.949049 -2.31191 4.83466 -30 5 10 20.4186 -0.0542543 1.25671 2 1 1 0 1 5 1 1 0 0 0 1 1 0 1
1 88 8744 19 1031 0 -0.0777584 1.45251 0.00185253 0.00163287 0.00041463 0.0924372 3.36671 2.95166 4.66768 -30 5 10 24.5344 0.0123616 1.42787 3 1 1 0 1 2 1 1 0 0 0 1 1 0 1
1 88 8744 121 1032 0 0.240035 1.60922 0.00133147 0.0007721 42.3557 0.0391247 11.6501 5.55591 5.55591 -30 5 10 23.9243 0.234043 1.63692 3 1 1 0 1 1 1 1 0 0 0 1 1 0 1
1 88 8744 3033 1040 2 -0.0985234 1.91038 0.00259703 0.00173915 0.105256 -0.101672 11.2956 0.824537 0.824537 4.52115 5 10 24.5229 0.00958323 1.92573 3 4 1 0 0 1 7 1 0 0 0 0 0 1 0
1 88 8744 717 1044 1 -0.035966 1.99924 0.00277917 0.00151629 9.36931e-05 0.0672357 6.90454 -2.10933 0.393489 2.0399 6 12 27.6957 -0.0841802 1.97809 3 3 1 0 1 2 7 1 0 0 0 1 0 0 0
1 88 8744 3021 1044 1 0.193197 1.97535 0.00166139 0.00105419 3.01952e-05 0.0445715 11.2889 -0.949023 1.63707 3.40322 6 12 27.6957 -0.0841802 1.97809 3 4 1 0 0 3 7 1 0 0 0 1 0 0 0
1 88 8744 150 1048 1 -0.0367331 0.507145 0.000823073 0.00159535 8.17324e-05 -0.0904003 6.212 -3.8037 1.23091 -30 6 12 18.7704 0.55503 0.43024 2 1 1 0 1 2 1 1 0 0 0 1 0 0 0
1 88 8744 194 1055 0 1.13402 1.05845 0.000739617 0.000165866 0.000380074 -0.00599862 0.47079 0.501387 2.35804 -30 6 12 23.6525 1.57694 1.01561 3 1 1 0 1 5 3 1 0 0 1 1 1 0 1
1 88 8744 200 1055 0 1.92123 1.05003 0.00288758 8.60325e-05 0.000383975 0.00114732 0.452708 0.261557 1.04935 -30 6 12 23.6525 1.57694 1.01561 3 1 1 0 1 5 3 1 0 0 1 1 1 0 1
1 88 8744 319 1056 0 -0.0523249 1.24243 0.00159227 0.00164343 6.40787 0.0923293 6.15767 6.50462 6.50462 -30 6 12 31.0353 -0.0712729 1.26896 4 2 1 1 0 4 2 1 0 0 0 1 1 0 1
1 88 8744 540 1062 0 0.285367 1.29206 0.00106662 0.000767395 2.28466 -0.0420194 6.55509 6.61167 6.61167 -30 5 10 24.3193 0.266625 1.30605 3 1 1 0 1 4 1 1 0 0 0 1 1 0 1
1 88 8744 1997 1064 1 -0.0394493 2.08314 0.00223658 0.00165877 0.00407385 -0.0741649 6.07684 -1.2318 1.79994 3.34118 5 10 25.4862 0.338206 2.10469 3 6 1 0 1 2 11 1 0 0 0 1 0 0 0
1 88 8744 4992 1064 2 1.38541 1.97719 0.0204524 0.000695058 522.786 -0.00357531 25.65 0.0555764 0.0555764 1.35159 5 10 25.4862 0.338206 2.10469 3 1 1 0 1 2 11 1 0 0 0 0 0 1 0
1 88 8744 5020 1064 1 -0.0787133 2.15669 0.00257908 0.00174609 0.00858887 0.0873565 24.95 -1.41587 5.99262 3.19173 5 10 25.4862 0.338206 2.10469 3 4 1 0 0 1 11 1 0 0 0 1 0 0 0
1 88 8744 1997 1065 1 -0.0394493 2.08314 0.00223658 0.00165877 0.00407385 -0.0741649 6.07684 1.79994 1.79994 3.34118 5 10 23.5181 -0.103543 2.06372 3 6 1 0 1 2 7 1 0 0 0 1 0 0 0
1 88 8744 4992 1065 2 1.38541 1.97719 0.0204524 0.000695058 522.786 -0.00357531 25.65 0.0412525 0.0555764 1.35159 5 10 23.5181 -0.103543 2.06372 3 1 1 0 1 2 7 1 0 0 0 0 0 1 0
1 88 8744 690 1067 0 0.0210402 1.3793 0.00146769 0.00133887 0.0030025 0.0846439 1.44613 6.61924 6.61924 -30 5 10 23.1654 0.0345218 1.35948 3 1 1 0 1 2 1 1 0 0 0 1 1 0 1
1 88 8744 800 1070 0 0.928736 0.362762 0.000427341 0.00026215 0.000380684 0.0100249 2.01732 -1.26164 5.49535 -30 6 12 23.7476 1.46428 0.349786 3 1 1 0 1 7 6 1 0 0 1 1 1 0 1
1 88 8744 801 1070 0 1.43596 0.404385 0.000639187 8.45375e-05 0.00038375 -0.00321001 1.8909 1.77787 1.77787 -30 6 12 23.7476 1.46428 0.349786 3 1 1 0 1 7 6 1 0 0 1 1 1 0 1
1 88 8744 804 1070 0 1.477 0.396107 0.000691126 0.000109066 0.00038397 0.00270906 1.91721 0.521628 1.36371 -30 6 12 23.7476 1.46428 0.349786 3 1 1 0 1 9 6 1 0 0 1 1 1 0 1
1 88 8744 808 1070 0 1.43465 0.395771 0.00137674 0.000116722 0.000383699 -0.00321499 1.92032 1.0419 1.7618 5.85599 6 12 23.7476 1.46428 0.349786 3 1 1 0 1 9 6 1 0 0 1 1 1 0 1
1 88 8744 811 1070 0 1.32694 0.381889 0.000518927 0.000125531 0.000383765 0.00378975 1.96183 -0.143089 1.18355 -30 6 12 23.7476 1.46428 0.349786 3 1 1 0 1 9 6 1 0 0 1 1 1 0 1
1 88 8744 813 1070 0 1.28194 0.414497 0.000610568 0.000180573 0.000383373 -0.00439082 1.86715 -0.0190308 1.7017 5.98265 6 12 23.7476 1.46428 0.349786 3 1 1 0 1 9 6 1 0 0 1 1 1 0 1
1 88 8744 836 1071 1 -0.0145933 1.63058 0.00178421 0.00152123 1.47815 -0.0758358 7.49503 5.10329 5.10329 3.49583 5 10 19.5198 -0.153271 1.60922 2 1 1 0 1 3 2 1 0 0 0 1 0 0 0
1 88 8744 845 1071 0 0.104645 1.67405 0.00161154 0.00127124 3.52523e-05 0.0629707 4.56553 -0.508745 6.17377 -30 5 10 19.5198 -0.153271 1.60922 2 1 1 0 1 4 2 1 0 0 0 1 1 0 1
1 88 8744 810 1072 0 0.508223 1.37681 0.000766454 0.000487398 18.0205 -0.0273791 7.84873 5.90756 5.90756 -30 6 12 18.7827 0.545751 1.40306 2 2 1 1 0 2 2 1 0 0 0 1 1 0 1
1 88 8744 23 1073 0 1.24388 1.22904 0.00148317 0.000162737 0.000378345 0.00509823 1.2503 -1.6051 2.64458 -30 5 10 18.9274 0.247018 1.2468 2 1 1 0 1 2 1 1 0 0 1 1 1 0 1
1 88 8744 168 1074 0 1.36469 0.725881 0.000513509 0.00010401 0.000383385 -0.00352421 0.850389 2.22337 2.22337 -30 5 10 23.0054 1.38554 0.679626 3 1 1 0 1 4 1 1 0 0 1 1 1 0 1
1 88 8744 92 1079 1 -0.0735864 0.182209 0.000410098 0.00170548 0.204988 0.0973172 7.79367 -1.10004 -1.10004 1.72364 5 10 19.1767 -0.0746639 0.168738 2 1 1 0 1 1 1 1 0 0 0 1 0 0 0
1 88 8744 937 1082 1 0.730574 0.615208 0.000440544 0.00033274 0.102833 -0.0154315 2.39761 -1.45458 0.653759 2.46878 6 12 30.8506 0.0382361 0.552052 4 1 1 0 1 4 1 1 0 0 0 1 0 0 0
1 88 8744 675 1083 0 -0.0106125 1.16129 0.00175592 0.00197203 0.00190468 -0.084053 0.194466 -1.26184 3.95905 -30 5 10 23.5338 -0.00960213 1.20066 3 1 1 0 1 4 1 1 0 0 0 1 1 0 1
1 88 8744 2849 1084 1 -0.0706072 1.70811 0.00182099 0.00171475 36.5975 -0.0922457 12.2006 0.612144 0.612144 2.2404 5 10 24.105 -0.045302 1.80248 3 2 1 0 0 5 8 1 0 0 0 1 0 0 0
1 88 8744 2851 1084 0 -0.0928372 1.77384 0.00207666 0.00195951 16.7435 -0.0899834 11.632 3.66714 3.66714 5.98657 5 10 24.105 -0.045302 1.80248 3 2 1 0 1 3 8 1 0 0 0 1 1 0 1
1 88 8744 778 1091 1 0.206467 0.642216 0.000685665 0.00101186 0.000591165 -0.0527882 1.08069 -3.68309 0.806895 2.10671 6 12 19.3249 0.358704 0.656044 2 1 1 0 1 2 2 1 0 0 0 1 0 0 0
1 88 8744 784 1091 1 0.376138 0.525123 0.000494392 0.00069545 0.00045695 0.0358646 1.45668 -0.581367 -0.0380724 -30 6 12 19.3249 0.358704 0.656044 2 1 1 0 1 3 2 1 0 0 0 1 0 0 0
1 88 8744 329 1092 0 0.483332 1.60406 0.000953665 0.000582316 0.000520723 0.0249014 6.18347 -0.379756 6.41588 -30 5 10 20.4151 0.0480821 1.65003 2 1 1 0 1 4 1 1 0 0 0 1 1 0 1
1 88 8744 586 1093 0 -0.0420983 1.23349 0.00188486 0.0020614 0.0028453 -0.093834 0.949049 4.83466 4.83466 -30 5 10 23.9623 -0.0397608 1.20742 3 1 1 0 1 5 1 1 0 0 0 1 1 0 1
1 88 8744 2019 1098 1 0.187775 1.88777 0.00204065 0.00125471 0.00207573 0.0490865 10.2149 -1.57589 2.48259 3.03956 5 10 24.6768 0.38408 1.93692 3 1 1 0 1 1 2 1 0 0 0 1 0 0 0
1 88 8744 5009 1098 2 0.0483462 2.06765 0.00424738 0.00148212 480.667 -0.065078 25.65 -5.34588 -2.04762 2.78648 5 10 24.6768 0.38408 1.93692 3 1 1 0 1 1 2 1 0 0 0 0 0 1 0
1 88 8744 226 1099 0 0.0338895 0.354807 0.000579702 0.00144477 1.61111e-07 -0.0790583 1.33654 6.40121 6.40121 -30 6 12 32.2898 0.0211073 0.357405 4 1 1 0 1 3 2 1 0 0 0 1 0 0 0
1 88 8744 261 1099 0 0.0427605 0.33063 0.000556791 0.00139959 0.000206826 0.0755047 0.790192 -1.37474 5.79355 -30 6 12 32.2898 0.0211073 0.357405 4 1 1 0 1 3 2 1 0 0 0 1 1 0 1
1 88 8744 675 1100 0 -0.0106125 1.16129 0.00175592 0.00197203 0.00190468 -0.084053 0.194466 3.95905 3.95905 -30 5 10 20.1024 -0.0190951 1.15916 2 1 1 0 1 4 1 1 0 0 0 1 1 0 1
1 88 8744 800 1101 0 0.928736 0.362762 0.000427341 0.00026215 0.000380684 0.0100249 2.01732 -0.849269 5.49535 -30 6 12 26.8411 1.40236 0.342369 4 1 1 0 1 7 6 1 0 0 1 1 1 0 1
1 88 8744 801 1101 0 1.43596 0.404385 0.000639187 8.45375e-05 0.00038375 -0.00321001 1.8909 0.782301 1.77787 -30 6 12 26.8411 1.40236 0.342369 4 1 1 0 1 7 6 1 0 0 1 1 1 0 1
1 88 8744 804 1101 0 1.477 0.396107 0.000691126 0.000109066 0.00038397 0.00270906 1.91721 0.612169 1.36371 -30 6 12 26.8411 1.40236 0.342369 4 1 1 0 1 9 6 1 0 0 1 1 1 0 1
1 88 8744 808 1101 0 1.43465 0.395771 0.00137674 0.000116722 0.000383699 -0.00321499 1.92032 1.7618 1.7618 5.85599 6 12 26.8411 1.40236 0.342369 4 1 1 0 1 9 6 1 0 0 1 1 1 0 1
1 88 8744 811 1101 0 1.32694 0.381889 0.000518927 0.000125531 0.000383765 0.00378975 1.96183 0.762849 1.18355 -30 6 12 26.8411 1.40236 0.342369 4 1 1 0 1 9 6 1 0 0 1 1 1 0 1
1 88 8744 813 1101 0 1.28194 0.414497 0.000610568 0.000180573 0.000383373 -0.00439082 1.86715 -0.573231 1.7017 5.98265 6 12 26.8411 1.40236 0.342369 4 1 1 0 1 9 6 1 0 0 1 1 1 0 1
1 88 8744 412 1102 0 -0.0277351 0.0285143 0.000303287 0.00164365 9.48348e-05 0.0886578 5.7815 -1.26427 5.56023 -30 5 10 23.0247 -0.0765504 0.00417187 3 1 1 0 1 3 3 1 0 0 0 1 1 0 1
1 88 8744 428 1102 0 -0.0597322 0.0658355 0.00030056 0.00177135 0.000441378 0.0944442 3.36873 5.50761 5.50761 -30 5 10 23.0247 -0.0765504 0.00417187 3 1 1 0 1 1 3 1 0 0 0 1 1 0 1
1 88 8744 450 1102 0 -0.0255815 0.0106384 0.000258346 0.00157127 0.000392094 0.0877346 3.89934 1.13028 6.37012 -30 5 10 23.0247 -0.0765504 0.00417187 3 1 1 0 1 4 3 1 0 0 0 1 1 0 1
1 88 8744 149 1106 0 0.153454 1.41813 0.0012402 0.0011094 19.1183 0.0601091 8.21994 6.58699 6.58699 -30 6 12 23.8305 0.130396 1.44536 3 1 1 0 1 1 1 1 0 0 0 1 1 0 1
1 88 8744 1508 1111 1 0.0756494 2.45057 0.00378819 0.00140106 0.000922478 0.038153 9.97393 -0.679084 -0.679084 3.19672 6 12 28.1781 0.457988 2.32783 3 11 1 0 0 1 52 1 0 0 0 1 0 0 0
1 88 8744 12037 1111 1 0.342395 2.31921 0.00218455 0.00071327 138.55 -0.0410131 41.573 -0.545465 -0.545465 3.98542 6 12 28.1781 0.457988 2.32783 3 42 1 0 0 1 52 1 0 0 0 1 0 0 0
1 88 8744 833 1112 0 0.746261 0.0297714 0.000320673 0.000435527 0.000383598 -0.0149591 1.23642 -2.44857 5.21227 -30 5 10 20.9197 0.0526266 0.0392639 2 1 1 0 1 3 2 1 0 0 0 1 1 0 1
1 88 8744 838 1112 0 0.171025 0.0618705 0.000247845 0.00103629 0.000407375 0.0554367 0.145167 2.20692 5.3006 -30 5 10 20.9197 0.0526266 0.0392639 2 1 1 0 1 4 2 1 0 0 0 1 1 0 1
1 88 8744 915 1113 0 0.00459859 0.433314 0.000711839 0.00159029 0.0761283 0.0841452 2.31752 -1.89398 6.50239 -30 5 10 20.1574 0.377789 0.527825 2 1 1 0 1 3 2 1 0 0 0 1 1 0 1
1 88 8744 917 1113 0 0.00476541 0.60512 0.000919504 0.0015761 2.01758 0.0842575 4.55781 -2.37625 5.93411 -30 5 10 20.1574 0.377789 0.527825 2 1 1 0 1 4 2 1 0 0 0 1 1 0 1
1 88 8744 2998 1117 2 1.1648 1.41841 0.00327583 0.000229513 316.931 0.00840862 18.3075 -2.42644 0.082013 2.62611 5 10 19.9181 -0.0912841 1.48997 2 1 1 0 1 2 1 1 0 0 0 0 0 1 0
1 88 8744 13 1119 0 -0.0449888 0.1176 0.000337791 0.0016984 0.0120673 -0.0914556 4.9467 -3.2722 5.96778 -30 6 12 24.8649 0.0724055 0.0486962 3 1 1 0 1 2 1 1 0 0 0 1 1 0 1
1 88 8744 330 1120 1 0.00988156 0.291984 0.000507428 0.00140629 0.0156232 -0.0841233 1.67535 6.77472 6.77472 -30 6 12 27.8772 -0.0120154 0.312739 3 1 1 0 1 1 1 1 0 0 0 1 0 0 0
1 88 8744 717 1123 1 -0.035966 1.99924 0.00277917 0.00151629 9.36931e-05 0.0672357 6.90454 -0.42802 0.393489 2.0399 5 10 24.0281 -0.00928554 1.95592 3 3 1 0 1 2 41 1 0 0 0 1 0 0 0
1 88 8744 326 1124 1 0.290411 0.127689 0.000293026 0.000865328 0.000360598 0.0438794 2.15623 -3.0853 -0.405729 3.04646 5 10 16.0889 0.399665 0.254118 2 1 1 0 1 1 1 1 0 0 0 1 0 0 0
1 88 8744 194 1125 0 1.13402 1.05845 0.000739617 0.000165866 0.000380074 -0.00599862 0.47079 -1.34204 2.35804 -30 5 10 18.8124 0.502907 1.01942 3 1 1 0 1 5 3 1 0 0 1 1 1 0 1
1 88 8744 200 1125 0 1.92123 1.05003 0.00288758 8.60325e-05 0.000383975 0.00114732 0.452708 -0.0178336 1.04935 -30 5 10 18.8124 0.502907 1.01942 3 1 1 0 1 5 3 1 0 0 1 1 1 0 1
1 88 8744 815 1126 0 0.0338916 0.0585468 0.000285041 0.00148184 0.000349182 0.0792149 0.305351 -0.837914 6.4325 -30 5 10 19.9481 -0.0747029 0.181143 2 1 1 0 1 5 1 1 0 0 0 1 1 0 1
1 88 8744 776 1132 0 -0.0210749 1.00465 0.00155548 0.00186923 0.00195993 0.0903184 0.771041 6.23432 6.23432 4.80899 5 10 24.1209 -0.0432694 0.992657 3 1 1 0 1 1 1 1 0 0 0 1 1 0 1
1 88 8744 2671 1134 1 0.0535341 2.08631 0.00202543 0.00147718 1.30018e-09 -0.0538648 10.5941 -0.617679 1.28501 2.82551 5 10 20.1347 0.368412 1.97496 2 6 1 0 0 1 12 1 0 0 0 1 0 0 0
1 88 8744 6242 1134 0 0.458179 1.98403 0.0017931 0.000636146 0.00013094 -0.0300718 24.4 4.35884 4.35884 -30 5 10 20.1347 0.368412 1.97496 2 5 1 4 1 1 12 1 0 0 0 1 1 0 1
1 88 8744 824 1135 0 -0.0693782 1.5681 0.00196099 0.00167542 0.00477759 -0.095043 1.65287 5.88976 5.88976 -30 6 12 26.2984 -0.0909308 1.5177 3 1 1 0 1 1 1 1 0 0 0 1 1 0 1
1 88 8744 367 1137 0 0.148817 1.02813 0.00115369 0.00126361 8.7782 0.05873 6.40992 0.87742 5.87853 5.72027 5 10 19.5634 0.0439871 1.10814 2 1 1 0 1 3 1 1 0 0 0 1 1 0 1
1 88 8744 328 1141 0 0.0696156 1.65861 0.00147341 0.00126868 0.0024862 0.0705573 1.8221 -0.270772 5.28814 -30 5 10 22.371 0.487585 1.60178 3 1 1 0 1 2 2 1 0 0 0 1 1 0 1
1 88 8744 329 1141 0 0.483332 1.60406 0.000953665 0.000582316 0.000520723 0.0249014 6.18347 6.41588 6.41588 -30 5 10 22.371 0.487585 1.60178 3 1 1 0 1 4 2 1 0 0 0 1 1 0 1
1 88 8744 376 1142 0 -0.0852159 1.09612 0.00186392 0.00219061 0.0026624 0.100403 0.643486 6.30901 6.30901 -30 6 12 22.7088 -0.073047 1.07416 3 1 1 0 1 2 2 1 0 0 0 1 1 0 1
1 88 8744 395 1142 0 -0.0731378 1.06271 0.00189488 0.00227359 0.00265002 0.100708 2.05931 0.509376 5.96834 -30 6 12 22.7088 -0.073047 1.07416 3 1 1 0 1 4 2 1 0 0 0 1 1 0 1
1 88 8744 727 1145 0 0.0803652 0.812844 0.0010255 0.00138832 0.000944946 -0.0709844 1.35116 1.64175 1.64175 3.22047 5 10 18.1871 0.0755662 0.797134 2 1 1 0 1 1 2 1 0 0 0 1 1 0 1
1 88 8744 751 1145 0 0.0219244 0.813981 0.00112029 0.00153096 0.00108488 -0.0782812 1.50259 6.33674 6.33674 -30 5 10 18.1871 0.0755662 0.797134 2 1 1 0 1 3 2 1 0 0 0 1 1 0 1
1 88 8744 810 1150 0 0.508223 1.37681 0.000766454 0.000487398 18.0205 -0.0273791 7.84873 -1.16711 5.90756 -30 5 10 18.6121 0.0118647 1.37224 2 2 1 1 0 2 2 1 0 0 0 1 1 0 1
1 88 8744 586 1153 0 -0.0420983 1.23349 0.00188486 0.0020614 0.0028453 -0.093834 0.949049 -3.01393 4.83466 -30 6 12 27.9806 0.284091 1.25345 4 1 1 0 1 5 1 1 0 0 0 1 1 0 1
1 88 8744 660 1154 0 -0.083465 1.57864 0.00171436 0.00169727 0.00163959 0.103699 3.19456 1.18864 4.10489 -30 5 10 19.7122 -0.272876 1.47989 2 2 1 1 1 2 2 1 0 0 0 1 1 0 1
1 88 8744 220 1157 0 -0.00207848 1.60854 0.00170264 0.00156946 0.00338881 0.0829374 5.09922 0.913415 1.77026 1.24663 5 10 23.0214 0.0442914 1.49748 3 2 1 0 0 1 2 1 0 0 0 1 1 0 1
1 88 8744 376 1163 0 -0.0852159 1.09612 0.00186392 0.00219061 0.0026624 0.100403 0.643486 -3.76181 6.30901 -30 5 10 17.3864 0.420744 1.17266 2 1 1 0 1 2 1 1 0 0 0 1 1 0 1
1 88 8744 2892 1165 1 -0.0108303 1.98458 0.00219025 0.0014761 20.1339 -0.0654877 14.0535 -2.30173 1.01712 4.03852 5 10 23.4482 0.014667 1.90979 3 8 1 0 0 1 26 1 0 0 0 1 0 0 0
1 88 8744 2923 1165 1 -0.0105963 1.97056 0.00183389 0.00155295 0.00109228 0.0803322 1.90377 3.14988 3.14988 -30 5 10 23.4482 0.014667 1.90979 3 2 1 1 1 1 26 1 0 0 0 1 0 0 0
1 88 8744 2927 1165 1 -0.0982187 1.86504 0.00221194 0.00193211 14.9489 0.0909481 10.697 4.13238 4.13238 2.79717 5 10 23.4482 0.014667 1.90979 3 16 1 0 0 1 26 1 0 0 0 1 0 0 0
1 88 8744 782 1167 0 -0.0523478 1.00237 0.00161475 0.0019883 4.56745e-05 0.0957781 0.854573 4.54035 4.54035 -30 6 12 24.5378 -0.0472996 0.988969 3 1 1 0 1 1 1 1 0 0 0 1 1 0 1
1 88 8744 606 1169 0 1.38314 0.0791099 0.000805859 0.000270724 0.00327538 0.00326491 3.29865 -2.5098 1.64481 -30 5 10 16.5762 0.02435 0.188248 2 1 1 0 1 4 2 1 0 0 1 1 1 0 1
1 88 8744 611 1169 0 0.689524 0.172092 0.000339006 0.000401955 0.0381657 -0.0169869 3.61901 -0.78088 5.22241 -30 5 10 16.5762 0.02435 0.188248 2 1 1 0 1 6 2 1 0 0 1 1 1 0 1
1 88 8744 476 1170 0 -0.0132572 0.877427 0.00129819 0.00174151 2.36839e-06 -0.0871548 1.36897 -1.68586 4.98568 -30 5 10 17.2522 0.550739 0.890364 2 1 1 0 1 3 2 1 0 0 0 1 1 0 1
1 88 8744 511 1170 1 0.638188 0.915908 0.000543974 0.00045296 4.33949 0.0186511 5.48609 -0.158252 1.67604 5.27614 5 10 17.2522 0.550739 0.890364 2 1 1 0 1 2 2 1 0 0 0 1 0 0 0
1 88 8744 250 1171 0 -0.0805478 0.232161 0.000517674 0.00188045 0.000195642 -0.0996995 5.39105 4.38385 4.38385 -30 6 12 28.9537 -0.091053 0.118616 4 1 1 0 1 1 1 1 0 0 0 1 1 0 1
1 88 8744 821 1176 0 -0.0683188 0.350539 0.000703216 0.00186906 0.325002 0.0967877 3.42168 4.08259 4.08259 -30 5 10 23.7036 -0.0775723 0.399566 3 1 1 0 1 1 1 1 0 0 0 1 1 0 1
1 88 8744 549 1177 0 0.640292 0.402299 0.000342328 0.000360123 0.814442 0.0191965 4.3899 -1.02959 4.69128 -30 5 10 17.0773 0.42944 0.464978 2 2 1 1 1 5 2 1 0 0 1 1 1 0 1
1 88 8744 37 1179 1 0.568685 0.449974 0.000369054 0.000465437 0.000408731 -0.0229759 2.52776 -0.980882 -0.00840697 4.02815 5 10 22.5556 0.0764482 0.468652 3 1 1 0 1 1 1 1 0 0 0 1 0 0 0
1 88 8744 32 1180 1 0.139355 0.100234 0.00028318 0.00115296 0.00713316 -0.0615546 3.49888 0.972205 1.98704 -30 5 10 17.3707 -0.0200411 0.188143 2 1 1 0 1 1 1 1 0 0 0 1 0 0 0
1 88 8744 872 1184 0 0.0213421 0.928143 0.00137253 0.00175458 2.14039e-05 -0.0778038 0.0901859 1.41195 6.71758 -30 5 10 23.231 0.0672682 0.913434 3 1 1 0 1 4 1 1 0 0 0 1 1 0 1
1 88 8744 290 1190 2 -0.0192015 0.0868504 0.000570735 0.0015126 0.00175025 -0.0960222 4.04951 4.03907 4.03907 3.57688 6 12 23.5127 -0.0810492 0.160147 3 1 1 0 1 3 3 1 0 0 0 0 0 1 0
1 88 8744 309 1190 0 0.0381632 0.087724 0.000287265 0.00145398 9.50726e-05 0.0754562 2.07739 -1.16668 6.51824 -30 6 12 23.5127 -0.0810492 0.160147 3 1 1 0 1 3 3 1 0 0 0 1 1 0 1
1 88 8744 314 1190 1 0.418637 0.0268659 0.000270659 0.000710758 0.000252065 0.0311779 2.59784 -1.4755 2.73013 2.44872 6 12 23.5127 -0.0810492 0.160147 3 1 1 0 1 3 3 1 0 0 0 1 0 0 0
1 88 8744 443 1192 0 0.362951 0.703591 0.000553736 0.000685218 0.000292033 -0.0368373 6.39968 5.91896 5.91896 -30 5 10 18.1609 0.371641 0.590234 2 1 1 0 1 1 1 1 0 0 0 1 1 0 1
1 88 8744 190 1195 0 0.0350127 0.0515956 0.000278446 0.00137262 0.0005701 -0.0761059 0.82595 5.49907 5.49907 -30 5 10 22.6019 0.0359551 0.0682327 3 1 1 0 1 2 2 1 0 0 0 1 1 0 1
1 88 8744 196 1195 1 0.589203 0.0267973 0.000284812 0.000525625 0.000385486 0.0212637 7.86375 -1.87303 5.68594 4.45455 5 10 22.6019 0.0359551 0.0682327 3 1 1 0 1 1 2 1 0 0 0 1 0 0 0
1 88 8744 804 1197 0 1.477 0.396107 0.000691126 0.000109066 0.00038397 0.00270906 1.91721 -1.01665 1.36371 -30 5 10 18.0221 0.25763 0.323725 2 1 1 0 1 9 5 1 0 0 1 1 1 0 1
1 88 8744 808 1197 0 1.43465 0.395771 0.00137674 0.000116722 0.000383699 -0.00321499 1.92032 -1.93264 1.7618 5.85599 5 10 18.0221 0.25763 0.323725 2 1 1 0 1 9 5 1 0 0 1 1 1 0 1
1 88 8744 811 1197 0 1.32694 0.381889 0.000518927 0.000125531 0.000383765 0.00378975 1.96183 -1.75025 1.18355 -30 5 10 18.0221 0.25763 0.323725 2 1 1 0 1 9 5 1 0 0 1 1 1 0 1
1 88 8744 813 1197 0 1.28194 0.414497 0.000610568 0.000180573 0.000383373 -0.00439082 1.86715 -2.17758 1.7017 5.98265 5 10 18.0221 0.25763 0.323725 2 1 1 0 1 9 5 1 0 0 1 1 1 0 1
1 88 8744 840 1197 0 0.207788 0.443795 0.00048116 0.000912799 7.58201 0.051189 9.22742 -3.24473 6.82179 -30 5 10 18.0221 0.25763 0.323725 2 1 1 0 1 3 5 1 0 0 0 1 1 0 1
1 88 8744 395 1198 0 -0.0731378 1.06271 0.00189488 0.00227359 0.00265002 0.100708 2.05931 -0.840457 5.96834 -30 6 12 29.6989 0.0111213 1.10344 4 1 1 0 1 4 2 1 0 0 0 1 1 0 1
1 88 8744 422 1198 1 0.0720842 1.09172 0.00156322 0.00179388 0.00121644 0.0696675 4.29251 -0.575548 0.496939 2.11003 6 12 29.6989 0.0111213 1.10344 4 1 1 0 1 1 2 1 0 0 0 1 0 0 0
1 88 8744 300 1201 0 0.544486 0.292316 0.000324252 0.000424386 0.249028 -0.0236255 3.80768 -1.80405 6.85596 -30 5 10 15.5947 0.745342 0.401483 2 1 1 0 1 3 4 1 0 0 0 1 1 0 1
1 88 8744 305 1201 0 0.357086 0.418281 0.000492467 0.000820461 0.000442365 0.036504 0.56004 4.31921 4.31921 -30 5 10 15.5947 0.745342 0.401483 2 2 1 1 0 3 4 1 0 0 0 1 1 0 1
1 88 8744 317 1201 1 -0.021441 0.423718 0.000702178 0.00155499 0.000756599 0.0866351 0.75587 -0.700742 0.419725 4.45918 5 10 15.5947 0.745342 0.401483 2 1 1 0 1 3 4 1 0 0 0 1 0 0 0
1 88 8744 123 1202 0 0.0430123 0.254323 0.00077366 0.00142076 0.00296592 0.0846641 0.889629 4.37515 4.37515 -30 5 10 22.9857 0.0773691 0.256142 3 1 1 0 1 1 1 1 0 0 0 1 1 0 1
1 88 8744 388 1203 1 0.055496 0.155991 0.000316835 0.00136587 0.0138294 0.0743958 2.54778 3.15415 3.15415 0.999267 6 12 16.9052 0.0446448 0.103544 2 1 1 0 1 1 1 1 0 0 0 1 0 0 0
1 88 8744 13 1204 0 -0.0449888 0.1176 0.000337791 0.0016984 0.0120673 -0.0914556 4.9467 5.96778 5.96778 -30 5 10 18.5028 -0.0402756 0.205538 2 1 1 0 1 2 1 1 0 0 0 1 1 0 1
1 88 8744 651 1206 2 0.0306544 1.70424 0.00128958 0.00131202 1.53312e-05 -0.0717068 0.283927 1.68401 1.68401 5.80445 5 10 17.4101 0.192184 1.62004 2 1 1 0 1 3 1 1 0 0 0 0 0 1 0
1 88 8744 243 1209 0 0.0469457 0.76697 0.00107828 0.00148942 8.81877 -0.0749314 6.40905 0.90642 1.96866 3.61526 5 10 18.0578 0.287335 0.81999 2 1 1 0 1 2 3 1 0 0 0 1 1 0 1
1 88 8744 270 1209 0 0.279092 0.782934 0.000706583 0.000890885 3.53293 -0.0447481 4.6233 5.71899 5.71899 -30 5 10 18.0578 0.287335 0.81999 2 2 1 1 1 3 3 1 0 0 0 1 1 0 1
1 88 8744 549 1210 0 0.640292 0.402299 0.000342328 0.000360123 0.814442 0.0191965 4.3899 -0.256163 4.69128 -30 6 12 22.5849 0.162141 0.4962 3 2 1 1 1 5 2 1 0 0 1 1 1 0 1
1 88 8744 611 1212 0 0.689524 0.172092 0.000339006 0.000401955 0.0381657 -0.0169869 3.61901 1.60362 5.22241 -30 5 10 16.9532 -0.0688353 0.249916 2 1 1 0 1 6 1 1 0 0 1 1 1 0 1
1 88 8744 430 1214 0 0.368015 0.274931 0.000336471 0.000712477 0.000417216 -0.0352369 0.360395 4.2123 4.2123 -30 5 10 23.0326 0.368269 0.269724 3 1 1 0 1 3 1 1 0 0 0 1 1 0 1
1 88 8744 7383 1215 1 0.466433 2.18842 0.00259565 0.000655014 83.6731 -0.028659 32.645 -0.0552721 -0.0552721 3.45131 5 10 17.3925 -0.0552622 2.1508 2 24 1 0 0 1 28 1 0 0 0 1 0 0 0
1 88 8744 784 1218 1 0.376138 0.525123 0.000494392 0.00069545 0.00045695 0.0358646 1.45668 -0.539454 -0.0380724 -30 5 10 16.3619 0.0123509 0.507494 2 1 1 0 1 3 2 1 0 0 0 1 0 0 0
1 88 8744 792 1218 0 0.016887 0.504074 0.000748158 0.00140295 0.00083404 0.0826356 0.595685 5.9752 5.9752 -30 5 10 16.3619 0.0123509 0.507494 2 1 1 0 1 1 2 1 0 0 0 1 1 0 1
1 88 8744 3253 1220 1 -0.0636843 1.98442 0.00188824 0.0016583 0.00158019 0.0745789 10.9413 -4.40315 0.067854 5.18831 5 10 18.327 0.266182 1.87637 3 6 1 0 0 2 10 1 0 0 0 1 0 0 0
1 88 8744 3279 1220 1 -0.0905021 1.88573 0.00206391 0.00168809 5.97708 0.0886397 11.8442 -2.4322 1.49908 2.51631 5 10 18.327 0.266182 1.87637 3 4 1 0 0 2 10 1 0 0 0 1 0 0 0
1 88 8744 833 1223 0 0.746261 0.0297714 0.000320673 0.000435527 0.000383598 -0.0149591 1.23642 -1.72074 5.21227 -30 5 10 22.3846 0.16415 0.0627581 3 1 1 0 1 3 2 1 0 0 0 1 1 0 1
1 88 8744 838 1223 0 0.171025 0.0618705 0.000247845 0.00103629 0.000407375 0.0554367 0.145167 5.3006 5.3006 -30 5 10 22.3846 0.16415 0.0627581 3 1 1 0 1 4 2 1 0 0 0 1 1 0 1
1 88 8744 6413 1225 2 0.0637231 1.87513 0.00236991 0.00130099 671.39 0.0669426 25.65 -2.01976 -0.0945609 3.06224 5 10 22.2029 0.246599 1.94844 3 1 1 0 1 1 7 1 0 0 0 0 0 1 0
1 88 8744 190 1227 0 0.0350127 0.0515956 0.000278446 0.00137262 0.0005701 -0.0761059 0.82595 -0.284877 5.49907 -30 5 10 19.1486 0.0675962 0.0411317 2 1 1 0 1 2 1 1 0 0 0 1 1 0 1
1 88 8744 750 1230 0 0.140797 0.598304 0.00077683 0.00127886 0.000626442 0.0597375 0.775893 5.90504 5.90504 4.96223 5 10 16.2126 0.180645 0.512632 2 1 1 0 1 2 1 1 0 0 0 1 1 0 1
1 88 8744 586 1232 0 -0.0420983 1.23349 0.00188486 0.0020614 0.0028453 -0.093834 0.949049 -2.35946 4.83466 -30 5 10 19.2631 0.227694 1.25384 3 1 1 0 1 5 1 1 0 0 0 1 1 0 1
1 88 8744 224 1235 1 0.0666086 1.33895 0.00140317 0.00132898 3.13121e-05 -0.075128 3.32656 6.12276 6.12276 -30 5 10 19.2533 0.0808545 1.32018 3 1 1 0 1 2 1 1 0 0 0 1 0 0 0
1 88 8744 804 1236 0 1.477 0.396107 0.000691126 0.000109066 0.00038397 0.00270906 1.91721 -1.99498 1.36371 -30 5 10 18.3251 0.561494 0.415266 2 1 1 0 1 9 5 1 0 0 1 1 1 0 1
1 88 8744 808 1236 0 1.43465 0.395771 0.00137674 0.000116722 0.000383699 -0.00321499 1.92032 -2.14735 1.7618 5.85599 5 10 18.3251 0.561494 0.415266 2 1 1 0 1 9 5 1 0 0 1 1 1 0 1
1 88 8744 811 1236 0 1.32694 0.381889 0.000518927 0.000125531 0.000383765 0.00378975 1.96183 -2.11705 1.18355 -30 5 10 18.3251 0.561494 0.415266 2 1 1 0 1 9 5 1 0 0 1 1 1 0 1
1 88 8744 813 1236 0 1.28194 0.414497 0.000610568 0.000180573 0.000383373 -0.00439082 1.86715 -2.89462 1.7017 5.98265 5 10 18.3251 0.561494 0.415266 2 1 1 0 1 9 5 1 0 0 1 1 1 0 1
1 88 8744 840 1236 0 0.207788 0.443795 0.00048116 0.000912799 7.58201 0.051189 9.22742 -2.73682 6.82179 -30 5 10 18.3251 0.561494 0.415266 2 1 1 0 1 3 5 1 0 0 0 1 1 0 1
1 88 8744 778 1237 1 0.206467 0.642216 0.000685665 0.00101186 0.000591165 -0.0527882 1.08069 -0.651209 0.806895 2.10671 5 10 19.1798 -0.0772445 0.528284 2 1 1 0 1 2 2 1 0 0 0 1 0 0 0
1 88 8744 784 1237 1 0.376138 0.525123 0.000494392 0.00069545 0.00045695 0.0358646 1.45668 -0.0380724 -0.0380724 -30 5 10 19.1798 -0.0772445 0.528284 2 1 1 0 1 3 2 1 0 0 0 1 0 0 0
1 88 8744 815 1238 0 0.0338916 0.0585468 0.000285041 0.00148184 0.000349182 0.0792149 0.305351 -2.73999 6.4325 -30 5 10 15.8561 0.190001 0.173089 2 1 1 0 1 5 1 1 0 0 0 1 1 0 1
1 88 8744 224 1240 1 0.0666086 1.33895 0.00140317 0.00132898 3.13121e-05 -0.075128 3.32656 2.72238 6.12276 -30 5 10 17.9386 0.0217693 1.30602 2 1 1 0 1 2 2 1 0 0 0 1 0 0 0
1 88 8744 233 1240 0 -0.00155516 1.20393 0.0018109 0.00200727 1.432e-05 -0.0817767 2.16749 -1.54242 6.15403 -30 5 10 17.9386 0.0217693 1.30602 2 1 1 0 1 3 2 1 0 0 1 1 1 0 1
1 88 8744 548 1241 1 0.168433 0.702684 0.000741077 0.00104662 0.00067272 -0.0484898 0.130094 1.5863 5.34573 -30 5 10 16.8351 -0.00846054 0.716372 2 1 1 0 1 7 2 1 0 0 0 1 0 0 0
1 88 8744 565 1241 0 0.1241 0.640195 0.000759293 0.00118986 3.81397 -0.0635613 5.26463 3.00689 4.00051 4.97597 5 10 16.8351 -0.00846054 0.716372 2 1 1 0 1 5 2 1 0 0 1 1 1 0 1
1 88 8744 549 1242 0 0.640292 0.402299 0.000342328 0.000360123 0.814442 0.0191965 4.3899 1.49608 4.69128 -30 5 10 18.5033 -0.000137373 0.467302 2 2 1 1 1 5 2 1 0 0 1 1 1 0 1
1 88 8744 56 1243 0 0.232899 0.534081 0.000553485 0.000915551 0.00051612 -0.0481779 0.946089 4.612 4.612 -30 5 10 17.6649 0.217782 0.492057 2 1 1 0 1 3 2 1 0 0 0 1 1 0 1
1 88 8744 101 1243 0 -0.020042 0.403281 0.000686568 0.0015665 0.404429 0.0863672 3.46659 -1.35207 6.6237 5.68774 5 10 17.6649 0.217782 0.492057 2 1 1 0 1 4 2 1 0 0 0 1 1 0 1
1 88 8744 346 1245 0 -0.0291368 0.936047 0.00146691 0.00186047 7.81532 0.0910294 6.11257 -4.45081 2.3398 0.937328 5 10 16.0366 0.0298633 0.837319 2 1 1 0 1 1 1 1 0 0 0 1 1 0 1
1 88 8744 844 1248 1 0.0903411 1.03747 0.00125351 0.00144113 1.43915 -0.0693104 4.49635 -3.56729 -0.152156 4.61952 5 10 17.0256 0.0618765 1.15359 2 1 1 0 1 1 1 1 0 0 0 1 0 0 0
1 88 8744 120 1250 0 0.033638 0.770345 0.00107796 0.00153828 6.42172e-05 -0.0761635 3.40083 3.63795 6.34662 -30 5 10 18.4991 -0.0705882 0.710641 2 1 1 0 1 2 1 1 0 0 0 1 1 0 0
1 88 8744 319 1254 0 -0.0523249 1.24243 0.00159227 0.00164343 6.40787 0.0923293 6.15767 4.07608 6.50462 -30 5 10 21.3654 0.0147521 1.31888 3 2 1 1 0 4 2 1 0 0 0 1 1 0 1
1 88 8744 540 1255 0 0.285367 1.29206 0.00106662 0.000767395 2.28466 -0.0420194 6.55509 -3.15158 6.61167 -30 5 10 17.6769 -0.164626 1.3975 2 1 1 0 1 4 2 1 0 0 0 1 1 0 1
1 88 8744 554 1255 0 0.419343 1.51749 0.000987479 0.00066046 0.000666989 0.0331426 6.18991 0.155449 6.63171 -30 5 10 17.6769 -0.164626 1.3975 2 1 1 0 1 2 2 1 0 0 0 1 1 0 1
1 88 8744 690 1259 0 0.0210402 1.3793 0.00146769 0.00133887 0.0030025 0.0846439 1.44613 -2.97082 6.61924 -30 5 10 17.7393 0.199529 1.38336 2 1 1 0 1 2 1 1 0 0 0 1 1 0 1
1 88 8744 1687 1261 1 -0.0573417 2.04143 0.00247617 0.00172119 0.0042047 -0.0756479 11.0803 -2.27401 0.800687 1.2444 5 10 21.633 0.110106 1.97147 3 1 1 0 1 1 32 1 0 0 0 1 0 0 0
1 88 8744 133 1262 0 0.459583 0.0414253 0.00025584 0.000646756 0.000902797 -0.028316 3.17851 3.14247 3.14247 5.18933 5 10 20.2106 0.43042 0.103804 3 1 1 0 1 1 1 1 0 0 1 1 1 0 1
1 88 8744 800 1263 0 0.928736 0.362762 0.000427341 0.00026215 0.000380684 0.0100249 2.01732 -1.88275 5.49535 -30 5 10 22.0573 -0.0574506 0.377928 3 1 1 0 1 7 6 1 0 0 1 1 1 0 1
1 88 8744 801 1263 0 1.43596 0.404385 0.000639187 8.45375e-05 0.00038375 -0.00321001 1.8909 -2.97941 1.77787 -30 5 10 22.0573 -0.0574506 0.377928 3 1 1 0 1 7 6 1 0 0 1 1 1 0 1
1 88 8744 804 1263 0 1.477 0.396107 0.000691126 0.000109066 0.00038397 0.00270906 1.91721 -2.84377 1.36371 -30 5 10 22.0573 -0.0574506 0.377928 3 1 1 0 1 9 6 1 0 0 1 1 1 0 1
1 88 8744 808 1263 0 1.43465 0.395771 0.00137674 0.000116722 0.000383699 -0.00321499 1.92032 -2.60663 1.7618 5.85599 5 10 22.0573 -0.0574506 0.377928 3 1 1 0 1 9 6 1 0 0 1 1 1 0 1
1 88 8744 811 1263 0 1.32694 0.381889 0.000518927 0.000125531 0.000383765 0.00378975 1.96183 -2.88246 1.18355 -30 5 10 22.0573 -0.0574506 0.377928 3 1 1 0 1 9 6 1 0 0 1 1 1 0 1
1 88 8744 813 1263 0 1.28194 0.414497 0.000610568 0.000180573 0.000383373 -0.00439082 1.86715 -2.57994 1.7017 5.98265 5 10 22.0573 -0.0574506 0.377928 3 1 1 0 1 9 6 1 0 0 1 1 1 0 1
1 88 8744 474 1266 1 0.301859 0.516308 0.000447757 0.000747582 0.000479757 0.0421372 1.3433 1.03584 1.73528 -30 5 10 19.4459 -0.0101185 0.40185 3 1 1 0 1 3 1 1 0 0 0 1 0 0 0
1 88 8744 319 1267 0 -0.0523249 1.24243 0.00159227 0.00164343 6.40787 0.0923293 6.15767 1.12642 6.50462 -30 5 10 19.5814 -0.0139474 1.25025 3 2 1 1 0 4 2 1 0 0 0 1 1 0 1
1 88 8744 3021 1269 1 0.193197 1.97535 0.00166139 0.00105419 3.01952e-05 0.0445715 11.2889 1.63707 1.63707 3.40322 5 10 19.8193 0.0768492 1.96848 3 4 1 0 0 3 5 1 0 0 0 1 0 0 0
1 88 8744 10759 1269 0 -0.0116599 1.87173 0.0017568 0.00156487 923.249 0.0906232 32.645 5.22763 5.22763 -30 5 10 19.8193 0.0768492 1.96848 3 1 1 0 1 1 5 1 0 0 0 1 1 0 1
1 88 8744 586 1274 0 -0.0420983 1.23349 0.00188486 0.0020614 0.0028453 -0.093834 0.949049 -2.31113 4.83466 -30 5 10 21.306 -0.0181196 1.35387 3 1 1 0 1 5 2 1 0 0 0 1 1 0 1
1 88 8744 620 1274 1 0.140069 1.30805 0.00125739 0.00109098 0.689417 -0.0590413 5.36602 -2.20179 0.814939 5.59482 5 10 21.306 -0.0181196 1.35387 3 1 1 0 1 2 2 1 0 0 0 1 0 0 0
1 88 8744 751 1276 0 0.0219244 0.813981 0.00112029 0.00153096 0.00108488 -0.0782812 1.50259 -1.51236 6.33674 -30 5 10 16.581 0.433331 0.795993 3 1 1 0 1 3 1 1 0 0 0 1 1 0 1
1 88 8744 651 1280 2 0.0306544 1.70424 0.00128958 0.00131202 1.53312e-05 -0.0717068 0.283927 -0.621239 1.68401 5.80445 5 10 17.5889 0.0273088 1.65012 2 1 1 0 1 3 1 1 0 0 0 0 0 1 0
1 88 8744 670 1282 0 -0.0101958 0.834194 0.0012917 0.00176361 5.48796 0.0877099 5.09615 3.99534 3.99534 5.70169 6 12 19.7814 -0.0292645 0.876004 3 1 1 0 1 3 1 1 0 0 0 1 1 0 1
1 88 8744 2849 1285 1 -0.0706072 1.70811 0.00182099 0.00171475 36.5975 -0.0922457 12.2006 0.0449374 0.612144 2.2404 5 10 18.0329 0.0175334 1.79359 2 2 1 0 0 5 4 1 0 0 0 1 0 0 0
1 88 8744 2851 1285 0 -0.0928372 1.77384 0.00207666 0.00195951 16.7435 -0.0899834 11.632 0.574607 3.66714 5.98657 5 10 18.0329 0.0175334 1.79359 2 2 1 0 1 3 4 1 0 0 0 1 1 0 1
1 88 8744 56 1291 0 0.232899 0.534081 0.000553485 0.000915551 0.00051612 -0.0481779 0.946089 -2.01899 4.612 -30 5 10 17.4078 0.190079 0.520283 2 1 1 0 1 3 2 1 0 0 0 1 1 0 1
1 88 8744 101 1291 0 -0.020042 0.403281 0.000686568 0.0015665 0.404429 0.0863672 3.46659 -1.80181 6.6237 5.68774 5 10 17.4078 0.190079 0.520283 2 1 1 0 1 4 2 1 0 0 0 1 1 0 1
1 88 8744 300 1293 0 0.544486 0.292316 0.000324252 0.000424386 0.249028 -0.0236255 3.80768 -1.04172 6.85596 -30 6 12 22.1178 0.189167 0.302004 3 1 1 0 1 3 4 1 0 0 0 1 1 0 1
1 88 8744 305 1293 0 0.357086 0.418281 0.000492467 0.000820461 0.000442365 0.036504 0.56004 -1.61644 4.31921 -30 6 12 22.1178 0.189167 0.302004 3 2 1 1 0 3 4 1 0 0 0 1 1 0 1
1 88 8744 317 1293 1 -0.021441 0.423718 0.000702178 0.00155499 0.000756599 0.0866351 0.75587 -2.78935 0.419725 4.45918 6 12 22.1178 0.189167 0.302004 3 1 1 0 1 3 4 1 0 0 0 1 0 0 0
1 88 8744 548 1306 1 0.168433 0.702684 0.000741077 0.00104662 0.00067272 -0.0484898 0.130094 0.667096 5.34573 -30 6 12 19.9045 -0.0555289 0.622655 3 1 1 0 1 7 2 1 0 0 0 1 0 0 0
1 88 8744 565 1306 0 0.1241 0.640195 0.000759293 0.00118986 3.81397 -0.0635613 5.26463 0.528346 4.00051 4.97597 6 12 19.9045 -0.0555289 0.622655 3 1 1 0 1 5 2 1 0 0 1 1 1 0 1
1 88 8744 548 1311 1 0.168433 0.702684 0.000741077 0.00104662 0.00067272 -0.0484898 0.130094 -2.31771 5.34573 -30 5 10 17.2708 -0.063784 0.594785 2 1 1 0 1 7 1 1 0 0 0 1 0 0 0
1 88 8744 243 1313 0 0.0469457 0.76697 0.00107828 0.00148942 8.81877 -0.0749314 6.40905 1.96866 1.96866 3.61526 5 10 18.0749 0.0284907 0.773657 3 1 1 0 1 2 3 1 0 0 0 1 1 0 1
1 88 8744 270 1313 0 0.279092 0.782934 0.000706583 0.000890885 3.53293 -0.0447481 4.6233 0.215792 5.71899 -30 5 10 18.0749 0.0284907 0.773657 3 2 1 1 1 3 3 1 0 0 0 1 1 0 1
1 88 8744 395 1314 0 -0.0731378 1.06271 0.00189488 0.00227359 0.00265002 0.100708 2.05931 1.23424 5.96834 -30 5 10 19.4831 -0.0771471 1.11485 3 1 1 0 1 4 1 1 0 0 0 1 1 0 1
1 88 8744 914 1316 1 -0.0831801 0.350884 0.000707684 0.00188098 0.0265972 0.100297 1.92151 -0.24295 -0.24295 3.57471 5 10 17.2344 -0.0268852 0.44211 3 1 1 0 1 2 2 1 0 0 0 1 0 0 0
1 88 8744 915 1316 0 0.00459859 0.433314 0.000711839 0.00159029 0.0761283 0.0841452 2.31752 3.50885 6.50239 -30 5 10 17.2344 -0.0268852 0.44211 3 1 1 0 1 3 2 1 0 0 0 1 1 0 1
1 88 8744 548 1319 1 0.168433 0.702684 0.000741077 0.00104662 0.00067272 -0.0484898 0.130094 0.0323739 5.34573 -30 5 10 16.5509 0.0558153 0.688715 2 1 1 0 1 7 3 1 0 0 0 1 0 0 0
1 88 8744 565 1319 0 0.1241 0.640195 0.000759293 0.00118986 3.81397 -0.0635613 5.26463 4.00051 4.00051 4.97597 5 10 16.5509 0.0558153 0.688715 2 1 1 0 1 5 3 1 0 0 1 1 1 0 1
1 88 8744 582 1319 0 -0.028983 0.640922 0.00101347 0.00167365 0.00112302 -0.0909518 1.51168 0.0682606 6.82436 -30 5 10 16.5509 0.0558153 0.688715 2 1 1 0 1 2 3 1 0 0 0 1 1 0 1
1 88 8744 905 1321 1 0.430462 0.530733 0.000447118 0.000601074 0.0639003 -0.0318477 2.37258 -0.152383 2.61097 -30 5 10 17.2605 -0.041247 0.566227 3 1 1 0 1 3 1 1 0 0 0 1 0 0 0
1 88 8744 421 1322 1 0.237581 0.105063 0.000304792 0.000966965 7.61418e-09 -0.0477994 1.13631 -2.04564 -0.735136 4.38388 5 10 16.6081 -0.0420849 0.0328407 2 1 1 0 1 3 5 1 0 0 0 1 0 0 0
1 88 8744 450 1322 0 -0.0255815 0.0106384 0.000258346 0.00157127 0.000392094 0.0877346 3.89934 0.0610273 6.37012 -30 5 10 16.6081 -0.0420849 0.0328407 2 1 1 0 1 4 5 1 0 0 0 1 1 0 1
1 88 8744 475 1322 0 0.579755 0.0715292 0.000262529 0.000515801 0.00255142 0.0222189 3.23858 -1.93405 6.60481 -30 5 10 16.6081 -0.0420849 0.0328407 2 1 1 0 1 5 5 1 0 0 1 1 1 0 1
1 88 8744 470 1326 0 1.01192 0.155857 0.000298007 0.000212245 0.0269187 0.00819794 3.4759 -3.14552 5.51957 -30 5 10 16.4417 1.0534 0.11043 2 1 1 0 1 6 4 1 0 0 1 1 1 0 1
1 88 8744 471 1326 0 1.28171 0.184276 0.00182217 0.000161923 0.0483302 0.00428084 3.54893 -2.70738 1.50943 -30 5 10 16.4417 1.0534 0.11043 2 1 1 0 1 6 4 1 0 0 1 1 1 0 1
1 88 8744 472 1326 0 1.92026 0.16026 0.00198724 0.000247648 0.0296403 -0.000966825 3.48887 -4.05914 0.550947 5.17315 5 10 16.4417 1.0534 0.11043 2 1 1 0 1 6 4 1 0 0 1 1 1 0 1
1 88 8744 475 1326 0 0.579755 0.0715292 0.000262529 0.000515801 0.00255142 0.0222189 3.23858 -2.68304 6.60481 -30 5 10 16.4417 1.0534 0.11043 2 1 1 0 1 5 4 1 0 0 1 1 1 0 1
1 88 8744 8 1327 1 0.380604 0.9897 0.000837151 0.00077285 0.000270936 -0.0340216 0.340364 -1.86375 2.9579 3.25089 5 10 16.578 0.0432191 0.936028 2 1 1 0 1 3 4 1 0 0 0 1 0 0 0
1 88 8744 33 1327 0 0.0989981 0.98486 0.00118063 0.00137443 3.00934e-05 0.0687284 2.15748 0.612943 6.70828 5.40028 5 10 16.578 0.0432191 0.936028 2 1 1 0 1 3 4 1 0 0 0 1 1 0 1
1 88 8744 932 1327 1 -0.0944551 0.926004 0.00148735 0.00192231 74.6902 -0.11272 11.6424 -3.5427 -1.06044 -0.166779 5 10 16.578 0.0432191 0.936028 2 2 1 0 1 3 4 1 0 0 0 1 0 0 0
1 64 6360 125 6 0 0.0233478 0.809258 0.00117626 0.00162199 0.746537 -0.0778328 3.91473 6.65805 6.65805 -30 6 12 36.9901 0.0366286 0.827825 4 1 1 0 1 4 1 1 0 0 0 1 1 0 1
1 64 6360 460 10 0 0.0325006 0.458269 0.000677658 0.00142189 0.000714123 -0.0786484 2.5694 -0.504582 3.12149 3.08619 6 12 36.0241 0.118289 0.517308 4 1 1 0 1 3 1 1 0 0 0 1 1 0 1
1 64 6360 192 28 1 -0.092976 0.767519 0.00139178 0.00204368 35.259 -0.101788 9.44388 -4.1183 0.764074 0.847241 6 12 35.2624 0.0193775 0.776761 4 1 1 0 1 1 1 1 0 0 0 1 0 0 0
1 64 6360 875 32 0 0.0218376 0.402534 0.000635193 0.00145779 1.53895 0.0812962 5.62401 6.33516 6.33516 -30 6 12 35.0467 0.0067239 0.480377 4 2 1 1 1 5 2 1 0 0 0 1 1 0 1
1 64 6360 545 33 0 0.000384961 0.486581 0.000749576 0.00148701 0.0007786 -0.0824108 2.95825 -3.66101 6.25132 -30 6 12 35.0329 -0.0539325 0.60679 4 1 1 0 1 2 2 1 0 0 0 1 1 0 1
1 64 6360 573 33 0 -0.0530664 0.602382 0.00106855 0.00181906 0.00113856 0.0941833 1.54945 6.58219 6.58219 -30 6 12 35.0329 -0.0539325 0.60679 4 1 1 0 1 2 2 1 0 0 0 1 1 0 1
1 64 6360 2940 34 2 0.794222 1.24325 0.00210717 0.000895831 479.521 -0.0180035 19.8163 -3.9989 -0.68935 1.00703 6 12 35.0137 0.121147 1.14888 4 1 1 0 1 1 1 1 0 0 0 0 0 1 0
1 64 6360 430 40 0 -0.0526548 0.338995 0.00064471 0.00171971 0.000151355 0.0932877 0.399944 -1.77251 4.89655 -30 6 12 34.7591 0.465452 0.376912 4 1 1 0 1 3 2 1 0 0 0 1 1 0 1
1 64 6360 474 40 1 -0.0837601 0.365741 0.000684746 0.00178923 0.000100182 0.102789 1.68694 -2.80069 0.254054 2.79684 6 12 34.7591 0.465452 0.376912 4 1 1 0 1 1 2 1 0 0 0 1 0 0 0
1 64 6360 23 43 0 0.0882045 0.0737337 0.000264383 0.00134604 0.000415428 0.0664479 1.66692 6.58343 6.58343 -30 6 12 34.7082 0.101884 0.0391454 4 1 1 0 1 2 4 1 0 0 0 1 1 0 1
1 64 6360 935 43 1 -0.0909091 0.00613047 0.000257813 0.00179332 0.000391146 -0.105496 0.0899589 -3.42731 -1.68275 2.52568 6 12 34.7082 0.101884 0.0391454 4 1 1 0 1 3 4 1 0 0 0 1 0 0 0
1 64 6360 535 52 1 -0.0835966 0.756696 0.00137418 0.00202749 35.2352 -0.104407 9.55252 0.0315352 0.0315352 0.956245 6 12 34.2395 0.0190964 0.805496 4 1 1 0 1 1 2 1 0 0 0 1 0 0 0
1 64 6360 542 52 0 0.0108834 0.697914 0.00105233 0.00157115 25.5208 -0.0814235 9.04594 6.76786 6.76786 -30 6 12 34.2395 0.0190964 0.805496 4 1 1 0 1 2 2 1 0 0 0 1 1 0 1
1 64 6360 720 54 0 0.00148626 0.21313 0.000459802 0.0016651 0.215324 -0.0819826 5.7535 5.62389 5.62389 -30 6 12 34.1025 -0.0245147 0.307121 4 1 1 0 1 2 2 1 0 0 0 1 1 0 1
1 64 6360 732 54 0 0.27163 0.28824 0.000430843 0.000923855 0.46722 0.0445742 5.22086 -1.11604 6.09826 -30 6 12 34.1025 -0.0245147 0.307121 4 1 1 0 1 3 2 1 0 0 0 1 1 0 1
1 64 6360 2654 62 1 -0.0309501 1.73023 0.00169309 0.00155523 0.380896 0.09112 7.93289 0.074291 0.567772 3.72394 7 14 33.3081 0.170559 1.81456 3 2 1 0 1 1 6 1 0 0 0 1 0 0 0
1 64 6360 921 69 0 0.575673 0.21605 0.000282963 0.000512263 0.159891 -0.0225649 4.93052 -3.84228 5.43561 -30 6 12 33.0317 -0.0278639 0.2141 4 1 1 0 1 2 2 1 0 0 0 1 1 0 1
1 64 6360 938 69 0 0.040712 0.298357 0.000469508 0.00134648 0.651819 0.0773153 5.54123 -1.04222 6.63739 -30 6 12 33.0317 -0.0278639 0.2141 4 1 1 0 1 4 2 1 0 0 0 1 1 0 1
1 64 6360 431 73 1 -0.0206657 0.392396 0.000674348 0.00160039 3.49223 -0.0899549 7.91381 -3.57529 5.62116 -30 6 12 32.1476 0.588688 0.50755 4 1 1 0 1 3 5 1 0 0 0 1 1 0 1
1 64 6360 460 73 0 0.0325006 0.458269 0.000677658 0.00142189 0.000714123 -0.0786484 2.5694 -3.97492 3.12149 3.08619 6 12 32.1476 0.588688 0.50755 4 1 1 0 1 3 5 1 0 0 0 1 1 0 1
1 64 6360 463 73 0 0.604503 0.488407 0.000404449 0.000432721 0.229696 0.0213713 2.83071 6.86613 6.86613 -30 6 12 32.1476 0.588688 0.50755 4 1 1 0 1 3 5 1 0 0 0 1 1 0 1
1 64 6360 468 73 0 -0.00830785 0.573166 0.000903331 0.00160352 0.55257 0.0865898 3.07172 -1.96764 5.2952 -30 6 12 32.1476 0.588688 0.50755 4 2 1 1 0 3 5 1 0 0 0 1 0 0 0
1 64 6360 780 75 0 0.513291 0.428609 0.000379074 0.000520538 0.000413381 -0.0260025 1.20639 -2.8412 6.72662 -30 6 12 32.0454 0.225195 0.45845 3 2 1 1 1 2 3 1 0 0 1 1 1 0 1
1 64 6360 788 75 0 0.242807 0.410003 0.000459982 0.00088347 0.596461 0.048981 3.65906 6.3799 6.3799 -30 6 12 32.0454 0.225195 0.45845 3 1 1 0 1 2 3 1 0 0 0 1 1 0 1
1 64 6360 806 80 1 -0.0626678 0.0292091 0.000268585 0.00182168 0.00036002 -0.0949708 2.10743 -3.72412 0.516732 4.02524 6 12 32.8615 0.542532 0.00433994 4 1 1 0 1 1 4 1 0 0 0 1 0 0 0
1 64 6360 834 80 1 0.211274 0.0404821 0.000256187 0.00103319 0.000131395 -0.0526674 2.49772 -2.421 1.95055 -30 6 12 32.8615 0.542532 0.00433994 4 1 1 0 1 3 4 1 0 0 0 1 0 0 0
1 64 6360 853 80 0 0.559731 0.0175296 0.000470631 0.000590312 0.000387211 0.0241911 1.14632 3.91027 3.91027 -30 6 12 32.8615 0.542532 0.00433994 4 1 1 0 1 3 4 1 0 0 0 1 1 0 1
1 64 6360 858 80 0 0.848497 0.00342629 0.000392739 0.00040774 0.000384403 0.0122303 2.41763 0.534454 4.65721 -30 6 12 32.8615 0.542532 0.00433994 4 1 1 0 1 6 4 1 0 0 1 1 1 0 1
1 64 6360 537 91 0 0.0889622 0.115756 0.000400989 0.00122607 0.00430776 -0.072123 3.45883 -3.68768 3.44156 -30 6 12 31.1543 0.0061139 0.185763 3 1 1 0 1 2 2 1 0 0 0 1 1 0 1
1 64 6360 555 91 0 0.013683 0.164154 0.000364697 0.00151438 0.00104043 0.0793356 1.4767 6.42365 6.42365 -30 6 12 31.1543 0.0061139 0.185763 3 1 1 0 1 2 2 1 0 0 0 1 1 0 1
1 64 6360 3242 93 1 0.484729 2.21795 0.00494968 0.00060059 190.008 -0.012793 19.7349 0.43969 1.41788 4.35128 6 12 35.409 0.0571319 2.21523 4 13 1 0 0 1 20 1 0 0 0 1 0 0 0
1 64 6360 195 103 0 -0.0246594 0.583905 0.000971158 0.00171862 11.9888 0.0869089 7.96387 6.36988 6.36988 -30 6 12 30.7272 -0.0301879 0.685357 3 1 1 0 1 2 1 1 0 0 0 1 1 0 1
1 64 6360 564 105 0 0.703837 1.4616 0.000825995 0.000331266 0.123651 0.0177073 6.9169 5.35212 5.35212 -30 6 12 30.6756 0.757201 1.46429 3 2 1 1 1 2 2 1 0 0 0 1 1 0 1
1 64 6360 321 107 0 0.223952 0.0973635 0.000308408 0.00101231 0.000630251 0.0493971 0.545628 6.8256 6.8256 -30 6 12 30.6413 0.2095 0.103581 3 1 1 0 1 1 1 1 0 0 0 1 1 0 1
1 64 6360 245 110 0 -0.0157769 0.137924 0.000354007 0.00166027 0.0125067 -0.0853642 3.91936 6.64969 6.64969 -30 6 12 30.6031 -0.00279795 0.205194 3 1 1 0 1 1 1 1 0 0 0 1 1 0 1
1 64 6360 857 125 0 0.975667 0.162663 0.000338712 0.000245785 0.0116357 -0.00900236 2.97239 -1.02912 3.80926 -30 6 12 30.2774 0.861169 0.10671 4 1 1 0 1 11 11 1 0 0 1 1 1 0 1
1 64 6360 865 125 0 1.24542 0.0282579 0.000430482 0.000320798 0.000246411 -0.00476212 2.51775 -1.42852 1.37544 5.61106 6 12 30.2774 0.861169 0.10671 4 2 1 0 1 9 11 1 0 0 1 1 1 0 1
1 64 6360 871 125 1 1.09691 0.03485 0.000369598 0.000341777 0.000186188 -0.0064487 2.54778 -0.242166 1.61575 -30 6 12 30.2774 0.861169 0.10671 4 1 1 0 1 12 11 1 0 0 1 1 1 0 1
1 64 6360 873 125 0 0.298756 0.116129 0.000188282 0.000798045 0.00217845 -0.0393115 2.81809 -1.35668 4.76921 -30 6 12 30.2774 0.861169 0.10671 4 1 1 0 1 12 11 1 0 0 1 1 1 0 1
1 64 6360 874 125 1 1.01999 0.0187602 0.000368601 0.000370039 0.000319649 0.00801584 2.48771 -1.03828 3.79552 -30 6 12 30.2774 0.861169 0.10671 4 1 1 0 1 11 11 0 1 1 1 1 0 0 0
1 64 6360 879 125 0 0.876144 0.0584525 0.000294699 0.000380137 8.07606e-06 -0.0109019 2.62787 3.76461 3.76461 -30 6 12 30.2774 0.861169 0.10671 4 1 1 0 1 13 11 1 0 0 1 1 1 0 1
1 64 6360 882 125 0 0.682411 0.114168 0.000284415 0.000375269 0.000146575 -0.0170555 1.57681 2.9884 2.9884 -30 6 12 30.2774 0.861169 0.10671 4 1 1 0 1 12 11 1 0 0 0 1 1 0 1
1 64 6360 889 125 0 1.11797 0.0575699 0.0015021 0.000482671 9.98198e-06 -0.00224693 2.55779 1.19146 4.06546 -30 6 12 30.2774 0.861169 0.10671 4 1 1 0 1 12 11 1 0 0 1 1 1 0 1
1 64 6360 890 125 0 0.780836 0.0157299 0.000644614 0.000384984 0.000317052 -0.00911943 2.51775 0.478525 6.29659 -30 6 12 30.2774 0.861169 0.10671 4 1 1 0 1 9 11 1 0 0 1 1 1 0 1
1 64 6360 898 125 0 0.585031 0.0190063 0.000894458 0.000805078 0.000257461 0.0120569 2.51775 -1.29006 3.26492 -30 6 12 30.2774 0.861169 0.10671 4 1 1 0 1 9 11 1 0 0 1 1 1 0 1
1 64 6360 423 126 1 -0.0315392 0.380233 0.000803193 0.0016332 0.000920285 0.0937142 1.95725 -0.892082 -0.178869 2.57527 6 12 30.2749 -0.081731 0.295551 3 1 1 0 1 1 1 1 0 0 0 1 0 0 0
1 64 6360 155 135 0 0.0531697 0.312821 0.000499999 0.00135162 0.00023119 -0.0751412 1.46669 5.05496 5.05496 -30 6 12 30.2057 0.0189288 0.272765 3 1 1 0 1 1 2 1 0 0 0 1 1 0 1
1 64 6360 187 135 1 0.859213 0.346787 0.000452655 0.000267079 0.000380325 0.011253 5.61464 -1.72067 1.47985 -30 6 12 30.2057 0.0189288 0.272765 3 1 1 0 1 1 2 1 0 0 0 1 0 0 0
1 64 6360 6374 138 1 -0.0214922 2.03218 0.0022024 0.00156718 432.421 0.0667839 26.2 -2.82154 1.19546 3.45613 6 12 30.1808 0.129362 1.91474 3 4 1 0 0 2 11 1 0 0 0 1 0 0 0
1 64 6360 793 139 0 0.22877 1.1958 0.00120849 0.00118647 0.000857133 0.0505934 0.873192 0.207246 6.03555 -30 6 12 30.1797 0.0373192 1.15885 3 1 1 0 1 3 2 1 0 0 0 1 1 0 1
1 64 6360 801 139 0 -0.0384113 1.02971 0.00173134 0.00206634 0.00196632 0.0907767 3.73255 -2.39537 6.06191 -30 6 12 30.1797 0.0373192 1.15885 3 1 1 0 1 5 2 1 0 0 0 1 1 0 1
1 64 6360 3024 140 1 0.388373 1.95914 0.00075426 0.000401252 20.317 0.0216002 13.813 -1.48346 -0.997905 4.72863 6 12 30.1606 0.133943 1.92104 3 3 1 0 1 1 12 1 0 0 0 1 0 0 0
1 64 6360 833 156 1 -0.0834478 0.82647 0.00150872 0.00208249 12.2074 0.100656 6.31071 -1.77041 2.58737 5.64426 6 12 31.5719 -0.0438218 0.734286 4 1 1 0 1 5 1 1 0 0 0 1 0 0 0
1 64 6360 626 160 1 -0.0960266 0.154841 0.000388769 0.00197755 0.000252135 0.101853 3.55895 -0.80306 -0.691293 1.57503 6 12 32.2726 -0.0848194 0.0862182 4 2 1 0 1 2 2 1 0 0 0 1 0 0 0
1 64 6360 484 175 0 0.223395 1.35611 0.00135646 0.00127868 0.000885255 -0.0490464 2.11002 6.46212 6.46212 -30 6 12 29.7084 0.238644 1.29473 3 1 1 0 1 2 2 1 0 0 0 1 1 0 1
1 64 6360 504 175 0 -0.0880869 1.40376 0.00172357 0.0017606 46.208 0.0987115 9.5679 -4.20798 6.52279 -30 6 12 29.7084 0.238644 1.29473 3 1 1 0 1 5 2 1 0 0 0 1 1 0 1
1 64 6360 625 180 0 -0.0234825 0.208571 0.000436013 0.00163788 0.00025148 -0.0866522 0.179849 6.11061 6.11061 -30 6 12 29.6446 -0.0102022 0.196658 3 1 1 0 1 1 1 1 0 0 0 1 1 0 1
1 64 6360 264 182 0 0.0759879 0.411077 0.00062485 0.0013834 0.00824913 0.0693705 1.67248 0.0205837 6.85237 -30 6 12 29.6298 -0.0714912 0.535815 3 1 1 0 1 2 1 1 0 0 0 1 1 0 1
1 64 6360 266 184 0 0.34193 0.415299 0.000411315 0.000681658 0.00033105 0.0373488 4.07955 6.69479 6.69479 -30 6 12 29.5788 0.360908 0.309933 3 1 1 0 1 2 1 1 0 0 0 1 1 0 1
1 64 6360 74 191 0 0.832706 0.138625 0.000310557 0.00037234 0.101915 -0.0120694 8.37434 -2.69155 4.17829 -30 6 12 29.4918 0.0335736 0.169426 3 1 1 0 1 2 3 1 0 0 0 1 1 0 1
1 64 6360 76 191 0 0.0175798 0.217771 0.00042802 0.00148804 0.000518341 -0.0785952 2.14463 6.62181 6.62181 -30 6 12 29.4918 0.0335736 0.169426 3 1 1 0 1 2 3 1 0 0 0 1 1 0 1
1 64 6360 99 191 2 -0.0803881 0.193662 0.000379164 0.00183129 0.000774221 0.0980616 0.16519 -2.13379 -0.57262 2.89162 6 12 29.4918 0.0335736 0.169426 3 1 1 0 1 2 3 1 0 0 0 0 0 1 0
1 64 6360 374 194 0 0.119647 0.694082 0.000858462 0.00126348 0.000757946 -0.0650031 7.34604 -4.25377 5.81722 -30 6 12 29.4404 -0.0282023 0.733366 3 1 1 0 1 2 3 1 0 0 0 1 1 0 1
1 64 6360 402 194 1 0.0511398 0.785612 0.00106612 0.00148517 0.00092556 0.072934 0.209959 2.06078 3.62353 3.98397 6 12 29.4404 -0.0282023 0.733366 3 1 1 0 1 2 3 1 0 0 0 1 0 0 0
1 64 6360 425 194 2 -0.0374142 0.757583 0.00115819 0.0017226 0.00111249 0.0871949 0.245282 6.78436 6.78436 -30 6 12 29.4404 -0.0282023 0.733366 3 1 1 0 1 2 3 1 0 0 0 0 0 1 0
1 64 6360 471 195 1 0.421997 1.58512 0.000875894 0.000591996 0.000744684 0.0265412 4.53585 -0.502058 1.57657 -30 7 14 29.4332 0.524606 1.48338 3 2 1 1 0 4 3 1 0 1 1 1 0 0 0
1 64 6360 504 195 0 -0.0880869 1.40376 0.00172357 0.0017606 46.208 0.0987115 9.5679 -0.186936 6.52279 -30 7 14 29.4332 0.524606 1.48338 3 1 1 0 1 5 3 1 0 0 0 1 1 0 1
1 64 6360 304 199 0 -0.048088 0.633168 0.00105946 0.00175939 17.087 -0.0924438 8.45614 5.36666 5.36666 -30 6 12 29.3873 -0.0692805 0.742115 3 1 1 0 1 2 3 1 0 0 0 1 1 0 1
1 64 6360 721 212 0 0.611016 0.781424 0.000670994 0.00047624 0.000360401 -0.0191431 1.69239 4.77767 4.77767 -30 6 12 29.2383 0.560526 0.712761 3 1 1 0 1 3 1 1 0 0 0 1 1 0 1
1 64 6360 703 215 0 0.275099 1.79907 0.00167183 0.000769544 0.000727915 -0.0363009 7.68757 4.67806 4.67806 5.07896 6 12 29.259 0.321788 1.75409 3 3 1 0 0 2 8 1 0 0 0 1 1 0 1
1 64 6360 296 222 0 0.0286956 0.398019 0.000603982 0.00141239 0.000663149 -0.0791312 6.44226 -2.29685 6.49445 -30 6 12 29.0344 -0.0887947 0.460748 3 1 1 0 1 4 2 1 0 0 0 1 1 0 1
1 64 6360 308 222 0 0.0208275 0.372601 0.000578597 0.00136542 0.000648924 -0.0791877 1.35656 -1.03807 6.79154 -30 6 12 29.0344 -0.0887947 0.460748 3 1 1 0 1 4 2 1 0 0 1 1 1 0 1
1 64 6360 349 225 0 0.0980866 0.728461 0.000992027 0.00142158 0.00296582 -0.0683251 2.30751 5.81058 5.81058 -30 6 12 29.9489 0.0678922 0.736242 3 1 1 0 1 3 2 1 0 0 0 1 1 0 1
1 64 6360 401 225 0 -0.0621686 0.690383 0.00116859 0.00182448 1.1919e-05 0.0952666 0.0100153 -2.72274 6.00458 -30 6 12 29.9489 0.0678922 0.736242 3 1 1 0 1 3 2 1 0 0 0 1 1 0 1
1 64 6360 349 232 0 0.0980866 0.728461 0.000992027 0.00142158 0.00296582 -0.0683251 2.30751 -3.80319 5.81058 -30 6 12 28.8799 -0.0770043 0.661874 3 1 1 0 1 3 2 1 0 0 0 1 1 0 1
1 64 6360 401 232 0 -0.0621686 0.690383 0.00116859 0.00182448 1.1919e-05 0.0952666 0.0100153 6.00458 6.00458 -30 6 12 28.8799 -0.0770043 0.661874 3 1 1 0 1 3 2 1 0 0 0 1 1 0 1
1 64 6360 117 238 0 0.0510518 0.554676 0.000742866 0.00131966 0.000126451 -0.0760324 3.61742 6.54427 6.54427 -30 6 12 28.7863 0.0640967 0.463691 3 1 1 0 1 2 1 1 0 0 0 1 1 0 1
1 64 6360 699 241 0 -0.0292562 0.0465915 0.000336818 0.00169117 0.00179292 0.08986 5.18081 4.45205 4.45205 5.70663 6 12 29.626 -0.0559379 0.144685 3 2 1 0 1 1 3 1 0 0 0 1 1 0 1
1 64 6360 708 241 0 -0.0616662 0.0916774 0.000282761 0.00173813 0.00047416 0.0987608 7.27557 -2.73882 5.94723 5.30905 6 12 29.626 -0.0559379 0.144685 3 1 1 0 1 1 3 1 0 0 0 1 1 0 1
1 64 6360 23 243 0 0.0882045 0.0737337 0.000264383 0.00134604 0.000415428 0.0664479 1.66692 -3.18984 6.58343 -30 6 12 28.6876 0.295171 0.106468 3 1 1 0 1 2 4 1 0 0 0 1 1 0 1
1 64 6360 935 243 1 -0.0909091 0.00613047 0.000257813 0.00179332 0.000391146 -0.105496 0.0899589 -2.78999 -1.68275 2.52568 6 12 28.6876 0.295171 0.106468 3 1 1 0 1 3 4 1 0 0 0 1 0 0 0
1 64 6360 18 249 1 0.06958 0.27501 0.000508891 0.00158519 0.000268997 -0.0698245 1.08625 -4.08028 5.61572 -30 6 12 29.4624 0.0523375 0.390507 3 1 1 0 1 4 2 1 0 0 0 1 0 0 0
1 64 6360 48 249 0 0.318482 0.378519 0.000395787 0.000767728 0.000324062 0.0408868 8.01392 -2.92891 6.48597 -30 6 12 29.4624 0.0523375 0.390507 3 1 1 0 1 2 2 1 0 0 0 1 1 0 1
1 64 6360 122 250 1 0.318994 0.0298931 0.000274765 0.00080517 0.000375651 0.0412149 0.0750864 6.70551 6.70551 -30 6 12 28.4477 0.294964 0.0304294 3 1 1 0 1 4 2 1 0 0 0 1 0 0 0
1 64 6360 127 250 0 0.0305653 0.0816676 0.0003023 0.0015022 0.00776599 0.0802259 5.32666 -3.30472 4.60823 5.69448 6 12 28.4477 0.294964 0.0304294 3 1 1 0 1 4 2 1 0 0 0 1 1 0 1
1 64 6360 349 253 0 0.0980866 0.728461 0.000992027 0.00142158 0.00296582 -0.0683251 2.30751 1.54376 5.81058 -30 6 12 30.1779 0.100231 0.671369 3 1 1 0 1 3 2 1 0 0 0 1 1 0 1
1 64 6360 401 253 0 -0.0621686 0.690383 0.00116859 0.00182448 1.1919e-05 0.0952666 0.0100153 -2.12528 6.00458 -30 6 12 30.1779 0.100231 0.671369 3 1 1 0 1 3 2 1 0 0 0 1 1 0 1
1 64 6360 928 258 1 -0.0294456 0.0586454 0.000253665 0.00164888 0.00562156 0.0908159 8.11404 -1.60252 6.7176 -30 6 12 28.2426 0.125835 0.131026 3 1 1 0 1 3 3 1 0 0 0 1 0 0 0
1 64 6360 720 259 0 0.00148626 0.21313 0.000459802 0.0016651 0.215324 -0.0819826 5.7535 -3.36681 5.62389 -30 6 12 28.2288 0.683952 0.231148 3 1 1 0 1 2 3 1 0 0 0 1 1 0 1
1 64 6360 732 259 0 0.27163 0.28824 0.000430843 0.000923855 0.46722 0.0445742 5.22086 -2.46242 6.09826 -30 6 12 28.2288 0.683952 0.231148 3 1 1 0 1 3 3 1 0 0 0 1 1 0 1
1 64 6360 736 259 0 0.69047 0.15242 0.00031258 0.000445732 0.0448607 -0.0168583 4.7403 6.70422 6.70422 -30 6 12 28.2288 0.683952 0.231148 3 1 1 0 1 1 3 1 0 0 0 1 1 0 1
1 64 6360 190 267 1 0.158397 1.00591 0.00107009 0.00122941 0.000820477 -0.0568896 0.94158 -3.9874 0.4279 4.39838 5 10 27.9408 0.173283 1.11799 3 1 1 0 1 2 1 1 0 0 0 1 0 0 0
1 64 6360 430 271 0 -0.0526548 0.338995 0.00064471 0.00171971 0.000151355 0.0932877 0.399944 4.89655 4.89655 -30 6 12 29.318 -0.0763324 0.331592 3 1 1 0 1 3 1 1 0 0 0 1 1 0 1
1 64 6360 834 280 1 0.211274 0.0404821 0.000256187 0.00103319 0.000131395 -0.0526674 2.49772 -0.882228 1.95055 -30 6 12 27.3358 0.826225 0.0429849 3 1 1 0 1 3 9 1 0 0 0 1 0 0 0
1 64 6360 853 280 0 0.559731 0.0175296 0.000470631 0.000590312 0.000387211 0.0241911 1.14632 -1.12354 3.91027 -30 6 12 27.3358 0.826225 0.0429849 3 1 1 0 1 3 9 1 0 0 0 1 1 0 1
1 64 6360 857 280 0 0.975667 0.162663 0.000338712 0.000245785 0.0116357 -0.00900236 2.97239 -2.04829 3.80926 -30 6 12 27.3358 0.826225 0.0429849 3 1 1 0 1 11 9 1 0 0 1 1 1 0 1
1 64 6360 858 280 0 0.848497 0.00342629 0.000392739 0.00040774 0.000384403 0.0122303 2.41763 4.65721 4.65721 -30 6 12 27.3358 0.826225 0.0429849 3 1 1 0 1 6 9 1 0 0 1 1 1 0 1
1 64 6360 865 280 0 1.24542 0.0282579 0.000430482 0.000320798 0.000246411 -0.00476212 2.51775 -1.6873 1.37544 5.61106 6 12 27.3358 0.826225 0.0429849 3 2 1 0 1 9 9 1 0 0 1 1 1 0 1
1 64 6360 871 280 1 1.09691 0.03485 0.000369598 0.000341777 0.000186188 -0.0064487 2.54778 -2.16455 1.61575 -30 6 12 27.3358 0.826225 0.0429849 3 1 1 0 1 12 9 1 0 0 1 1 1 0 1
1 64 6360 874 280 1 1.01999 0.0187602 0.000368601 0.000370039 0.000319649 0.00801584 2.48771 1.42332 3.79552 -30 6 12 27.3358 0.826225 0.0429849 3 1 1 0 1 11 9 0 1 1 1 1 0 0 0
1 64 6360 879 280 0 0.876144 0.0584525 0.000294699 0.000380137 8.07606e-06 -0.0109019 2.62787 -2.09712 3.76461 -30 6 12 27.3358 0.826225 0.0429849 3 1 1 0 1 13 9 1 0 0 1 1 1 0 1
1 64 6360 233 283 0 0.444786 1.20176 0.000888282 0.000582716 12.1086 0.0297827 7.99175 6.32326 6.32326 -30 6 12 34.4115 0.43018 1.23203 4 1 1 0 1 2 1 1 0 0 0 1 1 0 1
1 64 6360 722 284 0 -0.0538619 0.310909 0.000578924 0.00168578 0.000148865 0.0969825 0.862336 6.01561 6.01561 -30 6 12 27.2682 -0.0427305 0.304911 3 1 1 0 1 1 1 1 0 0 0 1 1 0 1
1 64 6360 974 285 1 -0.0866138 2.24351 0.0029946 0.00159067 20.2502 -0.0585729 15.2786 2.16712 2.16712 2.26091 5 10 27.2562 -0.0545219 2.30511 3 4 1 0 0 2 26 1 0 0 0 1 0 0 0
1 64 6360 1020 285 0 -0.0868694 2.27144 0.00267198 0.00185213 0.00353393 0.0710116 5.52261 -2.60105 4.13711 4.70137 5 10 27.2562 -0.0545219 2.30511 3 6 1 0 0 3 26 1 0 0 0 1 1 0 1
1 64 6360 857 303 0 0.975667 0.162663 0.000338712 0.000245785 0.0116357 -0.00900236 2.97239 -2.03805 3.80926 -30 6 12 26.9694 1.0073 0.0653379 3 1 1 0 1 11 12 1 0 0 1 1 1 0 1
1 64 6360 858 303 0 0.848497 0.00342629 0.000392739 0.00040774 0.000384403 0.0122303 2.41763 1.0035 4.65721 -30 6 12 26.9694 1.0073 0.0653379 3 1 1 0 1 6 12 1 0 0 1 1 1 0 1
1 64 6360 865 303 0 1.24542 0.0282579 0.000430482 0.000320798 0.000246411 -0.00476212 2.51775 0.707107 1.37544 5.61106 6 12 26.9694 1.0073 0.0653379 3 2 1 0 1 9 12 1 0 0 1 1 1 0 1
1 64 6360 871 303 1 1.09691 0.03485 0.000369598 0.000341777 0.000186188 -0.0064487 2.54778 1.2014 1.61575 -30 6 12 26.9694 1.0073 0.0653379 3 1 1 0 1 12 12 1 0 0 1 1 1 0 1
1 64 6360 873 303 0 0.298756 0.116129 0.000188282 0.000798045 0.00217845 -0.0393115 2.81809 -2.20468 4.76921 -30 6 12 26.9694 1.0073 0.0653379 3 1 1 0 1 12 12 1 0 0 1 1 1 0 1
1 64 6360 874 303 1 1.01999 0.0187602 0.000368601 0.000370039 0.000319649 0.00801584 2.48771 3.79552 3.79552 -30 6 12 26.9694 1.0073 0.0653379 3 1 1 0 1 11 12 0 1 1 1 1 0 0 0
1 64 6360 879 303 0 0.876144 0.0584525 0.000294699 0.000380137 8.07606e-06 -0.0109019 2.62787 -1.41003 3.76461 -30 6 12 26.9694 1.0073 0.0653379 3 1 1 0 1 13 12 1 0 0 1 1 1 0 1
1 64 6360 882 303 0 0.682411 0.114168 0.000284415 0.000375269 0.000146575 -0.0170555 1.57681 -1.49813 2.9884 -30 6 12 26.9694 1.0073 0.0653379 3 1 1 0 1 12 12 1 0 0 0 1 1 0 1
1 64 6360 889 303 0 1.11797 0.0575699 0.0015021 0.000482671 9.98198e-06 -0.00224693 2.55779 -1.44653 4.06546 -30 6 12 26.9694 1.0073 0.0653379 3 1 1 0 1 12 12 1 0 0 1 1 1 0 1
1 64 6360 890 303 0 0.780836 0.0157299 0.000644614 0.000384984 0.000317052 -0.00911943 2.51775 -0.296002 6.29659 -30 6 12 26.9694 1.0073 0.0653379 3 1 1 0 1 9 12 1 0 0 1 1 1 0 1
1 64 6360 898 303 0 0.585031 0.0190063 0.000894458 0.000805078 0.000257461 0.0120569 2.51775 1.15281 3.26492 -30 6 12 26.9694 1.0073 0.0653379 3 1 1 0 1 9 12 1 0 0 1 1 1 0 1
1 64 6360 833 304 1 -0.0834478 0.82647 0.00150872 0.00208249 12.2074 0.100656 6.31071 -3.18075 2.58737 5.64426 5 10 26.9666 -0.0190601 0.825954 3 1 1 0 1 5 1 1 0 0 0 1 0 0 0
1 64 6360 17 305 0 -0.0556683 0.863455 0.00143872 0.00195261 1.39414e-07 -0.0925699 0.912414 6.52597 6.52597 -30 5 10 26.9634 -0.0517257 0.847662 3 1 1 0 1 3 1 1 0 0 0 1 1 0 1
1 64 6360 712 308 1 0.0137167 0.397634 0.000641105 0.00145362 0.000173578 -0.0804176 4.10109 -3.30186 3.79384 5.28053 6 12 30.2992 0.0068023 0.27897 3 1 1 0 1 1 2 1 0 0 0 1 0 0 0
1 64 6360 754 308 0 -0.00633151 0.274804 0.000492108 0.001539 3.44708e-06 0.0831435 0.876008 6.6095 6.6095 -30 6 12 30.2992 0.0068023 0.27897 3 1 1 0 1 2 2 1 0 0 0 1 1 0 1
1 64 6360 414 337 0 -0.054794 1.48251 0.00165627 0.00161813 3.70706 0.0956298 7.93123 5.47535 5.47535 -30 5 10 26.4881 -0.0528948 1.51522 3 2 1 1 0 2 2 1 0 0 0 1 1 0 1
1 64 6360 511 338 1 0.475481 1.58768 0.00111519 0.00059161 0.000575857 -0.0276868 4.04228 -2.48812 0.745024 5.59548 5 10 26.4733 0.145625 1.47751 3 1 1 0 1 1 1 0 1 1 1 1 0 0 0
1 64 6360 801 351 0 -0.0384113 1.02971 0.00173134 0.00206634 0.00196632 0.0907767 3.73255 -1.51403 6.06191 -30 5 10 26.2041 -0.0686673 1.04007 3 1 1 0 1 5 1 1 0 0 0 1 1 0 1
1 64 6360 125 355 0 0.0233478 0.809258 0.00117626 0.00162199 0.746537 -0.0778328 3.91473 2.05922 6.65805 -30 5 10 26.1652 0.00403397 0.929987 3 1 1 0 1 4 1 1 0 0 0 1 1 0 1
1 64 6360 2772 368 1 -0.0932238 1.97626 0.00213414 0.00173261 0.00104458 0.0850428 9.57178 0.229833 0.229833 5.38387 5 10 25.9476 0.105955 1.95546 3 4 1 0 0 1 12 1 0 0 0 1 0 0 0
1 64 6360 2788 368 1 0.132651 2.02268 0.00165261 0.00123734 1.93931e-05 0.0555976 1.17015 2.89736 2.89736 5.90681 5 10 25.9476 0.105955 1.95546 3 4 1 2 0 2 12 1 0 0 0 1 0 0 0
1 64 6360 5999 368 0 0.0928101 1.94905 0.00160927 0.00103747 0.00048888 0.0691429 24.4 5.27996 5.27996 -30 5 10 25.9476 0.105955 1.95546 3 4 1 3 1 2 12 1 0 0 0 1 1 0 1
1 64 6360 672 375 0 0.0719322 0.474062 0.000693748 0.00140308 0.000669252 0.0721442 0.150278 -0.227727 6.44431 -30 5 10 25.7462 -0.0733847 0.495837 3 1 1 0 1 3 3 1 0 0 0 1 1 0 1
1 64 6360 677 375 1 0.226949 0.611549 0.00061837 0.000912817 1.94741 0.0491053 4.13287 -2.02155 0.895189 1.24653 5 10 25.7462 -0.0733847 0.495837 3 1 1 0 1 1 3 1 0 0 0 1 0 0 0
1 64 6360 678 375 0 -0.0513943 0.447978 0.000810001 0.00177636 0.620764 0.0961011 3.45594 5.60827 5.60827 -30 5 10 25.7462 -0.0733847 0.495837 3 1 1 0 1 3 3 1 0 0 0 1 1 0 1
1 64 6360 525 377 0 0.361528 1.20589 0.00112591 0.00107806 0.000620888 -0.0372117 2.72003 6.48375 6.48375 -30 6 12 28.1054 0.332734 1.13304 3 1 1 0 1 2 1 1 0 0 0 1 1 0 1
1 64 6360 487 381 0 0.207577 1.4705 0.00116734 0.000932281 36.8014 0.0476012 9.52704 5.02115 5.02115 -30 5 10 26.1289 0.242277 1.50401 3 4 1 3 0 1 4 1 0 0 0 1 1 0 1
1 64 6360 615 383 0 -0.0864822 1.70751 0.0019492 0.00182107 0.00388529 0.0887812 5.60288 0.968571 5.83087 -30 5 10 25.4642 0.00219753 1.65967 3 1 1 0 1 2 6 1 0 0 0 1 1 0 1
1 64 6360 778 393 0 0.780817 0.847929 0.000489671 0.000335923 0.000402778 -0.0140325 2.1552 -1.35884 4.53842 -30 5 10 25.83 -0.0529147 0.957648 3 1 1 0 1 3 2 1 0 0 0 1 1 0 1
1 64 6360 801 393 0 -0.0384113 1.02971 0.00173134 0.00206634 0.00196632 0.0907767 3.73255 6.06191 6.06191 -30 5 10 25.83 -0.0529147 0.957648 3 1 1 0 1 5 2 1 0 0 0 1 1 0 1
1 64 6360 303 400 0 0.488965 0.300139 0.000317273 0.000572595 0.000362258 -0.0276255 0.305351 5.39553 5.39553 -30 6 12 29.0062 0.469819 0.316101 3 1 1 0 1 1 1 1 0 0 0 1 1 0 1
1 64 6360 1139 402 2 1.09602 2.1452 0.0178498 0.000490521 0.000769881 0.0118722 4.55875 -1.51964 2.01308 5.15207 6 12 27.8876 0.0682831 2.14961 3 9 1 0 1 1 23 1 0 0 0 0 0 1 0
1 64 6360 866 406 0 0.793628 0.297557 0.000355633 0.000351358 1.61387e-05 0.0139254 1.06623 -2.28392 4.3525 -30 6 12 28.22 -0.0733587 0.375374 3 1 1 0 1 6 3 1 0 0 0 1 1 0 1
1 64 6360 877 406 0 1.0024 0.316554 0.00035438 0.000167072 4.67154e-06 -0.0081568 1.1263 -3.37361 3.43223 -30 6 12 28.22 -0.0733587 0.375374 3 1 1 0 1 4 3 1 0 0 0 1 1 0 1
1 64 6360 907 406 0 -0.0652689 0.302764 0.000614363 0.00181184 0.490556 0.0958956 5.11652 5.80351 5.86615 -30 6 12 28.22 -0.0733587 0.375374 3 1 1 0 1 6 3 1 0 0 0 1 1 0 1
1 64 6360 778 413 0 0.780817 0.847929 0.000489671 0.000335923 0.000402778 -0.0140325 2.1552 4.53842 4.53842 -30 5 10 26.26 0.795873 0.842746 3 1 1 0 1 3 1 1 0 0 0 1 1 0 1
1 64 6360 256 418 1 -0.0622838 0.504454 0.000861517 0.0017251 0.00092592 -0.0942245 1.43665 -0.919103 4.67901 4.7374 6 12 34.2427 0.140467 0.549691 4 1 1 0 1 4 3 1 0 0 0 1 0 0 0
1 64 6360 269 418 1 0.859866 0.451221 0.000507996 0.000266835 0.000391908 -0.0118517 0.840375 -0.974691 -0.186525 -30 6 12 34.2427 0.140467 0.549691 4 1 1 0 1 5 3 0 1 1 1 1 0 0 0
1 64 6360 276 418 0 0.183977 0.554166 0.000614607 0.00100545 0.000560766 -0.0539738 1.46669 6.77513 6.77513 -30 6 12 34.2427 0.140467 0.549691 4 1 1 0 1 3 3 1 0 0 0 1 1 0 1
1 64 6360 88 427 1 -0.0709987 0.914265 0.00160922 0.00209603 4.4371e-05 -0.100495 0.0701185 -3.35472 1.02593 2.67491 5 10 25.6506 -0.0441611 0.944115 3 1 1 0 1 1 2 1 0 0 0 1 0 0 0
1 64 6360 135 427 0 -0.027294 0.891593 0.00147907 0.00194415 8.2584 0.0876414 5.73145 6.7215 6.7215 5.73167 5 10 25.6506 -0.0441611 0.944115 3 1 1 0 1 1 2 1 0 0 0 1 1 0 1
1 64 6360 398 431 0 0.231581 1.55724 0.0012783 0.000941903 0.625517 -0.0467365 7.86007 -2.60643 6.35713 -30 7 14 32.7079 -0.0874536 1.57303 4 2 1 1 0 2 2 1 0 0 0 1 1 0 1
1 64 6360 2797 433 0 -0.0507789 1.61225 0.00167165 0.00160353 139.003 0.0895914 13.4986 -2.55997 5.04499 -30 6 12 29.1328 0.350565 1.55646 3 1 1 0 1 2 1 1 0 0 0 1 1 0 1
1 64 6360 40 435 1 -0.0751638 1.60045 0.00197207 0.00173392 13.3723 0.0840766 8.69731 -1.03738 0.124249 5.4099 5 10 25.5257 -0.088527 1.50429 3 1 1 0 1 2 1 1 0 0 0 1 0 0 0
1 64 6360 2859 442 0 0.0224748 1.73255 0.00161402 0.00134773 0.0255845 -0.0852419 7.49995 3.95577 3.95577 2.62064 7 14 28.0134 -0.0786201 1.74758 3 2 1 0 0 2 5 1 0 0 0 1 1 0 1
1 64 6360 28 455 1 0.0355574 1.11524 0.00159651 0.00176617 9.16673e-08 -0.0767309 4.15121 -1.7729 2.08185 1.32106 6 12 29.0715 -0.0273168 1.18925 3 1 1 0 1 2 1 1 0 0 0 1 0 0 0
1 64 6360 431 462 1 -0.0206657 0.392396 0.000674348 0.00160039 3.49223 -0.0899549 7.91381 5.62116 5.62116 -30 5 10 25.8103 -0.04586 0.513963 3 1 1 0 1 3 2 1 0 0 0 1 1 0 1
1 64 6360 463 462 0 0.604503 0.488407 0.000404449 0.000432721 0.229696 0.0213713 2.83071 -1.3342 6.86613 -30 5 10 25.8103 -0.04586 0.513963 3 1 1 0 1 3 2 1 0 0 0 1 1 0 1
1 64 6360 777 463 0 0.224465 0.0320132 0.000272439 0.000988453 0.000363528 0.050896 0.225259 6.35327 6.35327 -30 6 12 34.528 0.196593 0.040176 4 1 1 0 1 2 1 1 0 0 0 1 1 0 1
1 64 6360 866 467 0 0.793628 0.297557 0.000355633 0.000351358 1.61387e-05 0.0139254 1.06623 0.939521 4.3525 -30 6 12 25.8568 0.0778457 0.281952 3 1 1 0 1 6 3 1 0 0 0 1 1 0 1
1 64 6360 877 467 0 1.0024 0.316554 0.00035438 0.000167072 4.67154e-06 -0.0081568 1.1263 2.2168 3.43223 -30 6 12 25.8568 0.0778457 0.281952 3 1 1 0 1 4 3 1 0 0 0 1 1 0 1
1 64 6360 907 467 0 -0.0652689 0.302764 0.000614363 0.00181184 0.490556 0.0958956 5.11652 -3.0485 5.86615 -30 6 12 25.8568 0.0778457 0.281952 3 1 1 0 1 6 3 1 0 0 0 1 1 0 1
1 64 6360 2341 471 2 0.137071 1.55383 0.00248377 0.00121159 334.832 0.0654136 18.4271 -2.93881 2.75664 4.47638 6 12 29.4938 0.352923 1.521 3 1 1 0 1 1 4 1 0 0 0 0 0 1 0
1 64 6360 865 476 0 1.24542 0.0282579 0.000430482 0.000320798 0.000246411 -0.00476212 2.51775 -1.41347 1.37544 5.61106 6 12 25.1551 1.12336 0.103806 3 2 1 0 1 9 10 1 0 0 1 1 1 0 1
1 64 6360 871 476 1 1.09691 0.03485 0.000369598 0.000341777 0.000186188 -0.0064487 2.54778 0.0644979 1.61575 -30 6 12 25.1551 1.12336 0.103806 3 1 1 0 1 12 10 1 0 0 1 1 1 0 1
1 64 6360 873 476 0 0.298756 0.116129 0.000188282 0.000798045 0.00217845 -0.0393115 2.81809 -1.68043 4.76921 -30 6 12 25.1551 1.12336 0.103806 3 1 1 0 1 12 10 1 0 0 1 1 1 0 1
1 64 6360 874 476 1 1.01999 0.0187602 0.000368601 0.000370039 0.000319649 0.00801584 2.48771 -1.12503 3.79552 -30 6 12 25.1551 1.12336 0.103806 3 1 1 0 1 11 10 0 1 1 1 1 0 0 0
1 64 6360 879 476 0 0.876144 0.0584525 0.000294699 0.000380137 8.07606e-06 -0.0109019 2.62787 2.21872 3.76461 -30 6 12 25.1551 1.12336 0.103806 3 1 1 0 1 13 10 1 0 0 1 1 1 0 1
1 64 6360 882 476 0 0.682411 0.114168 0.000284415 0.000375269 0.000146575 -0.0170555 1.57681 2.10025 2.9884 -30 6 12 25.1551 1.12336 0.103806 3 1 1 0 1 12 10 1 0 0 0 1 1 0 1
1 64 6360 889 476 0 1.11797 0.0575699 0.0015021 0.000482671 9.98198e-06 -0.00224693 2.55779 4.06546 4.06546 -30 6 12 25.1551 1.12336 0.103806 3 1 1 0 1 12 10 1 0 0 1 1 1 0 1
1 64 6360 890 476 0 0.780836 0.0157299 0.000644614 0.000384984 0.000317052 -0.00911943 2.51775 -0.386456 6.29659 -30 6 12 25.1551 1.12336 0.103806 3 1 1 0 1 9 10 1 0 0 1 1 1 0 1
1 64 6360 898 476 0 0.585031 0.0190063 0.000894458 0.000805078 0.000257461 0.0120569 2.51775 -1.0386 3.26492 -30 6 12 25.1551 1.12336 0.103806 3 1 1 0 1 9 10 1 0 0 1 1 1 0 1
1 64 6360 45 484 0 -0.0661853 0.186313 0.000419257 0.00166074 0.000233158 0.0968903 0.545628 6.03541 6.03541 -30 5 10 25.9123 -0.0791003 0.181072 3 1 1 0 1 4 1 1 0 0 0 1 1 0 1
1 64 6360 893 491 1 0.38041 0.973981 0.000786641 0.000771331 0.000270279 0.0341832 1.8343 -2.77782 -0.495583 5.02836 5 10 22.0524 -0.045776 0.986255 2 1 1 0 1 1 1 1 0 0 0 1 0 0 0
1 64 6360 833 503 1 -0.0834478 0.82647 0.00150872 0.00208249 12.2074 0.100656 6.31071 -1.74792 2.58737 5.64426 5 10 21.9602 0.187625 0.853637 2 1 1 0 1 5 1 1 0 0 0 1 0 0 0
1 64 6360 790 508 1 0.0476671 1.57191 0.00164255 0.00127824 70.6407 0.0597184 11.3404 1.06165 1.89821 3.82463 6 12 33.4904 -0.0625449 1.57829 4 4 1 0 1 2 4 1 0 0 0 1 0 0 0
1 64 6360 6525 511 0 0.144203 2.06867 0.00178325 0.00108997 4.36077e-05 0.0556756 24.95 2.96555 2.96555 -30 5 10 21.8544 0.0100077 2.05851 2 3 1 2 1 2 3 1 0 0 0 1 1 0 1
1 64 6360 3420 522 1 0.0461385 2.07057 0.00194696 0.0013793 4.38089e-06 0.056275 10.8322 -1.10546 0.121525 2.29478 5 10 21.7408 0.0989694 2.19782 2 7 1 0 0 3 6 1 0 0 0 1 0 0 0
1 64 6360 60 524 0 -0.0514005 0.0382417 0.000248997 0.00168472 0.000351 0.09583 1.74701 6.4762 6.4762 -30 5 10 21.6892 -0.0460121 0.00138107 2 1 1 0 1 2 3 1 0 0 0 1 1 0 1
1 64 6360 304 563 0 -0.048088 0.633168 0.00105946 0.00175939 17.087 -0.0924438 8.45614 -3.37064 5.36666 -30 5 10 21.2823 -0.0601319 0.710015 2 1 1 0 1 2 3 1 0 0 0 1 1 0 1
1 64 6360 79 567 0 -0.0397018 0.185982 0.000418601 0.00165667 0.000253902 0.0903064 0.535616 5.72266 5.72266 -30 5 10 21.2553 -0.0619788 0.172799 2 1 1 0 1 3 1 1 0 0 0 1 1 0 1
1 64 6360 1020 569 0 -0.0868694 2.27144 0.00267198 0.00185213 0.00353393 0.0710116 5.52261 4.13711 4.13711 4.70137 5 10 21.2457 -0.0381789 2.23137 2 6 1 0 0 3 6 1 0 0 0 1 1 0 1
1 64 6360 2897 572 1 0.322507 2.03216 0.00194489 0.000760422 4.88975 -0.0282835 13.3584 -0.983046 0.977964 2.6523 5 10 21.2268 -0.0732381 2.04679 2 1 1 0 1 1 6 1 0 0 0 1 0 0 0
1 64 6360 2904 572 1 -0.0554149 1.91762 0.00195629 0.00157253 0.444958 -0.080838 11.282 -4.51796 2.03096 4.24147 5 10 21.2268 -0.0732381 2.04679 2 6 1 0 0 4 6 1 0 0 0 1 0 0 0
1 64 6360 974 586 1 -0.0866138 2.24351 0.0029946 0.00159067 20.2502 -0.0585729 15.2786 2.11729 2.16712 2.26091 6 12 21.1158 0.138255 2.26469 2 4 1 0 0 2 34 1 0 0 0 1 0 0 0
1 64 6360 1020 586 0 -0.0868694 2.27144 0.00267198 0.00185213 0.00353393 0.0710116 5.52261 -2.2139 4.13711 4.70137 6 12 21.1158 0.138255 2.26469 2 6 1 0 0 3 34 1 0 0 0 1 1 0 1
1 64 6360 7076 586 1 -0.0951227 2.22458 0.00246763 0.00180798 3.42687 -0.101939 31.395 -0.128184 0.65382 0.927027 6 12 21.1158 0.138255 2.26469 2 24 1 0 0 1 34 1 0 0 0 1 0 0 0
1 64 6360 835 591 0 0.157825 1.634 0.00129743 0.000929639 2.91729e-05 0.0514278 6.6045 -1.42717 5.74692 -30 5 10 21.1915 0.137571 1.7193 2 1 1 0 1 3 1 1 0 0 0 1 1 0 1
1 64 6360 56 598 0 -0.0597951 0.486348 0.000843058 0.00172365 0.689268 -0.0948043 3.47145 6.60004 6.60004 -30 5 10 25.0878 -0.0420885 0.501334 3 1 1 0 1 2 1 1 0 0 0 1 1 0 1
1 64 6360 5856 603 1 0.00575677 1.93381 0.00205552 0.00153161 0.00751707 0.0882566 24.95 0.858781 0.858781 4.66476 5 10 20.9784 -0.0805814 1.92153 2 8 1 0 0 3 20 1 0 0 0 1 0 0 0
1 64 6360 703 604 0 0.275099 1.79907 0.00167183 0.000769544 0.000727915 -0.0363009 7.68757 -3.31995 4.67806 5.07896 5 10 20.9763 0.000926505 1.82579 2 3 1 0 0 2 7 1 0 0 0 1 1 0 1
1 64 6360 746 606 0 0.141666 0.688129 0.000823292 0.00120004 0.00067267 0.0594491 0.0699729 1.71293 4.15674 -30 6 12 28.1803 0.0786141 0.726365 3 1 1 0 1 2 2 1 0 0 1 1 1 0 1
1 64 6360 749 606 0 0.0913439 0.846185 0.00108844 0.0014083 0.000889932 0.0668098 5.76148 6.66085 6.66085 -30 6 12 28.1803 0.0786141 0.726365 3 1 1 0 1 1 2 1 0 0 0 1 1 0 1
1 64 6360 398 612 0 0.231581 1.55724 0.0012783 0.000941903 0.625517 -0.0467365 7.86007 6.35713 6.35713 -30 6 12 28.7417 0.272647 1.56499 3 2 1 1 0 2 3 1 0 0 0 1 1 0 1
1 64 6360 929 613 0 0.257026 0.248096 0.000380036 0.000950772 0.203893 0.0476615 4.78331 6.51283 6.51283 -30 6 12 34.0368 0.236699 0.321568 4 1 1 0 1 3 3 1 0 0 0 1 1 0 1
1 64 6360 308 618 0 0.0208275 0.372601 0.000578597 0.00136542 0.000648924 -0.0791877 1.35656 -0.49669 6.79154 -30 6 12 25.3498 -0.00461835 0.326648 3 1 1 0 1 4 1 1 0 0 1 1 1 0 1
1 64 6360 857 621 0 0.975667 0.162663 0.000338712 0.000245785 0.0116357 -0.00900236 2.97239 -1.51391 3.80926 -30 6 12 29.8429 1.1141 0.0831818 4 1 1 0 1 11 12 1 0 0 1 1 1 0 1
1 64 6360 858 621 0 0.848497 0.00342629 0.000392739 0.00040774 0.000384403 0.0122303 2.41763 -1.31317 4.65721 -30 6 12 29.8429 1.1141 0.0831818 4 1 1 0 1 6 12 1 0 0 1 1 1 0 1
1 64 6360 865 621 0 1.24542 0.0282579 0.000430482 0.000320798 0.000246411 -0.00476212 2.51775 0.292891 1.37544 5.61106 6 12 29.8429 1.1141 0.0831818 4 2 1 0 1 9 12 1 0 0 1 1 1 0 1
1 64 6360 871 621 1 1.09691 0.03485 0.000369598 0.000341777 0.000186188 -0.0064487 2.54778 1.61575 1.61575 -30 6 12 29.8429 1.1141 0.0831818 4 1 1 0 1 12 12 1 0 0 1 1 1 0 1
1 64 6360 873 621 0 0.298756 0.116129 0.000188282 0.000798045 0.00217845 -0.0393115 2.81809 -1.71567 4.76921 -30 6 12 29.8429 1.1141 0.0831818 4 1 1 0 1 12 12 1 0 0 1 1 1 0 1
1 64 6360 874 621 1 1.01999 0.0187602 0.000368601 0.000370039 0.000319649 0.00801584 2.48771 0.941889 3.79552 -30 6 12 29.8429 1.1141 0.0831818 4 1 1 0 1 11 12 0 1 1 1 1 0 0 0
1 64 6360 879 621 0 0.876144 0.0584525 0.000294699 0.000380137 8.07606e-06 -0.0109019 2.62787 1.3415 3.76461 -30 6 12 29.8429 1.1141 0.0831818 4 1 1 0 1 13 12 1 0 0 1 1 1 0 1
1 64 6360 882 621 0 0.682411 0.114168 0.000284415 0.000375269 0.000146575 -0.0170555 1.57681 0.431104 2.9884 -30 6 12 29.8429 1.1141 0.0831818 4 1 1 0 1 12 12 1 0 0 0 1 1 0 1
1 64 6360 889 621 0 1.11797 0.0575699 0.0015021 0.000482671 9.98198e-06 -0.00224693 2.55779 0.619039 4.06546 -30 6 12 29.8429 1.1141 0.0831818 4 1 1 0 1 12 12 1 0 0 1 1 1 0 1
1 64 6360 890 621 0 0.780836 0.0157299 0.000644614 0.000384984 0.000317052 -0.00911943 2.51775 0.424065 6.29659 -30 6 12 29.8429 1.1141 0.0831818 4 1 1 0 1 9 12 1 0 0 1 1 1 0 1
1 64 6360 898 621 0 0.585031 0.0190063 0.000894458 0.000805078 0.000257461 0.0120569 2.51775 0.360404 3.26492 -30 6 12 29.8429 1.1141 0.0831818 4 1 1 0 1 9 12 1 0 0 1 1 1 0 1
1 64 6360 288 622 1 -0.0954766 1.72784 0.00226811 0.00165952 33.3112 0.076455 10.921 -2.17502 0.283707 4.18845 5 10 20.8156 0.362642 1.68278 2 2 1 0 1 2 20 1 0 0 0 1 0 0 0
1 64 6360 125 623 0 0.0233478 0.809258 0.00117626 0.00162199 0.746537 -0.0778328 3.91473 1.17091 6.65805 -30 5 10 20.7969 -0.0764526 0.768123 2 1 1 0 1 4 1 1 0 0 0 1 1 0 1
1 64 6360 843 627 1 0.334589 1.85428 0.00247787 0.000784179 0.00085786 0.0301744 8.36702 -1.45889 1.99398 2.46409 5 10 20.7524 -0.0121527 1.91482 2 1 1 0 1 3 8 1 0 0 0 1 0 0 0
1 64 6360 2219 627 2 -0.0641371 2.01366 0.0029567 0.00170827 0.0191276 -0.0856331 8.96904 -3.73387 1.07143 2.33079 5 10 20.7524 -0.0121527 1.91482 2 3 1 0 0 1 8 1 0 0 0 0 0 1 0
1 64 6360 835 628 0 0.157825 1.634 0.00129743 0.000929639 2.91729e-05 0.0514278 6.6045 5.74692 5.74692 -30 6 12 29.0076 0.205834 1.63409 3 1 1 0 1 3 5 1 0 0 0 1 1 0 1
1 64 6360 4997 633 2 0.258593 1.86081 0.00427693 0.000948376 744.54 0.0478111 26.2 -2.78198 0.115094 4.44842 6 12 28.083 0.30191 1.82785 3 1 1 0 1 1 9 1 0 0 0 0 0 1 0
1 64 6360 778 641 0 0.780817 0.847929 0.000489671 0.000335923 0.000402778 -0.0140325 2.1552 -0.996207 4.53842 -30 5 10 20.5658 0.314756 0.827867 2 1 1 0 1 3 1 1 0 0 0 1 1 0 1
1 64 6360 5837 643 0 -0.0985156 1.97877 0.00207747 0.00168499 0.0083362 -0.110514 24.4 -2.92973 6.2904 5.58768 5 10 20.5344 0.144086 2.04009 2 1 1 0 1 3 29 1 0 0 0 1 1 0 1
1 64 6360 5838 643 1 0.194069 2.077 0.002018 0.00102793 0.0528092 -0.0478431 24.4 2.74595 2.74595 2.18447 5 10 20.5344 0.144086 2.04009 2 2 1 0 1 1 29 1 0 0 0 1 0 0 0
1 64 6360 5856 643 1 0.00575677 1.93381 0.00205552 0.00153161 0.00751707 0.0882566 24.95 -1.29801 0.858781 4.66476 5 10 20.5344 0.144086 2.04009 2 8 1 0 0 3 29 1 0 0 0 1 0 0 0
1 64 6360 2115 655 2 -0.0268877 2.04313 0.00155177 0.00143445 0.0027996 -0.0641071 8.73976 -4.87246 -1.13332 2.14507 6 12 34.5044 0.00634258 2.16759 4 1 1 0 1 1 5 1 0 0 0 0 0 1 0
1 64 6360 2141 655 1 0.0126698 2.16069 0.00153871 0.00130806 0.00359517 0.0433486 10.3701 5.14201 5.14201 3.20127 6 12 34.5044 0.00634258 2.16759 4 4 1 0 0 1 5 1 0 0 0 1 0 0 0
1 64 6360 5475 657 1 -0.0605303 2.11231 0.00221215 0.00173754 169.064 -0.069807 26.2 -4.62342 -0.519457 1.01306 6 12 29.3079 0.614046 1.98546 3 4 1 0 1 1 36 1 0 0 0 1 0 0 0
1 64 6360 833 663 1 -0.0834478 0.82647 0.00150872 0.00208249 12.2074 0.100656 6.31071 2.58737 2.58737 5.64426 5 10 21.3671 -0.0691009 0.891239 2 1 1 0 1 5 1 1 0 0 0 1 0 0 0
1 64 6360 558 670 0 0.183477 1.68314 0.00158392 0.000965634 0.00186197 0.0446437 8.56895 5.52089 5.52089 -30 5 10 25.8928 0.210091 1.68294 3 2 1 1 1 1 2 1 0 0 0 1 1 0 1
1 64 6360 622 673 1 -0.0970237 1.90847 0.00277154 0.00175088 0.00233797 -0.0721061 10.7359 -2.50225 0.88069 3.6987 6 12 28.7128 0.348539 1.813 3 2 1 0 1 1 10 1 0 0 0 1 0 0 0
1 64 6360 1953 673 1 -0.0061611 1.73306 0.0016285 0.00146666 22.7781 -0.0789133 10.3872 -3.03425 3.06515 2.8659 6 12 28.7128 0.348539 1.813 3 4 1 0 0 2 10 1 0 0 0 1 0 0 0
1 64 6360 780 674 0 0.513291 0.428609 0.000379074 0.000520538 0.000413381 -0.0260025 1.20639 6.72662 6.72662 -30 5 10 20.6488 0.514903 0.401222 2 2 1 1 1 2 3 1 0 0 1 1 1 0 1
1 64 6360 788 674 0 0.242807 0.410003 0.000459982 0.00088347 0.596461 0.048981 3.65906 -2.29786 6.3799 -30 5 10 20.6488 0.514903 0.401222 2 1 1 0 1 2 3 1 0 0 0 1 1 0 1
1 64 6360 264 675 0 0.0759879 0.411077 0.00062485 0.0013834 0.00824913 0.0693705 1.67248 6.85237 6.85237 -30 6 12 28.969 0.0598472 0.420404 3 1 1 0 1 2 1 1 0 0 0 1 1 0 1
1 64 6360 593 680 2 -0.0795651 1.72896 0.00346503 0.00196736 18.01 0.0819594 11.3426 1.12375 1.12375 2.31095 5 10 25.0681 -0.0644066 1.70304 3 1 1 0 1 1 4 1 0 0 0 0 0 1 0
1 64 6360 607 680 1 -0.0852678 1.65414 0.00191041 0.00173131 0.00533091 0.0958097 4.9646 2.08536 2.15886 2.82615 5 10 25.0681 -0.0644066 1.70304 3 2 1 0 1 1 4 1 0 0 0 1 0 0 0
1 64 6360 615 680 0 -0.0864822 1.70751 0.0019492 0.00182107 0.00388529 0.0887812 5.60288 5.83087 5.83087 -30 5 10 25.0681 -0.0644066 1.70304 3 1 1 0 1 2 4 1 0 0 0 1 1 0 1
1 64 6360 459 697 0 -0.0182284 0.30488 0.000536433 0.00158647 0.000190552 -0.0882351 6.35216 5.41186 5.41186 -30 6 12 29.1868 -0.0366663 0.17224 4 1 1 0 1 2 3 1 0 0 0 1 1 0 1
1 64 6360 470 697 0 0.089616 0.0877044 0.000282029 0.00126852 0.000343729 -0.0696362 7.63348 -1.60126 6.85593 -30 6 12 29.1868 -0.0366663 0.17224 4 1 1 0 1 2 3 1 0 0 0 1 1 0 1
1 64 6360 503 697 0 -0.0716293 0.201574 0.00048825 0.00176178 0.334492 0.0986261 8.03191 -4.66835 5.83451 -30 6 12 29.1868 -0.0366663 0.17224 4 1 1 0 1 1 3 1 0 0 0 1 1 0 1
1 64 6360 18 698 1 0.06958 0.27501 0.000508891 0.00158519 0.000268997 -0.0698245 1.08625 -4.07071 5.61572 -30 6 12 26.3822 0.295683 0.215807 3 1 1 0 1 4 2 1 0 0 0 1 0 0 0
1 64 6360 45 698 0 -0.0661853 0.186313 0.000419257 0.00166074 0.000233158 0.0968903 0.545628 -2.84053 6.03541 -30 6 12 26.3822 0.295683 0.215807 3 1 1 0 1 4 2 1 0 0 0 1 1 0 1
1 64 6360 470 701 0 0.089616 0.0877044 0.000282029 0.00126852 0.000343729 -0.0696362 7.63348 -4.54769 6.85593 -30 6 12 27.6307 -0.041304 0.0374493 3 1 1 0 1 2 2 1 0 0 0 1 1 0 1
1 64 6360 509 701 0 -0.0344628 0.0900166 0.000315979 0.00165576 0.000455049 0.0892513 2.36757 6.2188 6.2188 -30 6 12 27.6307 -0.041304 0.0374493 3 1 1 0 1 3 2 1 0 0 0 1 1 0 1
1 64 6360 77 705 0 -0.0848564 1.18801 0.00155008 0.00171479 2.9904 0.110197 6.08512 5.38347 5.38347 4.49475 6 12 31.9313 -0.0952363 1.22038 4 1 1 0 1 2 1 1 0 0 0 1 1 0 1
1 64 6360 122 708 1 0.318994 0.0298931 0.000274765 0.00080517 0.000375651 0.0412149 0.0750864 0.805355 6.70551 -30 6 12 26.5792 0.316418 0.0948532 3 1 1 0 1 4 3 1 0 0 0 1 0 0 0
1 64 6360 141 708 0 0.0070132 0.199508 0.000385171 0.00139703 0.00632879 0.0806643 1.76703 -0.797654 6.55798 -30 6 12 26.5792 0.316418 0.0948532 3 1 1 0 1 3 3 1 0 0 0 1 1 0 1
1 64 6360 145 708 1 -0.0922717 0.12088 0.000361967 0.00189979 0.000273044 0.102274 0.395455 -2.74822 -0.381174 4.0522 6 12 26.5792 0.316418 0.0948532 3 1 1 0 1 3 3 1 0 0 0 1 0 0 0
1 64 6360 255 726 0 0.0921921 1.72623 0.00168523 0.00122955 0.00159865 -0.0590223 6.80177 -4.50623 5.55015 -30 5 10 20.4876 0.0447865 1.84504 2 1 1 0 1 2 5 1 0 0 0 1 1 0 1
1 64 6360 1451 726 0 -0.0723304 1.96503 0.0027241 0.00179252 2.59269 0.0850718 10.651 -1.40123 6.30757 4.21795 5 10 20.4876 0.0447865 1.84504 2 4 1 0 0 2 5 1 0 0 0 1 1 0 1
1 64 6360 146 730 1 -0.0544041 1.36541 0.001742 0.00172214 0.000560331 -0.0971856 1.99652 -3.64046 0.489096 4.53809 5 10 20.9645 0.17151 1.47258 2 1 1 0 1 2 2 1 0 0 0 1 0 0 0
1 64 6360 179 730 0 0.148453 1.49268 0.0014332 0.00106462 3.73805e-05 0.0538472 2.70981 5.09219 5.09219 -30 5 10 20.9645 0.17151 1.47258 2 1 1 0 1 1 2 1 0 0 0 1 1 0 1
1 64 6360 728 731 1 -0.0925635 1.88502 0.00310843 0.00230991 0.0128099 -0.0803269 10.5951 0.651479 0.651479 3.33083 5 10 21.1653 -0.0355 1.93544 2 1 1 0 1 1 15 1 0 0 0 1 0 0 0
1 64 6360 2145 731 0 -0.058623 1.89062 0.00188935 0.00158472 90.321 -0.0711887 16.638 6.67117 6.67117 -30 5 10 21.1653 -0.0355 1.93544 2 12 1 11 0 1 15 1 0 0 0 1 1 0 1
1 64 6360 878 740 1 0.532536 0.708888 0.000497858 0.000489996 0.00034365 -0.0240891 0.0200176 -0.167983 0.0585914 3.03153 6 12 25.4725 -0.0300104 0.591681 3 1 1 0 1 1 1 1 0 0 0 1 0 0 0
1 64 6360 13342 742 1 -0.0463412 2.41761 0.00248741 0.00157302 19.2016 0.0899077 42.123 -1.09059 -1.09059 2.4318 5 10 21.0348 0.156612 2.36802 2 44 1 0 0 1 18 1 0 0 0 1 0 0 0
1 64 6360 838 752 1 -0.0175107 1.78883 0.00162779 0.00140374 0.00407616 -0.0822838 1.02327 -4.50856 1.92421 5.34242 5 10 26.6673 0.343126 1.79537 3 2 1 0 1 3 5 1 0 0 0 1 0 0 0
1 64 6360 843 752 1 0.334589 1.85428 0.00247787 0.000784179 0.00085786 0.0301744 8.36702 1.99398 1.99398 2.46409 5 10 26.6673 0.343126 1.79537 3 1 1 0 1 3 5 1 0 0 0 1 0 0 0
1 64 6360 2331 752 1 0.0355528 1.67416 0.00150547 0.00137033 92.7415 -0.0703909 12.6992 -2.80029 -0.302641 2.55061 5 10 26.6673 0.343126 1.79537 3 1 1 0 1 3 5 1 0 0 0 1 0 0 0
1 64 6360 9 756 0 0.452757 1.33591 0.00101983 0.00057139 0.628208 -0.0278205 5.46104 -3.13372 6.04297 -30 6 12 20.5231 0.144993 1.42047 2 1 1 0 1 3 1 1 0 0 0 1 1 0 1
1 64 6360 296 760 0 0.0286956 0.398019 0.000603982 0.00141239 0.000663149 -0.0791312 6.44226 6.49445 6.49445 -30 6 12 19.1031 0.03724 0.265759 2 1 1 0 1 4 1 1 0 0 0 1 1 0 1
1 64 6360 857 765 0 0.975667 0.162663 0.000338712 0.000245785 0.0116357 -0.00900236 2.97239 3.80926 3.80926 -30 6 12 26.1252 0.975035 0.207499 3 1 1 0 1 11 3 1 0 0 1 1 1 0 1
1 64 6360 866 765 0 0.793628 0.297557 0.000355633 0.000351358 1.61387e-05 0.0139254 1.06623 -0.468529 4.3525 -30 6 12 26.1252 0.975035 0.207499 3 1 1 0 1 6 3 1 0 0 0 1 1 0 1
1 64 6360 907 765 0 -0.0652689 0.302764 0.000614363 0.00181184 0.490556 0.0958956 5.11652 -4.50302 5.86615 -30 6 12 26.1252 0.975035 0.207499 3 1 1 0 1 6 3 1 0 0 0 1 1 0 1
1 64 6360 771 766 0 0.00521365 1.49107 0.00164821 0.00140016 0.00010951 -0.0784567 0.938267 5.41114 5.41114 -30 6 12 29.3783 0.0149763 1.46062 3 2 1 1 1 2 2 1 0 0 0 1 1 0 1
1 64 6360 75 767 1 0.239053 0.35898 0.000443575 0.000882087 0.000470089 -0.047868 6.39566 -2.15361 0.0790401 4.43515 6 12 19.9266 0.822458 0.292009 2 1 1 0 1 1 2 1 0 0 0 1 0 0 0
1 64 6360 99 767 2 -0.0803881 0.193662 0.000379164 0.00183129 0.000774221 0.0980616 0.16519 -5.14991 -0.57262 2.89162 6 12 19.9266 0.822458 0.292009 2 1 1 0 1 2 2 1 0 0 0 0 0 1 0
1 64 6360 504 772 0 -0.0880869 1.40376 0.00172357 0.0017606 46.208 0.0987115 9.5679 -0.410284 6.52279 -30 5 10 24.9087 0.0886159 1.40531 3 1 1 0 1 5 1 1 0 0 0 1 1 0 1
1 64 6360 891 786 0 0.515696 1.34249 0.00101874 0.000646337 0.000286326 -0.0250461 3.27456 0.0316209 6.23164 -30 5 10 20.4411 -0.00827719 1.23148 2 1 1 0 1 2 1 1 0 0 0 1 1 0 1
1 64 6360 1291 790 2 0.342386 1.38932 0.00125593 0.000772997 440.551 -0.0392816 18.9093 -4.74017 -0.0229749 3.59617 5 10 24.5089 0.0452081 1.4009 3 1 1 0 1 2 1 1 0 0 0 0 0 1 0
1 64 6360 306 791 1 0.126584 1.73609 0.00196148 0.00104898 15.0756 -0.0465882 9.79879 0.467095 1.01421 5.17313 5 10 20.9358 0.258538 1.73931 2 6 1 0 0 1 9 1 0 0 0 1 0 0 0
1 64 6360 1541 791 1 -0.0353026 1.81281 0.00179799 0.00159808 19.7941 0.077569 10.9967 -1.6392 0.70747 2.9331 5 10 20.9358 0.258538 1.73931 2 1 1 0 1 1 9 1 0 0 0 1 0 0 0
1 64 6360 5837 803 0 -0.0985156 1.97877 0.00207747 0.00168499 0.0083362 -0.110514 24.4 6.2904 6.2904 5.58768 5 10 24.9471 -0.0308212 1.97833 3 1 1 0 1 3 1 1 0 0 0 1 1 0 1
1 64 6360 288 815 1 -0.0954766 1.72784 0.00226811 0.00165952 33.3112 0.076455 10.921 0.283707 0.283707 4.18845 5 10 24.2459 0.360832 1.80445 3 2 1 0 1 2 21 1 0 0 0 1 0 0 0
1 64 6360 5888 815 2 0.142471 1.76998 0.00317782 0.00125834 937.948 -0.0595594 26.2 -3.11092 0.327922 4.47082 5 10 24.2459 0.360832 1.80445 3 1 1 0 1 1 21 1 0 0 0 0 0 1 0
1 64 6360 732 818 0 0.27163 0.28824 0.000430843 0.000923855 0.46722 0.0445742 5.22086 6.09826 6.09826 -30 6 12 27.8013 0.245596 0.368808 3 1 1 0 1 3 1 1 0 0 0 1 1 0 1
1 64 6360 199 819 0 -0.0662666 1.61521 0.00177875 0.00173269 0.000489661 0.0892639 5.28243 6.38228 6.38228 4.52493 6 12 27.9204 -0.0573551 1.63172 3 1 1 0 1 2 1 1 0 0 0 1 1 0 1
1 64 6360 79 825 0 -0.0397018 0.185982 0.000418601 0.00165667 0.000253902 0.0903064 0.535616 -2.15427 5.72266 -30 6 12 27.5622 0.00940148 0.21656 4 1 1 0 1 3 1 1 0 0 0 1 1 0 1
1 64 6360 2449 826 0 -0.0722239 1.87766 0.00205252 0.00178664 6.36655 -0.0846453 10.079 -3.1831 2.55663 4.62126 6 12 27.8728 0.0665758 1.76011 3 4 1 0 0 2 4 1 0 0 0 1 1 0 1
1 64 6360 531 829 1 -0.082688 1.99333 0.00329503 0.00220394 0.00450783 0.0745508 7.00572 -2.0009 0.417389 4.78578 5 10 21.6796 0.174403 1.90315 2 5 1 0 0 1 3 1 0 0 0 1 0 0 0
1 64 6360 833 834 1 -0.0834478 0.82647 0.00150872 0.00208249 12.2074 0.100656 6.31071 0.325549 2.58737 5.64426 5 10 19.059 -0.0949263 0.765394 2 1 1 0 1 5 1 1 0 0 0 1 0 0 0
1 64 6360 5050 835 2 2.08429 1.96232 0.156365 0.000593319 716.438 -0.00797172 25.65 -14.9107 -4.4167 -2.33433 6 12 20.3058 0.0263898 1.8891 2 1 1 0 1 1 8 1 0 0 0 0 0 1 0
1 64 6360 17 837 0 -0.0556683 0.863455 0.00143872 0.00195261 1.39414e-07 -0.0925699 0.912414 0.42454 6.52597 -30 6 12 27.8023 -0.0841987 0.996296 3 1 1 0 1 3 2 1 0 0 0 1 1 0 1
1 64 6360 28 837 1 0.0355574 1.11524 0.00159651 0.00176617 9.16673e-08 -0.0767309 4.15121 2.08185 2.08185 1.32106 6 12 27.8023 -0.0841987 0.996296 3 1 1 0 1 2 2 1 0 0 0 1 0 0 0
1 64 6360 577 843 0 -0.0502284 0.254976 0.000486867 0.00161616 0.00253078 0.0953218 1.33654 6.79965 6.79965 -30 6 12 28.4704 -0.0546614 0.276799 3 1 1 0 1 1 1 1 0 0 0 1 1 0 1
1 64 6360 34 845 1 0.0588798 0.829403 0.00105207 0.00140444 0.000961664 -0.0719717 6.38499 1.63598 1.63598 -30 5 10 19.8033 0.0170746 0.774809 2 1 1 0 1 2 1 1 0 0 0 1 0 0 0
1 64 6360 796 846 0 0.365199 1.2753 0.000923938 0.000688323 0.000200438 0.0365456 4.33773 6.67067 6.67067 -30 6 12 32.8154 0.341807 1.27608 4 1 1 0 1 1 2 1 0 0 0 1 1 0 1
1 64 6360 339 847 0 -0.0679189 1.13824 0.00193631 0.00222899 0.000140222 -0.0967109 2.0806 -2.74564 2.56718 -30 6 12 33.4164 0.116736 1.06472 4 1 1 0 1 4 2 1 0 0 0 1 1 0 1
1 64 6360 371 847 0 0.134638 1.0844 0.001213 0.00134645 5.23867e-05 0.0621935 2.56896 6.24202 6.24202 -30 6 12 33.4164 0.116736 1.06472 4 1 1 0 1 4 2 1 0 0 0 1 1 0 1
1 64 6360 790 849 1 0.0476671 1.57191 0.00164255 0.00127824 70.6407 0.0597184 11.3404 0.786696 1.89821 3.82463 6 12 27.419 -0.0343143 1.64774 3 4 1 0 1 2 4 1 0 0 0 1 0 0 0
1 64 6360 211 850 0 0.593383 1.21433 0.000824334 0.000517545 0.000324699 0.0209393 2.53399 5.28283 5.28283 -30 5 10 20.6464 0.616804 1.18049 2 4 1 3 1 2 4 1 0 0 0 1 1 0 1
1 64 6360 705 857 0 0.0339001 1.42634 0.00165221 0.00138475 0.00195028 -0.0729887 4.6502 -2.41375 1.0848 -30 6 12 21.4785 0.302167 1.35003 2 1 1 0 1 1 2 1 0 0 0 1 1 0 1
1 64 6360 718 857 1 -0.0952181 1.37965 0.0024207 0.00254805 0.00407399 -0.101599 0.758473 -3.65768 1.35399 2.17063 6 12 21.4785 0.302167 1.35003 2 1 1 0 1 1 2 1 0 0 0 1 0 0 0
1 64 6360 590 861 0 -0.0717997 0.528354 0.000906917 0.00173242 3.25506e-05 0.100652 3.23498 5.18772 5.18772 -30 6 12 20.8781 -0.0925311 0.462067 2 1 1 0 1 1 1 1 0 0 0 1 1 0 1
1 64 6360 3189 866 1 0.137362 1.77044 0.00169157 0.00111112 178.568 -0.0515733 17.9357 -3.11863 1.9443 5.67922 6 12 27.556 -0.0854898 1.78962 3 12 1 0 0 2 16 1 0 0 0 1 0 0 0
1 64 6360 122 869 1 0.318994 0.0298931 0.000274765 0.00080517 0.000375651 0.0412149 0.0750864 -0.456826 6.70551 -30 5 10 19.2974 0.096035 0.0411375 2 1 1 0 1 4 2 1 0 0 0 1 0 0 0
1 64 6360 127 869 0 0.0305653 0.0816676 0.0003023 0.0015022 0.00776599 0.0802259 5.32666 -1.59368 4.60823 5.69448 5 10 19.2974 0.096035 0.0411375 2 1 1 0 1 4 2 1 0 0 0 1 1 0 1
1 64 6360 3420 872 1 0.0461385 2.07057 0.00194696 0.0013793 4.38089e-06 0.056275 10.8322 -2.43787 0.121525 2.29478 5 10 25.2501 0.130012 2.14812 3 7 1 0 0 3 10 1 0 0 0 1 0 0 0
1 64 6360 13731 872 2 0.503384 2.13331 0.000743983 0.000482079 1003.96 -0.0235376 41.573 -1.25163 -1.25163 3.17752 5 10 25.2501 0.130012 2.14812 3 1 1 0 1 1 10 1 0 0 0 0 0 1 0
1 64 6360 835 873 0 0.157825 1.634 0.00129743 0.000929639 2.91729e-05 0.0514278 6.6045 -0.979471 5.74692 -30 5 10 20.2246 0.110147 1.53935 2 1 1 0 1 3 5 1 0 0 0 1 1 0 1
1 64 6360 255 874 0 0.0921921 1.72623 0.00168523 0.00122955 0.00159865 -0.0590223 6.80177 5.55015 5.55015 -30 5 10 24.7503 0.0921967 1.72642 3 1 1 0 1 2 1 1 0 0 0 1 1 0 1
1 64 6360 873 876 0 0.298756 0.116129 0.000188282 0.000798045 0.00217845 -0.0393115 2.81809 1.12455 4.76921 -30 6 12 24.6424 0.825415 0.145564 3 1 1 0 1 12 5 1 0 0 1 1 1 0 1
1 64 6360 882 876 0 0.682411 0.114168 0.000284415 0.000375269 0.000146575 -0.0170555 1.57681 -0.0548042 2.9884 -30 6 12 24.6424 0.825415 0.145564 3 1 1 0 1 12 5 1 0 0 0 1 1 0 1
1 64 6360 889 876 0 1.11797 0.0575699 0.0015021 0.000482671 9.98198e-06 -0.00224693 2.55779 -1.07849 4.06546 -30 6 12 24.6424 0.825415 0.145564 3 1 1 0 1 12 5 1 0 0 1 1 1 0 1
1 64 6360 898 876 0 0.585031 0.0190063 0.000894458 0.000805078 0.000257461 0.0120569 2.51775 -1.43701 3.26492 -30 6 12 24.6424 0.825415 0.145564 3 1 1 0 1 9 5 1 0 0 1 1 1 0 1
1 64 6360 929 876 0 0.257026 0.248096 0.000380036 0.000950772 0.203893 0.0476615 4.78331 -3.32097 6.51283 -30 6 12 24.6424 0.825415 0.145564 3 1 1 0 1 3 5 1 0 0 0 1 1 0 1
1 64 6360 754 877 0 -0.00633151 0.274804 0.000492108 0.001539 3.44708e-06 0.0831435 0.876008 0.314289 6.6095 -30 5 10 26.2814 -0.0819818 0.377276 3 1 1 0 1 2 1 1 0 0 0 1 1 0 1
1 64 6360 161 879 1 -0.0816302 1.30644 0.00178597 0.00172831 1.40994 -0.09616 5.52371 -3.09744 0.426195 4.34005 5 10 20.3148 0.0431144 1.40201 2 1 1 0 1 3 1 1 0 0 0 1 0 0 0
1 64 6360 141 881 0 0.0070132 0.199508 0.000385171 0.00139703 0.00632879 0.0806643 1.76703 6.55798 6.55798 -30 6 12 20.0913 -0.000713019 0.227755 2 1 1 0 1 3 2 1 0 0 0 1 1 0 1
1 64 6360 145 881 1 -0.0922717 0.12088 0.000361967 0.00189979 0.000273044 0.102274 0.395455 -0.740594 -0.381174 4.0522 6 12 20.0913 -0.000713019 0.227755 2 1 1 0 1 3 2 1 0 0 0 1 0 0 0
1 64 6360 6 891 0 0.0230042 1.91369 0.00215265 0.00139034 0.00200184 -0.0630957 1.84379 6.1189 6.1189 -30 6 12 33.7961 0.0206258 1.86637 4 4 1 3 0 1 4 1 0 0 0 1 1 0 1
1 64 6360 2904 895 1 -0.0554149 1.91762 0.00195629 0.00157253 0.444958 -0.080838 11.282 -1.71797 2.03096 4.24147 5 10 25.4903 0.0304084 1.89014 3 6 1 0 0 4 20 1 0 0 0 1 0 0 0
1 64 6360 146 897 1 -0.0544041 1.36541 0.001742 0.00172214 0.000560331 -0.0971856 1.99652 0.489096 0.489096 4.53809 5 10 23.4425 0.0698689 1.29118 3 1 1 0 1 2 1 1 0 0 0 1 0 0 0
1 64 6360 41 899 1 0.299551 1.18416 0.00102902 0.000958441 0.000184655 0.0412971 0.919216 -1.53974 0.250176 2.92894 6 12 24.5542 0.057637 1.17632 3 1 1 0 1 2 1 1 0 0 0 1 0 0 0
1 64 6360 402 901 1 0.0511398 0.785612 0.00106612 0.00148517 0.00092556 0.072934 0.209959 3.62353 3.62353 3.98397 6 12 32.8214 0.0626075 0.802399 4 1 1 0 1 2 2 1 0 0 0 1 0 0 0
1 64 6360 425 901 2 -0.0374142 0.757583 0.00115819 0.0017226 0.00111249 0.0871949 0.245282 -0.0267729 6.78436 -30 6 12 32.8214 0.0626075 0.802399 4 1 1 0 1 2 2 1 0 0 0 0 0 1 0
1 64 6360 1162 904 1 -0.0530927 1.47789 0.00156586 0.0015957 192.607 0.0999257 14.3656 -2.35221 -0.520832 3.91408 5 10 19.8909 0.392117 1.42485 2 1 1 0 1 1 1 1 0 0 0 1 0 0 0
1 64 6360 574 905 1 0.00477145 1.81732 0.00238154 0.00146943 0.92566 -0.0624219 10.2438 0.937614 0.937614 3.49034 5 10 19.8924 -0.0252594 1.78511 2 4 1 0 0 1 16 1 0 0 0 1 0 0 0
1 64 6360 5405 906 1 0.513937 2.05696 0.00308932 0.000620234 0.000149427 0.0254461 25.65 4.16652 4.16652 3.71551 6 12 30.9758 0.00153852 2.03391 4 4 1 0 1 2 16 1 0 0 0 1 0 0 0
1 64 6360 182 909 1 -0.0758979 0.0646576 0.000282868 0.00180781 0.00867079 0.101935 8.82486 -4.15023 -1.57558 0.460053 6 12 26.5488 0.0650553 0.0263031 3 1 1 0 1 2 1 1 0 0 0 1 0 0 0
1 64 6360 233 916 0 0.444786 1.20176 0.000888282 0.000582716 12.1086 0.0297827 7.99175 -1.55967 6.32326 -30 5 10 20.152 -0.00158008 1.31277 2 1 1 0 1 2 1 1 0 0 0 1 1 0 1
1 64 6360 612 924 0 0.0117002 1.48947 0.00154811 0.0014647 26.9542 0.076235 10.0882 4.774 4.774 -30 5 10 24.8953 0.0210251 1.53203 3 1 1 0 1 1 1 1 0 0 0 1 1 0 1
1 64 6360 938 935 0 0.040712 0.298357 0.000469508 0.00134648 0.651819 0.0773153 5.54123 6.63739 6.63739 -30 5 10 19.8468 0.0356256 0.38728 2 1 1 0 1 4 1 1 0 0 0 1 1 0 1
1 64 6360 542 937 0 0.0108834 0.697914 0.00105233 0.00157115 25.5208 -0.0814235 9.04594 -1.01017 6.76786 -30 5 10 24.6836 0.323161 0.750293 3 1 1 0 1 2 1 1 0 0 0 1 1 0 1
1 64 6360 1312 941 1 0.127875 1.72676 0.00144356 0.00115593 38.3108 0.0577642 13.1084 1.96827 1.96827 3.87565 7 14 34.3715 0.0720219 1.82424 4 1 1 0 1 1 1 1 0 0 0 1 1 0 1
1 64 6360 117 942 0 0.0510518 0.554676 0.000742866 0.00131966 0.000126451 -0.0760324 3.61742 -3.26961 6.54427 -30 5 10 22.6636 -0.044657 0.460373 3 1 1 0 1 2 1 1 0 0 0 1 1 0 1
1 64 6360 278 943 1 -0.0672 0.743214 0.00128499 0.00190924 0.00162643 -0.100363 0.52991 1.44635 1.44635 3.49133 6 12 24.1929 -0.0321528 0.778459 3 1 1 0 1 1 1 1 0 0 0 1 0 0 0
1 64 6360 125 946 0 0.0233478 0.809258 0.00117626 0.00162199 0.746537 -0.0778328 3.91473 -3.08766 6.65805 -30 5 10 17.7694 0.288616 0.84214 2 1 1 0 1 4 1 1 0 0 0 1 1 0 1
1 64 6360 866 948 0 0.793628 0.297557 0.000355633 0.000351358 1.61387e-05 0.0139254 1.06623 -0.206303 4.3525 -30 5 10 19.8889 1.01128 0.316553 2 1 1 0 1 6 3 1 0 0 0 1 1 0 1
1 64 6360 877 948 0 1.0024 0.316554 0.00035438 0.000167072 4.67154e-06 -0.0081568 1.1263 3.43223 3.43223 -30 5 10 19.8889 1.01128 0.316553 2 1 1 0 1 4 3 1 0 0 0 1 1 0 1
1 64 6360 907 948 0 -0.0652689 0.302764 0.000614363 0.00181184 0.490556 0.0958956 5.11652 -4.02572 5.86615 -30 5 10 19.8889 1.01128 0.316553 2 1 1 0 1 6 3 1 0 0 0 1 1 0 1
1 64 6360 180 953 1 0.0396595 1.56378 0.00147981 0.00139103 9.73574e-05 -0.074022 5.1784 -2.97919 -0.308214 5.60841 5 10 20.2196 0.0523776 1.58665 2 1 1 0 1 1 2 1 0 0 0 1 0 0 0
1 64 6360 199 953 0 -0.0662666 1.61521 0.00177875 0.00173269 0.000489661 0.0892639 5.28243 0.368964 6.38228 4.52493 5 10 20.2196 0.0523776 1.58665 2 1 1 0 1 2 2 1 0 0 0 1 1 0 1
1 64 6360 6525 957 0 0.144203 2.06867 0.00178325 0.00108997 4.36077e-05 0.0556756 24.95 -0.176983 2.96555 -30 6 12 33.0202 0.0169685 1.97478 4 3 1 2 1 2 15 1 0 0 0 1 1 0 1
1 64 6360 6550 957 1 -0.0846261 1.90943 0.00193729 0.00157742 12.6149 0.106355 24.4 -1.37105 0.594394 5.04638 6 12 33.0202 0.0169685 1.97478 4 12 1 0 0 1 15 1 0 0 0 1 0 0 0
1 64 6360 18 958 1 0.06958 0.27501 0.000508891 0.00158519 0.000268997 -0.0698245 1.08625 -0.214181 5.61572 -30 6 12 27.1894 0.0261299 0.14554 3 1 1 0 1 4 4 1 0 0 0 1 0 0 0
1 64 6360 60 958 0 -0.0514005 0.0382417 0.000248997 0.00168472 0.000351 0.09583 1.74701 -3.82468 6.4762 -30 6 12 27.1894 0.0261299 0.14554 3 1 1 0 1 2 4 1 0 0 0 1 1 0 1
1 64 6360 41 962 1 0.299551 1.18416 0.00102902 0.000958441 0.000184655 0.0412971 0.919216 -1.43973 0.250176 2.92894 5 10 24.5598 0.0546003 1.17081 3 1 1 0 1 2 1 1 0 0 0 1 0 0 0
1 64 6360 50 965 0 0.00801094 1.67131 0.00175709 0.00150087 0.000110485 0.0731987 4.98909 4.98557 4.98557 3.31669 6 12 28.4847 0.0226317 1.67218 3 1 1 0 1 2 1 1 0 0 0 1 1 0 1
1 64 6360 177 967 0 0.0329382 0.191454 0.000374736 0.00138851 0.000496448 -0.0763251 0.691276 -0.115343 3.18395 -30 5 10 20.7918 0.21569 0.249913 2 1 1 0 1 2 1 1 0 0 0 1 0 0 0
1 64 6360 1953 969 1 -0.0061611 1.73306 0.0016285 0.00146666 22.7781 -0.0789133 10.3872 -1.1903 3.06515 2.8659 5 10 20.1093 -0.029154 1.64825 2 4 1 0 0 2 8 1 0 0 0 1 0 0 0
1 64 6360 378 983 1 -0.0455464 0.0120345 0.000284287 0.00174828 0.000415215 -0.0917756 1.88717 -2.54599 0.32413 5.64658 5 10 19.5631 0.647843 0.00146484 2 1 1 0 1 1 2 1 0 0 0 1 0 0 0
1 64 6360 416 983 0 0.633471 0.0456628 0.000348597 0.000484521 0.00038272 -0.0188038 2.03734 4.59947 4.59947 -30 5 10 19.5631 0.647843 0.00146484 2 1 1 0 1 1 2 1 0 0 0 1 1 0 1
1 64 6360 857 986 0 0.975667 0.162663 0.000338712 0.000245785 0.0116357 -0.00900236 2.97239 -0.890745 3.80926 -30 6 12 26.5937 0.785086 0.300133 3 1 1 0 1 11 6 1 0 0 1 1 1 0 1
1 64 6360 866 986 0 0.793628 0.297557 0.000355633 0.000351358 1.61387e-05 0.0139254 1.06623 4.3525 4.3525 -30 6 12 26.5937 0.785086 0.300133 3 1 1 0 1 6 6 1 0 0 0 1 1 0 1
1 64 6360 875 986 0 0.0218376 0.402534 0.000635193 0.00145779 1.53895 0.0812962 5.62401 -3.42274 6.33516 -30 6 12 26.5937 0.785086 0.300133 3 2 1 1 1 5 6 1 0 0 0 1 1 0 1
1 64 6360 877 986 0 1.0024 0.316554 0.00035438 0.000167072 4.67154e-06 -0.0081568 1.1263 -0.18644 3.43223 -30 6 12 26.5937 0.785086 0.300133 3 1 1 0 1 4 6 1 0 0 0 1 1 0 1
1 64 6360 907 986 0 -0.0652689 0.302764 0.000614363 0.00181184 0.490556 0.0958956 5.11652 -4.43509 5.86615 -30 6 12 26.5937 0.785086 0.300133 3 1 1 0 1 6 6 1 0 0 0 1 1 0 1
1 64 6360 411 987 1 -0.0927037 0.873864 0.00162587 0.00216698 8.86299 -0.102462 6.21488 -3.49203 -1.54167 0.66863 6 12 30.3127 0.0576888 0.740322 4 1 1 0 1 1 2 1 0 0 0 1 0 0 0
1 64 6360 461 987 0 0.0917194 0.731783 0.000928994 0.0013345 0.000157561 0.0692529 2.65635 6.29566 6.29566 5.90721 6 12 30.3127 0.0576888 0.740322 4 1 1 0 1 1 2 1 0 0 0 1 1 0 1
1 64 6360 9 989 0 0.452757 1.33591 0.00101983 0.00057139 0.628208 -0.0278205 5.46104 6.04297 6.04297 -30 6 12 23.0794 0.420225 1.34315 3 1 1 0 1 3 1 1 0 0 0 1 1 0 1
1 64 6360 2797 990 0 -0.0507789 1.61225 0.00167165 0.00160353 139.003 0.0895914 13.4986 5.04499 5.04499 -30 5 10 24.7782 -0.0328035 1.67765 3 1 1 0 1 2 1 1 0 0 0 1 1 0 1
1 64 6360 376 1000 0 0.431576 0.337428 0.000429483 0.000603004 0.00685736 0.0320037 1.58683 5.91732 5.91732 -30 5 10 20.9911 0.407412 0.324359 2 1 1 0 1 2 1 1 0 0 0 1 1 0 1
1 64 6360 8 1001 0 -0.0654706 0.386165 0.000713295 0.00174255 0.0007945 -0.0955246 1.48671 5.58168 5.58168 -30 5 10 24.9559 -0.0809222 0.384564 3 1 1 0 1 1 1 1 0 0 0 1 1 0 1
1 64 6360 865 1005 0 1.24542 0.0282579 0.000430482 0.000320798 0.000246411 -0.00476212 2.51775 -0.431249 1.37544 5.61106 6 12 18.5767 0.761508 0.0657232 2 2 1 0 1 9 11 1 0 0 1 1 1 0 1
1 64 6360 871 1005 1 1.09691 0.03485 0.000369598 0.000341777 0.000186188 -0.0064487 2.54778 -0.781902 1.61575 -30 6 12 18.5767 0.761508 0.0657232 2 1 1 0 1 12 11 1 0 0 1 1 1 0 1
1 64 6360 873 1005 0 0.298756 0.116129 0.000188282 0.000798045 0.00217845 -0.0393115 2.81809 -1.04758 4.76921 -30 6 12 18.5767 0.761508 0.0657232 2 1 1 0 1 12 11 1 0 0 1 1 1 0 1
1 64 6360 874 1005 1 1.01999 0.0187602 0.000368601 0.000370039 0.000319649 0.00801584 2.48771 1.75435 3.79552 -30 6 12 18.5767 0.761508 0.0657232 2 1 1 0 1 11 11 0 1 1 1 1 0 0 0
1 64 6360 879 1005 0 0.876144 0.0584525 0.000294699 0.000380137 8.07606e-06 -0.0109019 2.62787 -1.51487 3.76461 -30 6 12 18.5767 0.761508 0.0657232 2 1 1 0 1 13 11 1 0 0 1 1 1 0 1
1 64 6360 882 1005 0 0.682411 0.114168 0.000284415 0.000375269 0.000146575 -0.0170555 1.57681 -0.191922 2.9884 -30 6 12 18.5767 0.761508 0.0657232 2 1 1 0 1 12 11 1 0 0 0 1 1 0 1
1 64 6360 889 1005 0 1.11797 0.0575699 0.0015021 0.000482671 9.98198e-06 -0.00224693 2.55779 -1.43573 4.06546 -30 6 12 18.5767 0.761508 0.0657232 2 1 1 0 1 12 11 1 0 0 1 1 1 0 1
1 64 6360 890 1005 0 0.780836 0.0157299 0.000644614 0.000384984 0.000317052 -0.00911943 2.51775 6.29659 6.29659 -30 6 12 18.5767 0.761508 0.0657232 2 1 1 0 1 9 11 1 0 0 1 1 1 0 1
1 64 6360 898 1005 0 0.585031 0.0190063 0.000894458 0.000805078 0.000257461 0.0120569 2.51775 0.926262 3.26492 -30 6 12 18.5767 0.761508 0.0657232 2 1 1 0 1 9 11 1 0 0 1 1 1 0 1
1 64 6360 928 1005 1 -0.0294456 0.0586454 0.000253665 0.00164888 0.00562156 0.0908159 8.11404 -5.34164 6.7176 -30 6 12 18.5767 0.761508 0.0657232 2 1 1 0 1 3 11 1 0 0 0 1 0 0 0
1 64 6360 624 1009 0 0.0777825 0.640859 0.000838562 0.00132154 12.6628 0.0691059 7.82469 4.89527 4.89527 -30 5 10 26.0349 0.0656005 0.716734 3 1 1 0 1 2 1 1 0 0 0 1 1 0 1
1 64 6360 1157 1014 0 0.0784291 1.95202 0.00184586 0.00132645 16.0131 0.0537007 11.8196 5.04884 5.04884 -30 5 10 20.0077 0.104902 1.97758 2 6 1 5 0 1 6 1 0 0 0 1 1 0 1
1 64 6360 374 1017 0 0.119647 0.694082 0.000858462 0.00126348 0.000757946 -0.0650031 7.34604 -1.05491 5.81722 -30 6 12 33.0736 0.0562103 0.694097 4 1 1 0 1 2 2 1 0 0 0 1 1 0 1
1 64 6360 388 1017 0 0.0378524 0.732717 0.00101882 0.00148042 0.000928349 -0.0754612 0.0200604 4.17478 4.64969 -30 6 12 33.0736 0.0562103 0.694097 4 1 1 0 1 1 2 1 0 0 0 1 1 0 1
1 64 6360 201 1021 1 -0.0920569 0.10884 0.000320605 0.00183628 0.000266503 -0.108645 8.76479 -3.48099 1.12395 4.32683 6 12 27.0557 -0.0018098 0.222929 3 1 1 0 1 1 1 1 0 0 0 1 0 0 0
1 64 6360 721 1022 0 0.611016 0.781424 0.000670994 0.00047624 0.000360401 -0.0191431 1.69239 -1.97831 4.77767 -30 5 10 19.2259 0.155445 0.73463 2 1 1 0 1 3 1 1 0 0 0 1 1 0 1
1 64 6360 316 1026 1 -0.086048 2.14038 0.00385031 0.00191486 0.00243721 -0.0662871 4.54298 -4.54114 -2.17131 3.33716 5 10 18.987 0.0368027 2.19408 2 2 1 0 1 2 3 1 0 0 0 1 0 0 0
1 64 6360 866 1039 0 0.793628 0.297557 0.000355633 0.000351358 1.61387e-05 0.0139254 1.06623 -3.10718 4.3525 -30 5 10 18.6727 -0.0832535 0.377255 2 1 1 0 1 6 4 1 0 0 0 1 1 0 1
1 64 6360 875 1039 0 0.0218376 0.402534 0.000635193 0.00145779 1.53895 0.0812962 5.62401 -0.387318 6.33516 -30 5 10 18.6727 -0.0832535 0.377255 2 2 1 1 1 5 4 1 0 0 0 1 1 0 1
1 64 6360 907 1039 0 -0.0652689 0.302764 0.000614363 0.00181184 0.490556 0.0958956 5.11652 5.86615 5.86615 -30 5 10 18.6727 -0.0832535 0.377255 2 1 1 0 1 6 4 1 0 0 0 1 1 0 1
1 64 6360 83 1040 1 -0.0322068 0.858188 0.00146969 0.00188939 13.9162 0.0914631 7.02037 -2.49806 1.38659 5.93212 5 10 23.4489 0.226019 0.91763 3 1 1 0 1 2 1 1 0 0 0 1 0 0 0
1 64 6360 414 1042 0 -0.054794 1.48251 0.00165627 0.00161813 3.70706 0.0956298 7.93123 2.00054 5.47535 -30 5 10 24.2485 -0.0747372 1.51029 3 2 1 1 0 2 5 1 0 0 0 1 1 0 1
1 64 6360 805 1043 1 0.00111374 0.424098 0.000706141 0.0015813 2.63312 -0.0817364 6.19198 5.65827 5.65827 -30 5 10 19.5835 -0.0370511 0.511901 2 1 1 0 1 1 1 1 0 0 0 1 0 0 0
1 64 6360 1451 1044 0 -0.0723304 1.96503 0.0027241 0.00179252 2.59269 0.0850718 10.651 6.30757 6.30757 4.21795 5 10 24.6602 -0.10308 1.97731 3 4 1 0 0 2 6 1 0 0 0 1 1 0 1
1 64 6360 4019 1044 1 0.548406 1.97471 0.00234294 0.000601294 0.0015716 0.0294855 24.95 -1.06188 0.0632917 1.77173 5 10 24.6602 -0.10308 1.97731 3 2 1 0 0 1 6 0 1 1 1 1 0 0 0
1 64 6360 115 1045 0 -0.089222 1.03747 0.00183601 0.00220143 0.00264808 -0.10234 3.10342 3.66367 3.66367 2.77986 6 12 27.2335 -0.0919097 0.975671 3 1 1 0 1 2 1 1 0 0 0 1 1 0 1
1 64 6360 623 1048 1 -0.0273934 2.12323 0.00318264 0.00160105 3.78147e-06 0.0585592 5.90061 1.02251 1.02251 1.6537 5 10 19.8731 0.29693 2.08286 2 5 1 0 1 1 6 1 0 0 0 1 0 0 0
1 64 6360 459 1053 0 -0.0182284 0.30488 0.000536433 0.00158647 0.000190552 -0.0882351 6.35216 -5.11203 5.41186 -30 5 10 20.2995 -0.0739154 0.339702 2 1 1 0 1 2 1 1 0 0 0 1 1 0 1
1 64 6360 178 1058 1 0.239298 0.165869 0.00030187 0.000926701 0.000423857 0.0490501 1.82197 1.2968 1.2968 3.75099 6 12 17.0352 -0.0828304 0.139136 2 1 1 0 1 1 2 1 0 0 0 1 0 0 0
1 64 6360 182 1058 1 -0.0758979 0.0646576 0.000282868 0.00180781 0.00867079 0.101935 8.82486 -3.14276 -1.57558 0.460053 6 12 17.0352 -0.0828304 0.139136 2 1 1 0 1 2 2 1 0 0 0 1 0 0 0
1 64 6360 73 1059 0 0.028177 1.0848 0.00148963 0.00170016 1.10774e-06 0.077048 3.06562 -0.450783 5.49828 -30 6 12 27.349 0.215762 0.997542 3 1 1 0 1 2 2 1 0 0 0 1 1 0 1
1 64 6360 83 1059 1 -0.0322068 0.858188 0.00146969 0.00188939 13.9162 0.0914631 7.02037 -0.132964 1.38659 5.93212 6 12 27.349 0.215762 0.997542 3 1 1 0 1 2 2 1 0 0 0 1 0 0 0
1 64 6360 672 1064 0 0.0719322 0.474062 0.000693748 0.00140308 0.000669252 0.0721442 0.150278 -0.902953 6.44431 -30 5 10 18.1975 0.22014 0.467745 2 1 1 0 1 3 2 1 0 0 0 1 1 0 1
1 64 6360 678 1064 0 -0.0513943 0.447978 0.000810001 0.00177636 0.620764 0.0961011 3.45594 -1.61666 5.60827 -30 5 10 18.1975 0.22014 0.467745 2 1 1 0 1 3 2 1 0 0 0 1 1 0 1
1 64 6360 3076 1065 1 0.0593965 2.03485 0.00190497 0.00127406 5.77842e-06 0.0556507 10.2241 0.754454 2.18132 2.22999 6 12 31.2779 -0.0856775 1.96865 4 7 1 0 0 1 7 1 0 0 0 1 0 0 0
1 64 6360 1291 1066 2 0.342386 1.38932 0.00125593 0.000772997 440.551 -0.0392816 18.9093 -4.02196 -0.0229749 3.59617 5 10 19.8984 -0.089584 1.36241 2 1 1 0 1 2 1 1 0 0 0 0 0 1 0
1 64 6360 2687 1067 1 -0.0895129 1.77997 0.00196256 0.00178982 0.00217922 -0.0990412 7.71153 -3.76051 -0.0362083 3.66674 5 10 26.5702 0.274763 1.89111 3 1 1 0 1 1 10 1 0 0 0 1 0 0 0
1 64 6360 5837 1067 0 -0.0985156 1.97877 0.00207747 0.00168499 0.0083362 -0.110514 24.4 -2.03056 6.2904 5.58768 5 10 26.5702 0.274763 1.89111 3 1 1 0 1 3 10 1 0 0 0 1 1 0 1
1 64 6360 5856 1067 1 0.00575677 1.93381 0.00205552 0.00153161 0.00751707 0.0882566 24.95 0.334236 0.858781 4.66476 5 10 26.5702 0.274763 1.89111 3 8 1 0 0 3 10 1 0 0 0 1 0 0 0
1 64 6360 545 1069 0 0.000384961 0.486581 0.000749576 0.00148701 0.0007786 -0.0824108 2.95825 6.25132 6.25132 -30 6 12 24.9283 -0.00686549 0.420323 3 1 1 0 1 2 1 1 0 0 0 1 1 0 1
1 64 6360 339 1070 0 -0.0679189 1.13824 0.00193631 0.00222899 0.000140222 -0.0967109 2.0806 -3.55795 2.56718 -30 6 12 30.2634 0.0158324 1.17057 4 1 1 0 1 4 2 1 0 0 0 1 1 0 1
1 64 6360 371 1070 0 0.134638 1.0844 0.001213 0.00134645 5.23867e-05 0.0621935 2.56896 -1.07432 6.24202 -30 6 12 30.2634 0.0158324 1.17057 4 1 1 0 1 4 2 1 0 0 0 1 1 0 1
1 64 6360 50 1072 0 0.00801094 1.67131 0.00175709 0.00150087 0.000110485 0.0731987 4.98909 -0.616329 4.98557 3.31669 5 10 24.3819 -0.0119605 1.6238 3 1 1 0 1 2 1 1 0 0 0 1 1 0 1
1 64 6360 161 1076 1 -0.0816302 1.30644 0.00178597 0.00172831 1.40994 -0.09616 5.52371 -2.32942 0.426195 4.34005 5 10 18.8019 -0.130268 1.39853 2 1 1 0 1 3 1 1 0 0 0 1 0 0 0
1 64 6360 857 1082 0 0.975667 0.162663 0.000338712 0.000245785 0.0116357 -0.00900236 2.97239 -2.18811 3.80926 -30 6 12 26.7159 1.22987 0.0737348 4 1 1 0 1 11 11 1 0 0 1 1 1 0 1
1 64 6360 858 1082 0 0.848497 0.00342629 0.000392739 0.00040774 0.000384403 0.0122303 2.41763 -0.699875 4.65721 -30 6 12 26.7159 1.22987 0.0737348 4 1 1 0 1 6 11 1 0 0 1 1 1 0 1
1 64 6360 865 1082 0 1.24542 0.0282579 0.000430482 0.000320798 0.000246411 -0.00476212 2.51775 1.37544 1.37544 5.61106 6 12 26.7159 1.22987 0.0737348 4 2 1 0 1 9 11 1 0 0 1 1 1 0 1
1 64 6360 871 1082 1 1.09691 0.03485 0.000369598 0.000341777 0.000186188 -0.0064487 2.54778 0.746278 1.61575 -30 6 12 26.7159 1.22987 0.0737348 4 1 1 0 1 12 11 1 0 0 1 1 1 0 1
1 64 6360 873 1082 0 0.298756 0.116129 0.000188282 0.000798045 0.00217845 -0.0393115 2.81809 -1.88649 4.76921 -30 6 12 26.7159 1.22987 0.0737348 4 1 1 0 1 12 11 1 0 0 1 1 1 0 1
1 64 6360 874 1082 1 1.01999 0.0187602 0.000368601 0.000370039 0.000319649 0.00801584 2.48771 1.44695 3.79552 -30 6 12 26.7159 1.22987 0.0737348 4 1 1 0 1 11 11 0 1 1 1 1 0 0 0
1 64 6360 879 1082 0 0.876144 0.0584525 0.000294699 0.000380137 8.07606e-06 -0.0109019 2.62787 -0.144053 3.76461 -30 6 12 26.7159 1.22987 0.0737348 4 1 1 0 1 13 11 1 0 0 1 1 1 0 1
1 64 6360 882 1082 0 0.682411 0.114168 0.000284415 0.000375269 0.000146575 -0.0170555 1.57681 -0.577392 2.9884 -30 6 12 26.7159 1.22987 0.0737348 4 1 1 0 1 12 11 1 0 0 0 1 1 0 1
1 64 6360 889 1082 0 1.11797 0.0575699 0.0015021 0.000482671 9.98198e-06 -0.00224693 2.55779 -1.14175 4.06546 -30 6 12 26.7159 1.22987 0.0737348 4 1 1 0 1 12 11 1 0 0 1 1 1 0 1
1 64 6360 890 1082 0 0.780836 0.0157299 0.000644614 0.000384984 0.000317052 -0.00911943 2.51775 0.166889 6.29659 -30 6 12 26.7159 1.22987 0.0737348 4 1 1 0 1 9 11 1 0 0 1 1 1 0 1
1 64 6360 484 1083 0 0.223395 1.35611 0.00135646 0.00127868 0.000885255 -0.0490464 2.11002 -4.41229 6.46212 -30 5 10 19.7947 -0.408581 1.4562 2 1 1 0 1 2 2 1 0 0 0 1 1 0 1
1 64 6360 504 1083 0 -0.0880869 1.40376 0.00172357 0.0017606 46.208 0.0987115 9.5679 6.52279 6.52279 -30 5 10 19.7947 -0.408581 1.4562 2 1 1 0 1 5 2 1 0 0 0 1 1 0 1
1 64 6360 431 1084 1 -0.0206657 0.392396 0.000674348 0.00160039 3.49223 -0.0899549 7.91381 -1.62041 5.62116 -30 5 10 18.6709 0.0566851 0.331947 2 1 1 0 1 3 2 1 0 0 0 1 1 0 1
1 64 6360 460 1084 0 0.0325006 0.458269 0.000677658 0.00142189 0.000714123 -0.0786484 2.5694 3.12149 3.12149 3.08619 5 10 18.6709 0.0566851 0.331947 2 1 1 0 1 3 2 1 0 0 0 1 1 0 1
1 64 6360 242 1086 1 -0.0473931 1.44241 0.00168679 0.00171127 2.22218 -0.0973621 8.10788 -3.38376 0.0897766 1.99895 6 12 21.3319 0.0783785 1.36684 3 2 1 0 1 1 2 1 0 0 0 1 0 0 0
1 64 6360 525 1092 0 0.361528 1.20589 0.00112591 0.00107806 0.000620888 -0.0372117 2.72003 -1.252 6.48375 -30 6 12 26.906 0.0487746 1.26292 3 1 1 0 1 2 1 1 0 0 0 1 1 0 1
1 64 6360 18 1093 1 0.06958 0.27501 0.000508891 0.00158519 0.000268997 -0.0698245 1.08625 5.61572 5.61572 -30 6 12 27.5171 0.048529 0.244808 3 1 1 0 1 4 2 1 0 0 0 1 0 0 0
1 64 6360 45 1093 0 -0.0661853 0.186313 0.000419257 0.00166074 0.000233158 0.0968903 0.545628 -2.55163 6.03541 -30 6 12 27.5171 0.048529 0.244808 3 1 1 0 1 4 2 1 0 0 0 1 1 0 1
1 64 6360 520 1094 0 -0.0167784 0.244633 0.000477092 0.00157397 0.0100895 0.0864416 1.65691 5.67055 5.67055 -30 6 12 27.7662 -0.0455427 0.270478 3 1 1 0 1 1 3 1 0 0 0 1 1 0 1
1 64 6360 521 1094 1 -0.0707244 0.212708 0.000482606 0.0017704 0.000199478 0.0984084 0.325374 0.556492 1.42359 4.5692 6 12 27.7662 -0.0455427 0.270478 3 1 1 0 1 1 3 1 0 0 0 1 0 0 0
1 64 6360 527 1094 1 0.014487 0.302091 0.000471729 0.00144456 0.194994 0.0809143 3.46884 0.333674 0.333674 4.04264 6 12 27.7662 -0.0455427 0.270478 3 1 1 0 1 1 3 1 0 0 0 1 0 0 0
1 64 6360 875 1095 0 0.0218376 0.402534 0.000635193 0.00145779 1.53895 0.0812962 5.62401 3.5679 6.33516 -30 5 10 17.4172 0.0256034 0.506133 2 2 1 1 1 5 2 1 0 0 0 1 1 0 1
1 64 6360 793 1099 0 0.22877 1.1958 0.00120849 0.00118647 0.000857133 0.0505934 0.873192 -2.72872 6.03555 -30 5 10 25.6556 0.0543742 1.0891 3 1 1 0 1 3 2 1 0 0 0 1 1 0 1
1 64 6360 801 1099 0 -0.0384113 1.02971 0.00173134 0.00206634 0.00196632 0.0907767 3.73255 -3.91798 6.06191 -30 5 10 25.6556 0.0543742 1.0891 3 1 1 0 1 5 2 1 0 0 0 1 1 0 1
1 64 6360 463 1102 0 0.604503 0.488407 0.000404449 0.000432721 0.229696 0.0213713 2.83071 -1.66187 6.86613 -30 6 12 28.1539 -0.0428765 0.599531 3 1 1 0 1 3 3 1 0 0 0 1 1 0 1
1 64 6360 468 1102 0 -0.00830785 0.573166 0.000903331 0.00160352 0.55257 0.0865898 3.07172 5.2952 5.2952 -30 6 12 28.1539 -0.0428765 0.599531 3 2 1 1 0 3 3 1 0 0 0 1 0 0 0
1 64 6360 256 1103 1 -0.0622838 0.504454 0.000861517 0.0017251 0.00092592 -0.0942245 1.43665 2.85336 4.67901 4.7374 5 10 22.8967 -0.0697449 0.401132 3 1 1 0 1 4 2 1 0 0 0 1 0 0 0
1 64 6360 269 1103 1 0.859866 0.451221 0.000507996 0.000266835 0.000391908 -0.0118517 0.840375 -0.212043 -0.186525 -30 5 10 22.8967 -0.0697449 0.401132 3 1 1 0 1 5 2 0 1 1 1 1 0 0 0
1 64 6360 608 1109 1 -0.0747412 0.0330316 0.000251626 0.00174934 0.000287431 0.100812 0.896031 -1.7002 0.336608 3.51238 5 10 19.5415 0.163359 0.107778 2 1 1 0 1 2 3 1 0 0 0 1 0 0 0
1 64 6360 626 1109 1 -0.0960266 0.154841 0.000388769 0.00197755 0.000252135 0.101853 3.55895 -1.91887 -0.691293 1.57503 5 10 19.5415 0.163359 0.107778 2 2 1 0 1 2 3 1 0 0 0 1 0 0 0
1 64 6360 672 1110 0 0.0719322 0.474062 0.000693748 0.00140308 0.000669252 0.0721442 0.150278 6.44431 6.44431 -30 6 12 26.8362 0.101707 0.458438 3 1 1 0 1 3 2 1 0 0 0 1 1 0 1
1 64 6360 678 1110 0 -0.0513943 0.447978 0.000810001 0.00177636 0.620764 0.0961011 3.45594 -0.89075 5.60827 -30 6 12 26.8362 0.101707 0.458438 3 1 1 0 1 3 2 1 0 0 0 1 1 0 1
1 64 6360 570 1111 1 -0.0373503 0.240967 0.000485539 0.0016071 0.598186 -0.0932206 7.79367 2.84026 3.14969 -30 5 10 19.0407 -0.0547607 0.377903 2 1 1 0 1 1 1 1 0 0 0 1 0 0 0
1 64 6360 3189 1113 1 0.137362 1.77044 0.00169157 0.00111112 178.568 -0.0515733 17.9357 1.9443 1.9443 5.67922 6 12 29.4121 0.185663 1.76522 4 12 1 0 0 2 17 1 0 0 0 1 0 0 0
1 64 6360 6698 1113 2 0.0780829 1.63855 0.00189957 0.00119626 856.239 0.0749668 25.65 -1.57197 1.02011 3.61134 6 12 29.4121 0.185663 1.76522 4 1 1 0 1 2 17 1 0 0 0 0 0 1 0
1 64 6360 96 1114 0 0.04958 0.15418 0.000331546 0.00141219 0.00059412 -0.0753759 0.575662 6.09343 6.09343 -30 6 12 31.7166 0.0633443 0.157119 4 1 1 0 1 2 2 1 0 0 0 1 1 0 1
1 64 6360 127 1114 0 0.0305653 0.0816676 0.0003023 0.0015022 0.00776599 0.0802259 5.32666 -1.82596 4.60823 5.69448 6 12 31.7166 0.0633443 0.157119 4 1 1 0 1 4 2 1 0 0 0 1 1 0 1
1 64 6360 3179 1118 2 0.0968788 2.42406 0.00205476 0.0013987 0.000214827 -0.0365812 8.85339 1.3778 1.3778 1.33997 5 10 20.3777 0.204406 2.31499 2 1 1 0 1 1 7 1 0 0 0 0 0 1 0
1 64 6360 756 1120 0 0.628235 1.32106 0.000699435 0.000376504 114.292 -0.0189536 12.0784 4.98314 4.98314 -30 6 12 21.9997 0.66219 1.38624 3 1 1 0 1 2 1 1 0 0 0 1 1 0 1
1 64 6360 777 1121 0 0.224465 0.0320132 0.000272439 0.000988453 0.000363528 0.050896 0.225259 -0.453066 6.35327 -30 6 12 26.9027 0.0312032 0.0235739 3 1 1 0 1 2 1 1 0 0 0 1 1 0 1
1 64 6360 875 1122 0 0.0218376 0.402534 0.000635193 0.00145779 1.53895 0.0812962 5.62401 4.56128 6.33516 -30 5 10 18.8293 0.00207662 0.476739 2 2 1 1 1 5 2 1 0 0 0 1 1 0 1
1 64 6360 115 1127 0 -0.089222 1.03747 0.00183601 0.00220143 0.00264808 -0.10234 3.10342 -2.54403 3.66367 2.77986 6 12 26.329 -0.0501341 0.988328 3 1 1 0 1 2 2 1 0 0 0 1 1 0 1
1 64 6360 153 1127 1 -0.0825049 0.945974 0.00169526 0.0021588 0.00964783 0.100434 3.07235 1.20939 1.20939 2.42701 6 12 26.329 -0.0501341 0.988328 3 1 1 0 1 1 2 1 0 0 0 1 0 0 0
1 64 6360 746 1130 0 0.141666 0.688129 0.000823292 0.00120004 0.00067267 0.0594491 0.0699729 4.15674 4.15674 -30 5 10 18.9114 -0.0114429 0.687603 2 1 1 0 1 2 1 1 0 0 1 1 1 0 1
1 64 6360 850 1131 1 -0.02693 1.54803 0.00164293 0.00155724 0.00513745 -0.0936819 4.01948 3.41743 3.41743 -30 5 10 20.1723 -0.0603958 1.55885 2 2 1 1 1 1 2 1 0 0 0 1 0 0 0
1 64 6360 938 1135 0 0.040712 0.298357 0.000469508 0.00134648 0.651819 0.0773153 5.54123 0.00464845 6.63739 -30 5 10 18.4213 0.10404 0.376601 2 1 1 0 1 4 1 1 0 0 0 1 1 0 1
1 64 6360 921 1136 0 0.575673 0.21605 0.000282963 0.000512263 0.159891 -0.0225649 4.93052 5.43561 5.43561 -30 6 12 24.9031 0.587867 0.295452 3 1 1 0 1 2 2 1 0 0 0 1 1 0 1
1 64 6360 938 1136 0 0.040712 0.298357 0.000469508 0.00134648 0.651819 0.0773153 5.54123 -2.39899 6.63739 -30 6 12 24.9031 0.587867 0.295452 3 1 1 0 1 4 2 1 0 0 0 1 1 0 1
1 64 6360 230 1138 0 0.159904 0.389522 0.000517445 0.00113773 0.000252264 0.0606636 3.56896 3.86213 3.86213 -30 6 12 29.7745 0.144279 0.295496 4 1 1 0 1 1 1 1 0 0 0 1 1 0 1
1 64 6360 608 1139 1 -0.0747412 0.0330316 0.000251626 0.00174934 0.000287431 0.100812 0.896031 -4.61434 0.336608 3.51238 6 12 19.9526 -0.00988039 0.0862417 3 1 1 0 1 2 1 1 0 0 0 1 0 0 0
1 64 6360 424 1141 1 0.343746 1.35319 0.00113126 0.000648266 0.117049 0.035 6.08967 3.54478 3.54478 3.83061 5 10 22.1919 0.319824 1.38951 3 1 1 0 1 1 3 1 0 0 0 1 0 0 0
1 64 6360 2859 1146 0 0.0224748 1.73255 0.00161402 0.00134773 0.0255845 -0.0852419 7.49995 1.37607 3.95577 2.62064 5 10 23.8048 -0.0249643 1.80245 3 2 1 0 0 2 2 1 0 0 0 1 1 0 1
1 64 6360 339 1150 0 -0.0679189 1.13824 0.00193631 0.00222899 0.000140222 -0.0967109 2.0806 -3.09453 2.56718 -30 5 10 22.133 -0.0807365 1.24093 3 1 1 0 1 4 1 1 0 0 0 1 1 0 1
1 64 6360 448 1152 1 0.260193 1.81667 0.00133915 0.000818226 4.36838 -0.0308216 10.9664 -2.35552 1.78871 3.40795 7 14 29.139 -0.0975147 1.70526 4 4 1 0 1 1 9 1 0 0 0 1 0 0 0
1 64 6360 471 1152 1 0.421997 1.58512 0.000875894 0.000591996 0.000744684 0.0265412 4.53585 -3.28176 1.57657 -30 7 14 29.139 -0.0975147 1.70526 4 2 1 1 0 4 9 1 0 1 1 1 0 0 0
1 64 6360 1623 1152 2 -0.0937397 1.77651 0.00221954 0.0017543 0.0767891 -0.108856 9.02076 -1.88351 0.660999 1.14175 7 14 29.139 -0.0975147 1.70526 4 2 1 0 0 1 9 1 0 0 0 0 0 1 0
1 64 6360 891 1154 0 0.515696 1.34249 0.00101874 0.000646337 0.000286326 -0.0250461 3.27456 6.23164 6.23164 -30 6 12 25.6981 0.504674 1.25161 3 1 1 0 1 2 1 1 0 0 0 1 1 0 1
1 64 6360 669 1158 0 0.00848082 1.63021 0.00164603 0.00151362 0.00282505 -0.0774157 4.15964 3.36124 3.36124 -30 6 12 27.6128 0.077235 1.61815 3 1 1 0 1 1 2 1 0 0 0 1 0 0 0
1 64 6360 679 1158 0 0.57955 1.5343 0.000970229 0.000402527 5.32932 -0.0205957 7.52055 0.443855 1.36186 -30 6 12 27.6128 0.077235 1.61815 3 1 1 0 1 1 2 1 0 0 0 1 1 0 1
1 64 6360 283 1159 1 0.152434 1.60879 0.0013313 0.00114759 0.00139234 -0.0564759 4.46214 -0.292045 -0.292045 3.85385 6 12 31.2445 0.254792 1.59089 4 2 1 0 0 1 2 0 1 1 1 1 0 0 0
1 64 6360 653 1160 1 -0.0979644 1.67649 0.0019234 0.00169328 0.00379018 0.0888428 6.56785 1.63338 1.63338 5.77126 6 12 28.8252 -0.0285459 1.60082 4 1 1 0 1 2 5 1 0 0 0 1 0 0 0
1 64 6360 471 1163 1 0.421997 1.58512 0.000875894 0.000591996 0.000744684 0.0265412 4.53585 1.57657 1.57657 -30 6 12 25.0266 0.0296674 1.61869 3 2 1 1 0 4 3 1 0 1 1 1 0 0 0
1 64 6360 161 1166 1 -0.0816302 1.30644 0.00178597 0.00172831 1.40994 -0.09616 5.52371 0.426195 0.426195 4.34005 6 12 27.4546 -0.0517547 1.27206 3 1 1 0 1 3 1 1 0 0 0 1 0 0 0
1 64 6360 426 1167 1 -0.0744488 0.0939759 0.000353174 0.00174516 0.000490365 -0.1025 8.62463 -3.46349 -0.353901 5.39323 5 10 18.8961 -0.0926857 0.107369 2 1 1 0 1 1 2 1 0 0 0 1 0 0 0
1 64 6360 509 1167 0 -0.0344628 0.0900166 0.000315979 0.00165576 0.000455049 0.0892513 2.36757 1.30076 6.2188 -30 5 10 18.8961 -0.0926857 0.107369 2 1 1 0 1 3 2 1 0 0 0 1 1 0 1
1 64 6360 857 1171 0 0.975667 0.162663 0.000338712 0.000245785 0.0116357 -0.00900236 2.97239 -2.43002 3.80926 -30 6 12 17.1486 -0.0909793 0.0823444 2 1 1 0 1 11 11 1 0 0 1 1 1 0 1
1 64 6360 865 1171 0 1.24542 0.0282579 0.000430482 0.000320798 0.000246411 -0.00476212 2.51775 -3.73533 1.37544 5.61106 6 12 17.1486 -0.0909793 0.0823444 2 2 1 0 1 9 11 1 0 0 1 1 1 0 1
1 64 6360 871 1171 1 1.09691 0.03485 0.000369598 0.000341777 0.000186188 -0.0064487 2.54778 -3.25724 1.61575 -30 6 12 17.1486 -0.0909793 0.0823444 2 1 1 0 1 12 11 1 0 0 1 1 1 0 1
1 64 6360 873 1171 0 0.298756 0.116129 0.000188282 0.000798045 0.00217845 -0.0393115 2.81809 -0.855266 4.76921 -30 6 12 17.1486 -0.0909793 0.0823444 2 1 1 0 1 12 11 1 0 0 1 1 1 0 1
1 64 6360 874 1171 1 1.01999 0.0187602 0.000368601 0.000370039 0.000319649 0.00801584 2.48771 -2.0099 3.79552 -30 6 12 17.1486 -0.0909793 0.0823444 2 1 1 0 1 11 11 0 1 1 1 1 0 0 0
1 64 6360 879 1171 0 0.876144 0.0584525 0.000294699 0.000380137 8.07606e-06 -0.0109019 2.62787 -2.47264 3.76461 -30 6 12 17.1486 -0.0909793 0.0823444 2 1 1 0 1 13 11 1 0 0 1 1 1 0 1
1 64 6360 882 1171 0 0.682411 0.114168 0.000284415 0.000375269 0.000146575 -0.0170555 1.57681 -1.59095 2.9884 -30 6 12 17.1486 -0.0909793 0.0823444 2 1 1 0 1 12 11 1 0 0 0 1 1 0 1
1 64 6360 889 1171 0 1.11797 0.0575699 0.0015021 0.000482671 9.98198e-06 -0.00224693 2.55779 -2.65365 4.06546 -30 6 12 17.1486 -0.0909793 0.0823444 2 1 1 0 1 12 11 1 0 0 1 1 1 0 1
1 64 6360 890 1171 0 0.780836 0.0157299 0.000644614 0.000384984 0.000317052 -0.00911943 2.51775 -1.93317 6.29659 -30 6 12 17.1486 -0.0909793 0.0823444 2 1 1 0 1 9 11 1 0 0 1 1 1 0 1
1 64 6360 898 1171 0 0.585031 0.0190063 0.000894458 0.000805078 0.000257461 0.0120569 2.51775 -1.75027 3.26492 -30 6 12 17.1486 -0.0909793 0.0823444 2 1 1 0 1 9 11 1 0 0 1 1 1 0 1
1 64 6360 232 1172 0 -0.0859214 1.58374 0.00204885 0.0017307 0.00590035 0.100304 0.652695 4.23015 4.23015 -30 6 12 26.5522 -0.0588798 1.53388 3 1 1 0 1 1 1 1 0 0 0 1 1 0 1
1 64 6360 71 1173 0 -0.0542756 1.43245 0.00179349 0.00165631 0.000128735 -0.0852605 4.85438 3.01242 3.01242 -30 5 10 23.3016 0.0533772 1.43215 3 4 1 3 0 1 4 1 0 0 0 1 1 0 1
1 64 6360 771 1174 0 0.00521365 1.49107 0.00164821 0.00140016 0.00010951 -0.0784567 0.938267 -1.78485 5.41114 -30 5 10 23.1803 0.320955 1.43412 3 2 1 1 1 2 2 1 0 0 0 1 1 0 1
1 64 6360 2788 1178 1 0.132651 2.02268 0.00165261 0.00123734 1.93931e-05 0.0555976 1.17015 -1.92205 2.89736 5.90681 5 10 23.0634 0.0632465 2.00349 3 4 1 2 0 2 18 1 0 0 0 1 0 0 0
1 64 6360 5924 1178 0 0.0504086 1.96288 0.00193751 0.00136195 273.233 -0.0636848 26.2 3.94153 3.94153 4.76557 5 10 23.0634 0.0632465 2.00349 3 10 1 0 0 1 18 1 0 0 0 1 1 0 1
1 64 6360 5999 1178 0 0.0928101 1.94905 0.00160927 0.00103747 0.00048888 0.0691429 24.4 -2.1557 5.27996 -30 5 10 23.0634 0.0632465 2.00349 3 4 1 3 1 2 18 1 0 0 0 1 1 0 1
1 64 6360 76 1186 0 0.0175798 0.217771 0.00042802 0.00148804 0.000518341 -0.0785952 2.14463 -2.73326 6.62181 -30 6 12 26.052 -0.0168441 0.188812 3 1 1 0 1 2 3 1 0 0 0 1 1 0 1
1 64 6360 96 1186 0 0.04958 0.15418 0.000331546 0.00141219 0.00059412 -0.0753759 0.575662 -3.33942 6.09343 -30 6 12 26.052 -0.0168441 0.188812 3 1 1 0 1 2 3 1 0 0 0 1 1 0 1
1 64 6360 127 1186 0 0.0305653 0.0816676 0.0003023 0.0015022 0.00776599 0.0802259 5.32666 4.60823 4.60823 5.69448 6 12 26.052 -0.0168441 0.188812 3 1 1 0 1 4 3 1 0 0 0 1 1 0 1
1 64 6360 339 1187 0 -0.0679189 1.13824 0.00193631 0.00222899 0.000140222 -0.0967109 2.0806 2.56718 2.56718 -30 6 12 29.4363 -0.0705404 1.13883 4 1 1 0 1 4 2 1 0 0 0 1 1 0 1
1 64 6360 371 1187 0 0.134638 1.0844 0.001213 0.00134645 5.23867e-05 0.0621935 2.56896 -0.874333 6.24202 -30 6 12 29.4363 -0.0705404 1.13883 4 1 1 0 1 4 2 1 0 0 0 1 1 0 1
1 64 6360 2449 1189 0 -0.0722239 1.87766 0.00205252 0.00178664 6.36655 -0.0846453 10.079 2.55663 2.55663 4.62126 5 10 23.3077 -0.0640105 1.90873 3 4 1 0 0 2 14 1 0 0 0 1 1 0 1
1 64 6360 5443 1189 1 0.230954 1.95513 0.00156978 0.000762755 2.22431e-05 -0.0521102 24.4 0.576482 3.00755 3.31051 5 10 23.3077 -0.0640105 1.90873 3 10 1 0 0 1 14 1 0 0 0 1 0 0 0
1 64 6360 256 1190 1 -0.0622838 0.504454 0.000861517 0.0017251 0.00092592 -0.0942245 1.43665 -2.93947 4.67901 4.7374 5 10 16.1014 0.0606569 0.384414 3 1 1 0 1 4 2 1 0 0 0 1 0 0 0
1 64 6360 269 1190 1 0.859866 0.451221 0.000507996 0.000266835 0.000391908 -0.0118517 0.840375 -0.186525 -0.186525 -30 5 10 16.1014 0.0606569 0.384414 3 1 1 0 1 5 2 0 1 1 1 1 0 0 0
1 64 6360 595 1191 0 -0.0220132 0.46912 0.000923465 0.00196178 0.000872372 -0.0901918 1.07624 6.24429 6.24429 -30 6 12 24.2785 -0.0216272 0.468536 3 1 1 0 1 2 1 1 0 0 0 1 1 0 1
1 64 6360 800 1194 1 0.306867 0.00415285 0.0002569 0.000866441 0.000385421 0.0405846 0.285328 1.65523 2.17408 1.38177 5 10 16.8075 0.27973 0.0411375 2 1 1 0 1 1 1 1 0 0 0 1 0 0 0
1 64 6360 6698 1196 2 0.0780829 1.63855 0.00189957 0.00119626 856.239 0.0749668 25.65 -2.46711 1.02011 3.61134 6 12 25.0817 -0.000722586 1.62348 3 1 1 0 1 2 1 1 0 0 0 0 0 1 0
1 64 6360 838 1197 1 -0.0175107 1.78883 0.00162779 0.00140374 0.00407616 -0.0822838 1.02327 -3.70359 1.92421 5.34242 5 10 19.9858 -0.104621 1.78302 2 2 1 0 1 3 4 1 0 0 0 1 0 0 0
1 64 6360 843 1197 1 0.334589 1.85428 0.00247787 0.000784179 0.00085786 0.0301744 8.36702 0.254967 1.99398 2.46409 5 10 19.9858 -0.104621 1.78302 2 1 1 0 1 3 4 1 0 0 0 1 0 0 0
1 64 6360 2331 1197 1 0.0355528 1.67416 0.00150547 0.00137033 92.7415 -0.0703909 12.6992 -2.42512 -0.302641 2.55061 5 10 19.9858 -0.104621 1.78302 2 1 1 0 1 3 4 1 0 0 0 1 0 0 0
1 64 6360 564 1200 0 0.703837 1.4616 0.000825995 0.000331266 0.123651 0.0177073 6.9169 -1.33021 5.35212 -30 5 10 18.8855 0.1349 1.48189 2 2 1 1 1 2 2 1 0 0 0 1 1 0 1
1 64 6360 296 1201 0 0.0286956 0.398019 0.000603982 0.00141239 0.000663149 -0.0791312 6.44226 -0.6926 6.49445 -30 5 10 21.1893 0.0212715 0.330508 3 1 1 0 1 4 2 1 0 0 0 1 1 0 1
1 64 6360 308 1201 0 0.0208275 0.372601 0.000578597 0.00136542 0.000648924 -0.0791877 1.35656 6.79154 6.79154 -30 5 10 21.1893 0.0212715 0.330508 3 1 1 0 1 4 2 1 0 0 1 1 1 0 1
1 64 6360 573 1203 0 -0.0530664 0.602382 0.00106855 0.00181906 0.00113856 0.0941833 1.54945 3.11733 6.58219 -30 5 10 18.3449 -0.0907728 0.626801 2 1 1 0 1 2 1 1 0 0 0 1 1 0 1
1 64 6360 509 1205 0 -0.0344628 0.0900166 0.000315979 0.00165576 0.000455049 0.0892513 2.36757 -3.81098 6.2188 -30 5 10 18.2184 0.0698245 0.0599622 2 1 1 0 1 3 1 1 0 0 0 1 1 0 1
1 64 6360 873 1207 0 0.298756 0.116129 0.000188282 0.000798045 0.00217845 -0.0393115 2.81809 0.282199 4.76921 -30 5 10 17.2129 0.157162 0.172973 3 1 1 0 1 12 5 1 0 0 1 1 1 0 1
1 64 6360 879 1207 0 0.876144 0.0584525 0.000294699 0.000380137 8.07606e-06 -0.0109019 2.62787 -2.59915 3.76461 -30 5 10 17.2129 0.157162 0.172973 3 1 1 0 1 13 5 1 0 0 1 1 1 0 1
1 64 6360 882 1207 0 0.682411 0.114168 0.000284415 0.000375269 0.000146575 -0.0170555 1.57681 -1.96461 2.9884 -30 5 10 17.2129 0.157162 0.172973 3 1 1 0 1 12 5 1 0 0 0 1 1 0 1
1 64 6360 889 1207 0 1.11797 0.0575699 0.0015021 0.000482671 9.98198e-06 -0.00224693 2.55779 -2.6938 4.06546 -30 5 10 17.2129 0.157162 0.172973 3 1 1 0 1 12 5 1 0 0 1 1 1 0 1
1 64 6360 929 1207 0 0.257026 0.248096 0.000380036 0.000950772 0.203893 0.0476615 4.78331 -1.70503 6.51283 -30 5 10 17.2129 0.157162 0.172973 3 1 1 0 1 3 5 1 0 0 0 1 1 0 1
1 64 6360 2388 1208 1 0.524373 2.39177 0.00566171 0.000751517 0.000451067 0.0143022 14.1374 2.41427 2.41427 0.174229 5 10 18.2191 0.330662 2.36277 3 18 1 0 0 1 50 1 0 0 0 1 0 0 0
1 64 6360 5247 1208 1 0.0761453 2.44784 0.00448104 0.00132411 196.607 -0.038288 25.65 -3.35305 -1.07506 -0.245802 5 10 18.2191 0.330662 2.36277 3 1 1 0 1 1 50 1 0 0 0 1 0 0 0
1 64 6360 48 1209 0 0.318482 0.378519 0.000395787 0.000767728 0.000324062 0.0408868 8.01392 -3.49111 6.48597 -30 5 10 22.8812 -0.0840422 0.324033 3 1 1 0 1 2 1 1 0 0 0 1 1 0 1
1 64 6360 537 1210 0 0.0889622 0.115756 0.000400989 0.00122607 0.00430776 -0.072123 3.45883 3.44156 3.44156 -30 5 10 22.8344 0.0831762 0.174288 3 1 1 0 1 2 2 1 0 0 0 1 1 0 1
1 64 6360 555 1210 0 0.013683 0.164154 0.000364697 0.00151438 0.00104043 0.0793356 1.4767 -1.6251 6.42365 -30 5 10 22.8344 0.0831762 0.174288 3 1 1 0 1 2 2 1 0 0 0 1 1 0 1
1 64 6360 595 1213 0 -0.0220132 0.46912 0.000923465 0.00196178 0.000872372 -0.0901918 1.07624 0.0449775 6.24429 -30 5 10 18.8139 -0.0754704 0.384643 2 1 1 0 1 2 3 1 0 0 0 1 1 0 1
1 64 6360 276 1215 0 0.183977 0.554166 0.000614607 0.00100545 0.000560766 -0.0539738 1.46669 -3.95917 6.77513 -30 5 10 18.7589 -0.0454332 0.571893 2 1 1 0 1 3 1 1 0 0 0 1 1 0 1
1 64 6360 382 1216 0 0.184839 0.0656752 0.000279922 0.00105926 0.00042242 0.0557103 4.81039 4.85531 4.85531 -30 6 12 24.0036 0.174925 0.15721 3 1 1 0 1 1 1 1 0 0 0 1 1 0 1
1 64 6360 9 1221 0 0.452757 1.33591 0.00101983 0.00057139 0.628208 -0.0278205 5.46104 -2.62094 6.04297 -30 5 10 21.8541 -0.018944 1.309 3 1 1 0 1 3 1 1 0 0 0 1 1 0 1
1 64 6360 471 1223 1 0.421997 1.58512 0.000875894 0.000591996 0.000744684 0.0265412 4.53585 -0.729466 1.57657 -30 5 10 21.0426 0.0359026 1.58294 3 2 1 1 0 4 2 1 0 1 1 1 0 0 0
1 64 6360 148 1224 0 0.471116 1.33572 0.000937793 0.000562527 0.62823 0.0256999 5.43172 -1.17366 6.38495 -30 5 10 22.89 0.00366943 1.44243 3 1 1 0 1 1 1 1 0 0 0 1 0 0 0
1 64 6360 73 1225 0 0.028177 1.0848 0.00148963 0.00170016 1.10774e-06 0.077048 3.06562 5.49828 5.49828 -30 6 12 27.0249 0.0151958 1.07906 4 1 1 0 1 2 2 1 0 0 0 1 1 0 1
1 64 6360 77 1225 0 -0.0848564 1.18801 0.00155008 0.00171479 2.9904 0.110197 6.08512 -0.828268 5.38347 4.49475 6 12 27.0249 0.0151958 1.07906 4 1 1 0 1 2 2 1 0 0 0 1 1 0 1
1 64 6360 2904 1226 1 -0.0554149 1.91762 0.00195629 0.00157253 0.444958 -0.080838 11.282 1.83862 2.03096 4.24147 6 12 24.6758 -0.0383694 1.93037 3 6 1 0 0 4 6 1 0 0 0 1 0 0 0
1 64 6360 857 1228 0 0.975667 0.162663 0.000338712 0.000245785 0.0116357 -0.00900236 2.97239 -2.50547 3.80926 -30 5 10 21.984 0.6654 0.137223 3 1 1 0 1 11 9 1 0 0 1 1 1 0 1
1 64 6360 871 1228 1 1.09691 0.03485 0.000369598 0.000341777 0.000186188 -0.0064487 2.54778 -1.68012 1.61575 -30 5 10 21.984 0.6654 0.137223 3 1 1 0 1 12 9 1 0 0 1 1 1 0 1
1 64 6360 873 1228 0 0.298756 0.116129 0.000188282 0.000798045 0.00217845 -0.0393115 2.81809 -1.63041 4.76921 -30 5 10 21.984 0.6654 0.137223 3 1 1 0 1 12 9 1 0 0 1 1 1 0 1
1 64 6360 874 1228 1 1.01999 0.0187602 0.000368601 0.000370039 0.000319649 0.00801584 2.48771 -1.50478 3.79552 -30 5 10 21.984 0.6654 0.137223 3 1 1 0 1 11 9 0 1 1 1 1 0 0 0
1 64 6360 879 1228 0 0.876144 0.0584525 0.000294699 0.000380137 8.07606e-06 -0.0109019 2.62787 0.566661 3.76461 -30 5 10 21.984 0.6654 0.137223 3 1 1 0 1 13 9 1 0 0 1 1 1 0 1
1 64 6360 882 1228 0 0.682411 0.114168 0.000284415 0.000375269 0.000146575 -0.0170555 1.57681 1.87597 2.9884 -30 5 10 21.984 0.6654 0.137223 3 1 1 0 1 12 9 1 0 0 0 1 1 0 1
1 64 6360 889 1228 0 1.11797 0.0575699 0.0015021 0.000482671 9.98198e-06 -0.00224693 2.55779 -0.0614456 4.06546 -30 5 10 21.984 0.6654 0.137223 3 1 1 0 1 12 9 1 0 0 1 1 1 0 1
1 64 6360 890 1228 0 0.780836 0.0157299 0.000644614 0.000384984 0.000317052 -0.00911943 2.51775 -1.61801 6.29659 -30 5 10 21.984 0.6654 0.137223 3 1 1 0 1 9 9 1 0 0 1 1 1 0 1
1 64 6360 898 1228 0 0.585031 0.0190063 0.000894458 0.000805078 0.000257461 0.0120569 2.51775 -0.376493 3.26492 -30 5 10 21.984 0.6654 0.137223 3 1 1 0 1 9 9 1 0 0 1 1 1 0 1
1 64 6360 356 1231 0 -0.0388767 0.596572 0.00103285 0.00175831 0.00127895 0.0947677 1.66068 2.23779 2.23779 -30 5 10 17.9941 0.0862935 0.643596 2 1 1 0 1 1 1 1 0 0 0 1 1 0 1
1 64 6360 122 1232 1 0.318994 0.0298931 0.000274765 0.00080517 0.000375651 0.0412149 0.0750864 -0.489331 6.70551 -30 6 12 23.1733 0.238243 0.0626136 3 1 1 0 1 4 3 1 0 0 0 1 0 0 0
1 64 6360 141 1232 0 0.0070132 0.199508 0.000385171 0.00139703 0.00632879 0.0806643 1.76703 1.43592 6.55798 -30 6 12 23.1733 0.238243 0.0626136 3 1 1 0 1 3 3 1 0 0 0 1 1 0 1
1 64 6360 145 1232 1 -0.0922717 0.12088 0.000361967 0.00189979 0.000273044 0.102274 0.395455 -2.28774 -0.381174 4.0522 6 12 23.1733 0.238243 0.0626136 3 1 1 0 1 3 3 1 0 0 0 1 0 0 0
1 64 6360 269 1238 1 0.859866 0.451221 0.000507996 0.000266835 0.000391908 -0.0118517 0.840375 -1.63946 -0.186525 -30 5 10 16.658 0.138934 0.376142 2 1 1 0 1 5 1 0 1 1 1 1 0 0 0
1 64 6360 756 1239 0 0.628235 1.32106 0.000699435 0.000376504 114.292 -0.0189536 12.0784 -1.39092 4.98314 -30 6 12 18.2977 0.415817 1.28786 2 1 1 0 1 2 1 1 0 0 0 1 1 0 1
1 64 6360 17 1241 0 -0.0556683 0.863455 0.00143872 0.00195261 1.39414e-07 -0.0925699 0.912414 4.45737 6.52597 -30 5 10 18.8541 -0.0891164 0.790219 2 1 1 0 1 3 1 1 0 0 0 1 1 0 1
1 64 6360 427 1242 1 -0.0964827 2.14162 0.00483567 0.002544 0.00771738 0.0768459 6.58483 -0.443268 0.529946 2.15405 5 10 18.433 0.0567903 2.1421 2 1 1 0 1 1 15 1 0 0 0 1 0 0 0
1 64 6360 1586 1242 1 0.566628 2.15993 0.0026686 0.000560869 0.000463505 0.0161724 11.4106 0.397334 0.397334 5.07948 5 10 18.433 0.0567903 2.1421 2 3 1 0 0 1 15 1 0 0 0 1 0 0 0
1 64 6360 1620 1242 1 0.154696 2.05396 0.00268801 0.00112917 67.6043 0.0407524 16.8323 1.67558 1.67558 1.90851 5 10 18.433 0.0567903 2.1421 2 3 1 0 0 1 15 1 0 0 0 1 0 0 0
1 64 6360 857 1244 0 0.975667 0.162663 0.000338712 0.000245785 0.0116357 -0.00900236 2.97239 -1.92532 3.80926 -30 5 10 17.5383 0.163041 0.162869 2 1 1 0 1 11 6 1 0 0 1 1 1 0 1
1 64 6360 871 1244 1 1.09691 0.03485 0.000369598 0.000341777 0.000186188 -0.0064487 2.54778 -2.65473 1.61575 -30 5 10 17.5383 0.163041 0.162869 2 1 1 0 1 12 6 1 0 0 1 1 1 0 1
1 64 6360 873 1244 0 0.298756 0.116129 0.000188282 0.000798045 0.00217845 -0.0393115 2.81809 4.76921 4.76921 -30 5 10 17.5383 0.163041 0.162869 2 1 1 0 1 12 6 1 0 0 1 1 1 0 1
1 64 6360 879 1244 0 0.876144 0.0584525 0.000294699 0.000380137 8.07606e-06 -0.0109019 2.62787 -1.99227 3.76461 -30 5 10 17.5383 0.163041 0.162869 2 1 1 0 1 13 6 1 0 0 1 1 1 0 1
1 64 6360 882 1244 0 0.682411 0.114168 0.000284415 0.000375269 0.000146575 -0.0170555 1.57681 -1.44924 2.9884 -30 5 10 17.5383 0.163041 0.162869 2 1 1 0 1 12 6 1 0 0 0 1 1 0 1
1 64 6360 889 1244 0 1.11797 0.0575699 0.0015021 0.000482671 9.98198e-06 -0.00224693 2.55779 -1.81009 4.06546 -30 5 10 17.5383 0.163041 0.162869 2 1 1 0 1 12 6 1 0 0 1 1 1 0 1
1 64 6360 871 1246 1 1.09691 0.03485 0.000369598 0.000341777 0.000186188 -0.0064487 2.54778 -0.0936849 1.61575 -30 6 12 21.7857 0.608 0.0657559 3 1 1 0 1 12 9 1 0 0 1 1 1 0 1
1 64 6360 873 1246 0 0.298756 0.116129 0.000188282 0.000798045 0.00217845 -0.0393115 2.81809 -1.93352 4.76921 -30 6 12 21.7857 0.608 0.0657559 3 1 1 0 1 12 9 1 0 0 1 1 1 0 1
1 64 6360 874 1246 1 1.01999 0.0187602 0.000368601 0.000370039 0.000319649 0.00801584 2.48771 0.626918 3.79552 -30 6 12 21.7857 0.608 0.0657559 3 1 1 0 1 11 9 0 1 1 1 1 0 0 0
1 64 6360 879 1246 0 0.876144 0.0584525 0.000294699 0.000380137 8.07606e-06 -0.0109019 2.62787 -0.871022 3.76461 -30 6 12 21.7857 0.608 0.0657559 3 1 1 0 1 13 9 1 0 0 1 1 1 0 1
1 64 6360 882 1246 0 0.682411 0.114168 0.000284415 0.000375269 0.000146575 -0.0170555 1.57681 -0.353486 2.9884 -30 6 12 21.7857 0.608 0.0657559 3 1 1 0 1 12 9 1 0 0 0 1 1 0 1
1 64 6360 889 1246 0 1.11797 0.0575699 0.0015021 0.000482671 9.98198e-06 -0.00224693 2.55779 -1.2354 4.06546 -30 6 12 21.7857 0.608 0.0657559 3 1 1 0 1 12 9 1 0 0 1 1 1 0 1
1 64 6360 890 1246 0 0.780836 0.0157299 0.000644614 0.000384984 0.000317052 -0.00911943 2.51775 2.00838 6.29659 -30 6 12 21.7857 0.608 0.0657559 3 1 1 0 1 9 9 1 0 0 1 1 1 0 1
1 64 6360 898 1246 0 0.585031 0.0190063 0.000894458 0.000805078 0.000257461 0.0120569 2.51775 3.26492 3.26492 -30 6 12 21.7857 0.608 0.0657559 3 1 1 0 1 9 9 1 0 0 1 1 1 0 1
1 64 6360 928 1246 1 -0.0294456 0.0586454 0.000253665 0.00164888 0.00562156 0.0908159 8.11404 -4.53664 6.7176 -30 6 12 21.7857 0.608 0.0657559 3 1 1 0 1 3 9 1 0 0 0 1 0 0 0
1 64 6360 3420 1247 1 0.0461385 2.07057 0.00194696 0.0013793 4.38089e-06 0.056275 10.8322 -2.17391 0.121525 2.29478 6 12 24.7301 0.319209 2.0106 3 7 1 0 0 3 9 1 0 0 0 1 0 0 0
1 64 6360 624 1248 0 0.0777825 0.640859 0.000838562 0.00132154 12.6628 0.0691059 7.82469 4.89324 4.89527 -30 6 12 23.1434 0.0241366 0.769331 3 1 1 0 1 2 1 1 0 0 0 1 1 0 1
1 64 6360 2904 1253 1 -0.0554149 1.91762 0.00195629 0.00157253 0.444958 -0.080838 11.282 2.03096 2.03096 4.24147 5 10 24.6668 -0.0841398 1.85176 3 6 1 0 0 4 19 1 0 0 0 1 0 0 0
1 64 6360 376 1255 0 0.431576 0.337428 0.000429483 0.000603004 0.00685736 0.0320037 1.58683 -1.60531 5.91732 -30 5 10 15.5531 0.854226 0.407999 2 1 1 0 1 2 2 1 0 0 0 1 1 0 1
1 64 6360 430 1255 0 -0.0526548 0.338995 0.00064471 0.00171971 0.000151355 0.0932877 0.399944 -2.76248 4.89655 -30 5 10 15.5531 0.854226 0.407999 2 1 1 0 1 3 2 1 0 0 0 1 1 0 1
1 64 6360 504 1257 0 -0.0880869 1.40376 0.00172357 0.0017606 46.208 0.0987115 9.5679 -0.800473 6.52279 -30 5 10 18.1406 0.010754 1.39242 2 1 1 0 1 5 1 1 0 0 0 1 1 0 1
1 64 6360 211 1262 0 0.593383 1.21433 0.000824334 0.000517545 0.000324699 0.0209393 2.53399 -2.01833 5.28283 -30 5 10 20.6819 -0.0850406 1.23351 3 4 1 3 1 2 4 1 0 0 0 1 1 0 1
1 64 6360 838 1266 1 -0.0175107 1.78883 0.00162779 0.00140374 0.00407616 -0.0822838 1.02327 1.92421 1.92421 5.34242 5 10 17.5199 0.00050107 1.73675 2 2 1 0 1 3 3 1 0 0 0 1 0 0 0
1 64 6360 2331 1266 1 0.0355528 1.67416 0.00150547 0.00137033 92.7415 -0.0703909 12.6992 -0.416886 -0.302641 2.55061 5 10 17.5199 0.00050107 1.73675 2 1 1 0 1 3 3 1 0 0 0 1 0 0 0
1 64 6360 793 1267 0 0.22877 1.1958 0.00120849 0.00118647 0.000857133 0.0505934 0.873192 6.03555 6.03555 -30 5 10 18.186 -0.0571974 1.16384 2 1 1 0 1 3 2 1 0 0 0 1 1 0 1
1 64 6360 801 1267 0 -0.0384113 1.02971 0.00173134 0.00206634 0.00196632 0.0907767 3.73255 -2.58307 6.06191 -30 5 10 18.186 -0.0571974 1.16384 2 1 1 0 1 5 2 1 0 0 0 1 1 0 1
1 64 6360 256 1269 1 -0.0622838 0.504454 0.000861517 0.0017251 0.00092592 -0.0942245 1.43665 4.67901 4.67901 4.7374 5 10 16.104 -0.0256771 0.468215 2 1 1 0 1 4 3 1 0 0 0 1 0 0 0
1 64 6360 269 1269 1 0.859866 0.451221 0.000507996 0.000266835 0.000391908 -0.0118517 0.840375 -1.44359 -0.186525 -30 5 10 16.104 -0.0256771 0.468215 2 1 1 0 1 5 3 0 1 1 1 1 0 0 0
1 64 6360 276 1269 0 0.183977 0.554166 0.000614607 0.00100545 0.000560766 -0.0539738 1.46669 -0.484922 6.77513 -30 5 10 16.104 -0.0256771 0.468215 2 1 1 0 1 3 3 1 0 0 0 1 1 0 1
1 64 6360 195 1272 0 -0.0246594 0.583905 0.000971158 0.00171862 11.9888 0.0869089 7.96387 -3.05332 6.36988 -30 5 10 15.3971 -0.0727625 0.684326 2 1 1 0 1 2 1 1 0 0 0 1 1 0 1
1 64 6360 721 1273 0 0.611016 0.781424 0.000670994 0.00047624 0.000360401 -0.0191431 1.69239 -2.48025 4.77767 -30 5 10 16.4352 0.0245422 0.768253 2 1 1 0 1 3 1 1 0 0 0 1 1 0 1
1 64 6360 266 1276 0 0.34193 0.415299 0.000411315 0.000681658 0.00033105 0.0373488 4.07955 -1.5161 6.69479 -30 5 10 18.0881 0.0136961 0.44646 3 1 1 0 1 2 2 1 0 0 0 1 1 0 1
1 64 6360 268 1276 2 0.146226 0.547317 0.00111555 0.00118242 0.000115389 0.0657516 5.15078 -1.4924 0.410769 3.97158 5 10 18.0881 0.0136961 0.44646 3 1 1 0 1 1 2 1 0 0 0 0 0 1 0
1 64 6360 422 1282 0 0.0646033 0.336846 0.000528814 0.00127238 3.39195 -0.0716064 9.77595 -2.83879 2.7385 5.13872 5 10 15.8532 0.453052 0.399259 2 1 1 0 1 1 1 1 0 0 0 1 0 0 0
1 64 6360 34 1285 1 0.0588798 0.829403 0.00105207 0.00140444 0.000961664 -0.0719717 6.38499 -0.241484 1.63598 -30 5 10 17.4238 0.202114 0.796411 2 1 1 0 1 2 1 1 0 0 0 1 0 0 0
1 64 6360 40 1286 1 -0.0751638 1.60045 0.00197207 0.00173392 13.3723 0.0840766 8.69731 0.124249 0.124249 5.4099 5 10 16.9863 -0.0065203 1.64111 2 1 1 0 1 2 2 1 0 0 0 1 0 0 0
1 64 6360 975 1286 1 -0.0811525 1.74739 0.00192247 0.00177747 0.0111945 0.108063 4.40917 -0.966551 0.36122 -30 5 10 16.9863 -0.0065203 1.64111 2 1 1 0 1 2 2 1 0 0 0 1 0 0 0
1 64 6360 177 1287 0 0.0329382 0.191454 0.000374736 0.00138851 0.000496448 -0.0763251 0.691276 3.18395 3.18395 -30 6 12 26.7677 0.0169017 0.172176 4 1 1 0 1 2 1 1 0 0 0 1 0 0 0
1 64 6360 5201 1291 2 0.215625 1.89846 0.00151819 0.000872699 531.036 0.0287137 26.2 -1.89136 -0.770333 4.50463 5 10 20.0957 -0.0180934 1.95477 3 1 1 0 1 1 1 1 0 0 0 0 0 1 0
1 64 6360 6374 1292 1 -0.0214922 2.03218 0.0022024 0.00156718 432.421 0.0667839 26.2 -2.55975 1.19546 3.45613 5 10 19.6549 0.278785 2.03329 3 4 1 0 0 2 4 1 0 0 0 1 0 0 0
1 64 6360 56 1293 0 -0.0597951 0.486348 0.000843058 0.00172365 0.689268 -0.0948043 3.47145 -3.11821 6.60004 -30 5 10 17.1413 0.0257175 0.570024 2 1 1 0 1 2 1 1 0 0 0 1 1 0 1
1 64 6360 5405 1295 1 0.513937 2.05696 0.00308932 0.000620234 0.000149427 0.0254461 25.65 0.0859867 4.16652 3.71551 5 10 17.4763 0.0830228 2.02919 3 4 1 0 1 2 5 1 0 0 0 1 0 0 0
1 64 6360 975 1296 1 -0.0811525 1.74739 0.00192247 0.00177747 0.0111945 0.108063 4.40917 0.36122 0.36122 -30 5 10 20.3496 -0.00983037 1.71983 3 1 1 0 1 2 5 1 0 0 0 1 0 0 0
1 64 6360 2415 1296 1 -0.0904576 1.73432 0.00188315 0.00180433 0.0100039 0.10865 5.3398 -1.10308 -0.332773 3.67675 5 10 20.3496 -0.00983037 1.71983 3 4 1 0 0 1 5 1 0 0 0 1 0 0 0
1 64 6360 296 1299 0 0.0286956 0.398019 0.000603982 0.00141239 0.000663149 -0.0791312 6.44226 -1.92919 6.49445 -30 5 10 18.884 -0.0646185 0.409478 3 1 1 0 1 4 2 1 0 0 0 1 1 0 1
1 64 6360 308 1299 0 0.0208275 0.372601 0.000578597 0.00136542 0.000648924 -0.0791877 1.35656 0.0894006 6.79154 -30 5 10 18.884 -0.0646185 0.409478 3 1 1 0 1 4 2 1 0 0 1 1 1 0 1
1 64 6360 468 1304 0 -0.00830785 0.573166 0.000903331 0.00160352 0.55257 0.0865898 3.07172 -2.69889 5.2952 -30 5 10 17.2518 0.0731305 0.537104 2 2 1 1 0 3 2 1 0 0 0 1 0 0 0
1 64 6360 45 1310 0 -0.0661853 0.186313 0.000419257 0.00166074 0.000233158 0.0968903 0.545628 -0.302941 6.03541 -30 5 10 16.8972 -0.00335934 0.107809 3 1 1 0 1 4 2 1 0 0 0 1 1 0 1
1 64 6360 935 1310 1 -0.0909091 0.00613047 0.000257813 0.00179332 0.000391146 -0.105496 0.0899589 -2.36936 -1.68275 2.52568 5 10 16.8972 -0.00335934 0.107809 3 1 1 0 1 3 2 1 0 0 0 1 0 0 0
1 64 6360 44 1311 1 -0.0464934 0.0778882 0.000298687 0.00169962 0.013656 -0.0950814 8.13406 -4.72853 -0.585268 -30 5 10 15.8668 0.287783 0.0411375 2 1 1 0 1 1 2 1 0 0 0 1 0 0 0
1 64 6360 74 1311 0 0.832706 0.138625 0.000310557 0.00037234 0.101915 -0.0120694 8.37434 -4.51274 4.17829 -30 5 10 15.8668 0.287783 0.0411375 2 1 1 0 1 2 2 1 0 0 0 1 1 0 1
1 64 6360 316 1313 1 -0.086048 2.14038 0.00385031 0.00191486 0.00243721 -0.0662871 4.54298 -2.30786 -2.17131 3.33716 5 10 16.75 0.395133 2.04389 2 2 1 0 1 2 1 1 0 0 0 1 0 0 0
1 64 6360 371 1318 0 0.134638 1.0844 0.001213 0.00134645 5.23867e-05 0.0621935 2.56896 0.168968 6.24202 -30 5 10 16.7548 0.16585 1.11459 2 1 1 0 1 4 1 1 0 0 0 1 1 0 1
1 64 6360 190 1319 1 0.158397 1.00591 0.00107009 0.00122941 0.000820477 -0.0568896 0.94158 -2.40498 0.4279 4.39838 5 10 15.3084 0.385186 0.963065 2 1 1 0 1 2 1 1 0 0 0 1 0 0 0
1 64 6360 834 1322 1 0.211274 0.0404821 0.000256187 0.00103319 0.000131395 -0.0526674 2.49772 -0.209778 1.95055 -30 5 10 17.2942 0.099886 0.0431564 2 1 1 0 1 3 9 1 0 0 0 1 0 0 0
1 64 6360 853 1322 0 0.559731 0.0175296 0.000470631 0.000590312 0.000387211 0.0241911 1.14632 0.0156129 3.91027 -30 5 10 17.2942 0.099886 0.0431564 2 1 1 0 1 3 9 1 0 0 0 1 1 0 1
1 64 6360 857 1322 0 0.975667 0.162663 0.000338712 0.000245785 0.0116357 -0.00900236 2.97239 -2.72662 3.80926 -30 5 10 17.2942 0.099886 0.0431564 2 1 1 0 1 11 9 1 0 0 1 1 1 0 1
1 64 6360 858 1322 0 0.848497 0.00342629 0.000392739 0.00040774 0.000384403 0.0122303 2.41763 -0.587208 4.65721 -30 5 10 17.2942 0.099886 0.0431564 2 1 1 0 1 6 9 1 0 0 1 1 1 0 1
1 64 6360 865 1322 0 1.24542 0.0282579 0.000430482 0.000320798 0.000246411 -0.00476212 2.51775 -2.53078 1.37544 5.61106 5 10 17.2942 0.099886 0.0431564 2 2 1 0 1 9 9 1 0 0 1 1 1 0 1
1 64 6360 871 1322 1 1.09691 0.03485 0.000369598 0.000341777 0.000186188 -0.0064487 2.54778 -2.5672 1.61575 -30 5 10 17.2942 0.099886 0.0431564 2 1 1 0 1 12 9 1 0 0 1 1 1 0 1
1 64 6360 874 1322 1 1.01999 0.0187602 0.000368601 0.000370039 0.000319649 0.00801584 2.48771 -1.78832 3.79552 -30 5 10 17.2942 0.099886 0.0431564 2 1 1 0 1 11 9 0 1 1 1 1 0 0 0
1 64 6360 879 1322 0 0.876144 0.0584525 0.000294699 0.000380137 8.07606e-06 -0.0109019 2.62787 -2.27673 3.76461 -30 5 10 17.2942 0.099886 0.0431564 2 1 1 0 1 13 9 1 0 0 1 1 1 0 1
1 64 6360 79 1323 0 -0.0397018 0.185982 0.000418601 0.00165667 0.000253902 0.0903064 0.535616 2.32673 5.72266 -30 5 10 16.7806 -0.0494954 0.10381 2 1 1 0 1 3 1 1 0 0 0 1 1 0 1
1 64 6360 653 1324 1 -0.0979644 1.67649 0.0019234 0.00169328 0.00379018 0.0888428 6.56785 0.140463 1.63338 5.77126 5 10 16.3975 0.263833 1.61859 2 1 1 0 1 2 6 1 0 0 0 1 0 0 0
1 90 8941 804 10 0 0.111626 0.76483 0.000936997 0.00130131 0.000103814 0.0668265 1.07213 6.65435 6.65435 -30 6 12 36.4238 0.0965457 0.714155 4 1 1 0 1 1 1 1 0 0 0 1 1 0 1
1 90 8941 254 13 0 -0.0614687 0.865106 0.00143839 0.00192956 2.49915e-06 -0.094942 1.52015 -2.39046 5.95141 -30 6 12 36.1255 -0.0690438 0.839644 4 1 1 0 1 4 1 1 0 0 0 1 1 0 1
1 90 8941 185 15 0 -0.0514433 0.428362 0.000783161 0.00175908 0.000112914 0.0924885 1.58911 6.78445 6.78445 -30 6 12 35.9758 -0.0496704 0.381493 4 1 1 0 1 3 1 1 0 0 0 1 1 0 1
1 90 8941 968 17 0 0.345564 0.856564 0.000754349 0.000804319 0.000259409 0.0377824 0.94036 -1.43947 6.70488 -30 6 12 35.9365 0.00900846 0.80079 4 1 1 0 1 3 1 1 0 0 0 1 1 0 1
1 90 8941 702 19 0 -0.0202142 1.00937 0.00174872 0.00214157 1.8187e-06 -0.0862149 1.47209 1.34031 5.94553 -30 6 12 35.7857 -0.00791076 0.878286 4 1 1 0 1 3 4 1 0 0 0 1 1 0 1
1 90 8941 708 19 0 0.010206 0.885414 0.00125274 0.00171717 1.88386e-05 -0.0709393 1.83693 5.81455 5.81455 -30 6 12 35.7857 -0.00791076 0.878286 4 1 1 0 1 4 4 1 0 0 0 1 1 0 1
1 90 8941 268 25 0 0.0176491 0.221488 0.000407048 0.00142655 0.000237893 -0.0850519 1.53677 6.02623 6.02623 -30 6 12 35.7077 0.000401047 0.183079 4 2 1 1 0 2 2 1 0 0 0 1 1 0 1
1 90 8941 163 35 0 -0.0570399 0.135765 0.000348043 0.00167963 0.0271076 0.0941457 4.35987 5.37011 5.37011 -30 6 12 35.248 -0.0410931 0.214478 4 2 1 1 0 2 2 1 0 0 0 1 1 0 1
1 90 8941 375 36 0 0.0928264 0.383316 0.000550357 0.00122579 0.000217781 0.0694162 0.461441 5.62679 5.62679 -30 6 12 35.2353 0.0601492 0.376353 4 1 1 0 1 1 1 1 0 0 0 1 1 0 1
1 90 8941 95 40 0 0.0503555 0.430993 0.000627814 0.00132501 0.000643292 0.0733803 0.735847 0.793324 6.8533 -30 6 12 35.1416 -0.0496153 0.374275 4 1 1 0 1 4 2 1 0 0 0 1 1 0 1
1 90 8941 96 40 0 -0.0375334 0.358738 0.000691009 0.00175815 0.0391137 0.0901344 1.94724 6.42296 6.42296 5.2342 6 12 35.1416 -0.0496153 0.374275 4 1 1 0 1 3 2 1 0 0 0 1 1 0 1
1 90 8941 3389 51 0 0.00678298 2.11509 0.00233604 0.00133313 4.24692e-05 0.0570581 13.9698 5.81933 5.81933 -30 6 12 34.7524 0.0291649 2.11468 4 6 1 5 1 3 16 1 0 0 0 1 1 0 1
1 90 8941 10741 51 1 0.369599 2.15067 0.00188027 0.000758543 3.48302e-07 -0.0389747 31.945 -2.09338 1.89957 5.42511 6 12 34.7524 0.0291649 2.11468 4 5 1 0 1 4 16 1 0 0 0 1 0 0 0
1 90 8941 611 62 1 -0.0766185 0.357771 0.000686716 0.00179378 0.0511678 -0.0983338 1.90975 -3.27521 0.162128 4.12151 6 12 34.398 -0.0786358 0.464595 4 1 1 0 1 2 1 1 0 0 0 1 0 0 0
1 90 8941 1470 63 1 -0.0414428 1.97761 0.00177979 0.00148412 41.4538 -0.0635609 13.2312 -2.42307 0.477003 2.62916 6 12 34.3582 -0.0699455 2.02951 4 2 1 0 0 1 2 1 0 0 0 1 0 0 0
1 90 8941 276 64 0 -0.0388992 0.0821318 0.000314911 0.00168006 0.000144686 0.0906257 2.43766 5.10538 5.10538 -30 6 12 34.3575 -0.0636159 0.124129 4 2 1 1 0 1 2 1 0 0 0 1 1 0 1
1 90 8941 547 65 0 0.00561492 0.840881 0.00126755 0.00171736 2.6906e-05 -0.0807889 0.851127 6.12617 6.12617 -30 6 12 34.3353 0.0221821 0.802362 4 1 1 0 1 7 4 1 0 0 0 1 1 0 1
1 90 8941 552 65 0 0.860984 0.84829 0.000512983 0.000269248 2.27506 -0.0112481 4.22834 -1.0525 4.33554 -30 6 12 34.3353 0.0221821 0.802362 4 1 1 0 1 7 4 1 0 0 0 1 1 0 1
1 90 8941 574 65 0 1.09435 0.871788 0.000594933 0.000186184 2.46359 0.00667839 4.30377 -1.61639 2.68195 -30 6 12 34.3353 0.0221821 0.802362 4 1 1 0 1 7 4 1 0 0 0 1 1 0 1
1 90 8941 605 65 0 -0.0624227 0.717317 0.00119285 0.00182505 5.56396 0.0982017 5.32142 -3.18205 5.90327 -30 6 12 34.3353 0.0221821 0.802362 4 1 1 0 1 3 4 1 0 0 0 1 1 0 1
1 90 8941 370 70 0 0.0510939 0.623341 0.000878894 0.00141074 0.000112004 -0.0740164 1.6469 -3.06404 6.00617 -30 6 12 33.9807 0.0988746 0.521058 4 1 1 0 1 3 2 1 0 0 0 1 1 0 1
1 90 8941 379 70 1 0.221868 0.570234 0.000587059 0.000892084 0.000251993 -0.0498608 2.83686 -4.1747 3.23188 -30 6 12 33.9807 0.0988746 0.521058 4 1 1 0 1 3 2 1 0 0 0 1 0 0 0
1 90 8941 396 74 0 0.429662 0.813312 0.000682049 0.000749958 0.000308216 0.0305093 2.43301 -1.21378 6.17004 -30 6 12 33.8673 0.105258 0.844789 4 1 1 0 1 3 2 1 0 0 0 1 1 0 1
1 90 8941 425 74 0 -0.0764427 0.792084 0.00133278 0.00190075 7.84533e-06 0.10163 1.24113 -3.11739 5.94957 3.83845 6 12 33.8673 0.105258 0.844789 4 1 1 0 1 3 2 1 0 0 0 1 1 0 1
1 90 8941 516 76 0 1.17542 0.636705 0.00068511 0.000178978 0.000386306 0.00574885 0.330533 -1.16487 2.74293 -30 6 12 34.8169 0.0550159 0.549348 4 4 1 3 0 6 4 1 0 0 0 1 1 0 1
1 90 8941 884 77 0 0.570788 0.0352883 0.000232503 0.000531335 0.000397976 0.0219025 0.225259 6.63366 6.63366 5.74219 6 12 33.8456 0.58134 0.0373952 4 1 1 0 1 1 1 1 0 0 0 1 1 0 1
1 90 8941 546 81 0 1.29555 0.88994 0.00068943 0.000144925 2.58265 -0.00407806 4.41364 -2.27422 1.53789 -30 6 12 33.6113 1.13304 0.888606 4 1 1 0 1 6 5 1 0 0 0 1 1 0 1
1 90 8941 547 81 0 0.00561492 0.840881 0.00126755 0.00171736 2.6906e-05 -0.0807889 0.851127 -3.56611 6.12617 -30 6 12 33.6113 1.13304 0.888606 4 1 1 0 1 7 5 1 0 0 0 1 1 0 1
1 90 8941 552 81 0 0.860984 0.84829 0.000512983 0.000269248 2.27506 -0.0112481 4.22834 1.15245 4.33554 -30 6 12 33.6113 1.13304 0.888606 4 1 1 0 1 7 5 1 0 0 0 1 1 0 1
1 90 8941 574 81 0 1.09435 0.871788 0.000594933 0.000186184 2.46359 0.00667839 4.30377 1.10633 2.68195 -30 6 12 33.6113 1.13304 0.888606 4 1 1 0 1 7 5 1 0 0 0 1 1 0 1
1 90 8941 587 81 1 -0.0555332 0.767129 0.00131831 0.00191854 1.80801 0.093857 3.92192 -2.92729 1.93091 3.88171 6 12 33.6113 1.13304 0.888606 4 1 1 0 1 4 5 1 0 0 0 1 0 0 0
1 90 8941 105 85 0 -0.0707966 0.573802 0.000997701 0.0017998 4.03305e-05 0.0964895 1.13002 6.17656 6.17656 -30 6 12 33.3712 -0.060237 0.56898 4 1 1 0 1 1 1 1 0 0 0 1 1 0 1
1 90 8941 419 89 0 0.0607967 0.974691 0.001274 0.00153026 0.536162 0.0745999 3.88782 6.41902 6.41902 -30 6 12 34.7492 0.0362631 0.992665 4 1 1 0 1 5 1 1 0 0 0 1 1 0 1
1 90 8941 529 90 0 0.212195 0.589974 0.00062643 0.000967247 0.000248811 -0.0505833 1.62687 -3.77334 1.73116 3.9885 6 12 32.945 0.461662 0.646458 4 1 1 0 1 2 2 1 0 0 0 1 1 0 1
1 90 8941 535 90 0 0.479488 0.561816 0.000452678 0.000562098 7.20087 0.0274065 6.84378 6.7525 6.7525 -30 6 12 32.945 0.461662 0.646458 4 1 1 0 1 2 2 1 0 0 0 1 1 0 1
1 90 8941 0 91 0 0.267906 0.921972 0.00090661 0.00103288 0.120335 0.0462745 3.2866 -2.27518 6.70044 -30 6 12 32.8739 1.13135 0.93366 4 1 1 0 1 5 1 1 0 0 0 1 1 0 1
1 90 8941 516 96 0 1.17542 0.636705 0.00068511 0.000178978 0.000386306 0.00574885 0.330533 -0.100941 2.74293 -30 6 12 32.3268 0.834393 0.639435 4 4 1 3 0 6 4 1 0 0 0 1 1 0 1
1 90 8941 516 97 0 1.17542 0.636705 0.00068511 0.000178978 0.000386306 0.00574885 0.330533 2.74293 2.74293 -30 6 12 32.1879 1.1884 0.612438 4 4 1 3 0 6 4 1 0 0 0 1 1 0 1
1 90 8941 1392 100 2 0.304391 2.13669 0.00123666 0.0011242 10.1628 -0.0232686 15.7593 -3.93306 -0.291019 3.14903 6 12 34.3876 0.12755 2.04599 4 1 1 0 1 1 19 1 0 0 0 0 0 1 0
1 90 8941 3112 102 0 0.355385 1.85073 0.00112773 0.000764746 0.000109859 0.0359034 4.51671 3.08161 3.08161 5.67091 7 14 31.9806 0.354592 1.81507 3 1 1 0 1 2 1 1 0 0 0 1 1 0 1
1 90 8941 3358 103 0 0.0974481 2.26487 0.00303 0.0011232 5.68875e-05 0.0403612 13.185 1.6283 1.6283 3.96462 6 12 35.0096 0.177471 2.2365 4 18 1 0 0 2 18 1 0 0 0 1 1 0 1
1 90 8941 441 105 0 0.691061 0.0536809 0.000296774 0.000463048 0.000234466 -0.016754 0.896031 6.72159 6.72159 -30 6 12 31.361 0.694663 0.0686747 4 1 1 0 1 4 4 1 0 0 0 1 1 0 1
1 90 8941 446 105 0 0.0991234 0.0279167 0.000318297 0.00129931 0.000557584 0.0663236 2.4777 -3.34148 3.32016 3.59677 6 12 31.361 0.694663 0.0686747 4 1 1 0 1 3 4 1 0 0 0 1 1 0 1
1 90 8941 487 107 1 -0.0959985 0.25847 0.000557779 0.00187132 0.0641936 -0.106968 2.65418 2.01707 2.17555 3.48034 6 12 31.2503 0.0116742 0.282626 3 1 1 0 1 1 1 1 0 0 0 1 0 0 0
1 90 8941 810 112 0 0.498952 0.0484472 0.000245157 0.000594468 0.00131052 0.0268455 3.70912 -2.34225 6.74834 -30 6 12 31.0909 -0.0164663 0.0879017 3 1 1 0 1 2 2 1 0 0 0 1 1 0 1
1 90 8941 814 112 0 -0.00607972 0.116577 0.000307245 0.0015353 0.000474869 0.0868392 1.02618 6.61423 6.61423 -30 6 12 31.0909 -0.0164663 0.0879017 3 1 1 0 1 3 2 1 0 0 0 1 1 0 1
1 90 8941 669 113 0 -0.0835201 0.972227 0.00172594 0.00215528 1.64474 -0.100506 4.81279 -3.867 6.87219 -30 6 12 31.0723 0.130333 1.07067 3 1 1 0 1 5 2 1 0 0 0 1 1 0 1
1 90 8941 702 113 0 -0.0202142 1.00937 0.00174872 0.00214157 1.8187e-06 -0.0862149 1.47209 -4.8363 5.94553 -30 6 12 31.0723 0.130333 1.07067 3 1 1 0 1 3 2 1 0 0 0 1 1 0 1
1 90 8941 125 119 1 0.154644 0.925641 0.00100439 0.00119827 0.00084477 0.0597092 1.81307 -1.96668 0.699394 4.47631 6 12 31.0087 -0.0785192 0.998332 3 1 1 0 1 2 2 1 0 0 0 1 0 0 0
1 90 8941 132 119 0 -0.0372379 0.907032 0.00145515 0.00187047 0.00184614 0.0936566 0.210082 -0.423986 5.0994 -30 6 12 31.0087 -0.0785192 0.998332 3 1 1 0 1 2 2 1 0 0 0 1 1 0 1
1 90 8941 199 123 1 0.549301 0.881852 0.000627551 0.000564838 0.0003278 -0.024237 1.72849 -1.91614 3.07224 3.08654 6 12 30.8516 0.251212 0.769748 3 1 1 0 1 2 2 1 0 0 0 1 0 0 0
1 90 8941 220 123 0 0.206005 0.796323 0.00166521 0.00116753 7.37609e-05 0.0574622 0.310096 5.65983 5.65983 -30 6 12 30.8516 0.251212 0.769748 3 1 1 0 1 1 2 1 0 0 0 1 1 0 1
1 90 8941 158 124 1 -0.07288 0.363265 0.000712155 0.00185443 0.0166483 -0.0969723 1.78364 -3.44348 0.258978 2.80812 6 12 30.8452 -0.00936838 0.346691 3 1 1 0 1 2 3 1 0 0 0 1 0 0 0
1 90 8941 170 124 0 -0.024908 0.405741 0.000714434 0.00164024 0.000139732 -0.0876219 2.68794 -3.91497 6.5044 -30 6 12 30.8452 -0.00936838 0.346691 3 2 1 1 1 2 3 1 0 0 0 1 1 0 1
1 90 8941 968 125 0 0.345564 0.856564 0.000754349 0.000804319 0.000259409 0.0377824 0.94036 -1.17748 6.70488 -30 6 12 30.7996 0.0595931 0.835975 3 1 1 0 1 3 3 1 0 0 0 1 1 0 1
1 90 8941 336 129 0 0.107162 0.700668 0.000870527 0.00125025 0.000755326 0.0647729 1.12031 5.47843 5.47843 -30 6 12 30.703 0.0706537 0.687447 3 1 1 0 1 4 1 1 0 0 0 1 1 0 1
1 90 8941 844 132 0 0.0641202 0.623307 0.000841752 0.00134184 1.30928 0.071854 3.7366 6.11853 6.11853 -30 6 12 30.6033 0.0453088 0.660993 3 1 1 0 1 1 1 1 0 0 0 1 1 0 1
1 90 8941 547 138 0 0.00561492 0.840881 0.00126755 0.00171736 2.6906e-05 -0.0807889 0.851127 -1.27869 6.12617 -30 6 12 30.5793 0.434643 0.863372 3 1 1 0 1 7 2 1 0 0 0 1 1 0 1
1 90 8941 574 138 0 1.09435 0.871788 0.000594933 0.000186184 2.46359 0.00667839 4.30377 -0.891712 2.68195 -30 6 12 30.5793 0.434643 0.863372 3 1 1 0 1 7 2 1 0 0 0 1 1 0 1
1 90 8941 336 144 0 0.107162 0.700668 0.000870527 0.00125025 0.000755326 0.0647729 1.12031 -1.82508 5.47843 -30 6 12 30.5015 0.384412 0.796219 3 1 1 0 1 4 1 1 0 0 0 1 1 0 1
1 90 8941 396 149 0 0.429662 0.813312 0.000682049 0.000749958 0.000308216 0.0305093 2.43301 6.17004 6.17004 -30 6 12 30.4187 0.453067 0.813371 3 1 1 0 1 3 2 1 0 0 0 1 1 0 1
1 90 8941 425 149 0 -0.0764427 0.792084 0.00133278 0.00190075 7.84533e-06 0.10163 1.24113 -1.70153 5.94957 3.83845 6 12 30.4187 0.453067 0.813371 3 1 1 0 1 3 2 1 0 0 0 1 1 0 1
1 90 8941 607 153 0 -0.0717225 0.385718 0.000715252 0.00175582 1.40374 0.100713 5.43057 5.97615 5.97615 -30 6 12 30.3406 -0.0702616 0.467014 3 1 1 0 1 1 1 1 0 0 0 1 1 0 1
1 90 8941 0 164 0 0.267906 0.921972 0.00090661 0.00103288 0.120335 0.0462745 3.2866 6.70044 6.70044 -30 6 12 30.2295 0.239841 0.930053 3 1 1 0 1 5 1 1 0 0 0 1 1 0 1
1 90 8941 343 167 1 -0.0359386 0.240329 0.000367057 0.00153374 0.000595361 0.0807411 1.92722 -2.47532 2.03277 3.29686 6 12 30.2091 0.152325 0.363098 3 1 1 0 1 1 3 1 0 0 0 1 0 0 0
1 90 8941 507 169 0 -0.0739818 0.187461 0.000417711 0.00172482 0.000215928 0.101497 1.3065 5.88404 5.88404 -30 6 12 30.152 -0.0861454 0.15444 3 1 1 0 1 2 1 1 0 0 0 1 1 0 1
1 90 8941 3358 175 0 0.0974481 2.26487 0.00303 0.0011232 5.68875e-05 0.0403612 13.185 -2.13851 1.6283 3.96462 6 12 30.0601 -0.06109 2.16789 3 18 1 0 0 2 12 1 0 0 0 1 1 0 1
1 90 8941 672 177 1 -0.020721 0.78666 0.00130262 0.0018096 2.87609 -0.0875581 4.82891 0.249367 6.34821 -30 6 12 30.0517 -0.0815823 0.79293 3 1 1 0 1 4 5 1 0 0 0 1 0 0 0
1 90 8941 686 177 0 -0.0830816 0.723846 0.00124158 0.00189042 7.83497 -0.0995765 6.24785 6.24176 6.24176 -30 6 12 30.0517 -0.0815823 0.79293 3 1 1 0 1 2 5 1 0 0 0 1 1 0 1
1 90 8941 708 177 0 0.010206 0.885414 0.00125274 0.00171717 1.88386e-05 -0.0709393 1.83693 0.409835 5.81455 -30 6 12 30.0517 -0.0815823 0.79293 3 1 1 0 1 4 5 1 0 0 0 1 1 0 1
1 90 8941 161 179 0 0.464741 1.0145 0.000793617 0.000673988 0.000486177 0.0285218 1.38159 -1.58713 3.49381 -30 6 12 30.0254 0.243581 0.902533 3 1 1 0 1 3 1 1 0 0 0 1 1 0 1
1 90 8941 547 181 0 0.00561492 0.840881 0.00126755 0.00171736 2.6906e-05 -0.0807889 0.851127 -2.98928 6.12617 -30 6 12 30.0053 -0.0440143 0.775602 3 1 1 0 1 7 2 1 0 0 0 1 1 0 1
1 90 8941 605 181 0 -0.0624227 0.717317 0.00119285 0.00182505 5.56396 0.0982017 5.32142 5.90327 5.90327 -30 6 12 30.0053 -0.0440143 0.775602 3 1 1 0 1 3 2 1 0 0 0 1 1 0 1
1 90 8941 300 190 0 0.0782514 0.0573913 9.62684e-05 0.00121151 1.21189e-06 -0.0626868 2.71798 6.23738 6.23738 -30 6 12 29.9111 0.0581957 0.107261 3 1 1 0 1 1 1 1 0 0 0 1 1 0 1
1 90 8941 922 203 0 -0.0673601 0.324962 0.000592559 0.00165892 0.000132307 -0.0996095 2.52077 6.19418 6.19418 -30 6 12 29.8373 -0.0498414 0.26861 3 1 1 0 1 1 1 1 0 0 0 1 1 0 1
1 90 8941 113 205 0 -0.0606965 0.118329 0.00033948 0.0016627 0.00675641 0.0985264 2.55779 -1.2971 6.58649 -30 6 12 29.8257 -0.0439988 0.00138107 3 1 1 0 1 5 2 1 0 0 0 1 1 0 1
1 90 8941 118 205 0 -0.0238785 0.0130447 0.000258536 0.00154128 0.000373356 0.0898717 0.555639 5.32862 5.32862 -30 6 12 29.8257 -0.0439988 0.00138107 3 1 1 0 1 2 2 1 0 0 0 1 1 0 1
1 90 8941 6916 206 1 -0.0995468 2.34825 0.0036688 0.00203832 0.00205854 0.0775908 25.65 -1.07867 0.0869227 1.33358 6 12 29.8209 0.202923 2.25448 3 3 1 0 0 1 13 1 0 0 0 1 0 0 0
1 90 8941 367 209 0 -0.0715417 1.24555 0.00153962 0.00175628 0.00106576 -0.100593 3.89446 -3.6299 6.21241 -30 6 12 29.7955 0.0429155 1.26501 3 1 1 0 1 3 1 1 0 0 0 1 1 0 1
1 90 8941 671 211 0 0.0200032 0.0579123 0.000298788 0.00148306 0.000419291 -0.0789443 0.88602 5.78041 5.78041 -30 6 12 29.7784 -0.0102004 0.0274777 3 1 1 0 1 1 2 1 0 0 0 1 1 0 1
1 90 8941 732 211 0 0.0936963 0.00867968 0.000250231 0.00130928 0.000380378 0.0685728 4.30981 -3.12681 6.40144 -30 6 12 29.7784 -0.0102004 0.0274777 3 1 1 0 1 2 2 1 0 0 0 1 1 0 1
1 90 8941 748 214 0 -0.0480014 0.750019 0.00122734 0.00177884 0.00140989 -0.0931297 1.18637 6.82997 6.82997 -30 6 12 29.771 -0.0552142 0.746895 3 1 1 0 1 4 1 1 0 0 0 1 1 0 1
1 90 8941 849 215 0 0.0798622 0.901909 0.00111697 0.00141452 0.00105698 0.0710974 4.95743 6.44322 6.44322 -30 6 12 29.7611 0.0774722 0.805026 3 1 1 0 1 1 2 1 0 0 0 1 1 0 1
1 90 8941 874 215 0 -0.0604655 0.705063 0.00115873 0.00176687 0.00151075 0.098926 1.52121 -1.11224 5.12085 -30 6 12 29.7611 0.0774722 0.805026 3 1 1 0 1 2 2 1 0 0 0 1 1 0 1
1 90 8941 668 237 0 0.172274 1.9327 0.00277312 0.00113949 9.88477e-05 -0.0390279 10.0859 4.42816 4.42816 5.04077 6 12 29.5562 0.132641 1.94787 3 1 1 0 1 5 29 1 0 0 0 1 1 0 1
1 90 8941 722 237 1 -0.0704998 1.89372 0.00280497 0.00183521 0.000352643 0.0748267 7.11789 -0.584353 4.92208 2.93404 6 12 29.5562 0.132641 1.94787 3 2 1 0 0 4 29 1 0 0 0 1 0 0 0
1 90 8941 726 237 1 -0.0289012 1.96581 0.00224079 0.00153267 0.000132991 0.0700157 1.98913 -0.687369 5.38381 4.84762 6 12 29.5562 0.132641 1.94787 3 4 1 0 1 3 29 1 0 0 0 1 0 0 0
1 90 8941 3284 237 0 -0.0369487 1.93094 0.00190646 0.00152226 12.5334 0.0726514 11.4427 -1.27647 1.48327 -30 6 12 29.5562 0.132641 1.94787 3 8 1 7 0 6 29 1 0 0 0 1 1 0 1
1 90 8941 6902 237 0 0.661392 2.04424 0.00267923 0.000345644 0.000196671 -0.0194215 24.95 0.169383 6.03276 -30 6 12 29.5562 0.132641 1.94787 3 6 1 5 1 3 29 1 0 0 0 1 1 0 1
1 90 8941 219 244 0 0.300465 1.65878 0.00129453 0.000778276 0.000706819 -0.0362535 6.14192 6.65263 6.65263 -30 6 12 29.8073 0.309078 1.65686 3 1 1 0 1 2 6 1 0 0 0 1 1 0 1
1 90 8941 246 244 1 -0.0209607 1.76839 0.00179823 0.00137837 0.0024803 0.073096 4.27884 -1.53459 0.4071 3.52285 6 12 29.8073 0.309078 1.65686 3 5 1 0 0 1 6 1 0 0 0 1 0 0 0
1 90 8941 874 248 0 -0.0604655 0.705063 0.00115873 0.00176687 0.00151075 0.098926 1.52121 5.12085 5.12085 -30 6 12 29.7036 -0.0855159 0.665961 3 1 1 0 1 2 1 1 0 0 0 1 1 0 1
1 90 8941 157 253 1 -0.0219832 0.101611 0.000331218 0.00166149 0.00046278 -0.0871522 2.80808 -4.28742 0.410091 5.57717 6 12 29.4457 0.354704 0.191528 3 1 1 0 1 3 2 1 0 0 0 1 0 0 0
1 90 8941 231 253 1 -0.0944161 0.074394 0.000303234 0.0018221 0.000471836 0.106281 1.98516 -3.70189 -0.932811 2.25204 6 12 29.4457 0.354704 0.191528 3 1 1 0 1 2 2 1 0 0 0 1 0 0 0
1 90 8941 113 254 0 -0.0606965 0.118329 0.00033948 0.0016627 0.00675641 0.0985264 2.55779 -0.758255 6.58649 -30 6 12 29.4411 0.111547 0.150063 3 1 1 0 1 5 4 1 0 0 0 1 1 0 1
1 90 8941 140 254 1 -0.0880801 0.184239 0.000420077 0.00178533 0.0858321 0.104352 4.68024 -2.61036 0.193459 4.21406 6 12 29.4411 0.111547 0.150063 3 1 1 0 1 2 4 1 0 0 0 1 0 0 0
1 90 8941 163 254 0 -0.0570399 0.135765 0.000348043 0.00167963 0.0271076 0.0941457 4.35987 -1.38516 5.37011 -30 6 12 29.4411 0.111547 0.150063 3 2 1 1 0 2 4 1 0 0 0 1 1 0 1
1 90 8941 95 256 0 0.0503555 0.430993 0.000627814 0.00132501 0.000643292 0.0733803 0.735847 6.8533 6.8533 -30 6 12 29.4234 0.0409523 0.392762 3 1 1 0 1 4 2 1 0 0 0 1 1 0 1
1 90 8941 96 256 0 -0.0375334 0.358738 0.000691009 0.00175815 0.0391137 0.0901344 1.94724 0.260188 6.42296 5.2342 6 12 29.4234 0.0409523 0.392762 3 1 1 0 1 3 2 1 0 0 0 1 1 0 1
1 90 8941 497 259 0 -0.0779228 0.301912 0.000652021 0.00189085 0.000118083 -0.10374 2.05737 -2.09512 5.76581 -30 6 12 29.4085 0.603451 0.296243 3 1 1 0 1 5 3 1 0 0 0 1 1 0 1
1 90 8941 553 259 0 0.634935 0.346484 0.000393135 0.000379534 0.000371835 -0.0192292 1.71467 5.57931 5.57931 -30 6 12 29.4085 0.603451 0.296243 3 1 1 0 1 4 3 1 0 0 0 1 1 0 1
1 90 8941 576 259 0 -0.0811498 0.375826 0.000726008 0.00181779 0.000111211 0.0992714 0.0450518 -3.26385 6.46368 3.19638 6 12 29.4085 0.603451 0.296243 3 1 1 0 1 4 3 1 0 0 0 1 1 0 1
1 90 8941 5887 266 1 -0.0990109 2.30036 0.00354624 0.00205672 0.00425001 -0.0823839 24.4 0.673391 0.673391 0.692158 6 12 29.3349 -0.062818 2.23571 3 2 1 0 0 2 64 1 0 0 0 1 0 0 0
1 90 8941 6026 266 1 -0.0970725 2.16703 0.00277544 0.00189861 0.00482494 0.0940592 24.95 -1.17782 4.02056 2.30509 6 12 29.3349 -0.062818 2.23571 3 12 1 0 0 2 64 1 0 0 0 1 0 0 0
1 90 8941 299 268 0 0.0146828 1.63652 0.00157545 0.00141283 0.00273044 0.0769547 5.07357 6.03964 6.03964 -30 6 12 29.3083 0.0540871 1.6241 3 1 1 0 1 1 6 1 0 0 0 1 1 0 1
1 90 8941 326 268 0 0.0306366 1.5806 0.00152225 0.00134956 0.478932 0.0717441 8.35281 0.52712 6.00662 -30 6 12 29.3083 0.0540871 1.6241 3 1 1 0 1 3 6 1 0 0 0 1 1 0 1
1 90 8941 1363 268 2 0.317104 1.73043 0.00101492 0.000903076 4.43623 0.0373125 10.7654 -2.90854 0.0482402 3.37682 6 12 29.3083 0.0540871 1.6241 3 2 1 0 1 2 6 1 0 0 0 0 0 1 0
1 90 8941 222 271 0 0.153647 0.687623 0.000759858 0.00108936 31.1984 0.060127 9.85604 6.36596 6.36596 5.84777 6 12 29.2705 0.135101 0.79343 3 2 1 0 0 1 2 1 0 0 0 1 1 0 1
1 90 8941 3541 274 0 -0.0985911 1.90981 0.00213137 0.00188499 0.00122069 -0.0898788 7.59528 5.37146 5.37146 4.74769 6 12 29.2453 -0.0579012 1.91687 3 1 1 0 1 1 1 1 0 0 0 1 1 0 1
1 90 8941 484 276 1 -0.085029 0.39392 0.000734318 0.00177003 7.2895e-05 -0.104126 1.74701 -2.56576 -0.27221 1.96331 6 12 33.7881 0.0781749 0.322109 4 1 1 0 1 2 4 1 0 0 0 1 0 0 0
1 90 8941 497 276 0 -0.0779228 0.301912 0.000652021 0.00189085 0.000118083 -0.10374 2.05737 -3.91712 5.76581 -30 6 12 33.7881 0.0781749 0.322109 4 1 1 0 1 5 4 1 0 0 0 1 1 0 1
1 90 8941 553 276 0 0.634935 0.346484 0.000393135 0.000379534 0.000371835 -0.0192292 1.71467 -2.83973 5.57931 -30 6 12 33.7881 0.0781749 0.322109 4 1 1 0 1 4 4 1 0 0 0 1 1 0 1
1 90 8941 576 276 0 -0.0811498 0.375826 0.000726008 0.00181779 0.000111211 0.0992714 0.0450518 -1.37918 6.46368 3.19638 6 12 33.7881 0.0781749 0.322109 4 1 1 0 1 4 4 1 0 0 0 1 1 0 1
1 90 8941 239 277 0 0.033792 1.41352 0.00128156 0.00130179 6.30791 -0.0805266 6.90477 2.1761 4.99098 4.64353 6 12 29.1667 -0.0598067 1.47908 3 2 1 0 0 6 6 1 0 0 0 1 1 0 1
1 90 8941 907 285 0 0.013235 0.703912 0.00108645 0.00165031 21.0962 -0.0829392 8.35758 6.09234 6.09234 -30 6 12 29.0535 0.00364869 0.808451 3 1 1 0 1 1 1 1 0 0 0 1 1 0 1
1 90 8941 810 286 0 0.498952 0.0484472 0.000245157 0.000594468 0.00131052 0.0268455 3.70912 6.74834 6.74834 -30 6 12 29.0432 0.510973 0.118248 3 1 1 0 1 2 2 1 0 0 0 1 1 0 1
1 90 8941 814 286 0 -0.00607972 0.116577 0.000307245 0.0015353 0.000474869 0.0868392 1.02618 -3.58089 6.61423 -30 6 12 29.0432 0.510973 0.118248 3 1 1 0 1 3 2 1 0 0 0 1 1 0 1
1 90 8941 968 289 0 0.345564 0.856564 0.000754349 0.000804319 0.000259409 0.0377824 0.94036 6.70488 6.70488 -30 6 12 29.0261 0.321461 0.802891 3 1 1 0 1 3 3 1 0 0 0 1 1 0 1
1 90 8941 8649 293 1 -0.0916419 2.15179 0.00226921 0.00170523 66.1954 0.10419 31.945 -0.473386 1.09021 2.00824 6 12 28.942 -0.0815775 2.17301 3 12 1 0 0 2 8 1 0 0 0 1 0 0 0
1 90 8941 735 298 1 -0.0124363 0.581949 0.000909614 0.00159769 4.98058 -0.0877523 5.74146 -5.14726 1.17214 -30 6 12 28.8712 0.0620108 0.499762 3 1 1 0 1 2 3 1 0 0 0 1 0 0 0
1 90 8941 766 298 0 0.0577107 0.604459 0.000819055 0.00138293 0.000742461 0.0715325 4.89617 6.69948 6.69948 -30 6 12 28.8712 0.0620108 0.499762 3 1 1 0 1 3 3 1 0 0 0 1 1 0 1
1 90 8941 798 298 0 0.0276534 0.597978 0.00094181 0.00159074 4.09911 0.0833059 5.84352 -1.76269 5.30115 -30 6 12 28.8712 0.0620108 0.499762 3 1 1 0 1 3 3 1 0 0 0 1 1 0 1
1 90 8941 644 304 1 -0.0574479 0.180939 0.000419394 0.00173469 0.037471 -0.0974828 3.81925 -3.97972 0.952139 4.11553 6 12 28.7779 -0.00655922 0.157935 3 1 1 0 1 3 2 1 0 0 0 1 0 0 0
1 90 8941 645 304 0 0.00809621 0.186369 0.000387048 0.00146666 0.000266461 -0.0838751 0.345397 -3.7747 5.97383 -30 6 12 28.7779 -0.00655922 0.157935 3 1 1 0 1 3 2 1 0 0 0 1 1 0 1
1 90 8941 940 307 0 -0.00538575 0.114521 0.000344225 0.00152506 0.000310836 -0.083801 3.71913 6.14057 6.14057 -30 6 12 28.6518 -0.022689 0.0402057 3 1 1 0 1 1 1 1 0 0 0 1 1 0 1
1 90 8941 327 310 0 -0.0866313 0.817003 0.00147475 0.0020738 0.00170311 -0.100259 1.38166 -4.02072 3.41321 4.6551 6 12 28.62 0.128456 0.739999 3 1 1 0 1 2 2 1 0 0 0 1 1 0 1
1 90 8941 335 310 1 0.191328 0.85432 0.000879168 0.00107027 15.426 -0.0531703 7.33764 -4.77557 0.629755 1.43128 6 12 28.62 0.128456 0.739999 3 1 1 0 1 3 2 1 0 0 0 1 0 0 0
1 90 8941 0 324 0 0.267906 0.921972 0.00090661 0.00103288 0.120335 0.0462745 3.2866 -1.19543 6.70044 -30 6 12 28.1196 0.792692 0.866454 3 1 1 0 1 5 2 1 0 0 0 1 1 0 1
1 90 8941 995 324 0 0.804945 0.784728 0.000514305 0.000332138 24.998 -0.0134641 8.29065 5.33768 5.33768 -30 6 12 28.1196 0.792692 0.866454 3 1 1 0 1 1 2 1 0 0 1 1 1 0 1
1 90 8941 202 335 1 -0.0877284 1.62272 0.0019485 0.00186907 0.00199244 0.102453 2.66552 0.934582 3.37743 3.63135 6 12 29.9264 0.0122304 1.50709 3 2 1 0 0 4 4 1 0 0 0 1 0 0 0
1 90 8941 1533 337 0 0.622631 1.70632 0.00106842 0.000423708 103.568 -0.0177235 13.1681 -0.536385 5.9017 -30 6 12 29.4758 0.443334 1.69134 3 2 1 1 1 4 5 1 0 0 1 1 1 0 1
1 90 8941 1537 337 0 0.429535 1.64564 0.000855309 0.000592914 99.6289 -0.0287789 12.7341 6.81597 6.81597 -30 6 12 29.4758 0.443334 1.69134 3 1 1 0 1 3 5 1 0 0 1 1 1 0 1
1 90 8941 1560 337 1 0.192264 1.69668 0.00150238 0.000985852 106.545 0.0494234 13.4109 -1.6468 1.07904 5.98997 6 12 29.4758 0.443334 1.69134 3 2 1 0 0 6 5 0 1 1 1 1 0 0 0
1 90 8941 916 343 0 -0.0529098 0.2098 0.000412953 0.00160726 0.0533588 0.0958963 3.46884 5.71624 5.71624 -30 6 12 28.7311 -0.0660457 0.269252 3 1 1 0 1 2 3 1 0 0 0 1 1 0 1
1 90 8941 921 343 0 0.0528885 0.153513 0.000329768 0.00134104 0.00332798 0.0752197 2.11131 -1.60079 6.44696 -30 6 12 28.7311 -0.0660457 0.269252 3 1 1 0 1 4 3 1 0 0 0 1 1 0 1
1 90 8941 937 343 0 -0.0106206 0.204673 0.000570982 0.00162171 0.000171493 0.0919936 0.916054 -2.08226 6.84753 -30 6 12 28.7311 -0.0660457 0.269252 3 1 1 0 1 3 3 1 0 0 0 1 1 0 1
1 90 8941 125 346 1 0.154644 0.925641 0.00100439 0.00119827 0.00084477 0.0597092 1.81307 -0.0302697 0.699394 4.47631 5 10 27.4495 -0.0662649 0.875038 3 1 1 0 1 2 2 1 0 0 0 1 0 0 0
1 90 8941 132 346 0 -0.0372379 0.907032 0.00145515 0.00187047 0.00184614 0.0936566 0.210082 5.0994 5.0994 -30 5 10 27.4495 -0.0662649 0.875038 3 1 1 0 1 2 2 1 0 0 0 1 1 0 1
1 90 8941 396 352 0 0.429662 0.813312 0.000682049 0.000749958 0.000308216 0.0305093 2.43301 -1.30993 6.17004 -30 5 10 27.3032 -0.0924427 0.782483 3 1 1 0 1 3 2 1 0 0 0 1 1 0 1
1 90 8941 425 352 0 -0.0764427 0.792084 0.00133278 0.00190075 7.84533e-06 0.10163 1.24113 5.94957 5.94957 3.83845 5 10 27.3032 -0.0924427 0.782483 3 1 1 0 1 3 2 1 0 0 0 1 1 0 1
1 90 8941 363 355 1 0.0728036 0.38446 0.000542325 0.00125245 1.12842 0.0718062 4.98559 -0.412576 1.35122 5.81938 6 12 29.8199 -0.0406393 0.523384 3 1 1 0 1 1 1 1 0 0 0 1 0 0 0
1 90 8941 488 359 0 -0.014581 0.637453 0.000981988 0.0016022 3.48546e-05 0.0888685 1.37328 -0.30063 6.05689 -30 6 12 27.8781 0.219459 0.574172 3 1 1 0 1 4 2 1 0 0 0 1 1 0 1
1 90 8941 499 359 0 0.1038 0.594754 0.000798314 0.00131963 7.85473 0.0672902 7.01936 -0.780442 6.23869 -30 6 12 27.8781 0.219459 0.574172 3 1 1 0 1 4 2 1 0 0 0 1 1 0 1
1 90 8941 254 370 0 -0.0614687 0.865106 0.00143839 0.00192956 2.49915e-06 -0.094942 1.52015 5.95141 5.95141 -30 5 10 27.0221 -0.0688816 0.822376 3 1 1 0 1 4 1 1 0 0 0 1 1 0 1
1 90 8941 672 381 1 -0.020721 0.78666 0.00130262 0.0018096 2.87609 -0.0875581 4.82891 -0.00033325 6.34821 -30 5 10 26.9064 -0.0711765 0.801402 3 1 1 0 1 4 5 1 0 0 0 1 0 0 0
1 90 8941 686 381 0 -0.0830816 0.723846 0.00124158 0.00189042 7.83497 -0.0995765 6.24785 3.25742 6.24176 -30 5 10 26.9064 -0.0711765 0.801402 3 1 1 0 1 2 5 1 0 0 0 1 1 0 1
1 90 8941 708 381 0 0.010206 0.885414 0.00125274 0.00171717 1.88386e-05 -0.0709393 1.83693 0.273272 5.81455 -30 5 10 26.9064 -0.0711765 0.801402 3 1 1 0 1 4 5 1 0 0 0 1 1 0 1
1 90 8941 14 385 0 0.388933 0.228737 0.000351478 0.000672082 0.00857709 0.0337461 1.72699 -1.59109 3.76424 -30 6 12 26.8447 0.531786 0.142992 3 1 1 0 1 3 2 1 0 0 0 1 1 0 1
1 90 8941 41 385 0 -0.087459 0.0389396 0.000243233 0.00183212 8.25154e-07 0.104108 5.89163 -5.2334 5.87304 -30 6 12 26.8447 0.531786 0.142992 3 1 1 0 1 4 2 1 0 0 0 1 1 0 1
1 90 8941 165 386 0 0.0152036 1.76087 0.00178153 0.00144701 7.82864e-05 -0.0698491 4.8228 -1.21537 5.30049 -30 6 12 30.1353 -0.0359061 1.86594 3 1 1 0 1 3 4 1 0 0 0 1 1 0 1
1 90 8941 2611 386 0 -0.0266254 1.87031 0.00180174 0.00159419 0.000766251 -0.0818675 6.37569 4.91636 4.91636 -30 6 12 30.1353 -0.0359061 1.86594 3 3 1 2 0 1 4 1 0 0 0 1 1 0 1
1 90 8941 807 390 0 -0.0635561 0.803621 0.00139551 0.00196537 5.46542e-10 -0.095681 0.36052 6.23287 6.23287 -30 5 10 26.8085 -0.0765234 0.767897 3 1 1 0 1 1 1 1 0 0 0 1 1 0 1
1 90 8941 2743 391 2 -0.0935057 1.76946 0.00197074 0.00171025 0.0106614 0.1152 6.62941 -1.16098 0.916056 -30 6 12 32.8653 0.516478 1.77528 4 1 1 0 1 3 1 1 0 0 0 0 0 1 0
1 90 8941 669 408 0 -0.0835201 0.972227 0.00172594 0.00215528 1.64474 -0.100506 4.81279 -3.20407 6.87219 -30 5 10 26.6443 0.276938 0.920221 3 1 1 0 1 5 2 1 0 0 0 1 1 0 1
1 90 8941 672 408 1 -0.020721 0.78666 0.00130262 0.0018096 2.87609 -0.0875581 4.82891 -3.46089 6.34821 -30 5 10 26.6443 0.276938 0.920221 3 1 1 0 1 4 2 1 0 0 0 1 0 0 0
1 90 8941 599 414 0 0.0366501 1.50386 0.00153594 0.00132665 0.00261886 0.0776498 0.776482 6.29478 6.29478 -30 6 12 34.2467 0.0592998 1.4656 4 1 1 0 1 1 1 1 0 0 0 1 1 0 1
1 90 8941 2619 430 2 0.229351 2.07555 0.00293026 0.000943902 24.0116 0.0365482 13.617 1.32459 1.32459 3.37507 5 10 26.2877 0.0660268 2.06836 3 9 1 0 0 1 17 1 0 0 0 0 0 1 0
1 90 8941 2630 430 0 0.0406339 2.07104 0.00211816 0.00137419 3.7952e-05 0.0587611 9.04661 5.22039 5.22039 2.24895 5 10 26.2877 0.0660268 2.06836 3 8 1 0 0 1 17 1 0 0 0 1 1 0 1
1 90 8941 412 436 0 0.0444494 1.49628 0.00145897 0.00133859 6.60599 0.073853 7.60126 4.87255 4.87255 -30 5 10 26.2633 0.0673985 1.51532 3 1 1 0 1 3 1 1 0 0 0 1 1 0 1
1 90 8941 165 442 0 0.0152036 1.76087 0.00178153 0.00144701 7.82864e-05 -0.0698491 4.8228 -2.23581 5.30049 -30 5 10 26.217 0.0112033 1.66944 3 1 1 0 1 3 6 1 0 0 0 1 1 0 1
1 90 8941 202 442 1 -0.0877284 1.62272 0.0019485 0.00186907 0.00199244 0.102453 2.66552 -0.390659 3.37743 3.63135 5 10 26.217 0.0112033 1.66944 3 2 1 0 0 4 6 1 0 0 0 1 0 0 0
1 90 8941 208 444 0 -0.0153318 1.00536 0.00149375 0.00190792 0.00132238 -0.0832908 0.356348 6.84501 6.84501 -30 5 10 26.2117 -0.030529 0.977249 3 1 1 0 1 5 1 1 0 0 0 1 1 0 1
1 90 8941 597 451 0 -0.0190831 1.77462 0.00204009 0.00160593 4.41132 0.0653814 9.04605 -1.20422 5.60111 -30 5 10 26.0982 -0.0282723 1.65515 3 5 1 4 0 3 5 1 0 0 0 1 1 0 1
1 90 8941 7 464 0 0.930095 1.43877 0.00275564 0.000259963 84.8942 -0.0104451 11.368 -0.544517 4.67533 -30 5 10 25.9717 1.02419 1.47464 3 4 1 3 0 4 15 1 0 0 1 1 1 0 1
1 90 8941 23 464 1 -0.0116193 1.40252 0.00167173 0.00152204 0.00283169 0.0849155 2.1165 -2.91906 1.16973 4.80813 5 10 25.9717 1.02419 1.47464 3 1 1 0 1 4 15 1 0 0 0 1 0 0 0
1 90 8941 992 464 1 1.57878 1.39811 0.00465755 0.000134686 82.6181 -0.00107051 11.2682 -0.456802 1.68624 5.85717 5 10 25.9717 1.02419 1.47464 3 2 1 0 0 3 15 0 1 1 1 1 0 0 0
1 90 8941 998 464 0 1.05542 1.4244 0.00106708 0.000195305 84.4215 0.00671934 11.3563 4.59474 4.59474 -30 5 10 25.9717 1.02419 1.47464 3 2 1 1 0 4 15 1 0 0 1 1 1 0 1
1 90 8941 215 467 0 0.675804 1.59025 0.00119831 0.000420879 7.34067 0.0152278 8.06248 -1.3948 5.19188 5.64114 5 10 25.8181 -0.0504734 1.65238 3 1 1 0 1 4 4 1 0 0 0 1 1 0 1
1 90 8941 459 470 1 0.0174336 1.62165 0.00145164 0.00144941 0.00279721 0.0790967 2.97129 0.726317 0.905127 3.55017 5 10 25.7668 0.0320626 1.6661 3 2 1 0 1 4 10 1 0 0 0 1 0 0 0
1 90 8941 1564 470 1 0.874404 1.63687 0.00110066 0.000253152 99.007 -0.0107653 14.0151 -2.38148 2.26663 5.60072 5 10 25.7668 0.0320626 1.6661 3 2 1 0 0 5 10 0 1 1 1 1 0 0 0
1 90 8941 597 471 0 -0.0190831 1.77462 0.00204009 0.00160593 4.41132 0.0653814 9.04605 1.35605 5.60111 -30 5 10 25.7606 -0.0008252 1.76673 3 5 1 4 0 3 6 1 0 0 0 1 1 0 1
1 90 8941 3112 471 0 0.355385 1.85073 0.00112773 0.000764746 0.000109859 0.0359034 4.51671 -1.31274 3.08161 5.67091 5 10 25.7606 -0.0008252 1.76673 3 1 1 0 1 2 6 1 0 0 0 1 1 0 1
1 90 8941 2743 473 2 -0.0935057 1.76946 0.00197074 0.00171025 0.0106614 0.1152 6.62941 -1.28162 0.916056 -30 7 14 40.3622 0.064775 1.79904 5 1 1 0 1 3 1 1 0 0 0 0 0 1 0
1 90 8941 374 475 0 -0.0488184 0.474841 0.000815269 0.00168987 0.000874213 -0.0921549 1.78305 6.10153 6.10153 -30 5 10 25.7291 -0.0733342 0.42251 3 1 1 0 1 3 2 1 0 0 0 1 1 0 1
1 90 8941 395 475 2 -0.0339205 0.540973 0.000907844 0.00172692 0.000888314 0.0882154 2.43301 -2.39598 5.74196 -30 5 10 25.7291 -0.0733342 0.42251 3 1 1 0 1 3 2 1 0 0 0 0 0 1 0
1 90 8941 477 478 0 0.107571 1.50479 0.00156669 0.00125757 122.163 0.0533606 13.7081 2.0861 6.75925 -30 5 10 25.799 0.0543919 1.57349 3 4 1 3 0 2 13 1 0 0 0 1 1 0 1
1 90 8941 493 478 0 0.0244411 1.57658 0.00148789 0.00135999 0.000211828 0.0784127 5.28756 5.25287 5.25287 -30 5 10 25.799 0.0543919 1.57349 3 3 1 2 1 2 13 1 0 0 0 1 1 0 1
1 90 8941 374 481 0 -0.0488184 0.474841 0.000815269 0.00168987 0.000874213 -0.0921549 1.78305 -3.18196 6.10153 -30 5 10 25.6289 -0.0525056 0.478982 3 1 1 0 1 3 2 1 0 0 0 1 1 0 1
1 90 8941 395 481 2 -0.0339205 0.540973 0.000907844 0.00172692 0.000888314 0.0882154 2.43301 5.74196 5.74196 -30 5 10 25.6289 -0.0525056 0.478982 3 1 1 0 1 3 2 1 0 0 0 0 0 1 0
1 90 8941 95 484 0 0.0503555 0.430993 0.000627814 0.00132501 0.000643292 0.0733803 0.735847 -0.264033 6.8533 -30 6 12 33.6585 0.00897799 0.441017 4 1 1 0 1 4 1 1 0 0 0 1 1 0 1
1 90 8941 134 485 0 0.0198053 0.715795 0.000991859 0.00145903 5.80008e-05 -0.0792952 1.86524 6.8303 6.8303 -30 6 12 28.7251 0.0117678 0.654299 3 1 1 0 1 2 1 1 0 0 0 1 1 0 1
1 90 8941 2860 486 1 0.126962 2.29716 0.00314238 0.00120529 2.57491e-05 -0.0405756 10.4516 -1.82909 1.20428 2.23888 6 12 33.8318 -0.10621 2.3192 4 30 1 0 0 1 45 1 0 0 0 1 0 0 0
1 90 8941 546 487 0 1.29555 0.88994 0.00068943 0.000144925 2.58265 -0.00407806 4.41364 -1.81938 1.53789 -30 6 12 28.1367 1.07203 0.894336 3 1 1 0 1 6 4 1 0 0 0 1 1 0 1
1 90 8941 547 487 0 0.00561492 0.840881 0.00126755 0.00171736 2.6906e-05 -0.0807889 0.851127 -3.90753 6.12617 -30 6 12 28.1367 1.07203 0.894336 3 1 1 0 1 7 4 1 0 0 0 1 1 0 1
1 90 8941 552 487 0 0.860984 0.84829 0.000512983 0.000269248 2.27506 -0.0112481 4.22834 -0.000534505 4.33554 -30 6 12 28.1367 1.07203 0.894336 3 1 1 0 1 7 4 1 0 0 0 1 1 0 1
1 90 8941 574 487 0 1.09435 0.871788 0.000594933 0.000186184 2.46359 0.00667839 4.30377 2.68195 2.68195 -30 6 12 28.1367 1.07203 0.894336 3 1 1 0 1 7 4 1 0 0 0 1 1 0 1
1 90 8941 631 497 0 0.133957 1.90302 0.00298678 0.00128052 0.00115813 0.0454708 9.19318 5.76965 5.76965 4.834 7 14 32.731 0.133072 1.86944 3 6 1 0 0 1 8 1 0 0 0 1 1 0 1
1 90 8941 4793 497 0 -0.0201387 1.88437 0.00193341 0.00152269 8.20484 0.0962814 24.95 0.737613 6.30429 5.03592 7 14 32.731 0.133072 1.86944 3 4 1 2 0 1 8 1 0 0 0 1 1 0 1
1 90 8941 274 499 0 -0.0146406 0.24388 0.000494402 0.00167886 1.03953 0.0853565 9.42555 -4.15499 5.03729 -30 6 12 25.3329 -0.0802871 0.288021 3 2 1 1 0 2 4 1 0 0 0 1 1 0 1
1 90 8941 2520 500 1 0.31321 1.80297 0.00118791 0.000811431 55.9009 0.0330492 13.7497 -1.32098 -1.23421 2.05789 5 10 25.3249 -0.0432951 1.71413 3 4 1 0 0 2 6 1 0 0 0 1 0 0 0
1 90 8941 586 525 1 0.00658145 0.0472455 0.000303284 0.00149915 0.000419785 -0.0846838 3.00831 -0.932528 -0.501223 2.49995 6 12 25.5635 0.112368 0.00146484 3 1 1 0 1 3 1 1 0 0 0 1 0 0 0
1 90 8941 529 529 0 0.212195 0.589974 0.00062643 0.000967247 0.000248811 -0.0505833 1.62687 1.73116 1.73116 3.9885 6 12 24.7385 0.187794 0.623942 3 1 1 0 1 2 2 1 0 0 0 1 1 0 1
1 90 8941 535 529 0 0.479488 0.561816 0.000452678 0.000562098 7.20087 0.0274065 6.84378 -2.04967 6.7525 -30 6 12 24.7385 0.187794 0.623942 3 1 1 0 1 2 2 1 0 0 0 1 1 0 1
1 90 8941 737 532 1 -0.0941133 0.401421 0.000790126 0.00190422 1.73048 0.106069 5.55379 -1.75409 -0.879157 2.89705 6 12 33.1549 -0.0431229 0.421001 4 1 1 0 1 1 1 1 0 0 0 1 0 0 0
1 90 8941 948 543 0 0.214505 1.85034 0.00240269 0.00098918 0.00103572 0.0397856 9.01323 6.75591 6.75591 -30 7 14 35.7936 0.0844371 1.84894 4 2 1 1 0 4 12 1 0 0 0 1 1 0 1
1 90 8941 2260 543 1 0.231267 1.98625 0.0015588 0.000971421 5.57939 -0.0361101 13.0319 -4.36752 0.704422 3.36734 7 14 35.7936 0.0844371 1.84894 4 8 1 0 0 2 12 1 0 0 0 1 0 0 0
1 90 8941 2396 546 1 -0.09852 2.31545 0.00223315 0.00161449 0.00049389 -0.0535908 12.6776 -1.50723 1.22217 1.72165 6 12 29.833 0.12409 2.23788 3 1 1 0 1 3 10 1 0 0 0 1 0 0 0
1 90 8941 597 553 0 -0.0190831 1.77462 0.00204009 0.00160593 4.41132 0.0653814 9.04605 5.60111 5.60111 -30 5 10 25.6894 -0.0215137 1.79973 3 5 1 4 0 3 5 1 0 0 0 1 1 0 1
1 90 8941 158 555 1 -0.07288 0.363265 0.000712155 0.00185443 0.0166483 -0.0969723 1.78364 0.258978 0.258978 2.80812 6 12 28.8999 -0.0143751 0.333478 3 1 1 0 1 2 3 1 0 0 0 1 0 0 0
1 90 8941 170 555 0 -0.024908 0.405741 0.000714434 0.00164024 0.000139732 -0.0876219 2.68794 6.5044 6.5044 -30 6 12 28.8999 -0.0143751 0.333478 3 2 1 1 1 2 3 1 0 0 0 1 1 0 1
1 90 8941 495 560 0 0.0617184 1.53002 0.00153264 0.00138259 6.71916 -0.0679008 8.76979 6.74463 6.74463 -30 6 12 29.4271 0.0904914 1.54943 3 1 1 0 1 3 2 1 0 0 0 1 1 0 1
1 90 8941 515 560 1 0.3253 1.47137 0.000991722 0.000725749 7.991 0.0386598 7.574 -1.29669 -0.308746 2.61211 6 12 29.4271 0.0904914 1.54943 3 1 1 0 1 3 2 1 0 0 0 1 0 0 0
1 90 8941 146 562 1 0.08835 1.13546 0.00138628 0.00151229 6.19649e-06 0.0699358 3.59694 -1.69209 5.3056 -30 5 10 25.0583 0.0454962 1.16947 3 1 1 0 1 2 1 1 0 0 0 1 0 0 0
1 90 8941 121 565 1 -0.0765787 0.0631901 0.000296604 0.00187252 0.000743174 -0.102263 0.976123 -3.56627 0.99404 3.29984 6 12 28.9651 0.133062 0.133785 3 1 1 0 1 1 4 1 0 0 0 1 0 0 0
1 90 8941 135 565 1 -0.0964356 0.0486896 0.000272521 0.00186283 0.000716819 -0.102613 1.422 -3.63496 4.42039 5.04938 6 12 28.9651 0.133062 0.133785 3 1 1 0 1 2 4 1 0 0 0 1 0 0 0
1 90 8941 157 565 1 -0.0219832 0.101611 0.000331218 0.00166149 0.00046278 -0.0871522 2.80808 -3.63918 0.410091 5.57717 6 12 28.9651 0.133062 0.133785 3 1 1 0 1 3 4 1 0 0 0 1 0 0 0
1 90 8941 231 565 1 -0.0944161 0.074394 0.000303234 0.0018221 0.000471836 0.106281 1.98516 -2.66349 -0.932811 2.25204 6 12 28.9651 0.133062 0.133785 3 1 1 0 1 2 4 1 0 0 0 1 0 0 0
1 90 8941 7137 572 1 -0.00998175 2.0223 0.00225192 0.00161827 617.641 0.0625358 25.65 -2.35641 2.09155 -30 5 10 25.9719 0.538739 1.96621 3 6 1 5 1 3 12 1 0 0 0 1 0 0 0
1 90 8941 668 573 0 0.172274 1.9327 0.00277312 0.00113949 9.88477e-05 -0.0390279 10.0859 0.856778 4.42816 5.04077 5 10 25.8492 -0.0207168 1.97171 3 1 1 0 1 5 29 1 0 0 0 1 1 0 1
1 90 8941 722 573 1 -0.0704998 1.89372 0.00280497 0.00183521 0.000352643 0.0748267 7.11789 -1.23157 4.92208 2.93404 5 10 25.8492 -0.0207168 1.97171 3 2 1 0 0 4 29 1 0 0 0 1 0 0 0
1 90 8941 726 573 1 -0.0289012 1.96581 0.00224079 0.00153267 0.000132991 0.0700157 1.98913 -1.19319 5.38381 4.84762 5 10 25.8492 -0.0207168 1.97171 3 4 1 0 1 3 29 1 0 0 0 1 0 0 0
1 90 8941 3284 573 0 -0.0369487 1.93094 0.00190646 0.00152226 12.5334 0.0726514 11.4427 0.667495 1.48327 -30 5 10 25.8492 -0.0207168 1.97171 3 8 1 7 0 6 29 1 0 0 0 1 1 0 1
1 90 8941 6902 573 0 0.661392 2.04424 0.00267923 0.000345644 0.000196671 -0.0194215 24.95 -0.578394 6.03276 -30 5 10 25.8492 -0.0207168 1.97171 3 6 1 5 1 3 29 1 0 0 0 1 1 0 1
1 90 8941 113 574 0 -0.0606965 0.118329 0.00033948 0.0016627 0.00675641 0.0985264 2.55779 6.58649 6.58649 -30 6 12 29.9013 -0.0694715 0.16075 3 1 1 0 1 5 2 1 0 0 0 1 1 0 1
1 90 8941 140 574 1 -0.0880801 0.184239 0.000420077 0.00178533 0.0858321 0.104352 4.68024 -0.702314 0.193459 4.21406 6 12 29.9013 -0.0694715 0.16075 3 1 1 0 1 2 2 1 0 0 0 1 0 0 0
1 90 8941 546 575 0 1.29555 0.88994 0.00068943 0.000144925 2.58265 -0.00407806 4.41364 -2.49873 1.53789 -30 6 12 28.0313 0.870888 0.869356 3 1 1 0 1 6 5 1 0 0 0 1 1 0 1
1 90 8941 547 575 0 0.00561492 0.840881 0.00126755 0.00171736 2.6906e-05 -0.0807889 0.851127 -3.50389 6.12617 -30 6 12 28.0313 0.870888 0.869356 3 1 1 0 1 7 5 1 0 0 0 1 1 0 1
1 90 8941 552 575 0 0.860984 0.84829 0.000512983 0.000269248 2.27506 -0.0112481 4.22834 4.33554 4.33554 -30 6 12 28.0313 0.870888 0.869356 3 1 1 0 1 7 5 1 0 0 0 1 1 0 1
1 90 8941 574 575 0 1.09435 0.871788 0.000594933 0.000186184 2.46359 0.00667839 4.30377 -1.26063 2.68195 -30 6 12 28.0313 0.870888 0.869356 3 1 1 0 1 7 5 1 0 0 0 1 1 0 1
1 90 8941 587 575 1 -0.0555332 0.767129 0.00131831 0.00191854 1.80801 0.093857 3.92192 -2.58741 1.93091 3.88171 6 12 28.0313 0.870888 0.869356 3 1 1 0 1 4 5 1 0 0 0 1 0 0 0
1 90 8941 213 583 0 0.763866 1.51663 0.000810801 0.000283606 7.03561 -0.0135077 7.57631 -1.59503 2.92489 -30 6 12 29.2735 0.13285 1.46644 3 1 1 0 1 5 4 1 0 0 0 1 1 0 1
1 90 8941 239 583 0 0.033792 1.41352 0.00128156 0.00130179 6.30791 -0.0805266 6.90477 -3.47274 4.99098 4.64353 6 12 29.2735 0.13285 1.46644 3 2 1 0 0 6 4 1 0 0 0 1 1 0 1
1 90 8941 259 583 0 0.159053 1.46404 0.00112792 0.00101527 9.10834e-08 0.0613983 5.40513 6.39321 6.39321 -30 6 12 29.2735 0.13285 1.46644 3 1 1 0 1 5 4 1 0 0 0 1 1 0 1
1 90 8941 419 592 0 0.0607967 0.974691 0.001274 0.00153026 0.536162 0.0745999 3.88782 -2.88328 6.41902 -30 6 12 28.0059 0.666791 1.07533 3 1 1 0 1 5 1 1 0 0 0 1 1 0 1
1 90 8941 2449 594 2 2.07617 1.98579 0.0775777 0.00052221 1.32565 0.00517382 10.4255 -3.50288 -1.6161 1.05119 6 12 22.3441 0.386751 1.94087 2 2 1 0 1 1 4 1 0 0 0 0 0 1 0
1 90 8941 5667 594 0 0.375777 1.93078 0.0013482 0.000630516 4.87577e-05 -0.0365429 24.95 6.18473 6.18473 4.66437 6 12 22.3441 0.386751 1.94087 2 3 1 0 0 2 4 1 0 0 0 1 1 0 1
1 90 8941 5667 600 0 0.375777 1.93078 0.0013482 0.000630516 4.87577e-05 -0.0365429 24.95 -1.73465 6.18473 4.66437 7 14 37.3267 0.124871 1.87971 4 3 1 0 0 2 3 1 0 0 0 1 1 0 1
1 90 8941 732 602 0 0.0936963 0.00867968 0.000250231 0.00130928 0.000380378 0.0685728 4.30981 6.40144 6.40144 -30 5 10 22.1322 0.0786147 0.0411317 2 1 1 0 1 2 1 1 0 0 0 1 1 0 1
1 90 8941 546 605 0 1.29555 0.88994 0.00068943 0.000144925 2.58265 -0.00407806 4.41364 1.53789 1.53789 -30 6 12 30.8758 1.26495 0.912489 4 1 1 0 1 6 3 1 0 0 0 1 1 0 1
1 90 8941 552 605 0 0.860984 0.84829 0.000512983 0.000269248 2.27506 -0.0112481 4.22834 -1.44819 4.33554 -30 6 12 30.8758 1.26495 0.912489 4 1 1 0 1 7 3 1 0 0 0 1 1 0 1
1 90 8941 574 605 0 1.09435 0.871788 0.000594933 0.000186184 2.46359 0.00667839 4.30377 0.598431 2.68195 -30 6 12 30.8758 1.26495 0.912489 4 1 1 0 1 7 3 1 0 0 0 1 1 0 1
1 90 8941 3325 607 2 0.0523538 1.59722 0.00240021 0.0015229 465.17 -0.0666233 19.1839 0.572561 0.572561 2.47535 6 12 28.2642 -0.0326778 1.66687 3 1 1 0 1 2 1 1 0 0 0 0 0 1 0
1 90 8941 254 610 0 -0.0614687 0.865106 0.00143839 0.00192956 2.49915e-06 -0.094942 1.52015 -2.97349 5.95141 -30 5 10 25.5409 -0.0897163 0.868911 3 1 1 0 1 4 1 1 0 0 0 1 1 0 1
1 90 8941 488 620 0 -0.014581 0.637453 0.000981988 0.0016022 3.48546e-05 0.0888685 1.37328 6.05689 6.05689 -30 6 12 33.398 -0.0386949 0.637797 4 1 1 0 1 4 2 1 0 0 0 1 1 0 1
1 90 8941 499 620 0 0.1038 0.594754 0.000798314 0.00131963 7.85473 0.0672902 7.01936 -0.932953 6.23869 -30 6 12 33.398 -0.0386949 0.637797 4 1 1 0 1 4 2 1 0 0 0 1 1 0 1
1 90 8941 455 625 0 -0.02752 1.00571 0.0016209 0.00195027 1.11294e-05 -0.0885679 0.210274 2.62616 4.06223 -30 5 10 26.2983 -0.0462604 0.982746 3 1 1 0 1 4 2 1 0 0 0 1 1 0 1
1 90 8941 489 625 1 0.365327 1.06108 0.00083172 0.00076092 0.000230454 -0.0369488 2.59332 0.127621 1.27905 4.65217 5 10 26.2983 -0.0462604 0.982746 3 1 1 0 1 2 2 1 0 0 0 1 0 0 0
1 90 8941 644 626 1 -0.0574479 0.180939 0.000419394 0.00173469 0.037471 -0.0974828 3.81925 0.952139 0.952139 4.11553 5 10 22.0753 -0.00827328 0.173109 2 1 1 0 1 3 2 1 0 0 0 1 0 0 0
1 90 8941 645 626 0 0.00809621 0.186369 0.000387048 0.00146666 0.000266461 -0.0838751 0.345397 5.97383 5.97383 -30 5 10 22.0753 -0.00827328 0.173109 2 1 1 0 1 3 2 1 0 0 0 1 1 0 1
1 90 8941 546 630 0 1.29555 0.88994 0.00068943 0.000144925 2.58265 -0.00407806 4.41364 -2.93543 1.53789 -30 5 10 21.741 -0.0933333 0.848284 2 1 1 0 1 6 3 1 0 0 0 1 1 0 1
1 90 8941 552 630 0 0.860984 0.84829 0.000512983 0.000269248 2.27506 -0.0112481 4.22834 -3.57711 4.33554 -30 5 10 21.741 -0.0933333 0.848284 2 1 1 0 1 7 3 1 0 0 0 1 1 0 1
1 90 8941 587 630 1 -0.0555332 0.767129 0.00131831 0.00191854 1.80801 0.093857 3.92192 1.25191 1.93091 3.88171 5 10 21.741 -0.0933333 0.848284 2 1 1 0 1 4 3 1 0 0 0 1 0 0 0
1 90 8941 3385 639 0 0.10774 2.35746 0.00487693 0.0012242 2.39801e-06 0.0361355 18.2378 -2.82815 1.0516 -30 5 10 21.6596 0.288062 2.22981 2 9 1 8 1 1 18 1 0 0 0 1 0 0 0
1 90 8941 10741 639 1 0.369599 2.15067 0.00188027 0.000758543 3.48302e-07 -0.0389747 31.945 1.17104 1.89957 5.42511 5 10 21.6596 0.288062 2.22981 2 5 1 0 1 4 18 1 0 0 0 1 0 0 0
1 90 8941 586 641 1 0.00658145 0.0472455 0.000303284 0.00149915 0.000419785 -0.0846838 3.00831 -2.02914 -0.501223 2.49995 5 10 21.6289 -0.0625516 0.00146484 2 1 1 0 1 3 2 1 0 0 0 1 0 0 0
1 90 8941 603 641 1 0.0763321 0.125957 0.000305388 0.00133125 0.0412161 -0.0719403 6.16194 -2.31318 1.94441 5.96373 5 10 21.6289 -0.0625516 0.00146484 2 1 1 0 1 1 2 0 1 1 1 1 0 0 0
1 90 8941 900 644 0 0.243738 1.56337 0.001305 0.000927528 24.0279 -0.040509 9.3077 5.13382 5.13382 -30 5 10 21.5971 0.0835853 1.5866 2 1 1 0 1 1 1 1 0 0 0 1 1 0 1
1 90 8941 5887 648 1 -0.0990109 2.30036 0.00354624 0.00205672 0.00425001 -0.0823839 24.4 -2.97801 0.673391 0.692158 5 10 21.5448 0.153492 2.33651 2 2 1 0 0 2 34 1 0 0 0 1 0 0 0
1 90 8941 6053 648 0 0.0288871 2.3546 0.00301146 0.00139559 7.79037 0.0510558 26.2 3.25825 3.25825 3.00399 5 10 21.5448 0.153492 2.33651 2 16 1 0 0 1 34 1 0 0 0 1 1 0 1
1 90 8941 7 649 0 0.930095 1.43877 0.00275564 0.000259963 84.8942 -0.0104451 11.368 4.67533 4.67533 -30 5 10 25.0162 0.988292 1.48885 3 4 1 3 0 4 15 1 0 0 1 1 1 0 1
1 90 8941 23 649 1 -0.0116193 1.40252 0.00167173 0.00152204 0.00283169 0.0849155 2.1165 -3.49696 1.16973 4.80813 5 10 25.0162 0.988292 1.48885 3 1 1 0 1 4 15 1 0 0 0 1 0 0 0
1 90 8941 992 649 1 1.57878 1.39811 0.00465755 0.000134686 82.6181 -0.00107051 11.2682 -1.03727 1.68624 5.85717 5 10 25.0162 0.988292 1.48885 3 2 1 0 0 3 15 0 1 1 1 1 0 0 0
1 90 8941 998 649 0 1.05542 1.4244 0.00106708 0.000195305 84.4215 0.00671934 11.3563 -0.0762661 4.59474 -30 5 10 25.0162 0.988292 1.48885 3 2 1 1 0 4 15 1 0 0 1 1 1 0 1
1 90 8941 898 663 0 -0.0053015 0.701483 0.00102459 0.00164449 10.381 0.0753282 6.50513 5.58529 5.58529 -30 5 10 21.4616 -0.0281239 0.797134 2 1 1 0 1 1 1 1 0 0 0 1 1 0 1
1 90 8941 879 664 0 -0.0233954 0.944883 0.00147284 0.00185714 1.09916e-08 -0.086685 1.3881 0.706066 6.8417 -30 6 12 21.4566 0.12178 0.900817 2 1 1 0 1 3 1 1 0 0 0 1 1 0 1
1 90 8941 66 669 0 0.191358 1.53302 0.00111377 0.000999394 1.44905e-07 -0.0576532 3.50388 6.85875 6.85875 -30 5 10 21.4171 0.181746 1.52955 2 1 1 0 1 2 1 1 0 0 0 1 1 0 1
1 90 8941 161 678 0 0.464741 1.0145 0.000793617 0.000673988 0.000486177 0.0285218 1.38159 -2.22176 3.49381 -30 5 10 21.3549 0.00083459 0.941282 2 1 1 0 1 3 1 1 0 0 0 1 1 0 1
1 90 8941 2396 683 1 -0.09852 2.31545 0.00223315 0.00161449 0.00049389 -0.0535908 12.6776 -2.08887 1.22217 1.72165 5 10 21.3084 -0.0545337 2.32094 2 1 1 0 1 3 68 1 0 0 0 1 0 0 0
1 90 8941 12933 683 1 0.370147 2.36489 0.00207861 0.00054324 82.3572 -0.0361339 41.573 -3.29721 -1.65381 2.75248 5 10 21.3084 -0.0545337 2.32094 2 46 1 0 0 1 68 1 0 0 0 1 0 0 0
1 90 8941 12950 683 1 0.427325 2.42076 0.00269175 0.00072114 1.16459e-07 -0.0331701 40.323 -3.94045 -2.97608 2.30731 5 10 21.3084 -0.0545337 2.32094 2 4 1 0 0 1 68 1 0 0 0 1 0 0 0
1 90 8941 854 684 0 -0.0199663 0.990658 0.00149354 0.00183618 8.35073e-06 -0.0889352 0.592477 6.75808 6.75808 -30 5 10 21.3038 -0.00615992 0.970162 2 1 1 0 1 1 1 1 0 0 0 1 1 0 1
1 90 8941 6656 685 1 -0.0934431 2.21183 0.00330624 0.002172 44.4213 0.0806581 26.2 -1.38232 -0.202807 -0.0512265 5 10 21.2982 0.263125 2.09916 2 2 1 0 0 1 8 1 0 0 0 1 0 0 0
1 90 8941 809 692 0 0.00378836 0.660439 0.00102207 0.00163323 10.1563 0.0851791 7.22863 4.43861 4.43861 4.05331 5 10 21.2354 0.011568 0.716736 2 1 1 0 1 3 1 1 0 0 0 1 1 0 1
1 90 8941 668 697 0 0.172274 1.9327 0.00277312 0.00113949 9.88477e-05 -0.0390279 10.0859 -1.6844 4.42816 5.04077 5 10 21.1582 0.627676 2.02517 2 1 1 0 1 5 23 1 0 0 0 1 1 0 1
1 90 8941 3284 697 0 -0.0369487 1.93094 0.00190646 0.00152226 12.5334 0.0726514 11.4427 -0.495566 1.48327 -30 5 10 21.1582 0.627676 2.02517 2 8 1 7 0 6 23 1 0 0 0 1 1 0 1
1 90 8941 6902 697 0 0.661392 2.04424 0.00267923 0.000345644 0.000196671 -0.0194215 24.95 6.03276 6.03276 -30 5 10 21.1582 0.627676 2.02517 2 6 1 5 1 3 23 1 0 0 0 1 1 0 1
1 90 8941 921 714 0 0.0528885 0.153513 0.000329768 0.00134104 0.00332798 0.0752197 2.11131 1.48393 6.44696 -30 6 12 21.0504 -0.00598501 0.177413 2 1 1 0 1 4 2 1 0 0 0 1 1 0 1
1 90 8941 937 714 0 -0.0106206 0.204673 0.000570982 0.00162171 0.000171493 0.0919936 0.916054 6.84753 6.84753 -30 6 12 21.0504 -0.00598501 0.177413 2 1 1 0 1 3 2 1 0 0 0 1 1 0 1
1 90 8941 879 723 0 -0.0233954 0.944883 0.00147284 0.00185714 1.09916e-08 -0.086685 1.3881 6.8417 6.8417 -30 5 10 21.0036 -0.0433669 0.941018 2 1 1 0 1 3 1 1 0 0 0 1 1 0 1
1 90 8941 495 726 0 0.0617184 1.53002 0.00153264 0.00138259 6.71916 -0.0679008 8.76979 1.16571 6.74463 -30 5 10 26.1797 -0.0319129 1.58503 3 1 1 0 1 3 2 1 0 0 0 1 1 0 1
1 90 8941 515 726 1 0.3253 1.47137 0.000991722 0.000725749 7.991 0.0386598 7.574 -1.3957 -0.308746 2.61211 5 10 26.1797 -0.0319129 1.58503 3 1 1 0 1 3 2 1 0 0 0 1 0 0 0
1 90 8941 811 734 1 -0.0391903 1.88763 0.00234557 0.00136519 0.0545479 -0.0593626 11.2771 5.48347 5.48347 3.5124 5 10 20.9222 -0.0370556 1.90087 2 1 1 0 1 2 16 1 0 0 0 1 0 0 0
1 90 8941 838 734 1 -0.0802592 1.79323 0.00220323 0.00189999 0.00310881 0.0806274 6.59455 -2.43999 -0.49657 3.54941 5 10 20.9222 -0.0370556 1.90087 2 15 1 0 0 1 16 1 0 0 0 1 0 0 0
1 90 8941 270 749 1 -0.0808187 0.477966 0.000832595 0.00171994 3.00761 0.0986887 6.22535 1.65705 1.78112 3.39224 6 12 33.4954 -0.0468406 0.410239 4 1 1 0 1 2 1 1 0 0 0 1 0 0 0
1 90 8941 896 764 0 -0.00489105 1.45896 0.00149636 0.00139537 0.00209711 0.0774384 2.44172 5.53526 5.53526 -30 5 10 20.6059 0.0267724 1.45092 2 1 1 0 1 2 1 1 0 0 0 1 1 0 1
1 90 8941 1235 767 1 -0.0783505 2.31095 0.0053093 0.00222328 46.6509 0.0548398 17.802 -0.706983 1.83569 0.847542 6 12 29.412 0.394587 2.31346 3 1 1 0 1 1 9 1 0 0 0 1 0 0 0
1 90 8941 3933 767 1 -0.0991066 2.2971 0.0031174 0.00194036 0.0238992 -0.0774407 24.4 -0.479262 1.35911 2.32068 6 12 29.412 0.394587 2.31346 3 3 1 0 0 1 9 1 0 0 0 1 0 0 0
1 90 8941 7755 767 0 0.369899 2.29672 0.0026369 0.000767396 72.7587 -0.0310609 33.195 4.05925 4.05925 3.85563 6 12 29.412 0.394587 2.31346 3 4 1 0 0 1 9 1 0 0 0 1 1 0 1
1 90 8941 845 769 0 0.224682 1.51116 0.000954536 0.00085507 0.00106396 0.0495146 5.39407 6.7265 6.7265 -30 5 10 25.6768 0.239457 1.51213 3 1 1 0 1 1 1 1 0 0 0 1 1 0 1
1 90 8941 722 779 1 -0.0704998 1.89372 0.00280497 0.00183521 0.000352643 0.0748267 7.11789 4.92208 4.92208 2.93404 5 10 20.3199 -0.059189 1.90692 2 2 1 0 0 4 15 1 0 0 0 1 0 0 0
1 90 8941 726 779 1 -0.0289012 1.96581 0.00224079 0.00153267 0.000132991 0.0700157 1.98913 5.38381 5.38381 4.84762 5 10 20.3199 -0.059189 1.90692 2 4 1 0 1 3 15 1 0 0 0 1 0 0 0
1 90 8941 3284 779 0 -0.0369487 1.93094 0.00190646 0.00152226 12.5334 0.0726514 11.4427 0.84369 1.48327 -30 5 10 20.3199 -0.059189 1.90692 2 8 1 7 0 6 15 1 0 0 0 1 1 0 1
1 90 8941 753 790 0 -0.0883823 0.508862 0.000909691 0.00180021 4.37417e-05 -0.100999 2.58084 6.34965 6.34965 -30 6 12 20.1365 -0.0896965 0.452293 2 1 1 0 1 2 1 1 0 0 0 1 1 0 1
1 90 8941 419 800 0 0.0607967 0.974691 0.001274 0.00153026 0.536162 0.0745999 3.88782 -2.8422 6.41902 -30 5 10 24.8698 1.01769 1.03789 3 1 1 0 1 5 1 1 0 0 0 1 1 0 1
1 90 8941 1560 801 1 0.192264 1.69668 0.00150238 0.000985852 106.545 0.0494234 13.4109 -1.23387 1.07904 5.98997 5 10 25.1146 -0.09139 1.835 3 2 1 0 0 6 2 0 1 1 1 1 0 0 0
1 90 8941 6851 806 2 0.104378 1.681 0.00158361 0.00123781 848.342 0.0635933 26.2 -4.36314 -1.29847 4.34434 6 12 29.2933 0.0303978 1.64125 3 1 1 0 1 2 1 1 0 0 0 0 0 1 0
1 90 8941 488 808 0 -0.014581 0.637453 0.000981988 0.0016022 3.48546e-05 0.0888685 1.37328 -0.749625 6.05689 -30 6 12 29.5824 0.0881463 0.678385 3 1 1 0 1 4 2 1 0 0 0 1 1 0 1
1 90 8941 499 808 0 0.1038 0.594754 0.000798314 0.00131963 7.85473 0.0672902 7.01936 6.23869 6.23869 -30 6 12 29.5824 0.0881463 0.678385 3 1 1 0 1 4 2 1 0 0 0 1 1 0 1
1 90 8941 1932 821 1 -0.0961274 2.06973 0.00226044 0.00177009 0.00550336 -0.0840375 7.03999 -2.20091 -0.0681552 0.532816 5 10 26.6401 0.169506 2.04414 3 5 1 0 0 2 79 1 0 0 0 1 0 0 0
1 90 8941 5053 821 1 0.245008 2.07103 0.00166788 0.000840313 0.00282443 0.0412392 24.4 -0.356921 0.953811 1.20761 5 10 26.6401 0.169506 2.04414 3 44 1 0 0 2 79 1 0 0 0 1 0 0 0
1 90 8941 15 825 0 0.565834 1.15839 0.000773512 0.000503688 0.000318365 -0.0224243 0.752238 -4.33775 6.58056 -30 6 12 32.5849 -0.0693123 1.23354 4 1 1 0 1 3 2 1 0 0 0 1 1 0 1
1 90 8941 25 825 0 -0.0543747 1.1616 0.00154472 0.00163696 43.2048 0.090921 8.81419 6.6692 6.6692 -30 6 12 32.5849 -0.0693123 1.23354 4 1 1 0 1 3 2 1 0 0 0 1 1 0 1
1 90 8941 406 833 0 0.0101632 1.6745 0.00165471 0.00144604 0.000450606 0.0797017 2.94666 3.79305 3.79305 5.4887 5 10 19.7232 -0.00982428 1.67328 2 1 1 0 1 3 1 1 0 0 0 1 1 0 1
1 90 8941 497 838 0 -0.0779228 0.301912 0.000652021 0.00189085 0.000118083 -0.10374 2.05737 5.76581 5.76581 -30 6 12 34.0237 -0.0700648 0.24735 4 1 1 0 1 5 4 1 0 0 0 1 1 0 1
1 90 8941 508 838 0 0.0231041 0.123906 0.000327871 0.00150073 0.0337461 -0.0815322 7.01277 -0.327742 6.48783 -30 6 12 34.0237 -0.0700648 0.24735 4 1 1 0 1 3 4 1 0 0 0 1 1 0 1
1 90 8941 576 838 0 -0.0811498 0.375826 0.000726008 0.00181779 0.000111211 0.0992714 0.0450518 -3.0643 6.46368 3.19638 6 12 34.0237 -0.0700648 0.24735 4 1 1 0 1 4 4 1 0 0 0 1 1 0 1
1 90 8941 578 838 1 0.047904 0.151896 0.000351638 0.00139964 0.000310272 0.0738172 3.48887 -3.17425 4.59009 -30 6 12 34.0237 -0.0700648 0.24735 4 1 1 0 1 2 4 1 0 0 0 1 0 0 0
1 90 8941 1533 847 0 0.622631 1.70632 0.00106842 0.000423708 103.568 -0.0177235 13.1681 -1.96173 5.9017 -30 5 10 25.4356 0.00362851 1.79554 3 2 1 1 1 4 4 1 0 0 1 1 1 0 1
1 90 8941 1560 847 1 0.192264 1.69668 0.00150238 0.000985852 106.545 0.0494234 13.4109 -0.358382 1.07904 5.98997 5 10 25.4356 0.00362851 1.79554 3 2 1 0 0 6 4 0 1 1 1 1 0 0 0
1 90 8941 239 850 0 0.033792 1.41352 0.00128156 0.00130179 6.30791 -0.0805266 6.90477 -1.89381 4.99098 4.64353 6 12 33.6304 -0.0756059 1.43848 4 2 1 0 0 6 7 1 0 0 0 1 1 0 1
1 90 8941 258 850 0 -0.088496 1.49297 0.00182845 0.00175253 0.00221728 -0.110157 3.04502 2.68915 2.68915 -30 6 12 33.6304 -0.0756059 1.43848 4 1 1 0 1 2 7 1 0 0 0 1 1 0 1
1 90 8941 537 851 1 -0.00456213 0.214559 0.000464128 0.00158869 0.0975241 -0.08396 3.85929 -2.43891 2.12284 5.27448 6 12 26.7945 1.48077 0.215805 3 1 1 0 1 1 2 1 0 0 0 1 0 0 0
1 90 8941 561 851 0 1.48521 0.106611 0.00056857 0.000175386 0.0225636 -0.00270043 6.10187 1.98709 1.98709 -30 6 12 26.7945 1.48077 0.215805 3 1 1 0 1 1 2 1 0 0 1 1 1 0 1
1 90 8941 748 852 0 -0.0480014 0.750019 0.00122734 0.00177884 0.00140989 -0.0931297 1.18637 -2.8695 6.82997 -30 6 12 33.0205 0.181931 0.759835 4 1 1 0 1 4 1 1 0 0 0 1 1 0 1
1 90 8941 397 853 0 -0.0565397 0.445062 0.000764251 0.00165626 0.000935774 -0.0975272 4.91662 -3.58649 4.40699 -30 5 10 24.4627 -0.0353028 0.42264 3 1 1 0 1 2 1 1 0 0 0 1 1 0 1
1 90 8941 703 854 1 0.372729 1.73515 0.00148708 0.000678756 0.000605116 -0.029932 5.63535 -2.41968 1.11968 4.19546 6 12 29.0977 0.677164 1.81547 3 12 1 0 0 2 35 1 0 0 0 1 0 0 0
1 90 8941 747 854 1 -0.0983423 1.90881 0.0027067 0.00188496 0.00290635 0.0745432 8.41671 -0.217787 1.13744 3.79612 6 12 29.0977 0.677164 1.81547 3 1 1 0 1 1 35 1 0 0 0 1 0 0 0
1 90 8941 1920 854 0 0.102057 1.77268 0.00160421 0.00123771 29.9724 0.0599601 10.9263 -0.220051 2.54841 3.35075 6 12 29.0977 0.677164 1.81547 3 2 1 0 1 2 35 1 0 0 0 1 1 0 1
1 90 8941 4830 856 1 -0.0898109 2.06257 0.002558 0.00195021 75.9728 -0.0872003 24.95 3.68148 3.83309 3.1047 5 10 25.5144 -0.0535018 2.13598 3 18 1 0 0 1 34 1 0 0 0 1 0 0 0
1 90 8941 656 858 1 -0.0832491 2.07964 0.00228208 0.0016826 0.00127837 -0.0604302 6.62078 -4.45323 0.800748 3.26902 5 10 20.4395 -0.0241176 2.10248 2 17 1 0 0 1 28 1 0 0 0 1 0 0 0
1 90 8941 1828 858 1 0.365324 2.16982 0.00217692 0.000833504 0.000593211 0.0254504 9.70086 -0.333626 2.20545 0.425644 5 10 20.4395 -0.0241176 2.10248 2 11 1 0 0 1 28 1 0 0 0 1 0 0 0
1 90 8941 7393 863 1 -0.0687614 2.46249 0.00416563 0.00161295 5.33948 -0.0590899 25.65 -0.201144 -0.0875312 -1.8833 5 10 20.2493 0.000950476 2.36066 2 6 1 0 1 1 17 1 0 0 0 1 0 0 0
1 90 8941 1932 864 1 -0.0961274 2.06973 0.00226044 0.00177009 0.00550336 -0.0840375 7.03999 -1.71184 -0.0681552 0.532816 5 10 24.2169 -0.00452859 2.00971 3 5 1 0 0 2 65 1 0 0 0 1 0 0 0
1 90 8941 5053 864 1 0.245008 2.07103 0.00166788 0.000840313 0.00282443 0.0412392 24.4 0.953811 0.953811 1.20761 5 10 24.2169 -0.00452859 2.00971 3 44 1 0 0 2 65 1 0 0 0 1 0 0 0
1 90 8941 398 865 0 0.0979044 1.37675 0.00127782 0.00121536 0.00150872 0.0666555 2.01382 6.25762 6.25762 -30 5 10 21.4143 0.100512 1.35676 2 1 1 0 1 2 1 1 0 0 0 1 1 0 1
1 90 8941 1062 866 1 0.203522 1.88655 0.0013425 0.000945776 0.00166433 -0.0520101 2.31911 -3.28781 1.63117 4.47474 5 10 20.5384 -0.0953386 1.77307 2 1 1 0 1 3 5 1 0 0 0 1 0 0 0
1 90 8941 1163 866 0 -0.0466538 1.74893 0.00172185 0.0015749 7.80868 0.0896754 9.3475 2.86513 4.23024 -30 5 10 20.5384 -0.0953386 1.77307 2 4 1 3 0 3 5 1 0 0 0 1 1 0 1
1 90 8941 165 873 0 0.0152036 1.76087 0.00178153 0.00144701 7.82864e-05 -0.0698491 4.8228 5.30049 5.30049 -30 6 12 28.8342 0.020924 1.74401 3 1 1 0 1 3 3 1 0 0 0 1 1 0 1
1 90 8941 202 873 1 -0.0877284 1.62272 0.0019485 0.00186907 0.00199244 0.102453 2.66552 -2.26714 3.37743 3.63135 6 12 28.8342 0.020924 1.74401 3 2 1 0 0 4 3 1 0 0 0 1 0 0 0
1 90 8941 361 881 0 0.624331 1.15824 0.000770187 0.000383231 8.46823 -0.0211213 6.18818 -2.11521 5.61236 -30 5 10 25.6567 0.203536 1.25439 3 1 1 0 1 3 1 1 0 0 0 1 1 0 1
1 90 8941 883 890 0 -0.0561502 0.0579882 0.000283255 0.00176406 0.000434723 -0.0942287 4.50003 6.01223 6.01223 -30 5 10 20.2189 -0.0792667 0.0317857 2 1 1 0 1 1 2 1 0 0 0 1 1 0 1
1 90 8941 921 890 0 0.0528885 0.153513 0.000329768 0.00134104 0.00332798 0.0752197 2.11131 -2.47152 6.44696 -30 5 10 20.2189 -0.0792667 0.0317857 2 1 1 0 1 4 2 1 0 0 0 1 1 0 1
1 90 8941 818 892 1 0.778524 0.964765 0.000660274 0.000440752 18.8438 0.0138187 7.72859 1.1718 2.26452 2.39595 5 10 25.6262 0.10572 1.07486 3 1 1 0 1 2 1 1 0 0 0 1 0 0 0
1 90 8941 95 894 0 0.0503555 0.430993 0.000627814 0.00132501 0.000643292 0.0733803 0.735847 -3.33929 6.8533 -30 6 12 28.5255 0.101572 0.409578 3 1 1 0 1 4 2 1 0 0 0 1 1 0 1
1 90 8941 96 894 0 -0.0375334 0.358738 0.000691009 0.00175815 0.0391137 0.0901344 1.94724 -3.45213 6.42296 5.2342 6 12 28.5255 0.101572 0.409578 3 1 1 0 1 3 2 1 0 0 0 1 1 0 1
1 90 8941 746 895 0 0.674389 1.242 0.000724837 0.000442964 0.00034044 -0.0177538 0.30856 0.525002 4.80725 -30 6 12 27.4028 -0.0396038 1.18528 3 1 1 0 1 3 3 1 0 0 0 1 1 0 1
1 90 8941 769 895 1 -0.0654324 1.1901 0.00211287 0.00235042 0.000205196 0.096272 1.55951 -0.919098 0.0757037 4.65387 6 12 27.4028 -0.0396038 1.18528 3 1 1 0 1 2 3 1 0 0 0 1 0 0 0
1 90 8941 793 895 1 -0.0642243 1.17352 0.00154018 0.00170222 2.14597 0.104839 6.5217 0.20686 1.5257 2.95045 6 12 27.4028 -0.0396038 1.18528 3 1 1 0 1 2 3 1 0 0 0 1 0 0 0
1 90 8941 939 896 0 0.0444294 1.22737 0.00157542 0.0016915 2.32911e-07 -0.0733632 1.18826 4.99643 4.99643 -30 6 12 27.6911 0.0917946 1.19858 3 1 1 0 1 3 1 1 0 0 0 1 1 0 1
1 90 8941 861 900 1 0.0786083 0.317898 0.000489645 0.00127561 0.71389 -0.0711878 5.24431 -4.57217 -0.763507 4.92324 5 10 20.7537 0.0474759 0.354662 2 1 1 0 1 1 2 1 0 0 0 1 0 0 0
1 90 8941 877 900 0 0.0707518 0.390664 0.000549981 0.00125832 0.000616766 0.0725655 1.10203 6.75367 6.75367 5.51834 5 10 20.7537 0.0474759 0.354662 2 1 1 0 1 2 2 1 0 0 0 1 1 0 1
1 90 8941 401 905 0 -0.0579417 1.56829 0.00177381 0.00169425 0.121473 -0.0885658 6.55999 -2.23824 6.64429 -30 5 10 25.867 0.353323 1.58399 3 1 1 0 1 3 11 1 0 0 0 1 1 0 1
1 90 8941 459 905 1 0.0174336 1.62165 0.00145164 0.00144941 0.00279721 0.0790967 2.97129 0.866976 0.905127 3.55017 5 10 25.867 0.353323 1.58399 3 2 1 0 1 4 11 1 0 0 0 1 0 0 0
1 90 8941 1564 905 1 0.874404 1.63687 0.00110066 0.000253152 99.007 -0.0107653 14.0151 -2.24973 2.26663 5.60072 5 10 25.867 0.353323 1.58399 3 2 1 0 0 5 11 0 1 1 1 1 0 0 0
1 90 8941 980 909 0 0.0854069 1.62684 0.00144078 0.00125173 0.00264055 -0.0710168 3.21705 4.71454 4.71454 -30 5 10 25.2202 0.0665435 1.61091 3 1 1 0 1 3 1 1 0 0 0 1 1 0 1
1 90 8941 15 914 0 0.565834 1.15839 0.000773512 0.000503688 0.000318365 -0.0224243 0.752238 -2.03091 6.58056 -30 5 10 19.4369 -0.0382895 1.06536 2 1 1 0 1 3 1 1 0 0 0 1 1 0 1
1 90 8941 669 915 0 -0.0835201 0.972227 0.00172594 0.00215528 1.64474 -0.100506 4.81279 6.87219 6.87219 -30 5 10 20.7223 -0.0725621 1.00098 2 1 1 0 1 5 1 1 0 0 0 1 1 0 1
1 90 8941 398 918 0 0.0979044 1.37675 0.00127782 0.00121536 0.00150872 0.0666555 2.01382 1.0552 6.25762 -30 5 10 24.3272 0.143408 1.38891 3 1 1 0 1 2 1 1 0 0 0 1 1 0 1
1 90 8941 980 922 0 0.0854069 1.62684 0.00144078 0.00125173 0.00264055 -0.0710168 3.21705 0.0789426 4.71454 -30 5 10 20.6207 -0.0677029 1.62821 2 1 1 0 1 3 1 1 0 0 0 1 1 0 1
1 90 8941 477 926 0 0.107571 1.50479 0.00156669 0.00125757 122.163 0.0533606 13.7081 6.75925 6.75925 -30 5 10 24.8816 0.055284 1.56547 3 4 1 3 0 2 13 1 0 0 0 1 1 0 1
1 90 8941 493 926 0 0.0244411 1.57658 0.00148789 0.00135999 0.000211828 0.0784127 5.28756 2.76127 5.25287 -30 5 10 24.8816 0.055284 1.56547 3 3 1 2 1 2 13 1 0 0 0 1 1 0 1
1 90 8941 0 927 0 0.267906 0.921972 0.00090661 0.00103288 0.120335 0.0462745 3.2866 -2.19912 6.70044 -30 5 10 19.5028 -0.0394932 0.911043 2 1 1 0 1 5 1 1 0 0 0 1 1 0 1
1 90 8941 204 943 2 0.155149 1.22707 0.00133105 0.00142042 4.78226e-05 0.0588812 0.23571 1.1465 1.48304 5.3773 6 12 32.4465 0.129024 1.19619 4 1 1 0 1 1 1 1 0 0 0 0 0 1 0
1 90 8941 746 944 0 0.674389 1.242 0.000724837 0.000442964 0.00034044 -0.0177538 0.30856 4.80725 4.80725 -30 5 10 25.1574 0.660358 1.20157 3 1 1 0 1 3 3 1 0 0 0 1 1 0 1
1 90 8941 769 944 1 -0.0654324 1.1901 0.00211287 0.00235042 0.000205196 0.096272 1.55951 -1.31474 0.0757037 4.65387 5 10 25.1574 0.660358 1.20157 3 1 1 0 1 2 3 1 0 0 0 1 0 0 0
1 90 8941 793 944 1 -0.0642243 1.17352 0.00154018 0.00170222 2.14597 0.104839 6.5217 -3.29089 1.5257 2.95045 5 10 25.1574 0.660358 1.20157 3 1 1 0 1 2 3 1 0 0 0 1 0 0 0
1 90 8941 21 947 0 0.034054 1.72918 0.00180133 0.00141995 0.00177362 -0.0644109 5.3651 5.09266 5.09266 -30 5 10 20.6838 0.0504995 1.71862 2 2 1 1 0 2 6 1 0 0 0 1 1 0 1
1 90 8941 1163 947 0 -0.0466538 1.74893 0.00172185 0.0015749 7.80868 0.0896754 9.3475 -2.24601 4.23024 -30 5 10 20.6838 0.0504995 1.71862 2 4 1 3 0 3 6 1 0 0 0 1 1 0 1
1 90 8941 239 949 0 0.033792 1.41352 0.00128156 0.00130179 6.30791 -0.0805266 6.90477 -3.24453 4.99098 4.64353 6 12 28.2734 0.700764 1.28182 3 2 1 0 0 6 2 1 0 0 0 1 1 0 1
1 90 8941 205 951 1 -0.0984492 1.02242 0.00194568 0.00238504 0.00024901 0.107757 2.53566 -0.412559 -0.412559 2.58319 5 10 19.6198 -0.0842559 1.02992 2 1 1 0 1 1 1 1 0 0 0 1 0 0 0
1 90 8941 21 955 0 0.034054 1.72918 0.00180133 0.00141995 0.00177362 -0.0644109 5.3651 -2.97654 5.09266 -30 5 10 20.1741 -0.00616336 1.77426 2 2 1 1 0 2 7 1 0 0 0 1 1 0 1
1 90 8941 1062 955 1 0.203522 1.88655 0.0013425 0.000945776 0.00166433 -0.0520101 2.31911 -2.34235 1.63117 4.47474 5 10 20.1741 -0.00616336 1.77426 2 1 1 0 1 3 7 1 0 0 0 1 0 0 0
1 90 8941 1163 955 0 -0.0466538 1.74893 0.00172185 0.0015749 7.80868 0.0896754 9.3475 4.23024 4.23024 -30 5 10 20.1741 -0.00616336 1.77426 2 4 1 3 0 3 7 1 0 0 0 1 1 0 1
1 90 8941 766 956 0 0.0577107 0.604459 0.000819055 0.00138293 0.000742461 0.0715325 4.89617 -3.7007 6.69948 -30 5 10 26.2281 0.0663158 0.698515 3 1 1 0 1 3 1 1 0 0 0 1 1 0 1
1 90 8941 752 961 0 -0.0703688 1.36529 0.0016666 0.00174123 16.1282 0.106399 7.63755 6.53986 6.53986 -30 5 10 24.1694 -0.0545237 1.40329 3 1 1 0 1 4 1 1 0 0 0 1 1 0 1
1 90 8941 675 966 0 0.0643528 0.448272 0.000674525 0.0013946 5.43763 -0.0711628 8.12405 6.04637 6.04637 -30 6 12 29.4359 0.032949 0.566835 3 2 1 1 1 1 2 1 0 0 0 1 1 0 1
1 90 8941 326 971 0 0.0306366 1.5806 0.00152225 0.00134956 0.478932 0.0717441 8.35281 -2.40168 6.00662 -30 6 12 29.4709 0.200797 1.49114 3 1 1 0 1 3 1 1 0 0 0 1 1 0 1
1 90 8941 15 973 0 0.565834 1.15839 0.000773512 0.000503688 0.000318365 -0.0224243 0.752238 6.58056 6.58056 -30 5 10 24.1257 0.586469 1.12343 3 1 1 0 1 3 2 1 0 0 0 1 1 0 1
1 90 8941 25 973 0 -0.0543747 1.1616 0.00154472 0.00163696 43.2048 0.090921 8.81419 -3.33853 6.6692 -30 5 10 24.1257 0.586469 1.12343 3 1 1 0 1 3 2 1 0 0 0 1 1 0 1
1 90 8941 459 974 1 0.0174336 1.62165 0.00145164 0.00144941 0.00279721 0.0790967 2.97129 -3.79424 0.905127 3.55017 6 12 27.1018 0.508468 1.71506 3 2 1 0 1 4 8 1 0 0 0 1 0 0 0
1 90 8941 1560 974 1 0.192264 1.69668 0.00150238 0.000985852 106.545 0.0494234 13.4109 -1.30972 1.07904 5.98997 6 12 27.1018 0.508468 1.71506 3 2 1 0 0 6 8 0 1 1 1 1 0 0 0
1 90 8941 1564 974 1 0.874404 1.63687 0.00110066 0.000253152 99.007 -0.0107653 14.0151 2.26663 2.26663 5.60072 6 12 27.1018 0.508468 1.71506 3 2 1 0 0 5 8 0 1 1 1 1 0 0 0
1 90 8941 6264 976 1 -0.0788831 2.42281 0.00361937 0.00180267 0.000932019 -0.0643934 26.2 2.96533 2.96533 1.92255 5 10 26.4482 -0.0906041 2.35865 3 4 1 0 0 1 15 1 0 0 0 1 0 0 0
1 90 8941 3389 980 0 0.00678298 2.11509 0.00233604 0.00133313 4.24692e-05 0.0570581 13.9698 -0.599425 5.81933 -30 6 12 32.9183 0.125616 2.11315 4 6 1 5 1 3 16 1 0 0 0 1 1 0 1
1 90 8941 10741 980 1 0.369599 2.15067 0.00188027 0.000758543 3.48302e-07 -0.0389747 31.945 1.12675 1.89957 5.42511 6 12 32.9183 0.125616 2.11315 4 5 1 0 1 4 16 1 0 0 0 1 0 0 0
1 90 8941 406 992 0 0.0101632 1.6745 0.00165471 0.00144604 0.000450606 0.0797017 2.94666 -0.440514 3.79305 5.4887 5 10 24.7091 0.0275388 1.65877 3 1 1 0 1 3 1 1 0 0 0 1 1 0 1
1 90 8941 338 997 0 0.483035 1.42722 0.00112946 0.000585086 0.000478099 0.0236226 6.05776 5.14385 5.14385 -30 5 10 20.9786 0.533631 1.42247 2 2 1 1 1 1 2 1 0 0 0 1 1 0 1
1 90 8941 2230 1005 1 0.411185 2.06634 0.00274381 0.000780089 222.238 0.0184713 18.7522 1.63523 1.63523 2.0709 6 12 27.7512 0.137477 2.12887 3 7 1 0 0 2 9 1 0 0 0 1 0 0 0
1 90 8941 193 1007 1 0.111808 1.22234 0.00121147 0.00117322 15.0318 0.0630007 7.08557 -2.51595 1.75867 -30 6 12 26.629 -0.0642486 1.16668 3 1 1 0 1 2 1 1 0 0 0 1 0 0 0
1 90 8941 646 1011 1 0.00642768 0.808826 0.0011372 0.00157796 18.9503 -0.0834584 7.77865 -1.89855 6.33577 -30 5 10 20.887 0.292615 0.768769 2 1 1 0 1 2 1 1 0 0 0 1 0 0 0
1 90 8941 406 1016 0 0.0101632 1.6745 0.00165471 0.00144604 0.000450606 0.0797017 2.94666 0.654024 3.79305 5.4887 5 10 25.029 0.514416 1.63776 3 1 1 0 1 3 2 1 0 0 0 1 1 0 1
1 90 8941 3000 1016 2 -0.0965007 1.64087 0.00193023 0.00174764 67.8858 0.107279 12.7001 -1.58542 2.6913 2.89982 5 10 25.029 0.514416 1.63776 3 1 1 0 1 3 2 1 0 0 0 0 0 1 0
1 90 8941 669 1018 0 -0.0835201 0.972227 0.00172594 0.00215528 1.64474 -0.100506 4.81279 0.347147 6.87219 -30 5 10 19.0796 -0.00854008 0.994608 2 1 1 0 1 5 3 1 0 0 0 1 1 0 1
1 90 8941 702 1018 0 -0.0202142 1.00937 0.00174872 0.00214157 1.8187e-06 -0.0862149 1.47209 5.94553 5.94553 -30 5 10 19.0796 -0.00854008 0.994608 2 1 1 0 1 3 3 1 0 0 0 1 1 0 1
1 90 8941 708 1018 0 0.010206 0.885414 0.00125274 0.00171717 1.88386e-05 -0.0709393 1.83693 1.57413 5.81455 -30 5 10 19.0796 -0.00854008 0.994608 2 1 1 0 1 4 3 1 0 0 0 1 1 0 1
1 90 8941 89 1020 0 -0.0649476 1.13303 0.00190433 0.00215397 0.00270237 0.0965459 2.99145 6.70004 6.70004 -30 5 10 24.8709 -0.0583086 1.13859 3 1 1 0 1 4 1 1 0 0 0 1 1 0 1
1 90 8941 6851 1023 2 0.104378 1.681 0.00158361 0.00123781 848.342 0.0635933 26.2 -2.84219 -1.29847 4.34434 6 12 32.9865 0.0981004 1.61156 4 1 1 0 1 2 1 1 0 0 0 0 0 1 0
1 90 8941 2320 1024 2 0.184773 1.95006 0.00125263 0.0009204 0.00113981 -0.0464638 7.38708 -1.67387 2.26445 4.54079 6 12 28.738 0.212717 1.93029 3 1 1 0 1 1 7 1 0 0 0 0 0 1 0
1 90 8941 7137 1026 1 -0.00998175 2.0223 0.00225192 0.00161827 617.641 0.0625358 25.65 -2.41392 2.09155 -30 5 10 24.1544 0.214032 2.07721 3 6 1 5 1 3 6 1 0 0 0 1 0 0 0
1 90 8941 748 1027 0 -0.0480014 0.750019 0.00122734 0.00177884 0.00140989 -0.0931297 1.18637 -2.22663 6.82997 -30 6 12 20.2814 0.529625 0.649088 2 1 1 0 1 4 3 1 0 0 0 1 1 0 1
1 90 8941 798 1027 0 0.0276534 0.597978 0.00094181 0.00159074 4.09911 0.0833059 5.84352 -2.00448 5.30115 -30 6 12 20.2814 0.529625 0.649088 2 1 1 0 1 3 3 1 0 0 0 1 1 0 1
1 90 8941 809 1027 0 0.00378836 0.660439 0.00102207 0.00163323 10.1563 0.0851791 7.22863 -3.62832 4.43861 4.05331 6 12 20.2814 0.529625 0.649088 2 1 1 0 1 3 3 1 0 0 0 1 1 0 1
1 90 8941 14 1030 0 0.388933 0.228737 0.000351478 0.000672082 0.00857709 0.0337461 1.72699 -0.430608 3.76424 -30 6 12 23.1598 0.016617 0.155766 3 1 1 0 1 3 2 1 0 0 0 1 1 0 1
1 90 8941 41 1030 0 -0.087459 0.0389396 0.000243233 0.00183212 8.25154e-07 0.104108 5.89163 -4.15006 5.87304 -30 6 12 23.1598 0.016617 0.155766 3 1 1 0 1 4 2 1 0 0 0 1 1 0 1
1 90 8941 604 1034 0 -0.0382195 1.67539 0.00175205 0.00163908 0.00589418 0.0938675 0.515593 5.20675 5.20675 -30 5 10 19.9137 -0.043693 1.648 2 1 1 0 1 2 2 1 0 0 0 1 1 0 1
1 90 8941 4727 1034 2 0.00262743 1.73217 0.00159857 0.00137862 824.728 0.0745033 25.65 -4.35467 2.1768 2.59593 5 10 19.9137 -0.043693 1.648 2 1 1 0 1 2 2 1 0 0 0 0 0 1 0
1 90 8941 89 1039 0 -0.0649476 1.13303 0.00190433 0.00215397 0.00270237 0.0965459 2.99145 -1.71084 6.70004 -30 6 12 27.4437 -0.0810683 1.13821 3 1 1 0 1 4 1 1 0 0 0 1 1 0 1
1 90 8941 258 1044 0 -0.088496 1.49297 0.00182845 0.00175253 0.00221728 -0.110157 3.04502 -1.76972 2.68915 -30 5 10 24.3146 -0.0436295 1.37051 3 1 1 0 1 2 1 1 0 0 0 1 1 0 1
1 90 8941 738 1049 0 0.207796 1.62037 0.00127804 0.000977018 2.10096e-05 -0.0504709 4.20469 5.72486 5.72486 -30 5 10 24.9479 0.193272 1.61381 3 1 1 0 1 1 2 1 0 0 0 1 1 0 1
1 90 8941 3325 1049 2 0.0523538 1.59722 0.00240021 0.0015229 465.17 -0.0666233 19.1839 -0.327809 0.572561 2.47535 5 10 24.9479 0.193272 1.61381 3 1 1 0 1 2 2 1 0 0 0 0 0 1 0
1 90 8941 768 1050 1 -0.078107 0.71392 0.00126007 0.00193899 15.6521 0.0982937 7.44988 -0.613478 4.3843 -30 5 10 19.9092 0.057899 0.820987 2 1 1 0 1 3 1 1 0 0 0 1 1 0 1
1 90 8941 831 1053 0 -0.00538761 1.02929 0.00155997 0.00179522 0.026286 -0.0851591 4.25073 -2.56165 6.65135 -30 6 12 27.4161 0.0988339 1.13325 3 1 1 0 1 5 1 1 0 0 0 1 1 0 1
1 90 8941 336 1060 0 0.107162 0.700668 0.000870527 0.00125025 0.000755326 0.0647729 1.12031 -1.95003 5.47843 -30 5 10 18.7143 0.184709 0.632597 2 1 1 0 1 4 1 1 0 0 0 1 1 0 1
1 90 8941 270 1064 1 -0.0808187 0.477966 0.000832595 0.00171994 3.00761 0.0986887 6.22535 1.78112 1.78112 3.39224 6 12 21.9994 -0.0929877 0.373712 3 1 1 0 1 2 3 1 0 0 0 1 0 0 0
1 90 8941 274 1064 0 -0.0146406 0.24388 0.000494402 0.00167886 1.03953 0.0853565 9.42555 2.63273 5.03729 -30 6 12 21.9994 -0.0929877 0.373712 3 2 1 1 0 2 3 1 0 0 0 1 1 0 1
1 90 8941 239 1066 0 0.033792 1.41352 0.00128156 0.00130179 6.30791 -0.0805266 6.90477 -0.103925 4.99098 4.64353 6 12 20.6012 0.260987 1.42729 2 2 1 0 0 6 7 1 0 0 0 1 1 0 1
1 90 8941 259 1066 0 0.159053 1.46404 0.00112792 0.00101527 9.10834e-08 0.0613983 5.40513 0.360343 6.39321 -30 6 12 20.6012 0.260987 1.42729 2 1 1 0 1 5 7 1 0 0 0 1 1 0 1
1 90 8941 516 1068 0 1.17542 0.636705 0.00068511 0.000178978 0.000386306 0.00574885 0.330533 -0.600971 2.74293 -30 6 12 19.0747 0.158603 0.642493 2 4 1 3 0 6 4 1 0 0 0 1 1 0 1
1 90 8941 367 1074 0 -0.0715417 1.24555 0.00153962 0.00175628 0.00106576 -0.100593 3.89446 6.21241 6.21241 -30 6 12 24.9432 -0.0604167 1.25826 3 1 1 0 1 3 1 1 0 0 0 1 1 0 1
1 90 8941 3000 1075 2 -0.0965007 1.64087 0.00193023 0.00174764 67.8858 0.107279 12.7001 2.6913 2.6913 2.89982 5 10 21.2903 -0.0573517 1.64548 2 1 1 0 1 3 1 1 0 0 0 0 0 1 0
1 90 8941 208 1076 0 -0.0153318 1.00536 0.00149375 0.00190792 0.00132238 -0.0832908 0.356348 -3.1798 6.84501 -30 5 10 19.6982 -0.0869896 0.924893 2 1 1 0 1 5 1 1 0 0 0 1 1 0 1
1 90 8941 831 1077 0 -0.00538761 1.02929 0.00155997 0.00179522 0.026286 -0.0851591 4.25073 6.65135 6.65135 -30 6 12 29.3111 -0.0211782 1.04627 3 1 1 0 1 5 1 1 0 0 0 1 1 0 1
1 90 8941 814 1078 0 -0.00607972 0.116577 0.000307245 0.0015353 0.000474869 0.0868392 1.02618 -0.425064 6.61423 -30 5 10 19.8432 0.234885 0.0430458 2 1 1 0 1 3 1 1 0 0 0 1 1 0 1
1 90 8941 361 1080 0 0.624331 1.15824 0.000770187 0.000383231 8.46823 -0.0211213 6.18818 5.61236 5.61236 -30 5 10 24.1283 0.582117 1.17993 3 1 1 0 1 3 1 1 0 0 0 1 1 0 1
1 90 8941 7 1084 0 0.930095 1.43877 0.00275564 0.000259963 84.8942 -0.0104451 11.368 1.99386 4.67533 -30 6 12 27.7302 0.734613 1.50571 3 4 1 3 0 4 14 1 0 0 1 1 1 0 1
1 90 8941 23 1084 1 -0.0116193 1.40252 0.00167173 0.00152204 0.00283169 0.0849155 2.1165 -3.63927 1.16973 4.80813 6 12 27.7302 0.734613 1.50571 3 1 1 0 1 4 14 1 0 0 0 1 0 0 0
1 90 8941 980 1084 0 0.0854069 1.62684 0.00144078 0.00125173 0.00264055 -0.0710168 3.21705 -0.117425 4.71454 -30 6 12 27.7302 0.734613 1.50571 3 1 1 0 1 3 14 1 0 0 0 1 1 0 1
1 90 8941 998 1084 0 1.05542 1.4244 0.00106708 0.000195305 84.4215 0.00671934 11.3563 -0.523509 4.59474 -30 6 12 27.7302 0.734613 1.50571 3 2 1 1 0 4 14 1 0 0 1 1 1 0 1
1 90 8941 367 1090 0 -0.0715417 1.24555 0.00153962 0.00175628 0.00106576 -0.100593 3.89446 0.234899 6.21241 -30 5 10 21.1101 0.390893 1.15177 2 1 1 0 1 3 1 1 0 0 0 1 1 0 1
1 90 8941 213 1092 0 0.763866 1.51663 0.000810801 0.000283606 7.03561 -0.0135077 7.57631 -1.45129 2.92489 -30 5 10 19.6081 0.512529 1.59503 2 1 1 0 1 5 5 1 0 0 0 1 1 0 1
1 90 8941 215 1092 0 0.675804 1.59025 0.00119831 0.000420879 7.34067 0.0152278 8.06248 5.19188 5.19188 5.64114 5 10 19.6081 0.512529 1.59503 2 1 1 0 1 4 5 1 0 0 0 1 1 0 1
1 90 8941 974 1095 0 -0.0612406 1.36165 0.00225932 0.00237928 0.00339439 0.0948405 0.696612 4.96034 4.96034 5.03261 5 10 20.0078 -0.0471794 1.3251 2 1 1 0 1 2 1 1 0 0 0 1 1 0 1
1 90 8941 3389 1098 0 0.00678298 2.11509 0.00233604 0.00133313 4.24692e-05 0.0570581 13.9698 1.00324 5.81933 -30 5 10 25.4105 0.111974 2.19857 3 6 1 5 1 3 18 1 0 0 0 1 1 0 1
1 90 8941 10741 1098 1 0.369599 2.15067 0.00188027 0.000758543 3.48302e-07 -0.0389747 31.945 -2.40895 1.89957 5.42511 5 10 25.4105 0.111974 2.19857 3 5 1 0 1 4 18 1 0 0 0 1 0 0 0
1 90 8941 605 1099 0 -0.0624227 0.717317 0.00119285 0.00182505 5.56396 0.0982017 5.32142 -1.43197 5.90327 -30 6 12 26.7236 0.190004 0.820783 3 1 1 0 1 3 1 1 0 0 0 1 1 0 1
1 90 8941 534 1101 0 0.0132716 1.36619 0.00146216 0.00136429 0.000315885 0.0875267 0.640737 3.93874 3.93874 5.76387 5 10 22.9087 0.0305087 1.31007 3 2 1 0 1 1 4 1 0 0 0 1 1 0 1
1 90 8941 545 1101 1 -0.0467845 1.35591 0.00174105 0.0015898 2.78641 0.0825887 6.11531 -0.0948625 1.93562 3.50115 5 10 22.9087 0.0305087 1.31007 3 2 1 0 1 1 4 1 0 0 0 1 0 0 0
1 90 8941 133 1107 0 0.153749 1.32532 0.00114711 0.00104288 0.00108212 0.0571555 4.87652 6.0864 6.0864 -30 5 10 20.5259 0.191545 1.32197 2 1 1 0 1 2 1 1 0 0 0 1 1 0 1
1 90 8941 644 1109 1 -0.0574479 0.180939 0.000419394 0.00173469 0.037471 -0.0974828 3.81925 -3.14492 0.952139 4.11553 6 12 19.6453 0.712504 0.247521 2 1 1 0 1 3 2 1 0 0 0 1 0 0 0
1 90 8941 645 1109 0 0.00809621 0.186369 0.000387048 0.00146666 0.000266461 -0.0838751 0.345397 -2.96741 5.97383 -30 6 12 19.6453 0.712504 0.247521 2 1 1 0 1 3 2 1 0 0 0 1 1 0 1
1 90 8941 586 1110 1 0.00658145 0.0472455 0.000303284 0.00149915 0.000419785 -0.0846838 3.00831 -3.95872 -0.501223 2.49995 6 12 20.1421 0.12939 0.121286 2 1 1 0 1 3 1 1 0 0 0 1 0 0 0
1 90 8941 239 1111 0 0.033792 1.41352 0.00128156 0.00130179 6.30791 -0.0805266 6.90477 4.99098 4.99098 4.64353 5 10 24.1697 0.132353 1.43457 3 2 1 0 0 6 7 1 0 0 0 1 1 0 1
1 90 8941 259 1111 0 0.159053 1.46404 0.00112792 0.00101527 9.10834e-08 0.0613983 5.40513 -0.384568 6.39321 -30 5 10 24.1697 0.132353 1.43457 3 1 1 0 1 5 7 1 0 0 0 1 1 0 1
1 90 8941 1533 1113 0 0.622631 1.70632 0.00106842 0.000423708 103.568 -0.0177235 13.1681 -3.89422 5.9017 -30 6 12 28.1334 -0.0546292 1.60946 3 2 1 1 1 4 5 1 0 0 1 1 1 0 1
1 90 8941 1537 1113 0 0.429535 1.64564 0.000855309 0.000592914 99.6289 -0.0287789 12.7341 -4.10502 6.81597 -30 6 12 28.1334 -0.0546292 1.60946 3 1 1 0 1 3 5 1 0 0 1 1 1 0 1
1 90 8941 1560 1113 1 0.192264 1.69668 0.00150238 0.000985852 106.545 0.0494234 13.4109 -2.27782 1.07904 5.98997 6 12 28.1334 -0.0546292 1.60946 3 2 1 0 0 6 5 0 1 1 1 1 0 0 0
1 90 8941 3545 1115 1 0.469341 1.76508 0.00104327 0.000581789 0.000182776 0.0289999 7.49602 -0.474447 -0.474447 0.404677 5 10 20.2314 0.189986 1.71017 2 4 1 0 0 1 4 1 0 0 0 1 0 0 0
1 90 8941 3526 1119 2 0.326642 1.4794 0.00083551 0.000634201 492.133 0.0337154 19.3894 -1.4892 -1.4892 4.1212 5 10 22.495 0.301623 1.38434 3 1 1 0 1 1 1 1 0 0 0 0 0 1 0
1 90 8941 66 1120 0 0.191358 1.53302 0.00111377 0.000999394 1.44905e-07 -0.0576532 3.50388 1.17006 6.85875 -30 6 12 27.6634 0.162863 1.53173 3 1 1 0 1 2 1 1 0 0 0 1 1 0 1
1 90 8941 879 1123 0 -0.0233954 0.944883 0.00147284 0.00185714 1.09916e-08 -0.086685 1.3881 0.356621 6.8417 -30 5 10 18.8279 -0.085116 0.958254 2 1 1 0 1 3 1 1 0 0 0 1 1 0 1
1 90 8941 31 1125 0 -0.0740641 0.847332 0.00145621 0.00197523 0.203437 -0.101543 3.05616 -0.147416 5.44159 -30 6 12 26.1753 0.164201 0.756174 3 1 1 0 1 2 2 1 0 0 0 1 1 0 1
1 90 8941 33 1125 0 -0.0778535 0.744588 0.00127541 0.00190681 1.73921e-06 -0.101866 1.08328 -2.2967 3.70641 -30 6 12 26.1753 0.164201 0.756174 3 1 1 0 1 3 2 1 0 0 0 1 1 0 1
1 90 8941 326 1133 0 0.0306366 1.5806 0.00152225 0.00134956 0.478932 0.0717441 8.35281 6.00662 6.00662 -30 6 12 31.5467 0.0873642 1.59278 4 1 1 0 1 3 3 1 0 0 0 1 1 0 1
1 90 8941 34 1139 1 0.411058 2.00677 0.00336233 0.000825164 0.000471402 -0.019927 8.48107 0.621131 1.83826 1.32717 5 10 23.9007 0.0868063 1.93309 3 4 1 0 0 1 5 1 0 0 0 1 0 0 0
1 90 8941 1062 1139 1 0.203522 1.88655 0.0013425 0.000945776 0.00166433 -0.0520101 2.31911 -0.894058 1.63117 4.47474 5 10 23.9007 0.0868063 1.93309 3 1 1 0 1 3 5 1 0 0 0 1 0 0 0
1 90 8941 455 1141 0 -0.02752 1.00571 0.0016209 0.00195027 1.11294e-05 -0.0885679 0.210274 4.06223 4.06223 -30 6 12 32.3821 -0.0558971 0.96884 4 1 1 0 1 4 1 1 0 0 0 1 1 0 1
1 90 8941 668 1150 0 0.172274 1.9327 0.00277312 0.00113949 9.88477e-05 -0.0390279 10.0859 0.570148 4.42816 5.04077 6 12 31.3079 0.0211673 1.80858 4 1 1 0 1 5 10 1 0 0 0 1 1 0 1
1 90 8941 3249 1150 0 0.0551198 1.8052 0.00158338 0.00126901 0.000443459 -0.0720584 8.73826 6.50232 6.50232 -30 6 12 31.3079 0.0211673 1.80858 4 1 1 0 1 4 10 1 0 0 0 1 1 0 0
1 90 8941 3284 1150 0 -0.0369487 1.93094 0.00190646 0.00152226 12.5334 0.0726514 11.4427 -1.80033 1.48327 -30 6 12 31.3079 0.0211673 1.80858 4 8 1 7 0 6 10 1 0 0 0 1 1 0 1
1 90 8941 1533 1155 0 0.622631 1.70632 0.00106842 0.000423708 103.568 -0.0177235 13.1681 5.9017 5.9017 -30 6 12 26.2687 0.583069 1.75081 3 2 1 1 1 4 5 1 0 0 1 1 1 0 1
1 90 8941 1537 1155 0 0.429535 1.64564 0.000855309 0.000592914 99.6289 -0.0287789 12.7341 -0.265747 6.81597 -30 6 12 26.2687 0.583069 1.75081 3 1 1 0 1 3 5 1 0 0 1 1 1 0 1
1 90 8941 1560 1155 1 0.192264 1.69668 0.00150238 0.000985852 106.545 0.0494234 13.4109 -0.433072 1.07904 5.98997 6 12 26.2687 0.583069 1.75081 3 2 1 0 0 6 5 0 1 1 1 1 0 0 0
1 90 8941 419 1157 0 0.0607967 0.974691 0.001274 0.00153026 0.536162 0.0745999 3.88782 0.599721 6.41902 -30 5 10 19.1264 0.13164 0.974202 2 1 1 0 1 5 1 1 0 0 0 1 1 0 1
1 90 8941 1462 1160 1 0.312847 1.72449 0.00124161 0.000773651 104.56 0.0360412 13.2989 -0.340903 1.91466 4.83317 6 12 25.4419 0.720669 1.74178 3 1 1 0 1 1 3 0 1 1 1 1 0 0 0
1 90 8941 974 1161 0 -0.0612406 1.36165 0.00225932 0.00237928 0.00339439 0.0948405 0.696612 2.81583 4.96034 5.03261 5 10 19.5139 -0.0572695 1.27927 2 1 1 0 1 2 1 1 0 0 0 1 1 0 1
1 90 8941 441 1168 0 0.691061 0.0536809 0.000296774 0.000463048 0.000234466 -0.016754 0.896031 -2.59498 6.72159 -30 5 10 20.2137 -0.00859439 0.153002 2 1 1 0 1 4 3 1 0 0 0 1 1 0 1
1 90 8941 703 1173 1 0.372729 1.73515 0.00148708 0.000678756 0.000605116 -0.029932 5.63535 -2.00444 1.11968 4.19546 6 12 27.287 0.118846 1.73706 3 12 1 0 0 2 26 1 0 0 0 1 0 0 0
1 90 8941 1920 1173 0 0.102057 1.77268 0.00160421 0.00123771 29.9724 0.0599601 10.9263 2.01018 2.54841 3.35075 6 12 27.287 0.118846 1.73706 3 2 1 0 1 2 26 1 0 0 0 1 1 0 1
1 90 8941 295 1174 1 -0.0968984 1.83951 0.00246834 0.00186056 0.00362472 -0.0825262 8.14592 0.543084 0.609506 4.6041 5 10 23.3751 0.378197 1.8097 3 4 1 0 0 2 8 1 0 0 0 1 0 0 0
1 90 8941 1363 1174 2 0.317104 1.73043 0.00101492 0.000903076 4.43623 0.0373125 10.7654 -0.987606 0.0482402 3.37682 5 10 23.3751 0.378197 1.8097 3 2 1 0 1 2 8 1 0 0 0 0 0 1 0
1 90 8941 465 1176 0 0.215633 0.505773 0.000522188 0.000899247 0.000518599 -0.0502013 0.470524 0.372415 5.29723 -30 5 10 19.3334 0.362326 0.488357 2 1 1 0 1 2 1 1 0 0 0 1 1 0 1
1 90 8941 690 1178 0 0.268787 1.40614 0.000959468 0.000824023 13.2488 0.0466228 8.73069 -0.821926 5.56859 3.6299 5 10 22.2373 -0.0553351 1.3866 3 8 1 0 0 2 9 1 0 0 0 1 1 0 1
1 90 8941 712 1178 0 -0.065221 1.34044 0.00165194 0.0017462 25.3121 0.104525 8.18539 6.03458 6.03458 -30 5 10 22.2373 -0.0553351 1.3866 3 1 1 0 1 2 9 1 0 0 0 1 1 0 1
1 90 8941 611 1182 1 -0.0766185 0.357771 0.000686716 0.00179378 0.0511678 -0.0983338 1.90975 -2.76806 0.162128 4.12151 5 10 19.616 0.139471 0.331892 2 1 1 0 1 2 1 1 0 0 0 1 0 0 0
1 90 8941 2496 1183 1 0.027024 2.20593 0.00229299 0.00137557 1.40599e-09 -0.0494942 12.1244 1.83984 1.83984 4.06176 6 12 32.3164 0.0519982 2.13298 4 28 1 0 0 1 69 1 0 0 0 1 0 0 0
1 90 8941 5772 1183 1 -0.0869519 2.17618 0.0026861 0.00190549 0.00794228 -0.0999153 24.4 0.757529 3.51633 4.39376 6 12 32.3164 0.0519982 2.13298 4 2 1 0 0 1 69 1 0 0 0 1 0 0 0
1 90 8941 5877 1183 1 -0.0886621 2.14434 0.00260937 0.00184425 10.0051 0.0848155 24.4 -0.228302 0.526638 0.0221947 6 12 32.3164 0.0519982 2.13298 4 27 1 0 0 1 69 1 0 0 0 1 0 0 0
1 90 8941 6026 1183 1 -0.0970725 2.16703 0.00277544 0.00189861 0.00482494 0.0940592 24.95 0.319214 4.02056 2.30509 6 12 32.3164 0.0519982 2.13298 4 12 1 0 0 2 69 1 0 0 0 1 0 0 0
1 90 8941 146 1184 1 0.08835 1.13546 0.00138628 0.00151229 6.19649e-06 0.0699358 3.59694 5.3056 5.3056 -30 6 12 25.4415 0.0708002 1.13267 3 1 1 0 1 2 1 1 0 0 0 1 0 0 0
1 90 8941 91 1185 0 0.231696 1.28086 0.00101903 0.000878314 6.53484 0.0461056 7.20416 5.90798 5.90798 -30 5 10 24.2282 0.208598 1.30029 3 2 1 1 0 1 2 1 0 0 0 1 1 0 1
1 90 8941 896 1188 0 -0.00489105 1.45896 0.00149636 0.00139537 0.00209711 0.0774384 2.44172 0.0393488 5.53526 -30 6 12 26.9143 0.0184411 1.52891 3 1 1 0 1 2 1 1 0 0 0 1 1 0 1
1 90 8941 831 1192 0 -0.00538761 1.02929 0.00155997 0.00179522 0.026286 -0.0851591 4.25073 2.60913 6.65135 -30 6 12 18.3092 -0.0804882 1.1087 2 1 1 0 1 5 1 1 0 0 0 1 1 0 1
1 90 8941 412 1197 0 0.0444494 1.49628 0.00145897 0.00133859 6.60599 0.073853 7.60126 0.231179 4.87255 -30 6 12 30.9047 0.102649 1.47329 4 1 1 0 1 3 1 1 0 0 0 1 1 0 1
1 90 8941 370 1202 0 0.0510939 0.623341 0.000878894 0.00141074 0.000112004 -0.0740164 1.6469 6.00617 6.00617 -30 6 12 33.5674 0.0484395 0.572104 4 1 1 0 1 3 2 1 0 0 0 1 1 0 1
1 90 8941 379 1202 1 0.221868 0.570234 0.000587059 0.000892084 0.000251993 -0.0498608 2.83686 -0.380574 3.23188 -30 6 12 33.5674 0.0484395 0.572104 4 1 1 0 1 3 2 1 0 0 0 1 0 0 0
1 90 8941 2396 1203 1 -0.09852 2.31545 0.00223315 0.00161449 0.00049389 -0.0535908 12.6776 1.22217 1.22217 1.72165 5 10 24.0562 0.00889263 2.33277 3 1 1 0 1 3 13 1 0 0 0 1 0 0 0
1 90 8941 2454 1203 1 -0.0937543 2.32836 0.00332977 0.00181085 8.68302e-05 -0.0611611 11.1151 -0.0147802 -0.0147802 1.23713 5 10 24.0562 0.00889263 2.33277 3 2 1 0 0 1 13 1 0 0 0 1 0 0 0
1 90 8941 9473 1203 2 -0.0253704 2.29752 0.00250099 0.00182555 241.412 -0.068122 32.645 1.1276 1.1276 1.37846 5 10 24.0562 0.00889263 2.33277 3 1 1 0 1 1 13 1 0 0 0 0 0 1 0
1 90 8941 948 1204 0 0.214505 1.85034 0.00240269 0.00098918 0.00103572 0.0397856 9.01323 -1.11156 6.75591 -30 5 10 23.5324 0.186961 1.80234 3 2 1 1 0 4 4 1 0 0 0 1 1 0 1
1 90 8941 2743 1205 2 -0.0935057 1.76946 0.00197074 0.00171025 0.0106614 0.1152 6.62941 -0.0358527 0.916056 -30 6 12 27.4581 0.092198 1.74148 3 1 1 0 1 3 2 1 0 0 0 0 0 1 0
1 90 8941 6255 1205 2 0.0856682 1.68519 0.00230714 0.00132375 900.283 0.0703682 25.65 -2.24387 -0.277254 2.6317 6 12 27.4581 0.092198 1.74148 3 1 1 0 1 1 2 1 0 0 0 0 0 1 0
1 90 8941 18 1207 0 -0.0516109 0.0595488 0.000296444 0.00176966 3.60211e-06 -0.0928015 2.4777 -4.32976 5.06967 -30 5 10 22.1666 -0.0818375 0.157359 3 1 1 0 1 3 2 1 0 0 0 1 0 0 0
1 90 8941 41 1207 0 -0.087459 0.0389396 0.000243233 0.00183212 8.25154e-07 0.104108 5.89163 5.87304 5.87304 -30 5 10 22.1666 -0.0818375 0.157359 3 1 1 0 1 4 2 1 0 0 0 1 1 0 1
1 90 8941 604 1215 0 -0.0382195 1.67539 0.00175205 0.00163908 0.00589418 0.0938675 0.515593 -2.69098 5.20675 -30 5 10 25.1779 -0.0696685 1.71553 3 1 1 0 1 2 2 1 0 0 0 1 1 0 1
1 90 8941 4727 1215 2 0.00262743 1.73217 0.00159857 0.00137862 824.728 0.0745033 25.65 -3.93203 2.1768 2.59593 5 10 25.1779 -0.0696685 1.71553 3 1 1 0 1 2 2 1 0 0 0 0 0 1 0
1 90 8941 939 1216 0 0.0444294 1.22737 0.00157542 0.0016915 2.32911e-07 -0.0733632 1.18826 -3.66154 4.99643 -30 5 10 23.6085 0.0330519 1.33404 3 1 1 0 1 3 1 1 0 0 0 1 1 0 1
1 90 8941 401 1220 0 -0.0579417 1.56829 0.00177381 0.00169425 0.121473 -0.0885658 6.55999 -2.69472 6.64429 -30 5 10 19.1001 0.558973 1.61333 2 1 1 0 1 3 11 1 0 0 0 1 1 0 1
1 90 8941 459 1220 1 0.0174336 1.62165 0.00145164 0.00144941 0.00279721 0.0790967 2.97129 -2.39237 0.905127 3.55017 5 10 19.1001 0.558973 1.61333 2 2 1 0 1 4 11 1 0 0 0 1 0 0 0
1 90 8941 1564 1220 1 0.874404 1.63687 0.00110066 0.000253152 99.007 -0.0107653 14.0151 -1.08011 2.26663 5.60072 5 10 19.1001 0.558973 1.61333 2 2 1 0 0 5 11 0 1 1 1 1 0 0 0
1 90 8941 94 1222 1 -0.0973276 1.50279 0.00200739 0.00183431 100.063 -0.0874726 13.0663 -2.98465 1.73369 3.88613 5 10 20.0746 -0.0359241 1.43066 2 1 1 0 1 1 2 1 0 0 0 1 0 0 0
1 90 8941 133 1222 0 0.153749 1.32532 0.00114711 0.00104288 0.00108212 0.0571555 4.87652 -1.63312 6.0864 -30 5 10 20.0746 -0.0359241 1.43066 2 1 1 0 1 2 2 1 0 0 0 1 1 0 1
1 90 8941 208 1224 0 -0.0153318 1.00536 0.00149375 0.00190792 0.00132238 -0.0832908 0.356348 1.14334 6.84501 -30 5 10 24.4235 0.0439449 1.07654 3 1 1 0 1 5 1 1 0 0 0 1 1 0 1
1 90 8941 31 1237 0 -0.0740641 0.847332 0.00145621 0.00197523 0.203437 -0.101543 3.05616 5.44159 5.44159 -30 5 10 25.054 -0.0507466 0.866834 3 1 1 0 1 2 2 1 0 0 0 1 1 0 1
1 90 8941 33 1237 0 -0.0778535 0.744588 0.00127541 0.00190681 1.73921e-06 -0.101866 1.08328 -1.08778 3.70641 -30 5 10 25.054 -0.0507466 0.866834 3 1 1 0 1 3 2 1 0 0 0 1 1 0 1
1 90 8941 917 1238 0 -0.0800262 1.14599 0.00200149 0.00188703 37.4983 0.099812 9.28749 6.46737 6.46737 -30 6 12 24.6885 -0.0399515 1.20911 3 1 1 0 1 2 1 1 0 0 0 1 1 0 1
1 90 8941 484 1243 1 -0.085029 0.39392 0.000734318 0.00177003 7.2895e-05 -0.104126 1.74701 -2.70071 -0.27221 1.96331 5 10 23.7033 -0.0897354 0.365475 3 1 1 0 1 2 4 1 0 0 0 1 0 0 0
1 90 8941 497 1243 0 -0.0779228 0.301912 0.000652021 0.00189085 0.000118083 -0.10374 2.05737 -3.94796 5.76581 -30 5 10 23.7033 -0.0897354 0.365475 3 1 1 0 1 5 4 1 0 0 0 1 1 0 1
1 90 8941 553 1243 0 0.634935 0.346484 0.000393135 0.000379534 0.000371835 -0.0192292 1.71467 -3.63723 5.57931 -30 5 10 23.7033 -0.0897354 0.365475 3 1 1 0 1 4 4 1 0 0 0 1 1 0 1
1 90 8941 576 1243 0 -0.0811498 0.375826 0.000726008 0.00181779 0.000111211 0.0992714 0.0450518 6.46368 6.46368 3.19638 5 10 23.7033 -0.0897354 0.365475 3 1 1 0 1 4 4 1 0 0 0 1 1 0 1
1 90 8941 507 1244 0 -0.0739818 0.187461 0.000417711 0.00172482 0.000215928 0.101497 1.3065 -0.955068 5.88404 -30 5 10 19.0191 -0.0981105 0.201882 2 1 1 0 1 2 1 1 0 0 0 1 1 0 1
1 90 8941 401 1245 0 -0.0579417 1.56829 0.00177381 0.00169425 0.121473 -0.0885658 6.55999 6.64429 6.64429 -30 5 10 23.6088 -0.0357504 1.59104 3 1 1 0 1 3 7 1 0 0 0 1 1 0 1
1 90 8941 1564 1245 1 0.874404 1.63687 0.00110066 0.000253152 99.007 -0.0107653 14.0151 -1.96265 2.26663 5.60072 5 10 23.6088 -0.0357504 1.59104 3 2 1 0 0 5 7 0 1 1 1 1 0 0 0
1 90 8941 295 1246 1 -0.0968984 1.83951 0.00246834 0.00186056 0.00362472 -0.0825262 8.14592 -1.04678 0.609506 4.6041 5 10 24.0641 0.0965183 1.78495 3 4 1 0 0 2 6 1 0 0 0 1 0 0 0
1 90 8941 735 1249 1 -0.0124363 0.581949 0.000909614 0.00159769 4.98058 -0.0877523 5.74146 -2.53055 1.17214 -30 6 12 30.5265 0.0271015 0.65899 4 1 1 0 1 2 5 1 0 0 0 1 0 0 0
1 90 8941 748 1249 0 -0.0480014 0.750019 0.00122734 0.00177884 0.00140989 -0.0931297 1.18637 -3.09351 6.82997 -30 6 12 30.5265 0.0271015 0.65899 4 1 1 0 1 4 5 1 0 0 0 1 1 0 1
1 90 8941 766 1249 0 0.0577107 0.604459 0.000819055 0.00138293 0.000742461 0.0715325 4.89617 -0.277106 6.69948 -30 6 12 30.5265 0.0271015 0.65899 4 1 1 0 1 3 5 1 0 0 0 1 1 0 1
1 90 8941 798 1249 0 0.0276534 0.597978 0.00094181 0.00159074 4.09911 0.0833059 5.84352 5.30115 5.30115 -30 6 12 30.5265 0.0271015 0.65899 4 1 1 0 1 3 5 1 0 0 0 1 1 0 1
1 90 8941 809 1249 0 0.00378836 0.660439 0.00102207 0.00163323 10.1563 0.0851791 7.22863 -0.175919 4.43861 4.05331 6 12 30.5265 0.0271015 0.65899 4 1 1 0 1 3 5 1 0 0 0 1 1 0 1
1 90 8941 213 1255 0 0.763866 1.51663 0.000810801 0.000283606 7.03561 -0.0135077 7.57631 -0.946369 2.92489 -30 6 12 26.1214 0.0477126 1.53434 3 1 1 0 1 5 2 1 0 0 0 1 1 0 1
1 90 8941 259 1255 0 0.159053 1.46404 0.00112792 0.00101527 9.10834e-08 0.0613983 5.40513 1.3013 6.39321 -30 6 12 26.1214 0.0477126 1.53434 3 1 1 0 1 5 2 1 0 0 0 1 1 0 1
1 90 8941 768 1256 1 -0.078107 0.71392 0.00126007 0.00193899 15.6521 0.0982937 7.44988 -3.47106 4.3843 -30 5 10 18.345 0.167593 0.663047 2 1 1 0 1 3 1 1 0 0 0 1 1 0 1
1 90 8941 213 1257 0 0.763866 1.51663 0.000810801 0.000283606 7.03561 -0.0135077 7.57631 -2.66055 2.92489 -30 5 10 21.8064 -0.086715 1.63567 3 1 1 0 1 5 2 1 0 0 0 1 1 0 1
1 90 8941 215 1257 0 0.675804 1.59025 0.00119831 0.000420879 7.34067 0.0152278 8.06248 -1.38613 5.19188 5.64114 5 10 21.8064 -0.086715 1.63567 3 1 1 0 1 4 2 1 0 0 0 1 1 0 1
1 90 8941 0 1260 0 0.267906 0.921972 0.00090661 0.00103288 0.120335 0.0462745 3.2866 0.108998 6.70044 -30 5 10 18.9608 -0.0655546 0.981242 2 1 1 0 1 5 1 1 0 0 0 1 1 0 1
1 90 8941 3249 1265 0 0.0551198 1.8052 0.00158338 0.00126901 0.000443459 -0.0720584 8.73826 1.88197 6.50232 -30 5 10 20.2397 -0.0822714 1.72405 2 1 1 0 1 4 3 1 0 0 0 1 1 0 0
1 90 8941 5207 1269 1 0.0204254 2.24195 0.00219921 0.00134941 0.00308526 -0.0586071 24.95 -1.24703 6.81073 4.62557 5 10 19.0898 0.0921768 2.14026 2 4 1 0 1 1 5 1 0 0 0 1 0 0 0
1 90 8941 213 1273 0 0.763866 1.51663 0.000810801 0.000283606 7.03561 -0.0135077 7.57631 2.92489 2.92489 -30 5 10 19.4327 0.755551 1.52689 2 1 1 0 1 5 6 1 0 0 0 1 1 0 1
1 90 8941 215 1273 0 0.675804 1.59025 0.00119831 0.000420879 7.34067 0.0152278 8.06248 -0.42148 5.19188 5.64114 5 10 19.4327 0.755551 1.52689 2 1 1 0 1 4 6 1 0 0 0 1 1 0 1
1 90 8941 259 1273 0 0.159053 1.46404 0.00112792 0.00101527 9.10834e-08 0.0613983 5.40513 -2.21521 6.39321 -30 5 10 19.4327 0.755551 1.52689 2 1 1 0 1 5 6 1 0 0 0 1 1 0 1
1 90 8941 948 1275 0 0.214505 1.85034 0.00240269 0.00098918 0.00103572 0.0397856 9.01323 -0.929766 6.75591 -30 7 14 25.671 -0.0215385 1.74729 3 2 1 1 0 4 5 1 0 0 0 1 1 0 1
1 90 8941 2257 1275 1 0.00721351 1.61727 0.00158435 0.0014485 186.262 -0.076424 15.9813 1.62274 3.28567 4.926 7 14 25.671 -0.0215385 1.74729 3 1 1 0 1 1 5 1 0 0 0 1 0 0 0
1 90 8941 2520 1276 1 0.31321 1.80297 0.00118791 0.000811431 55.9009 0.0330492 13.7497 -2.66442 -1.23421 2.05789 5 10 19.677 -0.05219 1.76241 2 4 1 0 0 2 4 1 0 0 0 1 0 0 0
1 90 8941 361 1278 0 0.624331 1.15824 0.000770187 0.000383231 8.46823 -0.0211213 6.18818 1.22875 5.61236 -30 5 10 17.1356 0.206991 1.16549 2 1 1 0 1 3 1 1 0 0 0 1 1 0 1
1 90 8941 620 1279 0 0.0927635 0.205935 0.000385951 0.00132187 0.000472904 -0.0661648 0.765881 -0.132873 0.901467 4.18787 5 10 16.9805 0.109362 0.110359 2 1 1 0 1 1 1 1 0 0 0 1 1 0 1
1 90 8941 441 1285 0 0.691061 0.0536809 0.000296774 0.000463048 0.000234466 -0.016754 0.896031 -2.58427 6.72159 -30 5 10 22.6588 0.0844607 0.0710128 3 1 1 0 1 4 2 1 0 0 0 1 1 0 1
1 90 8941 446 1285 0 0.0991234 0.0279167 0.000318297 0.00129931 0.000557584 0.0663236 2.4777 3.09695 3.32016 3.59677 5 10 22.6588 0.0844607 0.0710128 3 1 1 0 1 3 2 1 0 0 0 1 1 0 1
1 90 8941 646 1286 1 0.00642768 0.808826 0.0011372 0.00157796 18.9503 -0.0834584 7.77865 6.33577 6.33577 -30 6 12 27.6128 0.0010387 0.881759 3 1 1 0 1 2 1 1 0 0 0 1 0 0 0
1 90 8941 497 1288 0 -0.0779228 0.301912 0.000652021 0.00189085 0.000118083 -0.10374 2.05737 0.293121 5.76581 -30 5 10 23.4257 -0.00553913 0.242644 3 1 1 0 1 5 3 1 0 0 0 1 1 0 1
1 90 8941 508 1288 0 0.0231041 0.123906 0.000327871 0.00150073 0.0337461 -0.0815322 7.01277 6.48783 6.48783 -30 5 10 23.4257 -0.00553913 0.242644 3 1 1 0 1 3 3 1 0 0 0 1 1 0 1
1 90 8941 553 1288 0 0.634935 0.346484 0.000393135 0.000379534 0.000371835 -0.0192292 1.71467 0.0306686 5.57931 -30 5 10 23.4257 -0.00553913 0.242644 3 1 1 0 1 4 3 1 0 0 0 1 1 0 1
1 90 8941 371 1290 1 0.0872909 0.272302 0.000435687 0.00124984 0.000273723 -0.0676921 3.56896 -1.05377 -0.947465 3.95602 6 12 30.6224 0.144908 0.307088 4 1 1 0 1 1 2 1 0 0 0 1 0 0 0
1 90 8941 377 1290 1 0.157745 0.326364 0.000471457 0.0011053 0.000287169 -0.057422 0.0250288 1.7076 1.7076 -30 6 12 30.6224 0.144908 0.307088 4 1 1 0 1 2 2 1 0 0 0 1 0 0 0
1 90 8941 254 1292 0 -0.0614687 0.865106 0.00143839 0.00192956 2.49915e-06 -0.094942 1.52015 -1.44063 5.95141 -30 5 10 22.8497 0.188211 0.94279 3 1 1 0 1 4 1 1 0 0 0 1 1 0 1
1 90 8941 25 1294 0 -0.0543747 1.1616 0.00154472 0.00163696 43.2048 0.090921 8.81419 2.72419 6.6692 -30 5 10 18.788 0.0206111 1.19338 2 1 1 0 1 3 1 1 0 0 0 1 1 0 1
1 90 8941 916 1295 0 -0.0529098 0.2098 0.000412953 0.00160726 0.0533588 0.0958963 3.46884 -1.61762 5.71624 -30 5 10 23.8474 0.0409784 0.188119 3 1 1 0 1 2 3 1 0 0 0 1 1 0 1
1 90 8941 921 1295 0 0.0528885 0.153513 0.000329768 0.00134104 0.00332798 0.0752197 2.11131 6.44696 6.44696 -30 5 10 23.8474 0.0409784 0.188119 3 1 1 0 1 4 3 1 0 0 0 1 1 0 1
1 90 8941 937 1295 0 -0.0106206 0.204673 0.000570982 0.00162171 0.000171493 0.0919936 0.916054 0.611543 6.84753 -30 5 10 23.8474 0.0409784 0.188119 3 1 1 0 1 3 3 1 0 0 0 1 1 0 1
1 90 8941 864 1297 0 -0.0681547 1.55823 0.00184876 0.00170088 0.00105993 0.0982053 2.45488 4.04152 4.04152 -30 6 12 24.3304 -0.0704764 1.51165 3 1 1 0 1 1 1 1 0 0 0 1 1 0 1
1 90 8941 573 1298 0 -0.039634 0.186252 0.00038653 0.00159858 0.0118017 -0.0929736 2.33754 6.82702 6.82702 -30 6 12 28.3546 -0.0609484 0.225646 4 1 1 0 1 1 1 1 0 0 0 1 1 0 1
1 90 8941 746 1301 0 0.674389 1.242 0.000724837 0.000442964 0.00034044 -0.0177538 0.30856 -1.32352 4.80725 -30 5 10 23.1413 -0.0696983 1.3276 3 1 1 0 1 3 1 1 0 0 0 1 1 0 1
1 90 8941 752 1302 0 -0.0703688 1.36529 0.0016666 0.00174123 16.1282 0.106399 7.63755 -3.14037 6.53986 -30 5 10 23.592 0.0967577 1.26874 3 1 1 0 1 4 1 1 0 0 0 1 1 0 1
1 90 8941 397 1303 0 -0.0565397 0.445062 0.000764251 0.00165626 0.000935774 -0.0975272 4.91662 4.40699 4.40699 -30 5 10 18.8551 -0.0865916 0.384641 2 1 1 0 1 2 1 1 0 0 0 1 1 0 1
1 90 8941 917 1305 0 -0.0800262 1.14599 0.00200149 0.00188703 37.4983 0.099812 9.28749 1.24342 6.46737 -30 5 10 18.3373 -0.0237895 1.19668 2 1 1 0 1 2 1 1 0 0 0 1 1 0 1
1 90 8941 8649 1307 1 -0.0916419 2.15179 0.00226921 0.00170523 66.1954 0.10419 31.945 -0.662059 1.09021 2.00824 6 12 33.3187 -0.0883051 2.17145 4 12 1 0 0 2 13 1 0 0 0 1 0 0 0
1 90 8941 124 1308 2 0.189986 0.522236 0.000820853 0.00109128 0.000179055 -0.0591468 5.20652 -0.0506234 1.07448 3.39625 5 10 18.1478 -0.0133772 0.450382 2 1 1 0 1 1 2 1 0 0 0 0 0 1 0
1 90 8941 185 1308 0 -0.0514433 0.428362 0.000783161 0.00175908 0.000112914 0.0924885 1.58911 -1.79005 6.78445 -30 5 10 18.1478 -0.0133772 0.450382 2 1 1 0 1 3 2 1 0 0 0 1 1 0 1
1 90 8941 1142 1309 0 -0.0651956 2.151 0.0026966 0.00178939 1.48849 -0.0652864 12.3281 -1.98852 4.89453 2.79769 5 10 23.1447 -0.0449772 2.25166 3 14 1 0 0 1 31 1 0 0 0 1 1 0 1
1 90 8941 1148 1309 1 0.738519 2.21842 0.00398865 0.000294358 0.000413055 0.00983296 10.9351 -2.44096 -0.0924207 1.06703 5 10 23.1447 -0.0449772 2.25166 3 16 1 0 0 1 31 1 0 0 0 1 0 0 0
1 90 8941 796 1311 0 -0.0356935 0.886509 0.00132727 0.00173816 4.98161 -0.0939811 5.07672 5.28219 5.28219 -30 5 10 23.3372 -0.0169542 0.93029 3 1 1 0 1 1 1 1 0 0 0 1 1 0 1
1 90 8941 134 1312 0 0.0198053 0.715795 0.000991859 0.00145903 5.80008e-05 -0.0792952 1.86524 -2.23813 6.8303 -30 5 10 23.1925 -0.0921807 0.789614 3 1 1 0 1 2 2 1 0 0 0 1 1 0 1
1 90 8941 199 1312 1 0.549301 0.881852 0.000627551 0.000564838 0.0003278 -0.024237 1.72849 1.22911 3.07224 3.08654 5 10 23.1925 -0.0921807 0.789614 3 1 1 0 1 2 2 1 0 0 0 1 0 0 0
1 90 8941 33 1313 0 -0.0778535 0.744588 0.00127541 0.00190681 1.73921e-06 -0.101866 1.08328 3.70641 3.70641 -30 5 10 18.6957 -0.0839935 0.709836 2 1 1 0 1 3 1 1 0 0 0 1 1 0 1
1 90 8941 818 1315 1 0.778524 0.964765 0.000660274 0.000440752 18.8438 0.0138187 7.72859 -2.2679 2.26452 2.39595 6 12 24.4723 0.113025 1.04961 3 1 1 0 1 2 1 1 0 0 0 1 0 0 0
1 90 8941 18 1316 0 -0.0516109 0.0595488 0.000296444 0.00176966 3.60211e-06 -0.0928015 2.4777 5.06967 5.06967 -30 6 12 27.3333 -0.0893185 0.106624 3 1 1 0 1 3 1 1 0 0 0 1 0 0 0
1 90 8941 516 1317 0 1.17542 0.636705 0.00068511 0.000178978 0.000386306 0.00574885 0.330533 -2.87938 2.74293 -30 6 12 19.0642 -0.0881459 0.69227 3 4 1 3 0 6 4 1 0 0 0 1 1 0 1
1 90 8941 672 1318 1 -0.020721 0.78666 0.00130262 0.0018096 2.87609 -0.0875581 4.82891 6.34821 6.34821 -30 5 10 19.0288 -0.020371 0.826208 2 1 1 0 1 4 3 1 0 0 0 1 0 0 0
1 90 8941 161 1322 0 0.464741 1.0145 0.000793617 0.000673988 0.000486177 0.0285218 1.38159 3.49381 3.49381 -30 5 10 21.8484 0.427787 0.98176 3 1 1 0 1 3 1 1 0 0 0 1 1 0 1
1 90 8941 113 1323 0 -0.0606965 0.118329 0.00033948 0.0016627 0.00675641 0.0985264 2.55779 0.0983346 6.58649 -30 5 10 18.6208 -0.0845507 0.083259 2 1 1 0 1 5 1 1 0 0 0 1 1 0 1
1 90 8941 255 1329 0 -0.056432 0.146397 0.000364276 0.0017586 0.000514019 -0.0933899 0.00500572 4.88094 4.88094 -30 5 10 20.354 -0.0506515 0.110416 3 1 1 0 1 1 1 1 0 0 0 1 1 0 1
1 90 8941 939 1330 0 0.0444294 1.22737 0.00157542 0.0016915 2.32911e-07 -0.0733632 1.18826 0.308422 4.99643 -30 6 12 23.2032 0.029092 1.28951 3 1 1 0 1 3 1 1 0 0 0 1 1 0 1
1 90 8941 441 1336 0 0.691061 0.0536809 0.000296774 0.000463048 0.000234466 -0.016754 0.896031 -2.01179 6.72159 -30 5 10 21.8116 0.19433 0.0318232 3 1 1 0 1 4 4 1 0 0 0 1 1 0 1
1 90 8941 446 1336 0 0.0991234 0.0279167 0.000318297 0.00129931 0.000557584 0.0663236 2.4777 3.32016 3.32016 3.59677 5 10 21.8116 0.19433 0.0318232 3 1 1 0 1 3 4 1 0 0 0 1 1 0 1
1 90 8941 508 1337 0 0.0231041 0.123906 0.000327871 0.00150073 0.0337461 -0.0815322 7.01277 -3.57718 6.48783 -30 6 12 27.693 0.032004 0.0745396 4 1 1 0 1 3 2 1 0 0 0 1 1 0 1
1 90 8941 578 1337 1 0.047904 0.151896 0.000351638 0.00139964 0.000310272 0.0738172 3.48887 4.59009 4.59009 -30 6 12 27.693 0.032004 0.0745396 4 1 1 0 1 2 2 1 0 0 0 1 0 0 0
1 90 8941 650 1339 1 0.49156 1.51457 0.00115714 0.000508085 7.00487 0.02656 8.63946 -0.832142 -0.248455 2.81583 5 10 18.6887 -0.0727788 1.39125 2 1 1 0 1 1 1 1 0 0 0 1 0 0 0
1 90 8941 208 1343 0 -0.0153318 1.00536 0.00149375 0.00190792 0.00132238 -0.0832908 0.356348 1.52282 6.84501 -30 5 10 18.1291 0.0135867 1.07654 2 1 1 0 1 5 1 1 0 0 0 1 1 0 1
1 90 8941 219 1345 0 0.300465 1.65878 0.00129453 0.000778276 0.000706819 -0.0362535 6.14192 -2.58291 6.65263 -30 5 10 17.4133 0.103441 1.55187 2 1 1 0 1 2 1 1 0 0 0 1 1 0 1
1 90 8941 14 1346 0 0.388933 0.228737 0.000351478 0.000672082 0.00857709 0.0337461 1.72699 3.76424 3.76424 -30 5 10 17.6949 0.147085 0.250016 2 1 1 0 1 3 1 1 0 0 0 1 1 0 1
1 90 8941 412 1348 0 0.0444494 1.49628 0.00145897 0.00133859 6.60599 0.073853 7.60126 3.56797 4.87255 -30 5 10 17.5085 -0.0488016 1.55475 2 1 1 0 1 3 2 1 0 0 0 1 1 0 1
1 90 8941 3000 1348 2 -0.0965007 1.64087 0.00193023 0.00174764 67.8858 0.107279 12.7001 -0.758764 2.6913 2.89982 5 10 17.5085 -0.0488016 1.55475 2 1 1 0 1 3 2 1 0 0 0 0 0 1 0
1 90 8941 419 1349 0 0.0607967 0.974691 0.001274 0.00153026 0.536162 0.0745999 3.88782 1.31055 6.41902 -30 5 10 20.5808 0.0834715 0.930169 3 1 1 0 1 5 1 1 0 0 0 1 1 0 1
1 90 8941 668 1351 0 0.172274 1.9327 0.00277312 0.00113949 9.88477e-05 -0.0390279 10.0859 0.551408 4.42816 5.04077 5 10 22.2076 0.0521064 1.80896 3 1 1 0 1 5 10 1 0 0 0 1 1 0 1
1 90 8941 3249 1351 0 0.0551198 1.8052 0.00158338 0.00126901 0.000443459 -0.0720584 8.73826 3.85611 6.50232 -30 5 10 22.2076 0.0521064 1.80896 3 1 1 0 1 4 10 1 0 0 0 1 1 0 0
1 90 8941 3284 1351 0 -0.0369487 1.93094 0.00190646 0.00152226 12.5334 0.0726514 11.4427 -1.61166 1.48327 -30 5 10 22.2076 0.0521064 1.80896 3 8 1 7 0 6 10 1 0 0 0 1 1 0 1
1 90 8941 722 1354 1 -0.0704998 1.89372 0.00280497 0.00183521 0.000352643 0.0748267 7.11789 -0.815852 4.92208 2.93404 5 10 18.1306 0.0784317 1.82434 2 2 1 0 0 4 5 1 0 0 0 1 0 0 0
1 90 8941 3249 1354 0 0.0551198 1.8052 0.00158338 0.00126901 0.000443459 -0.0720584 8.73826 0.218819 6.50232 -30 5 10 18.1306 0.0784317 1.82434 2 1 1 0 1 4 5 1 0 0 0 1 1 0 0
1 90 8941 768 1355 1 -0.078107 0.71392 0.00126007 0.00193899 15.6521 0.0982937 7.44988 4.3843 4.3843 -30 5 10 17.1419 -0.0844725 0.795501 2 1 1 0 1 3 1 1 0 0 0 1 1 0 1
1 90 8941 162 1356 1 0.648409 1.93245 0.00245381 0.000385378 0.000456743 0.0154827 4.57662 3.76852 3.76852 -30 5 10 18.3403 -0.0468159 1.87949 2 3 1 2 0 1 3 1 0 0 0 1 0 0 0
1 90 8941 455 1357 0 -0.02752 1.00571 0.0016209 0.00195027 1.11294e-05 -0.0885679 0.210274 -1.63505 4.06223 -30 5 10 16.5688 0.166173 1.07675 2 1 1 0 1 4 2 1 0 0 0 1 1 0 1
1 90 8941 489 1357 1 0.365327 1.06108 0.00083172 0.00076092 0.000230454 -0.0369488 2.59332 -0.605939 1.27905 4.65217 5 10 16.5688 0.166173 1.07675 2 1 1 0 1 2 2 1 0 0 0 1 0 0 0
1 90 8941 268 1359 0 0.0176491 0.221488 0.000407048 0.00142655 0.000237893 -0.0850519 1.53677 -4.04458 6.02623 -30 6 12 25.3889 -0.0430166 0.259126 4 2 1 1 0 2 2 1 0 0 0 1 1 0 1
1 90 8941 948 1362 0 0.214505 1.85034 0.00240269 0.00098918 0.00103572 0.0397856 9.01323 -2.26244 6.75591 -30 5 10 22.739 -0.0217942 1.92684 3 2 1 1 0 4 12 1 0 0 0 1 1 0 1
1 90 8941 2260 1362 1 0.231267 1.98625 0.0015588 0.000971421 5.57939 -0.0361101 13.0319 -0.239604 0.704422 3.36734 5 10 22.739 -0.0217942 1.92684 3 8 1 0 0 2 12 1 0 0 0 1 0 0 0
1 90 8941 327 1363 0 -0.0866313 0.817003 0.00147475 0.0020738 0.00170311 -0.100259 1.38166 3.41321 3.41321 4.6551 5 10 17.7057 -0.0873839 0.849653 2 1 1 0 1 2 2 1 0 0 0 1 1 0 1
1 90 8941 335 1363 1 0.191328 0.85432 0.000879168 0.00107027 15.426 -0.0531703 7.33764 -1.57407 0.629755 1.43128 5 10 17.7057 -0.0873839 0.849653 2 1 1 0 1 3 2 1 0 0 0 1 0 0 0
1 90 8941 202 1364 1 -0.0877284 1.62272 0.0019485 0.00186907 0.00199244 0.102453 2.66552 1.08903 3.37743 3.63135 5 10 17.678 -0.0916886 1.56764 2 2 1 0 0 4 4 1 0 0 0 1 0 0 0
1 90 8941 811 1365 1 -0.0391903 1.88763 0.00234557 0.00136519 0.0545479 -0.0593626 11.2771 -2.13775 5.48347 3.5124 5 10 23.3654 0.493032 1.93312 3 1 1 0 1 2 1 1 0 0 0 1 0 0 0
1 90 8941 135 1369 1 -0.0964356 0.0486896 0.000272521 0.00186283 0.000716819 -0.102613 1.422 4.42039 4.42039 5.04938 5 10 17.7646 -0.0887878 0.0392184 2 1 1 0 1 2 2 1 0 0 0 1 0 0 0
1 90 8941 157 1369 1 -0.0219832 0.101611 0.000331218 0.00166149 0.00046278 -0.0871522 2.80808 0.204508 0.410091 5.57717 5 10 17.7646 -0.0887878 0.0392184 2 1 1 0 1 3 2 1 0 0 0 1 0 0 0
1 90 8941 374 1370 0 -0.0488184 0.474841 0.000815269 0.00168987 0.000874213 -0.0921549 1.78305 -2.53886 6.10153 -30 5 10 17.4878 -0.0854956 0.534247 2 1 1 0 1 3 2 1 0 0 0 1 1 0 1
1 90 8941 395 1370 2 -0.0339205 0.540973 0.000907844 0.00172692 0.000888314 0.0882154 2.43301 -0.536073 5.74196 -30 5 10 17.4878 -0.0854956 0.534247 2 1 1 0 1 3 2 1 0 0 0 0 0 1 0
1 90 8941 455 1372 0 -0.02752 1.00571 0.0016209 0.00195027 1.11294e-05 -0.0885679 0.210274 -1.13227 4.06223 -30 5 10 16.3736 0.689539 0.924463 2 1 1 0 1 4 1 1 0 0 0 1 1 0 1
1 90 8941 185 1376 0 -0.0514433 0.428362 0.000783161 0.00175908 0.000112914 0.0924885 1.58911 -0.302272 6.78445 -30 6 12 23.28 0.0664306 0.30628 3 1 1 0 1 3 1 1 0 0 0 1 1 0 1
1 90 8941 516 1378 0 1.17542 0.636705 0.00068511 0.000178978 0.000386306 0.00574885 0.330533 -1.45699 2.74293 -30 5 10 15.8036 -0.0587952 0.626562 2 4 1 3 0 6 4 1 0 0 0 1 1 0 1
1 90 8941 82 1380 0 0.00335976 0.14486 0.000364862 0.00162707 0.000299299 0.0815863 1.11628 5.74314 5.74314 -30 6 12 21.7036 0.0111479 0.115382 3 1 1 0 1 1 1 1 0 0 0 1 1 0 1
1 90 8941 981 1381 1 0.299154 0.391715 0.000417855 0.000770124 0.000460856 -0.0429019 3.58898 0.640247 3.66419 -30 5 10 16.4457 0.260983 0.479501 2 1 1 0 1 2 1 1 0 0 0 1 0 0 0
1 90 8941 772 1385 0 0.0633151 1.08133 0.00138714 0.00159557 0.00122279 -0.0709241 2.05455 -0.430467 5.0815 3.43 5 10 15.6073 -0.0303006 1.19912 2 1 1 0 1 2 1 1 0 0 0 1 0 0 0
1 90 8941 770 1387 1 -0.0575202 1.00641 0.00174371 0.00213941 11.1764 -0.0947215 6.15687 1.70269 1.70269 2.28218 5 10 20.6611 0.0497597 1.07379 3 1 1 0 1 1 2 1 0 0 0 1 0 0 0
1 90 8941 772 1387 0 0.0633151 1.08133 0.00138714 0.00159557 0.00122279 -0.0709241 2.05455 5.0815 5.0815 3.43 5 10 20.6611 0.0497597 1.07379 3 1 1 0 1 2 2 1 0 0 0 1 0 0 0
1 90 8941 5125 1388 2 0.350198 1.77461 0.00149409 0.000570853 821.756 0.0338067 25.65 -0.550847 -0.323672 5.08816 5 10 20.3929 -0.0263861 1.84773 3 1 1 0 1 1 1 1 0 0 0 0 0 1 0
1 90 8941 752 1389 0 -0.0703688 1.36529 0.0016666 0.00174123 16.1282 0.106399 7.63755 -2.51643 6.53986 -30 5 10 17.038 0.166518 1.26405 2 1 1 0 1 4 1 1 0 0 0 1 1 0 1
1 90 8941 831 1391 0 -0.00538761 1.02929 0.00155997 0.00179522 0.026286 -0.0851591 4.25073 -3.27521 6.65135 -30 5 10 16.5908 0.38971 1.03604 2 1 1 0 1 5 1 1 0 0 0 1 1 0 1
1 90 8941 89 1397 0 -0.0649476 1.13303 0.00190433 0.00215397 0.00270237 0.0965459 2.99145 2.37682 6.70004 -30 5 10 16.9758 -0.0845692 1.13859 2 1 1 0 1 4 1 1 0 0 0 1 1 0 1
1 90 8941 370 1400 0 0.0510939 0.623341 0.000878894 0.00141074 0.000112004 -0.0740164 1.6469 0.301716 6.00617 -30 5 10 16.4779 -0.0734627 0.682833 2 1 1 0 1 3 2 1 0 0 0 1 1 0 1
1 90 8941 379 1400 1 0.221868 0.570234 0.000587059 0.000892084 0.000251993 -0.0498608 2.83686 -0.409799 3.23188 -30 5 10 16.4779 -0.0734627 0.682833 2 1 1 0 1 3 2 1 0 0 0 1 0 0 0
1 90 8941 465 1403 0 0.215633 0.505773 0.000522188 0.000899247 0.000518599 -0.0502013 0.470524 5.29723 5.29723 -30 6 12 25.632 0.241126 0.472133 4 1 1 0 1 2 1 1 0 0 0 1 1 0 1
1 90 8941 546 1404 0 1.29555 0.88994 0.00068943 0.000144925 2.58265 -0.00407806 4.41364 -1.93001 1.53789 -30 5 10 17.4608 -0.0168195 0.878104 2 1 1 0 1 6 5 1 0 0 0 1 1 0 1
1 90 8941 547 1404 0 0.00561492 0.840881 0.00126755 0.00171736 2.6906e-05 -0.0807889 0.851127 -2.96941 6.12617 -30 5 10 17.4608 -0.0168195 0.878104 2 1 1 0 1 7 5 1 0 0 0 1 1 0 1
1 90 8941 552 1404 0 0.860984 0.84829 0.000512983 0.000269248 2.27506 -0.0112481 4.22834 -0.938533 4.33554 -30 5 10 17.4608 -0.0168195 0.878104 2 1 1 0 1 7 5 1 0 0 0 1 1 0 1
1 90 8941 574 1404 0 1.09435 0.871788 0.000594933 0.000186184 2.46359 0.00667839 4.30377 1.38009 2.68195 -30 5 10 17.4608 -0.0168195 0.878104 2 1 1 0 1 7 5 1 0 0 0 1 1 0 1
1 90 8941 587 1404 1 -0.0555332 0.767129 0.00131831 0.00191854 1.80801 0.093857 3.92192 -1.27618 1.93091 3.88171 5 10 17.4608 -0.0168195 0.878104 2 1 1 0 1 4 5 1 0 0 0 1 0 0 0
1 90 8941 690 1405 0 0.268787 1.40614 0.000959468 0.000824023 13.2488 0.0466228 8.73069 5.56859 5.56859 3.6299 6 12 16.8458 0.252671 1.43209 2 8 1 0 0 2 9 1 0 0 0 1 1 0 1
1 90 8941 712 1405 0 -0.065221 1.34044 0.00165194 0.0017462 25.3121 0.104525 8.18539 -0.743955 6.03458 -30 6 12 16.8458 0.252671 1.43209 2 1 1 0 1 2 9 1 0 0 0 1 1 0 1
1 90 8941 7 1407 0 0.930095 1.43877 0.00275564 0.000259963 84.8942 -0.0104451 11.368 -0.792559 4.67533 -30 5 10 18.1122 0.567764 1.45175 2 4 1 3 0 4 15 1 0 0 1 1 1 0 1
1 90 8941 23 1407 1 -0.0116193 1.40252 0.00167173 0.00152204 0.00283169 0.0849155 2.1165 -2.67238 1.16973 4.80813 5 10 18.1122 0.567764 1.45175 2 1 1 0 1 4 15 1 0 0 0 1 0 0 0
1 90 8941 992 1407 1 1.57878 1.39811 0.00465755 0.000134686 82.6181 -0.00107051 11.2682 1.68624 1.68624 5.85717 5 10 18.1122 0.567764 1.45175 2 2 1 0 0 3 15 0 1 1 1 1 0 0 0
1 90 8941 998 1407 0 1.05542 1.4244 0.00106708 0.000195305 84.4215 0.00671934 11.3563 -0.345436 4.59474 -30 5 10 18.1122 0.567764 1.45175 2 2 1 1 0 4 15 1 0 0 1 1 1 0 1
1 90 8941 7137 1408 1 -0.00998175 2.0223 0.00225192 0.00161827 617.641 0.0625358 25.65 1.25557 2.09155 -30 6 12 23.1761 0.0317976 2.11705 3 6 1 5 1 3 6 1 0 0 0 1 0 0 0
1 90 8941 753 1410 0 -0.0883823 0.508862 0.000909691 0.00180021 4.37417e-05 -0.100999 2.58084 -3.56812 6.34965 -30 5 10 16.4306 0.424334 0.589282 2 1 1 0 1 2 1 1 0 0 0 1 1 0 1
1 90 8941 873 1418 0 0.274855 0.488128 0.000495819 0.000855219 0.000299662 -0.0436878 2.65791 5.04861 5.04861 5.34392 6 12 18.9592 0.0637554 0.416938 3 1 1 0 1 1 1 1 0 0 0 1 1 0 1
1 90 8941 981 1420 1 0.299154 0.391715 0.000417855 0.000770124 0.000460856 -0.0429019 3.58898 -1.89864 3.66419 -30 5 10 15.5559 0.0646273 0.521853 2 1 1 0 1 2 1 1 0 0 0 1 0 0 0
1 90 8941 18 1421 0 -0.0516109 0.0595488 0.000296444 0.00176966 3.60211e-06 -0.0928015 2.4777 -0.255465 5.06967 -30 5 10 20.0398 0.0479193 0.0802662 3 1 1 0 1 3 2 1 0 0 0 1 0 0 0
1 90 8941 41 1421 0 -0.087459 0.0389396 0.000243233 0.00183212 8.25154e-07 0.104108 5.89163 -4.37954 5.87304 -30 5 10 20.0398 0.0479193 0.0802662 3 1 1 0 1 4 2 1 0 0 0 1 1 0 1
1 90 8941 2230 1422 1 0.411185 2.06634 0.00274381 0.000780089 222.238 0.0184713 18.7522 -1.78527 1.63523 2.0709 5 10 17.7996 0.262184 2.11888 3 7 1 0 0 2 7 1 0 0 0 1 0 0 0
1 90 8941 89 1429 0 -0.0649476 1.13303 0.00190433 0.00215397 0.00270237 0.0965459 2.99145 -2.05768 6.70004 -30 5 10 17.4561 0.0336053 1.23516 2 1 1 0 1 4 3 1 0 0 0 1 1 0 1
1 90 8941 2145 1432 1 0.0871237 2.28981 0.00296021 0.00143484 0.00103194 -0.0418118 10.4404 -2.10607 0.39965 4.96867 5 10 20.2751 -0.0641289 2.31767 3 28 1 0 0 1 122 1 0 0 0 1 0 0 0
1 90 8941 2147 1432 1 0.267838 2.26999 0.00433837 0.000821955 68.1791 0.0243051 17.5436 -0.728104 0.183702 1.97941 5 10 20.2751 -0.0641289 2.31767 3 4 1 0 0 1 122 1 0 0 0 1 0 0 0
1 90 8941 5320 1432 1 0.0936026 2.39194 0.00417962 0.00132554 66.7943 -0.0429486 25.65 -3.1102 -2.87998 0.103996 5 10 20.2751 -0.0641289 2.31767 3 32 1 0 0 1 122 1 0 0 0 1 0 0 0
1 90 8941 9055 1432 1 -0.046342 2.2702 0.00246417 0.00172269 112.271 -0.0802523 31.395 -2.59002 1.79628 1.84325 5 10 20.2751 -0.0641289 2.31767 3 15 1 0 0 1 122 1 0 0 0 1 0 0 0
1 90 8941 335 1433 1 0.191328 0.85432 0.000879168 0.00107027 15.426 -0.0531703 7.33764 -3.75648 0.629755 1.43128 5 10 17.3339 0.0988303 0.745092 2 1 1 0 1 3 2 1 0 0 0 1 0 0 0
1 90 8941 336 1433 0 0.107162 0.700668 0.000870527 0.00125025 0.000755326 0.0647729 1.12031 -0.250595 5.47843 -30 5 10 17.3339 0.0988303 0.745092 2 1 1 0 1 4 2 1 0 0 0 1 1 0 1
1 90 8941 2969 1436 1 -0.0599032 2.19019 0.00437022 0.00171134 158.688 0.0550506 19.193 -4.61853 0.456726 0.612524 5 10 19.7841 0.204324 2.10263 3 4 1 0 1 1 4 1 0 0 0 1 0 0 0
1 90 8941 831 1438 0 -0.00538761 1.02929 0.00155997 0.00179522 0.026286 -0.0851591 4.25073 -2.63731 6.65135 -30 5 10 18.8456 0.0155937 1.12223 3 1 1 0 1 5 1 1 0 0 0 1 1 0 1
1 90 8941 752 1440 0 -0.0703688 1.36529 0.0016666 0.00174123 16.1282 0.106399 7.63755 -1.83985 6.53986 -30 5 10 17.0948 0.291203 1.27444 2 1 1 0 1 4 1 1 0 0 0 1 1 0 1
1 90 8941 669 1443 0 -0.0835201 0.972227 0.00172594 0.00215528 1.64474 -0.100506 4.81279 -2.67188 6.87219 -30 5 10 17.2333 0.307004 1.04949 2 1 1 0 1 5 1 1 0 0 0 1 1 0 1
1 90 8941 208 1445 0 -0.0153318 1.00536 0.00149375 0.00190792 0.00132238 -0.0832908 0.356348 2.11861 6.84501 -30 5 10 17.6853 0.0578903 0.990852 2 1 1 0 1 5 1 1 0 0 0 1 1 0 1
1 90 8941 495 1449 0 0.0617184 1.53002 0.00153264 0.00138259 6.71916 -0.0679008 8.76979 -1.83855 6.74463 -30 5 10 18.7049 0.0742181 1.45482 3 1 1 0 1 3 2 1 0 0 0 1 1 0 1
1 90 8941 515 1449 1 0.3253 1.47137 0.000991722 0.000725749 7.991 0.0386598 7.574 -0.308746 -0.308746 2.61211 5 10 18.7049 0.0742181 1.45482 3 1 1 0 1 3 2 1 0 0 0 1 0 0 0
1 90 8941 377 1451 1 0.157745 0.326364 0.000471457 0.0011053 0.000287169 -0.057422 0.0250288 -2.3036 1.7076 -30 5 10 16.1282 0.0508291 0.35941 2 1 1 0 1 2 1 1 0 0 0 1 0 0 0
1 90 8941 193 1453 1 0.111808 1.22234 0.00121147 0.00117322 15.0318 0.0630007 7.08557 1.75867 1.75867 -30 5 10 16.6727 0.0614476 1.2098 2 1 1 0 1 2 1 1 0 0 0 1 0 0 0
1 90 8941 113 1454 0 -0.0606965 0.118329 0.00033948 0.0016627 0.00675641 0.0985264 2.55779 -3.24041 6.58649 -30 5 10 15.2753 0.0499881 0.112857 2 1 1 0 1 5 2 1 0 0 0 1 1 0 1
1 90 8941 118 1454 0 -0.0238785 0.0130447 0.000258536 0.00154128 0.000373356 0.0898717 0.555639 -4.22837 5.32862 -30 5 10 15.2753 0.0499881 0.112857 2 1 1 0 1 2 2 1 0 0 0 1 1 0 1
1 90 8941 877 1455 0 0.0707518 0.390664 0.000549981 0.00125832 0.000616766 0.0725655 1.10203 -2.39894 6.75367 5.51834 5 10 16.5797 -0.0541451 0.467998 2 1 1 0 1 2 1 1 0 0 0 1 1 0 1
1 90 8941 488 1456 0 -0.014581 0.637453 0.000981988 0.0016022 3.48546e-05 0.0888685 1.37328 -0.443029 6.05689 -30 5 10 15.6736 -0.0808715 0.625808 2 1 1 0 1 4 2 1 0 0 0 1 1 0 1
1 90 8941 499 1456 0 0.1038 0.594754 0.000798314 0.00131963 7.85473 0.0672902 7.01936 -0.668666 6.23869 -30 5 10 15.6736 -0.0808715 0.625808 2 1 1 0 1 4 2 1 0 0 0 1 1 0 1
