# run lumi evt seed tc cls df00 df01 df02 df03 df04 df05 df06 df07 df08 df09 df10 df11 df12 df13 df14 df15 df16 df17 df18 df19 df20 df21
1 46 4560 68 3 0 0.287826 0.452201 0.000485159 0.000827688 0.00046899 0.0425854 1.13328 -1.89484 5.98942 -30 6 12 36.7109 0.0110204 0.506427 4 1 0 0 1 3 1
1 46 4560 579 11 0 0.0637031 0.760357 0.000969914 0.00139215 7.43003e-05 0.0732826 2.82069 -1.32995 6.50092 -30 6 12 35.9955 0.0221753 0.853288 4 1 0 0 1 2 2
1 46 4560 580 11 0 0.0188477 0.897982 0.00122507 0.00162491 1.85136e-05 0.0801899 0.998962 6.68314 6.68314 -30 6 12 35.9955 0.0221753 0.853288 4 1 0 0 1 1 2
1 46 4560 0 12 0 0.0135851 0.644403 0.000960559 0.00153592 1.24102 -0.080001 3.65906 6.8174 6.8174 -30 6 12 35.9395 0.0327466 0.677751 4 1 0 0 1 1 1
1 46 4560 290 17 0 -0.0716316 0.69071 0.00122492 0.00191721 1.48099 0.1012 3.76694 6.43169 6.43169 0.517898 6 12 35.6418 -0.0774284 0.730442 4 1 0 0 1 2 1
1 46 4560 486 21 0 0.963348 0.67051 0.000470745 0.000232889 0.000377764 -0.00937835 0.270012 3.57281 3.57281 -30 6 12 35.4578 0.980523 0.642983 4 1 0 0 1 1 2
1 46 4560 500 21 0 0.346803 0.566248 0.000516407 0.000742866 0.000310371 0.037141 0.115132 -3.06069 6.27545 -30 6 12 35.4578 0.980523 0.642983 4 1 0 0 1 3 2
1 46 4560 525 25 0 0.0162598 0.856757 0.0013036 0.00174084 12.6563 0.0824293 6.42621 6.32429 6.32429 -30 6 12 35.2674 0.0138453 0.918977 4 1 0 0 1 1 1
1 46 4560 275 31 0 0.159342 0.83642 0.000904739 0.00115822 0.000131047 -0.0590982 1.09236 6.84642 6.84642 -30 6 12 34.9982 0.133659 0.784434 4 1 0 0 1 1 2
1 46 4560 290 31 0 -0.0716316 0.69071 0.00122492 0.00191721 1.48099 0.1012 3.76694 -2.99028 6.43169 0.517898 6 12 34.9982 0.133659 0.784434 4 1 0 0 1 2 2
1 46 4560 496 34 0 0.523698 0.66511 0.000486101 0.000545231 6.12073 0.0255775 5.61588 6.72449 6.72449 5.87246 6 12 34.8849 0.498075 0.720151 4 1 0 0 1 1 1
1 46 4560 503 38 0 -0.0368808 0.780608 0.0012652 0.0018234 0.405752 0.0891441 3.11955 5.90961 5.90961 -30 6 12 34.556 -0.0565717 0.805445 4 1 0 0 1 1 1
1 46 4560 187 42 0 0.59402 0.869842 0.000565013 0.000478774 2.81919 0.0209475 5.10573 6.86684 6.86684 -30 6 12 34.4104 0.602204 0.891339 4 1 0 0 1 1 1
1 46 4560 515 43 0 0.00667262 0.346843 0.000577621 0.00145808 0.000173238 -0.0844409 0.775893 6.3263 6.3263 -30 6 12 34.3842 -0.0106105 0.322187 4 1 0 0 1 1 1
1 46 4560 141 50 0 -0.0857797 1.79163 0.00238922 0.0018181 3.63713 0.0775501 9.24294 -1.73517 -1.11917 1.54989 7 14 33.6891 0.268829 1.88545 3 2 0 0 1 1 2
1 46 4560 901 51 0 0.0297044 1.82759 0.00176656 0.00145975 54.9911 -0.0627806 12.6791 2.38409 2.38409 5.06268 7 14 33.5808 0.0560162 1.84333 3 24 0 0 0 2 25
1 46 4560 960 51 0 0.187549 1.93788 0.00150433 0.00104963 0.00118664 -0.0465697 8.682 1.32402 5.44218 -30 7 14 33.5808 0.0560162 1.84333 3 1 0 0 1 3 25
1 46 4560 1017 54 1 -0.0955826 1.85453 0.00193735 0.0017273 0.00842688 -0.0990621 7.25408 2.64972 2.64972 2.21201 7 14 37.6747 -0.0392136 1.86037 4 6 0 0 0 1 6
1 46 4560 443 57 1 -0.0710434 1.76416 0.00237164 0.00198482 0.000802733 -0.0830129 9.58505 0.30824 0.30824 0.530618 7 14 33.4845 -0.0241 1.81985 3 3 0 0 1 1 4
1 46 4560 1926 57 2 -0.092337 1.80628 0.00207089 0.00185248 8.51447 -0.0934436 9.79271 0.861213 0.861213 5.69078 7 14 33.4845 -0.0241 1.81985 3 1 0 0 1 1 4
1 46 4560 1932 57 0 -0.0562133 1.78737 0.00182559 0.00159242 28.6317 -0.0869851 11.3069 4.51242 4.51242 -30 7 14 33.4845 -0.0241 1.81985 3 2 0 1 0 1 4
1 46 4560 314 61 0 0.213751 0.747226 0.000833109 0.00113054 1.51564 0.0521838 3.82098 6.7223 6.7223 -30 6 12 31.9807 0.19692 0.772096 3 1 0 0 1 2 1
1 46 4560 218 63 0 -0.067402 0.283545 0.000563022 0.00177241 0.0833422 -0.0961353 2.54556 6.40535 6.40535 -30 6 12 31.6558 -0.0787002 0.323773 3 1 0 0 1 1 1
1 46 4560 128 66 0 0.0630861 0.518885 0.000743088 0.00135827 0.000144893 -0.074168 5.30552 -3.95856 6.8682 -30 6 12 31.3351 0.193742 0.465102 3 1 0 0 1 2 1
1 46 4560 129 73 0 -0.0253286 0.101183 0.000317919 0.00163799 0.00303756 -0.0907167 1.92722 6.04356 6.04356 -30 6 12 31.1839 -0.0478791 0.13932 3 1 0 0 1 1 1
1 46 4560 368 76 0 -0.0626604 0.0151784 0.00026731 0.00178372 0.000408389 0.0986835 0.555639 5.45668 5.45668 -30 6 12 31.0808 -0.0764997 0.0263438 3 1 0 0 1 2 1
1 46 4560 355 88 0 -0.0355173 0.260708 0.000484706 0.00153027 0.00276678 -0.0928893 1.34655 6.31729 6.31729 -30 6 12 30.6389 -0.0529929 0.273205 3 1 0 0 1 2 1
1 46 4560 253 95 0 0.10668 0.775232 0.000974957 0.00132008 0.000799191 -0.0645914 4.7883 -0.816896 4.77095 -30 6 12 30.5447 0.0410067 0.827099 3 1 0 0 1 2 1
1 46 4560 319 97 1 0.0948773 0.560235 0.000676835 0.00122898 3.57399 0.0673257 5.30526 1.08346 1.08346 -30 6 12 30.5141 -0.0710701 0.643952 3 1 0 0 1 2 2
1 46 4560 338 97 0 -0.0856246 0.617139 0.00114972 0.0019635 0.496888 0.100512 3.29786 6.10507 6.10507 -30 6 12 30.5141 -0.0710701 0.643952 3 1 0 0 1 1 2
1 46 4560 291 107 0 0.0844534 0.484773 0.000704617 0.00135994 0.218437 0.0680607 2.50774 5.96524 5.96524 -30 6 12 30.3896 0.0631181 0.509969 3 1 0 0 1 1 1
1 46 4560 579 109 0 0.0637031 0.760357 0.000969914 0.00139215 7.43003e-05 0.0732826 2.82069 6.50092 6.50092 -30 6 12 30.3244 0.0744047 0.686042 3 1 0 0 1 2 1
1 46 4560 139 115 0 0.0549666 0.400514 0.000588938 0.00133173 0.000648173 0.0754459 0.569897 -0.872988 6.82631 -30 6 12 30.1444 -0.0568832 0.329347 3 1 0 0 1 2 1
1 46 4560 493 121 0 0.161348 1.61456 0.0015032 0.000938995 11.9474 0.0492201 8.68701 5.96893 5.96893 5.78084 6 12 30.0687 0.148843 1.63289 3 2 0 0 0 1 2
1 46 4560 1962 128 1 0.0804436 2.215 0.00293599 0.00130233 23.3085 -0.0401349 15.3973 -1.33707 -0.570223 -1.07534 6 12 29.9431 0.407282 2.23341 3 36 0 0 0 1 36
1 46 4560 313 131 1 0.411084 0.421876 0.00040138 0.0006006 0.132922 -0.0333382 2.30751 -2.33118 0.915022 4.99449 6 12 29.9346 0.0839961 0.479227 3 1 0 0 1 2 2
1 46 4560 319 131 1 0.0948773 0.560235 0.000676835 0.00122898 3.57399 0.0673257 5.30526 0.304571 1.08346 -30 6 12 29.9346 0.0839961 0.479227 3 1 0 0 1 2 2
1 46 4560 312 133 0 0.879256 1.329 0.000771281 0.000311656 0.000404364 0.0111253 2.72869 4.88594 4.88594 -30 6 12 29.9022 0.888599 1.25132 3 1 0 0 1 2 1
1 46 4560 279 150 0 0.800186 0.396979 0.000213463 0.000250183 0.000378183 0.012921 0.400154 -0.063243 5.17499 -30 6 12 29.7559 0.861835 0.389639 3 1 0 0 1 3 1
1 46 4560 13 152 0 -0.0560008 0.402758 0.000730127 0.00172997 0.938266 -0.0937051 4.46999 6.60068 6.60068 -30 6 12 29.7243 -0.046727 0.464436 3 1 0 0 1 1 1
1 46 4560 334 155 0 -0.0335591 0.0808842 0.000300242 0.00166251 0.000325367 -0.0892375 6.57241 6.64872 6.64872 -30 6 12 29.6815 -0.0263677 0.0538352 3 1 0 0 1 1 2
1 46 4560 368 155 0 -0.0626604 0.0151784 0.00026731 0.00178372 0.000408389 0.0986835 0.555639 -4.51417 5.45668 -30 6 12 29.6815 -0.0263677 0.0538352 3 1 0 0 1 2 2
1 46 4560 5 164 0 0.00869111 0.576541 0.000903602 0.00160131 0.000829928 0.0804198 6.28208 6.07583 6.07583 -30 6 12 29.5525 0.0111437 0.451503 3 1 0 0 1 1 1
1 46 4560 206 168 0 0.128365 0.468291 0.00056406 0.00108542 1.50127 0.0632381 4.5601 6.84472 6.84472 -30 6 12 29.5134 0.108805 0.526913 3 1 0 0 1 2 1
1 46 4560 468 172 0 0.123764 0.809885 0.000936809 0.00126065 25.8188 0.061301 8.68918 6.8404 6.8404 -30 6 12 29.4858 0.108814 0.891107 3 1 0 0 1 1 1
1 46 4560 529 175 1 0.682836 0.15844 0.000276942 0.000421646 0.00289401 0.0175481 1.98729 -1.24726 0.228208 -30 6 12 29.451 0.287467 0.202911 3 1 0 0 1 2 1
1 46 4560 121 179 0 -0.00828384 0.552601 0.000854848 0.00156 7.13444 0.084239 6.85875 6.42399 6.42399 -30 6 12 29.3799 -0.0166857 0.646866 3 1 0 0 1 3 1
1 46 4560 78 180 0 0.368694 0.0337735 0.000242198 0.000732986 0.000379849 0.0360641 1.8271 6.24113 6.24113 -30 6 12 29.3764 0.393056 0.00433994 3 1 0 0 1 1 2
1 46 4560 90 180 1 -0.0773944 0.0252908 0.000250461 0.00183526 0.00041147 0.101422 0.465536 -2.83036 -0.71381 2.4739 6 12 29.3764 0.393056 0.00433994 3 1 0 0 1 1 2
1 46 4560 2003 185 0 0.0168304 2.03293 0.0019874 0.00139587 0.727681 0.0603155 10.8534 6.6048 6.6048 -30 6 12 29.2979 -0.00886822 2.04772 3 2 0 1 0 1 2
1 46 4560 41 190 0 0.128163 1.16493 0.0013872 0.00145734 0.00122174 -0.0641766 7.22181 -0.167635 5.40456 -30 6 12 29.208 0.00766254 1.14434 3 1 0 0 1 2 1
1 46 4560 279 200 0 0.800186 0.396979 0.000213463 0.000250183 0.000378183 0.012921 0.400154 5.17499 5.17499 -30 6 12 29.0379 0.826435 0.365554 3 1 0 0 1 3 1
1 46 4560 237 209 0 1.08137 0.452631 0.000401483 0.000168024 0.00038207 0.00711505 0.210366 0.498815 3.70938 -30 6 12 28.8559 0.930188 0.440851 3 1 0 0 1 3 2
1 46 4560 238 209 0 0.953926 0.472474 0.000354967 0.000212308 0.000380167 -0.00950328 0.140138 3.44545 3.44545 -30 6 12 28.8559 0.930188 0.440851 3 1 0 0 1 3 2
1 46 4560 4 210 0 0.112267 1.53819 0.00150088 0.0011372 3.25157e-05 -0.0558324 2.54903 -1.61479 6.86101 -30 6 12 29.7174 0.565043 1.56473 3 1 0 0 1 6 5
1 46 4560 18 210 0 0.332434 1.527 0.000919987 0.000690302 0.0001155 0.0404088 4.25133 -0.353028 4.36603 -30 6 12 29.7174 0.565043 1.56473 3 1 0 0 1 6 5
1 46 4560 23 210 1 0.0931011 1.62197 0.00152511 0.00122515 0.923448 0.0579112 7.1979 -0.810014 -0.324356 3.66487 6 12 29.7174 0.565043 1.56473 3 2 0 0 1 6 5
1 46 4560 29 210 0 0.520542 1.57458 0.0011231 0.000530409 0.000263046 0.0246453 4.74423 5.49129 5.49129 -30 6 12 29.7174 0.565043 1.56473 3 1 0 0 1 4 5
1 46 4560 117 213 0 -0.0694838 1.04023 0.00175933 0.00212816 2.3969 0.0966623 4.65631 5.15288 5.15288 5.00719 6 12 30.264 -0.0444016 1.06829 3 1 0 0 1 2 2
1 46 4560 122 213 1 0.169418 1.0764 0.00115437 0.00125567 0.000920462 0.057767 1.87998 -1.12742 5.36577 3.56477 6 12 30.264 -0.0444016 1.06829 3 1 0 0 1 3 2
1 46 4560 99 219 1 0.000953678 1.79773 0.00197016 0.00153901 1.79693e-05 0.0653218 8.59301 2.76689 2.76689 4.03911 6 12 28.7 -0.0336901 1.81408 3 2 0 0 1 1 12
1 46 4560 1443 219 0 0.010659 1.79409 0.00172481 0.00143015 3.87125 0.0771684 10.7286 5.83263 5.83263 -30 6 12 28.7 -0.0336901 1.81408 3 4 0 3 0 1 12
1 46 4560 128 224 0 0.0630861 0.518885 0.000743088 0.00135827 0.000144893 -0.074168 5.30552 6.8682 6.8682 -30 6 12 28.2639 0.062685 0.411781 3 1 0 0 1 2 1
1 46 4560 278 227 0 0.656411 0.0811273 0.000255973 0.000468484 0.000381613 -0.018733 1.49672 5.54795 5.54795 -30 6 12 28.1131 0.639933 0.044987 3 1 0 0 1 2 1
1 46 4560 225 232 0 0.0257298 1.51891 0.00158594 0.0015158 0.000428839 0.0837788 4.3115 -2.02111 5.30896 5.67075 6 12 29.22 -0.0163366 1.47009 3 1 0 0 1 2 1
1 46 4560 341 243 0 -0.00757876 0.885231 0.00134277 0.00175046 6.16562 0.0836805 5.71792 6.85068 6.85068 -30 5 10 27.4908 0.00990134 0.927239 3 1 0 0 1 1 1
1 46 4560 234 244 1 -0.0688173 0.295729 0.000571368 0.00174948 1.48828 -0.0996097 8.32094 -1.3577 0.889795 1.65494 6 12 29.8967 -0.0335794 0.244862 3 1 0 0 1 2 1
1 46 4560 372 245 1 -0.0888502 0.73004 0.00130156 0.00197562 0.00170377 0.104833 4.74411 -1.38862 -0.109297 2.91006 5 10 27.378 0.031177 0.786332 3 1 0 0 1 1 2
1 46 4560 373 245 0 0.0388053 0.881533 0.00120367 0.0015558 0.00110737 0.0755332 4.09162 5.96046 5.96046 -30 5 10 27.378 0.031177 0.786332 3 1 0 0 1 1 2
1 46 4560 278 248 0 0.656411 0.0811273 0.000255973 0.000468484 0.000381613 -0.018733 1.49672 -0.521908 5.54795 -30 6 12 27.2416 0.24193 0.136064 3 1 0 0 1 2 1
1 46 4560 8 254 0 0.056349 0.169077 0.000377525 0.00134883 0.000304184 -0.072494 6.41136 5.45583 5.45583 -30 6 12 27.1522 0.0300827 0.0334056 3 1 0 0 1 2 2
1 46 4560 24 254 1 0.178788 0.0499535 0.000291959 0.00110801 0.00145188 0.0548876 3.78921 -2.72585 -0.137338 5.26613 6 12 27.1522 0.0300827 0.0334056 3 1 0 0 1 1 2
1 46 4560 171 260 2 0.321462 0.786644 0.000703637 0.000875918 0.000545338 0.0415249 1.71416 0.84627 0.84627 2.59907 5 10 27.0108 -0.0135864 0.871773 3 1 0 0 1 2 2
1 46 4560 177 260 0 -0.0103632 0.961163 0.00148572 0.00183386 0.00184709 0.0897295 3.62402 6.63835 6.63835 -30 5 10 27.0108 -0.0135864 0.871773 3 1 0 0 1 3 2
1 46 4560 448 265 0 0.147377 0.1976 0.000347498 0.00109871 0.023776 0.0612084 2.45768 5.35536 5.35536 -30 6 12 26.9535 0.191117 0.23113 3 1 0 0 1 1 1
1 46 4560 139 267 0 0.0549666 0.400514 0.000588938 0.00133173 0.000648173 0.0754459 0.569897 6.82631 6.82631 -30 5 10 26.8959 0.0765385 0.375106 3 1 0 0 1 2 1
1 46 4560 4 273 0 0.112267 1.53819 0.00150088 0.0011372 3.25157e-05 -0.0558324 2.54903 -1.60218 6.86101 -30 5 10 26.7662 0.359501 1.51698 3 1 0 0 1 6 6
1 46 4560 7 273 0 0.585926 1.4525 0.00071013 0.000401389 64.6646 0.0189484 10.5917 0.196487 3.69265 -30 5 10 26.7662 0.359501 1.51698 3 1 0 0 1 5 6
1 46 4560 18 273 0 0.332434 1.527 0.000919987 0.000690302 0.0001155 0.0404088 4.25133 4.36603 4.36603 -30 5 10 26.7662 0.359501 1.51698 3 1 0 0 1 6 6
1 46 4560 23 273 1 0.0931011 1.62197 0.00152511 0.00122515 0.923448 0.0579112 7.1979 -0.913691 -0.324356 3.66487 5 10 26.7662 0.359501 1.51698 3 2 0 0 1 6 6
1 46 4560 29 273 0 0.520542 1.57458 0.0011231 0.000530409 0.000263046 0.0246453 4.74423 -0.376702 5.49129 -30 5 10 26.7662 0.359501 1.51698 3 1 0 0 1 4 6
1 46 4560 777 277 1 0.22962 2.42952 0.00441794 0.00106613 0.000638669 -0.0266615 12.7491 -2.20601 -0.141618 -0.0865542 5 10 26.7361 0.108458 2.39691 3 14 0 0 0 1 53
1 46 4560 4788 277 1 -0.0750097 2.35248 0.00285983 0.00186595 69.6633 -0.083248 31.945 -2.84717 -2.51192 4.60229 5 10 26.7361 0.108458 2.39691 3 36 0 0 0 1 53
1 46 4560 386 280 1 -0.066913 0.641849 0.00115919 0.00193023 0.00119192 -0.0960914 5.65135 -0.79458 -0.491059 3.7829 6 12 26.6418 0.0758535 0.579628 3 2 0 0 0 1 2
1 46 4560 225 296 0 0.0257298 1.51891 0.00158594 0.0015158 0.000428839 0.0837788 4.3115 5.30896 5.30896 5.67075 5 10 26.3533 0.0313122 1.51235 3 1 0 0 1 2 1
1 46 4560 397 298 0 0.132389 0.693586 0.000807643 0.0011889 7.45593 -0.0627456 5.86461 6.8367 6.8367 -30 5 10 26.3233 0.161595 0.757109 3 1 0 0 1 1 1
1 46 4560 1564 299 1 -0.0431772 2.35516 0.00507769 0.0022736 0.00014672 -0.0536291 16.9396 -1.641 -0.543447 2.14683 5 10 26.4564 0.251046 2.32299 3 8 0 0 0 1 46
1 46 4560 6037 299 1 0.207837 2.34284 0.00258811 0.000974464 10.5739 0.0443018 33.195 3.00989 3.00989 1.51319 5 10 26.4564 0.251046 2.32299 3 11 0 0 0 1 46
1 46 4560 8856 299 1 -0.010285 2.32645 0.00242035 0.00154373 16.0498 0.0953107 40.323 0.0274379 0.236583 -0.582067 5 10 26.4564 0.251046 2.32299 3 12 0 0 0 1 46
1 46 4560 203 300 0 0.086698 0.0769182 0.000296368 0.00129675 0.000347889 0.0701306 6.59244 -1.34746 6.58834 -30 6 12 26.2863 0.282358 0.0599543 3 1 0 0 1 2 1
1 46 4560 265 302 0 0.370664 1.42869 0.000898375 0.000694387 7.38521 0.0377698 8.14532 0.506378 6.06138 5.34835 5 10 26.2549 0.0284654 1.5015 3 2 0 0 0 2 2
1 46 4560 324 303 0 -0.0245229 1.59137 0.00167658 0.00147435 0.651466 0.0807912 8.36526 2.64356 6.42404 -30 6 12 26.4688 0.0404082 1.54493 3 1 0 0 1 2 3
1 46 4560 197 312 1 0.0349566 1.69319 0.00176332 0.00115598 42.827 -0.056551 12.622 -2.90813 -1.40535 2.66551 6 12 28.4925 0.223773 1.74757 3 4 0 0 0 1 4
1 46 4560 147 317 0 0.0688552 1.03777 0.00131284 0.0015392 0.0011398 -0.0700078 3.49683 6.16422 6.16422 -30 5 10 25.8757 0.0358404 0.966203 3 1 0 0 1 2 2
1 46 4560 177 317 0 -0.0103632 0.961163 0.00148572 0.00183386 0.00184709 0.0897295 3.62402 -2.29389 6.63835 -30 5 10 25.8757 0.0358404 0.966203 3 1 0 0 1 3 2
1 46 4560 8 327 0 0.056349 0.169077 0.000377525 0.00134883 0.000304184 -0.072494 6.41136 -5.26207 5.45583 -30 6 12 25.4696 -0.0719439 0.270398 3 1 0 0 1 2 1
1 46 4560 500 328 0 0.346803 0.566248 0.000516407 0.000742866 0.000310371 0.037141 0.115132 6.27545 6.27545 -30 6 12 27.6148 0.31043 0.538205 3 1 0 0 1 3 1
1 46 4560 458 340 1 0.0538375 1.72704 0.00146353 0.00130129 9.64484e-06 -0.0652919 4.23728 1.19284 1.19284 2.81389 5 10 25.9512 0.234253 1.6237 3 1 0 0 1 1 1
1 46 4560 209 344 0 0.0907213 0.886277 0.00109467 0.00138182 0.000929481 -0.0669744 4.8132 6.06887 6.06887 -30 6 12 27.7933 0.0892934 0.788865 3 1 0 0 1 2 1
1 46 4560 244 346 1 0.0588601 0.677227 0.0008984 0.00135629 0.944716 -0.0720665 3.76353 0.169359 0.169359 5.0242 6 12 29.3895 0.0603689 0.668566 3 1 0 0 1 1 2
1 46 4560 253 346 0 0.10668 0.775232 0.000974957 0.00132008 0.000799191 -0.0645914 4.7883 4.77095 4.77095 -30 6 12 29.3895 0.0603689 0.668566 3 1 0 0 1 2 2
1 46 4560 321 347 1 0.302985 0.0058709 0.000262598 0.000873167 0.000385451 0.0426918 1.45668 -2.48054 0.358055 2.72334 6 12 26.4432 0.0480654 0.00970436 3 1 0 0 1 1 1
1 46 4560 470 350 0 0.0327531 1.07876 0.0014746 0.00170244 1.88371e-07 -0.0790417 3.17563 5.81669 5.81669 -30 6 12 34.14 0.0514554 1.07375 4 1 0 0 1 1 1
1 46 4560 402 364 1 -0.0724738 1.56111 0.00161869 0.00170213 0.00159143 0.0761411 1.62264 2.48351 2.48351 4.60287 6 12 29.1292 -0.0677571 1.48107 3 4 0 0 1 2 4
1 46 4560 220 367 0 0.108244 1.03071 0.00124545 0.00144522 0.00100184 -0.0642848 7.87496 6.33474 6.33474 -30 5 10 25.8359 0.112836 0.897096 3 1 0 0 1 3 1
1 46 4560 324 373 0 -0.0245229 1.59137 0.00167658 0.00147435 0.651466 0.0807912 8.36526 6.42404 6.42404 -30 6 12 32.8182 -0.0263479 1.60063 4 1 0 0 1 2 3
1 46 4560 165 376 0 -0.0227792 0.202159 0.00045032 0.00153836 0.333024 0.087542 8.20414 -1.06163 5.49387 -30 5 10 22.2749 -0.0376976 0.242825 2 1 0 0 1 1 2
1 46 4560 176 376 0 -0.0208098 0.251422 0.000496817 0.00161288 0.000197723 0.0919003 0.190022 5.70288 5.70288 -30 5 10 22.2749 -0.0376976 0.242825 2 1 0 0 1 2 2
1 46 4560 213 381 1 0.139697 0.441976 0.00054384 0.00107582 0.000248075 -0.0595528 0.0350403 -0.992094 4.36833 -30 5 10 25.8953 -0.0873955 0.505954 3 1 0 0 1 3 1
1 46 4560 405 382 0 0.366535 1.29156 0.000934793 0.000648674 3.97045 0.0344616 5.96822 6.47775 6.47775 -30 5 10 25.2204 0.377999 1.30633 3 2 0 1 0 1 3
1 46 4560 413 382 1 -0.0762964 1.29994 0.00159317 0.00177997 106.697 0.088246 11.5547 -3.02608 0.298573 2.19255 5 10 25.2204 0.377999 1.30633 3 1 0 0 1 1 3
1 46 4560 2886 417 1 -0.0957774 2.04651 0.00233652 0.00179556 0.0158468 0.10494 24.4 0.748038 0.748038 0.721313 5 10 26.1335 0.3995 2.02357 3 1 0 0 1 1 7
1 46 4560 206 420 0 0.128365 0.468291 0.00056406 0.00108542 1.50127 0.0632381 4.5601 2.40859 6.84472 -30 5 10 21.5883 0.21061 0.462947 2 1 0 0 1 2 1
1 46 4560 259 446 0 0.0903022 1.80529 0.00244951 0.0015512 1.0719 0.0551563 10.1671 2.23913 2.23913 3.4986 5 10 21.3807 -0.015822 1.82088 2 7 0 3 1 1 7
1 46 4560 805 463 1 -0.0981076 2.145 0.002526 0.00198103 0.00445618 -0.080457 7.79566 -2.32876 -2.32743 1.30419 5 10 21.2658 0.0272854 2.06864 2 4 0 0 0 1 6
1 46 4560 346 467 0 0.00399801 0.984357 0.00147884 0.00181287 0.00160566 0.0847057 3.82644 6.05443 6.05443 -30 5 10 21.2091 0.0134892 0.898827 2 1 0 0 1 1 1
1 46 4560 419 502 0 0.151818 1.82021 0.00173457 0.00115103 0.00116056 0.0491816 2.65845 4.57486 4.57486 -30 5 10 20.6988 -0.229124 1.79681 2 3 0 2 1 1 3
1 46 4560 288 510 0 -0.0087227 0.474339 0.000859777 0.00173884 16.7233 0.0885068 11.8202 -1.37027 6.04042 -30 5 10 25.7807 -0.0755362 0.571486 3 1 0 0 1 1 1
1 46 4560 558 513 1 0.0551177 0.145818 0.000334992 0.0013581 0.00031296 -0.0731624 4.73029 -1.79451 2.3288 1.53327 5 10 20.5452 -0.060407 0.086261 2 1 0 0 1 3 1
1 46 4560 2022 516 1 0.0862393 1.72489 0.00142534 0.00118516 0.000480517 0.0736913 7.14669 5.72414 5.72414 -30 5 10 24.896 0.060863 1.71721 3 1 0 0 1 2 1
1 46 4560 132 527 0 -0.0124477 1.26419 0.00189386 0.00202357 0.00227031 -0.0849362 1.17031 3.3161 6.84488 -30 5 10 20.8434 -0.0816352 1.23103 2 1 0 0 1 2 1
1 46 4560 186 541 0 -0.0893921 1.04097 0.00185866 0.00223985 2.2808 -0.101524 5.52042 6.83938 6.83938 5.84189 5 10 21.1139 -0.0908603 1.06996 2 1 0 0 1 2 1
1 46 4560 203 542 0 0.086698 0.0769182 0.000296368 0.00129675 0.000347889 0.0701306 6.59244 6.58834 6.58834 -30 6 12 28.6104 0.0690861 0.0487084 3 1 0 0 1 2 1
1 46 4560 531 546 1 -0.0942465 1.05599 0.0018761 0.00224184 0.00014586 -0.102395 1.84725 -3.5441 -0.538297 2.56199 5 10 26.1473 0.866344 1.18316 3 1 0 0 1 2 1
1 46 4560 467 552 1 -0.00261853 1.4309 0.00167122 0.00144464 5.09311e-05 0.0771506 4.63237 0.650819 6.62747 4.82183 5 10 20.7838 0.045766 1.4119 2 1 0 0 1 2 1
1 46 4560 463 557 0 0.0156533 0.291333 0.000534289 0.00155649 0.000228644 0.0795007 0.225259 5.6452 5.6452 4.92839 5 10 24.9088 -0.016677 0.268972 3 2 0 0 1 1 2
1 46 4560 140 558 0 -0.0409159 1.63029 0.0017764 0.00158057 3.05332 -0.0776445 7.74361 6.26805 6.26805 -30 5 10 20.5641 -0.046944 1.65346 2 2 0 1 0 1 2
1 46 4560 176 564 0 -0.0208098 0.251422 0.000496817 0.00161288 0.000197723 0.0919003 0.190022 -1.79448 5.70288 -30 5 10 20.1029 -0.0555754 0.341775 2 1 0 0 1 2 1
1 46 4560 52 574 0 0.0101501 1.90653 0.00212312 0.00164933 0.000101638 -0.0663728 2.4432 4.15972 4.15972 -30 5 10 25.9593 0.0653137 1.87561 3 4 0 3 0 1 4
1 46 4560 220 575 0 0.108244 1.03071 0.00124545 0.00144522 0.00100184 -0.0642848 7.87496 -3.09795 6.33474 -30 6 12 33.5607 0.246565 1.00874 4 1 0 0 1 3 2
1 46 4560 239 575 0 0.268999 1.09431 0.00101068 0.000992551 0.000711 0.046049 3.21855 6.67682 6.67682 5.12778 6 12 33.5607 0.246565 1.00874 4 1 0 0 1 1 2
1 46 4560 220 577 0 0.108244 1.03071 0.00124545 0.00144522 0.00100184 -0.0642848 7.87496 -4.2353 6.33474 -30 6 12 34.5478 0.231146 1.01565 4 1 0 0 1 3 1
1 46 4560 356 578 0 0.0272838 1.31526 0.00142304 0.00144748 128.987 0.0759763 13.2108 -1.11743 5.78991 -30 5 10 21.3052 0.059085 1.28786 2 1 0 0 1 3 1
1 46 4560 268 580 0 0.249112 0.102452 0.000251793 0.000942549 0.000406844 0.0478166 7.25305 0.550233 6.45788 -30 5 10 21.6379 0.365368 0.0392912 2 1 0 0 1 1 1
1 46 4560 1 583 0 -0.0593265 1.06046 0.00172316 0.00204481 0.452667 0.0980136 4.08423 6.32846 6.32846 0.248759 5 10 26.15 -0.0771623 1.08592 3 1 0 0 1 1 1
1 46 4560 500 588 0 0.346803 0.566248 0.000516407 0.000742866 0.000310371 0.037141 0.115132 -1.61016 6.27545 -30 5 10 19.1696 0.0484238 0.486757 2 1 0 0 1 3 1
1 46 4560 537 589 0 0.0615707 1.58885 0.00180974 0.0013776 66.0865 0.0616533 12.4927 6.38395 6.38395 4.58066 6 12 32.7198 0.024146 1.63317 4 2 0 0 0 2 7
1 46 4560 2022 589 1 0.0862393 1.72489 0.00142534 0.00118516 0.000480517 0.0736913 7.14669 1.76058 5.72414 -30 6 12 32.7198 0.024146 1.63317 4 1 0 0 1 2 7
1 46 4560 2045 589 1 -0.0982556 1.58169 0.00177306 0.0017262 150.596 0.10394 14.8478 1.38538 1.38538 4.25064 6 12 32.7198 0.024146 1.63317 4 2 0 0 0 2 7
1 46 4560 289 591 0 -0.0900772 1.42591 0.00172025 0.00172459 25.0182 -0.101622 8.64077 6.84061 6.84061 -30 5 10 24.8949 -0.0899372 1.48597 3 1 0 0 1 2 1
1 46 4560 535 593 1 -0.079364 1.43634 0.00182409 0.00167691 0.000491844 0.095187 3.36688 -2.25806 -1.88707 2.27363 5 10 25.0917 0.0436455 1.55816 3 1 0 0 1 1 7
1 46 4560 537 593 0 0.0615707 1.58885 0.00180974 0.0013776 66.0865 0.0616533 12.4927 -1.80323 6.38395 4.58066 5 10 25.0917 0.0436455 1.55816 3 2 0 0 0 2 7
1 46 4560 2045 593 1 -0.0982556 1.58169 0.00177306 0.0017262 150.596 0.10394 14.8478 -3.35671 1.38538 4.25064 5 10 25.0917 0.0436455 1.55816 3 2 0 0 0 2 7
1 46 4560 87 597 0 0.506413 1.32996 0.00085316 0.000655119 32.9277 0.028694 9.53217 3.9152 3.9152 4.32829 5 10 25.1376 0.556432 1.3622 3 2 0 0 1 1 2
1 46 4560 117 607 0 -0.0694838 1.04023 0.00175933 0.00212816 2.3969 0.0966623 4.65631 0.29215 5.15288 5.00719 5 10 26.2987 0.135333 1.10446 3 1 0 0 1 2 2
1 46 4560 122 607 1 0.169418 1.0764 0.00115437 0.00125567 0.000920462 0.057767 1.87998 5.36577 5.36577 3.56477 5 10 26.2987 0.135333 1.10446 3 1 0 0 1 3 2
1 46 4560 300 608 0 -0.0377906 1.37642 0.00174801 0.00160109 2.67124 -0.0793005 6.12374 6.68232 6.68232 -30 5 10 20.3894 -0.00549296 1.39991 2 2 0 1 0 1 4
1 46 4560 98 609 0 -0.0755161 1.02912 0.00171725 0.00209624 3.60045 0.101063 5.62731 -0.0741522 6.33233 -30 6 12 26.7294 -0.0338191 1.13752 3 1 0 0 1 2 1
1 46 4560 138 613 0 -0.0653847 1.24541 0.00153787 0.00163976 0.00440715 0.105545 3.41929 5.11784 5.11784 -30 5 10 24.914 -0.0540155 1.26351 3 1 0 0 1 2 1
1 46 4560 190 621 0 0.00655906 1.64699 0.00162367 0.0014579 0.00249792 0.0749459 6.85165 6.36525 6.36525 -30 5 10 25.4955 -0.0134176 1.66071 3 1 0 0 1 1 1
1 46 4560 1172 622 0 -0.0500074 1.81937 0.00200531 0.00171619 4.83617 -0.0861827 9.54908 3.8762 3.8762 4.2269 5 10 21.386 -0.301051 1.80479 2 2 0 0 0 1 2
1 46 4560 558 623 1 0.0551177 0.145818 0.000334992 0.0013581 0.00031296 -0.0731624 4.73029 -1.09151 2.3288 1.53327 5 10 20.402 0.0637232 0.180787 2 1 0 0 1 3 1
1 46 4560 237 628 0 1.08137 0.452631 0.000401483 0.000168024 0.00038207 0.00711505 0.210366 3.70938 3.70938 -30 5 10 25.0095 1.07133 0.420908 3 1 0 0 1 3 2
1 46 4560 238 628 0 0.953926 0.472474 0.000354967 0.000212308 0.000380167 -0.00950328 0.140138 -0.793456 3.44545 -30 5 10 25.0095 1.07133 0.420908 3 1 0 0 1 3 2
1 46 4560 4 631 0 0.112267 1.53819 0.00150088 0.0011372 3.25157e-05 -0.0558324 2.54903 -1.79938 6.86101 -30 7 14 27.6214 0.523533 1.4955 3 1 0 0 1 6 5
1 46 4560 7 631 0 0.585926 1.4525 0.00071013 0.000401389 64.6646 0.0189484 10.5917 3.69265 3.69265 -30 7 14 27.6214 0.523533 1.4955 3 1 0 0 1 5 5
1 46 4560 18 631 0 0.332434 1.527 0.000919987 0.000690302 0.0001155 0.0404088 4.25133 2.05366 4.36603 -30 7 14 27.6214 0.523533 1.4955 3 1 0 0 1 6 5
1 46 4560 23 631 1 0.0931011 1.62197 0.00152511 0.00122515 0.923448 0.0579112 7.1979 -0.395859 -0.324356 3.66487 7 14 27.6214 0.523533 1.4955 3 2 0 0 1 6 5
1 46 4560 103 632 1 -0.0966961 0.442474 0.000866454 0.00191574 0.198868 0.103793 2.738 -1.70129 0.510496 3.39315 5 10 20.2501 0.109598 0.468086 2 2 0 0 1 1 2
1 46 4560 4 633 0 0.112267 1.53819 0.00150088 0.0011372 3.25157e-05 -0.0558324 2.54903 0.214705 6.86101 -30 5 10 20.5946 0.0972974 1.6214 2 1 0 0 1 6 19
1 46 4560 18 633 0 0.332434 1.527 0.000919987 0.000690302 0.0001155 0.0404088 4.25133 -2.26896 4.36603 -30 5 10 20.5946 0.0972974 1.6214 2 1 0 0 1 6 19
1 46 4560 23 633 1 0.0931011 1.62197 0.00152511 0.00122515 0.923448 0.0579112 7.1979 -0.324356 -0.324356 3.66487 5 10 20.5946 0.0972974 1.6214 2 2 0 0 1 6 19
1 46 4560 29 633 0 0.520542 1.57458 0.0011231 0.000530409 0.000263046 0.0246453 4.74423 -1.92813 5.49129 -30 5 10 20.5946 0.0972974 1.6214 2 1 0 0 1 4 19
1 46 4560 2077 633 1 -0.077816 1.7253 0.00182019 0.00175301 184.988 -0.0803521 15.3911 -1.05705 3.56822 2.74221 5 10 20.5946 0.0972974 1.6214 2 14 0 0 0 1 19
1 46 4560 444 634 0 -0.0663136 0.512485 0.00090851 0.00178088 2.30202 0.101774 5.31096 -0.330321 5.08069 5.14281 5 10 21.0787 -0.0514041 0.446267 2 1 0 0 1 2 1
1 46 4560 3 635 1 -0.0954273 0.276918 0.000582667 0.0018503 0.004269 0.106968 1.28228 -2.47347 0.82401 0.871163 5 10 19.2424 0.19133 0.324119 2 1 0 0 1 1 1
1 46 4560 558 643 1 0.0551177 0.145818 0.000334992 0.0013581 0.00031296 -0.0731624 4.73029 -2.80033 2.3288 1.53327 5 10 19.3075 0.263111 0.107853 2 1 0 0 1 3 1
1 46 4560 402 644 1 -0.0724738 1.56111 0.00161869 0.00170213 0.00159143 0.0761411 1.62264 1.74892 2.48351 4.60287 6 12 27.7514 -0.0832909 1.52958 3 4 0 0 1 2 4
1 46 4560 355 648 0 -0.0355173 0.260708 0.000484706 0.00153027 0.00276678 -0.0928893 1.34655 -3.06347 6.31729 -30 6 12 27.4317 0.180823 0.23606 3 1 0 0 1 2 1
1 46 4560 122 650 1 0.169418 1.0764 0.00115437 0.00125567 0.000920462 0.057767 1.87998 -2.45692 5.36577 3.56477 5 10 20.4387 0.359779 1.15336 2 1 0 0 1 3 1
1 46 4560 893 651 1 0.0775991 1.98068 0.00188219 0.00132746 0.00191647 0.0576645 9.44056 -1.66626 1.99452 2.94461 5 10 20.5878 0.285369 2.04489 2 3 0 0 1 4 11
1 46 4560 132 654 0 -0.0124477 1.26419 0.00189386 0.00202357 0.00227031 -0.0849362 1.17031 6.84488 6.84488 -30 5 10 20.6025 -0.0441431 1.22355 2 1 0 0 1 2 1
1 46 4560 298 658 1 -0.0966628 1.63636 0.00204637 0.00172849 39.7212 0.0837464 10.439 0.589513 0.589513 2.13643 5 10 24.8081 0.0364192 1.69467 3 3 0 0 0 1 4
1 46 4560 986 658 0 0.152998 1.62154 0.00152616 0.000965959 206.072 0.0562262 15.0803 6.16049 6.16049 5.38917 5 10 24.8081 0.0364192 1.69467 3 1 0 0 1 1 4
1 46 4560 121 660 0 -0.00828384 0.552601 0.000854848 0.00156 7.13444 0.084239 6.85875 -2.97019 6.42399 -30 5 10 25.646 -0.0802787 0.451602 3 1 0 0 1 3 1
1 46 4560 265 661 0 0.370664 1.42869 0.000898375 0.000694387 7.38521 0.0377698 8.14532 6.06138 6.06138 5.34835 5 10 23.9805 0.356206 1.445 3 2 0 0 0 2 2
1 46 4560 114 663 1 -0.0378175 1.55233 0.00186794 0.00168953 45.4156 0.0802179 10.3496 0.446327 0.446327 0.876167 5 10 20.6946 0.357821 1.58988 2 2 0 0 0 1 2
1 46 4560 286 666 0 0.0134627 1.78821 0.00232054 0.0016584 7.64179 0.0605796 9.75713 3.01791 6.50147 -30 7 14 27.1683 -0.0112973 1.75102 3 3 0 2 0 2 3
1 46 4560 446 667 1 -0.000633322 0.655076 0.00100587 0.00162309 0.00107822 0.0867807 2.00127 -0.476724 -0.476724 4.54772 6 12 18.9091 0.170831 0.77531 2 1 0 0 1 1 1
1 46 4560 121 680 0 -0.00828384 0.552601 0.000854848 0.00156 7.13444 0.084239 6.85875 -0.417251 6.42399 -30 5 10 18.2213 0.120853 0.506016 2 1 0 0 1 3 1
1 46 4560 147 682 0 0.0688552 1.03777 0.00131284 0.0015392 0.0011398 -0.0700078 3.49683 2.04899 6.16422 -30 6 12 27.4233 0.320073 0.909535 3 1 0 0 1 2 3
1 46 4560 171 682 2 0.321462 0.786644 0.000703637 0.000875918 0.000545338 0.0415249 1.71416 -1.40591 0.84627 2.59907 6 12 27.4233 0.320073 0.909535 3 1 0 0 1 2 3
1 46 4560 177 682 0 -0.0103632 0.961163 0.00148572 0.00183386 0.00184709 0.0897295 3.62402 -2.87968 6.63835 -30 6 12 27.4233 0.320073 0.909535 3 1 0 0 1 3 3
1 46 4560 4 683 0 0.112267 1.53819 0.00150088 0.0011372 3.25157e-05 -0.0558324 2.54903 6.86101 6.86101 -30 7 14 27.5497 0.115841 1.52084 3 1 0 0 1 6 6
1 46 4560 7 683 0 0.585926 1.4525 0.00071013 0.000401389 64.6646 0.0189484 10.5917 -0.538968 3.69265 -30 7 14 27.5497 0.115841 1.52084 3 1 0 0 1 5 6
1 46 4560 18 683 0 0.332434 1.527 0.000919987 0.000690302 0.0001155 0.0404088 4.25133 -0.528198 4.36603 -30 7 14 27.5497 0.115841 1.52084 3 1 0 0 1 6 6
1 46 4560 23 683 1 0.0931011 1.62197 0.00152511 0.00122515 0.923448 0.0579112 7.1979 -1.76359 -0.324356 3.66487 7 14 27.5497 0.115841 1.52084 3 2 0 0 1 6 6
1 46 4560 29 683 0 0.520542 1.57458 0.0011231 0.000530409 0.000263046 0.0246453 4.74423 -0.891539 5.49129 -30 7 14 27.5497 0.115841 1.52084 3 1 0 0 1 4 6
1 46 4560 98 693 0 -0.0755161 1.02912 0.00171725 0.00209624 3.60045 0.101063 5.62731 6.33233 6.33233 -30 5 10 19.7999 -0.052073 1.06588 2 1 0 0 1 2 1
1 46 4560 552 694 1 -0.0936389 0.934295 0.0017212 0.00220169 6.09974e-05 0.102469 0.16009 -1.08483 -0.405342 3.62471 5 10 19.3741 -0.0529147 1.0025 2 1 0 0 1 1 1
1 46 4560 25 695 0 -0.0974152 1.37328 0.0018496 0.00184426 0.00380306 0.0997759 3.51987 5.72819 5.72819 -30 5 10 22.5476 -0.0850126 1.37446 3 1 0 0 1 1 1
1 46 4560 286 701 0 0.0134627 1.78821 0.00232054 0.0016584 7.64179 0.0605796 9.75713 6.50147 6.50147 -30 6 12 28.4009 -0.0087918 1.80626 3 3 0 2 0 2 3
1 46 4560 136 707 0 0.440418 1.41508 0.000922444 0.000636 41.3967 -0.0294371 9.41394 6.01332 6.01332 -30 5 10 20.4824 0.055358 1.45192 2 2 0 1 0 1 2
1 46 4560 289 714 0 -0.0900772 1.42591 0.00172025 0.00172459 25.0182 -0.101622 8.64077 -1.31293 6.84061 -30 5 10 19.2895 -0.0556715 1.38006 2 1 0 0 1 2 2
1 46 4560 312 714 0 0.879256 1.329 0.000771281 0.000311656 0.000404364 0.0111253 2.72869 -0.854447 4.88594 -30 5 10 19.2895 -0.0556715 1.38006 2 1 0 0 1 2 2
1 46 4560 352 726 0 0.175306 1.41897 0.0015841 0.00107969 5.55244e-05 0.051109 5.09932 5.85369 5.85369 5.38282 5 10 24.4146 0.110753 1.42137 3 2 0 0 1 2 3
1 46 4560 356 726 0 0.0272838 1.31526 0.00142304 0.00144748 128.987 0.0759763 13.2108 0.872224 5.78991 -30 5 10 24.4146 0.110753 1.42137 3 1 0 0 1 3 3
1 46 4560 531 727 1 -0.0942465 1.05599 0.0018761 0.00224184 0.00014586 -0.102395 1.84725 -0.538297 -0.538297 2.56199 6 12 25.9069 -0.0795257 1.11088 3 1 0 0 1 2 1
1 46 4560 447 730 0 -0.0631906 1.45567 0.00155525 0.00159887 0.00560942 0.102646 6.44382 4.01438 4.01438 5.9481 5 10 19.9575 -0.0941496 1.48467 2 1 0 0 1 2 1
1 46 4560 209 732 0 0.0907213 0.886277 0.00109467 0.00138182 0.000929481 -0.0669744 4.8132 1.09231 6.06887 -30 6 12 28.4416 -0.0305266 0.753467 3 1 0 0 1 2 1
1 46 4560 41 734 0 0.128163 1.16493 0.0013872 0.00145734 0.00122174 -0.0641766 7.22181 5.40456 5.40456 -30 5 10 22.6861 0.0975283 1.04736 3 1 0 0 1 2 1
1 46 4560 504 735 1 0.0766789 0.031395 0.000309677 0.00137603 0.000708641 0.0698221 3.46884 1.19477 1.19477 2.155 5 10 18.1628 0.0288831 0.0567486 2 1 0 0 1 1 1
1 46 4560 540 741 0 0.0740177 0.203151 0.000333262 0.00116405 0.19041 -0.0681262 5.8616 4.53929 4.53929 4.9657 5 10 18.8897 -0.0512933 0.302278 2 1 0 0 1 2 1
1 46 4560 960 745 0 0.187549 1.93788 0.00150433 0.00104963 0.00118664 -0.0465697 8.682 5.44218 5.44218 -30 5 10 23.5232 0.193035 1.95717 3 1 0 0 1 3 1
1 46 4560 487 751 0 0.34093 1.42634 0.000984043 0.000776241 29.143 0.0382697 8.81434 5.92833 5.92833 5.0181 5 10 23.3942 0.340976 1.46434 3 2 0 0 1 1 2
1 46 4560 138 752 0 -0.0653847 1.24541 0.00153787 0.00163976 0.00440715 0.105545 3.41929 -1.8863 5.11784 -30 5 10 23.5074 -0.0487801 1.30378 3 1 0 0 1 2 1
1 46 4560 893 755 1 0.0775991 1.98068 0.00188219 0.00132746 0.00191647 0.0576645 9.44056 -1.17122 1.99452 2.94461 5 10 19.7176 0.390909 2.00908 2 3 0 0 1 4 7
1 46 4560 422 756 0 0.301804 0.879 0.000792939 0.000905261 2.96345 -0.0411995 4.45998 5.61103 5.61103 -30 6 12 27.0958 0.294542 0.904396 3 1 0 0 1 1 1
1 46 4560 164 758 0 0.47519 0.53305 0.00040811 0.000508616 0.359124 0.0272676 3.32468 6.35763 6.35763 -30 5 10 24.5695 0.453182 0.556557 3 1 0 0 1 2 1
1 46 4560 447 759 0 -0.0631906 1.45567 0.00155525 0.00159887 0.00560942 0.102646 6.44382 -2.12834 4.01438 5.9481 5 10 21.8147 0.243191 1.39206 3 1 0 0 1 2 1
1 46 4560 794 761 0 -0.0521091 1.64073 0.00169943 0.00157128 140.102 0.0888382 16.1113 -0.662192 -0.662192 3.2069 6 12 25.0205 0.0492638 1.61656 3 8 0 0 0 1 8
1 46 4560 68 764 0 0.287826 0.452201 0.000485159 0.000827688 0.00046899 0.0425854 1.13328 -0.737918 5.98942 -30 5 10 23.9487 0.122958 0.498774 3 1 0 0 1 3 1
1 46 4560 385 767 1 0.0897028 1.69766 0.00174794 0.00122324 0.00136462 0.0564381 7.36176 0.426258 2.33642 4.59086 5 10 18.7861 -0.0705255 1.7351 2 4 0 0 0 1 4
1 46 4560 442 768 1 -0.0423793 0.600318 0.000992758 0.0017194 0.969134 0.0966301 4.00311 4.77273 4.77273 4.10222 5 10 24.0761 -0.0612847 0.58213 3 1 0 0 1 1 2
1 46 4560 444 768 0 -0.0663136 0.512485 0.00090851 0.00178088 2.30202 0.101774 5.31096 5.08069 5.08069 5.14281 5 10 24.0761 -0.0612847 0.58213 3 1 0 0 1 2 2
1 46 4560 484 769 1 -0.0807832 0.0777444 0.000289309 0.00182439 0.00527239 0.102286 7.6435 -3.1488 -1.94841 0.628516 5 10 15.3369 0.490086 0.172898 2 1 0 0 1 1 1
1 46 4560 7 770 0 0.585926 1.4525 0.00071013 0.000401389 64.6646 0.0189484 10.5917 -3.3255 3.69265 -30 5 10 23.2751 0.334114 1.32081 3 1 0 0 1 5 1
1 46 4560 313 774 1 0.411084 0.421876 0.00040138 0.0006006 0.132922 -0.0333382 2.30751 -1.96315 0.915022 4.99449 5 10 19.0395 0.154391 0.401793 2 1 0 0 1 2 1
1 46 4560 529 776 1 0.682836 0.15844 0.000276942 0.000421646 0.00289401 0.0175481 1.98729 0.228208 0.228208 -30 6 12 25.2731 0.648009 0.183114 3 1 0 0 1 2 1
1 46 4560 68 782 0 0.287826 0.452201 0.000485159 0.000827688 0.00046899 0.0425854 1.13328 5.98942 5.98942 -30 6 12 30.1825 0.271224 0.408022 4 1 0 0 1 3 1
1 46 4560 186 783 0 -0.0893921 1.04097 0.00185866 0.00223985 2.2808 -0.101524 5.52042 2.67272 6.83938 5.84189 6 12 25.7657 0.0452817 1.08779 3 1 0 0 1 2 1
1 46 4560 893 785 1 0.0775991 1.98068 0.00188219 0.00132746 0.00191647 0.0576645 9.44056 -1.73604 1.99452 2.94461 5 10 19.0998 -0.0854799 1.88912 2 3 0 0 1 4 3
1 46 4560 467 787 1 -0.00261853 1.4309 0.00167122 0.00144464 5.09311e-05 0.0771506 4.63237 6.62747 6.62747 4.82183 5 10 23.7167 0.0130969 1.42029 3 1 0 0 1 2 1
1 46 4560 243 788 1 -0.0799893 1.50333 0.0019066 0.00179098 26.4332 0.0947013 10.0986 -2.293 -0.851825 1.57772 5 10 20.2754 0.12138 1.37612 3 1 0 0 1 1 1
1 46 4560 314 789 0 0.213751 0.747226 0.000833109 0.00113054 1.51564 0.0521838 3.82098 0.658422 6.7223 -30 5 10 18.6947 0.0956945 0.710452 2 1 0 0 1 2 1
1 46 4560 23 790 1 0.0931011 1.62197 0.00152511 0.00122515 0.923448 0.0579112 7.1979 -0.844928 -0.324356 3.66487 5 10 17.9045 -0.0420206 1.62427 2 2 0 0 1 6 2
1 46 4560 84 796 0 -0.0863609 1.10827 0.00200433 0.00233055 0.000327801 0.104681 0.350475 4.6252 4.6252 -30 6 12 25.5433 -0.0892059 1.07938 3 1 0 0 1 1 1
1 46 4560 656 797 0 -0.0250622 2.00853 0.00223557 0.00169977 4.30345 -0.0658492 13.2226 -2.54003 1.2704 -30 5 10 23.9402 -0.0103078 1.87615 3 3 0 2 1 1 6
1 46 4560 657 797 1 0.104927 1.89788 0.00158962 0.00121327 0.00276176 -0.0643322 5.12425 3.23167 3.23167 3.74724 5 10 23.9402 -0.0103078 1.87615 3 1 0 0 1 2 6
1 46 4560 4 802 0 0.112267 1.53819 0.00150088 0.0011372 3.25157e-05 -0.0558324 2.54903 6.53134 6.86101 -30 5 10 22.4923 0.0293446 1.48664 3 1 0 0 1 6 3
1 46 4560 7 802 0 0.585926 1.4525 0.00071013 0.000401389 64.6646 0.0189484 10.5917 -0.622749 3.69265 -30 5 10 22.4923 0.0293446 1.48664 3 1 0 0 1 5 3
1 46 4560 18 802 0 0.332434 1.527 0.000919987 0.000690302 0.0001155 0.0404088 4.25133 -0.793001 4.36603 -30 5 10 22.4923 0.0293446 1.48664 3 1 0 0 1 6 3
1 46 4560 893 810 1 0.0775991 1.98068 0.00188219 0.00132746 0.00191647 0.0576645 9.44056 -3.79293 1.99452 2.94461 5 10 17.4029 -0.0280931 1.8569 2 3 0 0 1 4 3
1 46 4560 279 812 0 0.800186 0.396979 0.000213463 0.000250183 0.000378183 0.012921 0.400154 -2.41916 5.17499 -30 5 10 18.0983 -0.0709121 0.415304 2 1 0 0 1 3 1
1 46 4560 234 813 1 -0.0688173 0.295729 0.000571368 0.00174948 1.48828 -0.0996097 8.32094 0.889795 0.889795 1.65494 5 10 19.489 -0.0912648 0.324351 2 1 0 0 1 2 1
1 46 4560 309 814 0 0.213343 0.246598 0.00036393 0.000976581 0.000453521 -0.0521771 0.195225 4.41717 4.41717 -30 6 12 22.6456 0.19705 0.220059 3 1 0 0 1 1 2
1 46 4560 318 814 0 0.0442694 0.206078 0.000371772 0.00135659 0.000511738 0.0768361 10.677 -3.76012 6.68275 -30 6 12 22.6456 0.19705 0.220059 3 1 0 0 1 1 2
1 46 4560 506 815 1 0.500732 0.382089 0.000373134 0.000559307 0.000358794 -0.0261687 4.1296 -2.14801 -0.175754 3.57871 5 10 18.0202 -0.0352534 0.253692 2 1 0 0 1 1 1
1 46 4560 2094 816 2 -0.0911081 1.73102 0.00191867 0.00178666 12.4155 0.0997643 9.74833 -1.17609 0.296912 5.679 6 12 23.8085 0.486199 1.73092 3 6 0 0 1 1 12
1 46 4560 540 823 0 0.0740177 0.203151 0.000333262 0.00116405 0.19041 -0.0681262 5.8616 -1.10854 4.53929 4.9657 5 10 18.1037 -0.0705598 0.188269 3 1 0 0 1 2 1
1 46 4560 352 826 0 0.175306 1.41897 0.0015841 0.00107969 5.55244e-05 0.051109 5.09932 1.28846 5.85369 5.38282 5 10 20.2526 0.0284952 1.39774 3 2 0 0 1 2 3
1 46 4560 356 826 0 0.0272838 1.31526 0.00142304 0.00144748 128.987 0.0759763 13.2108 5.78991 5.78991 -30 5 10 20.2526 0.0284952 1.39774 3 1 0 0 1 3 3
1 46 4560 213 827 1 0.139697 0.441976 0.00054384 0.00107582 0.000248075 -0.0595528 0.0350403 4.30236 4.36833 -30 5 10 17.3343 0.106602 0.442123 2 1 0 0 1 3 1
1 46 4560 7742 830 0 -0.0892366 2.34787 0.00267154 0.00182611 9.19651 0.114078 40.323 5.10632 5.10632 2.27138 5 10 17.048 -0.0966258 2.36621 2 5 0 0 1 1 5
1 46 4560 302 832 1 -0.019853 0.123243 0.000333388 0.00162801 0.000473921 0.085929 0.9208 5.64188 5.64188 4.37766 6 12 21.3167 -0.0259511 0.0861533 3 1 0 0 1 1 1
1 46 4560 164 833 0 0.47519 0.53305 0.00040811 0.000508616 0.359124 0.0272676 3.32468 1.70093 6.35763 -30 5 10 19.9461 0.57439 0.60954 3 1 0 0 1 2 1
1 46 4560 237 835 0 1.08137 0.452631 0.000401483 0.000168024 0.00038207 0.00711505 0.210366 -1.72779 3.70938 -30 5 10 20.839 0.120174 0.548403 3 1 0 0 1 3 2
1 46 4560 238 835 0 0.953926 0.472474 0.000354967 0.000212308 0.000380167 -0.00950328 0.140138 -2.02688 3.44545 -30 5 10 20.839 0.120174 0.548403 3 1 0 0 1 3 2
1 46 4560 213 842 1 0.139697 0.441976 0.00054384 0.00107582 0.000248075 -0.0595528 0.0350403 -2.3605 4.36833 -30 6 12 22.5051 0.111216 0.518918 3 1 0 0 1 3 2
1 46 4560 235 842 1 0.0228847 0.561166 0.000800347 0.001426 0.000103125 0.0806593 1.06623 3.44648 3.44648 -30 6 12 22.5051 0.111216 0.518918 3 1 0 0 1 1 2
1 46 4560 901 846 0 0.0297044 1.82759 0.00176656 0.00145975 54.9911 -0.0627806 12.6791 -2.75915 2.38409 5.06268 5 10 16.8255 0.134251 1.92304 2 24 0 0 0 2 25
1 46 4560 960 846 0 0.187549 1.93788 0.00150433 0.00104963 0.00118664 -0.0465697 8.682 -1.79037 5.44218 -30 5 10 16.8255 0.134251 1.92304 2 1 0 0 1 3 25
1 46 4560 48 847 1 -0.0923136 1.77482 0.00192869 0.00174747 0.00583349 -0.0957032 0.0270765 -2.36918 1.90981 0.925141 5 10 19.1448 0.0800062 1.7918 3 1 0 0 1 1 6
1 46 4560 94 847 0 -0.0066726 1.77238 0.00225392 0.00161497 4.4097 0.0660732 10.5531 3.37604 3.37604 4.00884 5 10 19.1448 0.0800062 1.7918 3 4 0 0 0 1 6
1 46 4560 657 847 1 0.104927 1.89788 0.00158962 0.00121327 0.00276176 -0.0643322 5.12425 -2.52517 3.23167 3.74724 5 10 19.1448 0.0800062 1.7918 3 1 0 0 1 2 6
1 46 4560 184 854 1 0.218125 0.0314399 0.000267738 0.00101345 0.000376047 0.0519702 3.54893 1.41741 1.41741 2.25584 5 10 16.7022 0.142409 0.0411375 2 1 0 0 1 1 1
1 4 348 1598 1 0 0.206572 1.80483 0.001254 0.00085331 25.1638 0.0456412 10.9115 6.33025 6.33025 -30 7 14 42.2198 0.221875 1.83415 5 2 0 1 1 2 6
1 4 348 3779 1 0 -0.0173021 1.84709 0.00175494 0.00146291 17.7993 -0.0937894 24.4 -2.4148 5.96944 -30 7 14 42.2198 0.221875 1.83415 5 2 0 1 1 2 6
1 4 348 3804 1 2 0.0330819 1.80134 0.00155842 0.00140619 863.646 0.0622387 25.65 -1.46246 -1.46246 3.21302 7 14 42.2198 0.221875 1.83415 5 2 0 0 1 2 6
1 4 348 408 6 0 0.410678 0.686759 0.000606898 0.000743726 1.27512 -0.0317135 4.02949 -0.0138632 6.84706 -30 6 12 37.2168 -0.00828083 0.741785 4 1 0 0 1 2 1
1 4 348 435 18 0 0.0971868 0.805394 0.00100012 0.00137542 9.7584 0.0675653 5.96524 6.63293 6.63293 -30 6 12 36.09 0.11265 0.860534 4 1 0 0 1 1 1
1 4 348 432 28 1 0.557025 0.127551 0.000257841 0.000525304 0.00106929 -0.0235389 1.95725 -0.61862 1.27634 3.58368 6 12 35.2627 -0.0759298 0.0887964 4 1 0 0 1 2 3
1 4 348 454 28 0 0.434941 0.19907 0.000305117 0.000497855 0.0660879 0.031674 4.08956 -1.87704 6.13405 -30 6 12 35.2627 -0.0759298 0.0887964 4 1 0 0 1 3 3
1 4 348 467 28 0 -0.0696851 0.0099183 0.000277065 0.00181909 0.000393371 0.0972388 4.90049 6.16888 6.16888 -30 6 12 35.2627 -0.0759298 0.0887964 4 1 0 0 1 2 3
1 4 348 532 38 0 1.35616 1.0954 0.000922894 0.000123098 0.000382156 -0.00373392 3.46452 -1.67448 2.13347 -30 6 12 34.7622 1.25974 1.07957 4 1 0 0 1 4 7
1 4 348 543 38 0 1.26088 1.08191 0.000690202 0.000142088 0.0003816 -0.00446216 3.38215 3.17567 3.17567 -30 6 12 34.7622 1.25974 1.07957 4 1 0 0 1 5 7
1 4 348 572 38 0 -0.0525867 1.07626 0.00170442 0.00202012 4.60394e-05 0.0927866 2.44485 -1.67322 5.25627 4.66966 6 12 34.7622 1.25974 1.07957 4 1 0 0 1 3 7
1 4 348 575 38 0 -0.0495002 1.03503 0.00161772 0.00195 3.6936e-05 0.0929262 1.55679 -3.30968 2.66659 -30 6 12 34.7622 1.25974 1.07957 4 2 0 1 0 3 7
1 4 348 302 41 0 0.0261894 0.408381 0.000642993 0.00144404 0.00702137 -0.080711 1.58304 4.95451 4.95451 -30 6 12 34.643 -0.0224179 0.409722 4 1 0 0 1 1 1
1 4 348 80 45 0 1.253 0.825566 0.00218217 0.000231248 0.0367506 -0.00218452 3.21345 0.252282 2.74819 -30 6 12 34.5494 1.10246 0.815476 4 1 0 0 1 8 3
1 4 348 84 45 2 1.30393 0.837718 0.0011585 0.000154287 0.0212998 -0.00475239 3.22575 -0.769523 1.77731 5.94588 6 12 34.5494 1.10246 0.815476 4 1 0 0 1 8 3
1 4 348 85 45 0 1.11615 0.813189 0.000975562 0.000233516 0.0440011 0.00481287 3.18997 4.19217 4.19217 -30 6 12 34.5494 1.10246 0.815476 4 1 0 0 1 8 3
1 4 348 252 49 1 0.69479 0.856849 0.000480368 0.00039648 0.0416459 0.0170304 2.94824 1.11208 4.29863 4.51201 6 12 34.2916 1.32097 0.868627 4 1 0 0 1 3 3
1 4 348 256 49 0 1.35372 0.866107 0.000953919 0.000131275 0.0437366 -0.0039468 2.99426 1.14574 1.14574 -30 6 12 34.2916 1.32097 0.868627 4 1 0 0 1 3 3
1 4 348 260 49 0 1.47838 0.880374 0.000849879 0.000116754 0.0451085 0.00277422 3.06838 -0.213228 2.96899 -30 6 12 34.2916 1.32097 0.868627 4 1 0 0 1 3 3
1 4 348 59 53 0 0.231647 0.816153 0.000813281 0.001044 0.000594637 -0.0478874 4.95607 -3.69238 6.6513 -30 6 12 34.0944 0.782793 0.884881 4 1 0 0 1 5 4
1 4 348 80 53 0 1.253 0.825566 0.00218217 0.000231248 0.0367506 -0.00218452 3.21345 -0.840042 2.74819 -30 6 12 34.0944 0.782793 0.884881 4 1 0 0 1 8 4
1 4 348 84 53 2 1.30393 0.837718 0.0011585 0.000154287 0.0212998 -0.00475239 3.22575 -1.55787 1.77731 5.94588 6 12 34.0944 0.782793 0.884881 4 1 0 0 1 8 4
1 4 348 85 53 0 1.11615 0.813189 0.000975562 0.000233516 0.0440011 0.00481287 3.18997 -0.930802 4.19217 -30 6 12 34.0944 0.782793 0.884881 4 1 0 0 1 8 4
1 4 348 80 57 0 1.253 0.825566 0.00218217 0.000231248 0.0367506 -0.00218452 3.21345 2.74819 2.74819 -30 6 12 33.6466 1.26238 0.829303 4 1 0 0 1 8 3
1 4 348 84 57 2 1.30393 0.837718 0.0011585 0.000154287 0.0212998 -0.00475239 3.22575 0.403371 1.77731 5.94588 6 12 33.6466 1.26238 0.829303 4 1 0 0 1 8 3
1 4 348 85 57 0 1.11615 0.813189 0.000975562 0.000233516 0.0440011 0.00481287 3.18997 1.36334 4.19217 -30 6 12 33.6466 1.26238 0.829303 4 1 0 0 1 8 3
1 4 348 250 62 0 -0.00285662 0.296787 0.0005726 0.00164099 0.000183251 0.0873144 1.65691 3.77752 5.15538 5.30494 6 12 33.1841 0.0135121 0.316092 4 2 0 0 0 2 2
1 4 348 80 64 0 1.253 0.825566 0.00218217 0.000231248 0.0367506 -0.00218452 3.21345 0.92049 2.74819 -30 6 12 32.6171 1.2865 0.840451 4 1 0 0 1 8 3
1 4 348 84 64 2 1.30393 0.837718 0.0011585 0.000154287 0.0212998 -0.00475239 3.22575 1.77731 1.77731 5.94588 6 12 32.6171 1.2865 0.840451 4 1 0 0 1 8 3
1 4 348 85 64 0 1.11615 0.813189 0.000975562 0.000233516 0.0440011 0.00481287 3.18997 -0.391953 4.19217 -30 6 12 32.6171 1.2865 0.840451 4 1 0 0 1 8 3
1 4 348 0 65 0 -0.0146261 0.199567 0.000434831 0.00161606 0.449537 -0.085405 9.38284 -4.38935 6.7469 -30 6 12 32.3475 -0.0756947 0.0919189 4 1 0 0 1 1 1
1 4 348 59 67 0 0.231647 0.816153 0.000813281 0.001044 0.000594637 -0.0478874 4.95607 -3.25707 6.6513 -30 6 12 31.9382 0.812981 0.839767 4 1 0 0 1 5 4
1 4 348 80 67 0 1.253 0.825566 0.00218217 0.000231248 0.0367506 -0.00218452 3.21345 -0.158608 2.74819 -30 6 12 31.9382 0.812981 0.839767 4 1 0 0 1 8 4
1 4 348 84 67 2 1.30393 0.837718 0.0011585 0.000154287 0.0212998 -0.00475239 3.22575 -0.336573 1.77731 5.94588 6 12 31.9382 0.812981 0.839767 4 1 0 0 1 8 4
1 4 348 85 67 0 1.11615 0.813189 0.000975562 0.000233516 0.0440011 0.00481287 3.18997 0.103756 4.19217 -30 6 12 31.9382 0.812981 0.839767 4 1 0 0 1 8 4
1 4 348 227 68 0 0.260037 0.51262 0.000585596 0.000915311 3.4589 0.0458153 5.61241 2.79779 6.81047 -30 6 12 34.2106 0.0357989 0.617882 4 1 0 0 1 2 1
1 4 348 621 69 1 -0.0937493 0.394372 0.000707224 0.00174054 10.2832 -0.104628 12.7192 -1.23549 -1.23549 -0.149232 6 12 31.6645 -0.024068 0.365225 4 1 0 0 1 2 1
1 4 348 162 77 0 -0.0728209 0.415633 0.000757527 0.00177569 3.36398 0.101925 7.45578 5.23614 5.23614 -30 6 12 31.0918 -0.0560687 0.526893 3 1 0 0 1 1 1
1 4 348 562 79 0 -0.0030858 0.810098 0.00123128 0.00170393 1.89031e-05 -0.0834651 2.1551 3.66392 3.66392 5.974 6 12 33.8196 -0.0270373 0.738602 4 1 0 0 1 1 1
1 4 348 300 82 0 0.0404242 0.649264 0.000913081 0.0014633 8.5983e-05 -0.0775307 5.25188 -5.15887 6.25844 -30 6 12 30.9842 0.173702 0.731272 3 1 0 0 1 2 1
1 4 348 28 95 0 -0.0034547 0.363701 0.000585362 0.0015045 0.1749 0.0853872 2.63629 6.10222 6.10222 -30 6 12 30.648 0.00874632 0.397651 3 1 0 0 1 2 1
1 4 348 11 101 0 0.312177 1.16986 0.000882831 0.000735937 2.35804 -0.0447806 5.12969 -0.0804223 5.57261 -30 6 12 30.573 0.549077 1.11793 3 1 0 0 1 2 1
1 4 348 93 103 0 -0.0773742 1.50331 0.00174105 0.00176267 0.00162597 -0.104832 5.49889 2.5868 5.65232 -30 6 12 30.5377 0.237001 1.50298 3 1 0 0 1 3 4
1 4 348 184 108 0 0.0335594 0.0352913 0.000303307 0.00145363 0.000261944 0.07674 1.24643 5.53915 5.53915 -30 6 12 30.5024 0.0161219 0.0568347 3 1 0 0 1 1 1
1 4 348 174 114 1 -0.0524841 0.354712 0.000664358 0.00171675 0.000748981 0.0937353 0.615708 0.471545 0.707388 4.66491 6 12 30.4031 0.663021 0.324579 3 1 0 0 1 1 2
1 4 348 177 114 0 0.637391 0.371051 0.000405031 0.000427575 0.000397406 0.0190127 1.15633 5.89529 5.89529 -30 6 12 30.4031 0.663021 0.324579 3 1 0 0 1 1 2
1 4 348 408 118 0 0.410678 0.686759 0.000606898 0.000743726 1.27512 -0.0317135 4.02949 6.84706 6.84706 -30 6 12 30.292 0.431627 0.712435 3 1 0 0 1 2 1
1 4 348 1711 119 0 0.238095 1.86377 0.00131502 0.000930171 1.55444e-06 0.0505362 1.10724 -2.42441 6.55271 -30 6 12 30.2904 0.0881521 1.93557 3 1 0 0 1 4 6
1 4 348 433 122 0 -0.038979 0.662488 0.00107841 0.00174439 11.1091 -0.0928557 6.89685 6.14987 6.14987 -30 6 12 30.27 -0.0476335 0.744068 3 1 0 0 1 1 1
1 4 348 190 124 0 -0.0339236 0.801934 0.0012881 0.00179249 4.67867e-06 0.0895048 0.360264 5.88884 5.88884 -30 6 12 30.2661 -0.0259961 0.762465 3 2 0 1 1 2 2
1 4 348 790 125 0 0.161575 1.85241 0.00135582 0.0011165 0.00243676 -0.061488 0.0645671 6.48908 6.48908 -30 7 14 33.3156 0.166657 1.79796 3 2 0 1 1 3 4
1 4 348 586 130 0 0.161325 0.651185 0.000725681 0.00107301 38.3363 -0.0592038 11.7491 -4.29028 6.64326 -30 6 12 30.0687 0.183802 0.603372 3 1 0 0 1 1 5
1 4 348 598 130 0 0.11954 0.638952 0.000771059 0.00117025 3.04841 -0.0629802 4.98507 -4.05768 4.77281 -30 6 12 30.0687 0.183802 0.603372 3 2 0 1 1 2 5
1 4 348 601 130 1 0.03376 0.584781 0.000897836 0.00146336 0.00010212 0.0774139 2.76804 -1.54864 0.653286 4.22385 6 12 30.0687 0.183802 0.603372 3 1 0 0 1 2 5
1 4 348 616 130 0 0.165801 0.620098 0.000678687 0.00106442 0.000216332 0.056002 0.932167 6.72773 6.72773 -30 6 12 30.0687 0.183802 0.603372 3 1 0 0 1 2 5
1 4 348 171 132 0 0.0744755 1.52529 0.00137464 0.00122714 0.00227504 -0.073033 1.28199 5.59616 5.59616 -30 6 12 30.0147 0.111108 1.4662 3 1 0 0 1 2 3
1 4 348 189 132 0 0.529621 1.48891 0.00126552 0.000550762 0.00048099 0.0223921 3.54768 -0.856539 5.75713 -30 6 12 30.0147 0.111108 1.4662 3 2 0 1 0 2 3
1 4 348 349 144 0 0.878482 1.22982 0.000726529 0.000320776 0.0913421 -0.0116478 4.53691 0.655663 4.74329 -30 6 12 29.8544 1.03701 1.22536 3 1 0 0 1 5 6
1 4 348 360 144 0 1.37915 1.2836 0.00619349 0.000190402 0.12227 -0.000842002 4.81333 -0.868501 3.7543 -30 6 12 29.8544 1.03701 1.22536 3 2 0 1 1 6 6
1 4 348 363 144 0 1.05796 1.22242 0.000595976 0.000154813 0.0862686 0.00788034 4.48054 3.13714 3.13714 -30 6 12 29.8544 1.03701 1.22536 3 1 0 0 1 7 6
1 4 348 374 144 1 0.695157 1.26416 0.000636078 0.000325116 0.129135 0.0167077 4.7368 -1.40007 0.638998 5.54787 6 12 29.8544 1.03701 1.22536 3 1 0 0 1 7 6
1 4 348 375 144 1 0.702982 1.29237 0.00302319 0.000366769 0.12949 0.00983878 4.85237 -0.21675 2.72542 -30 6 12 29.8544 1.03701 1.22536 3 1 0 0 1 4 6
1 4 348 171 148 0 0.0744755 1.52529 0.00137464 0.00122714 0.00227504 -0.073033 1.28199 -2.33908 5.59616 -30 6 12 29.8093 0.560272 1.45943 3 1 0 0 1 2 3
1 4 348 189 148 0 0.529621 1.48891 0.00126552 0.000550762 0.00048099 0.0223921 3.54768 5.75713 5.75713 -30 6 12 29.8093 0.560272 1.45943 3 2 0 1 0 2 3
1 4 348 29 150 0 -0.0236125 1.4257 0.0016235 0.00154802 0.000334528 0.0892309 0.697991 -0.571297 0.364137 1.63876 6 12 29.7709 0.233914 1.48853 3 1 0 0 1 2 1
1 4 348 270 155 0 0.139593 1.51551 0.00150724 0.00101637 0.00146362 -0.0592997 1.32032 6.51922 6.51922 -30 6 12 29.8213 0.193928 1.47608 3 1 0 0 1 1 1
1 4 348 1164 162 0 0.276848 1.77508 0.00134081 0.000890779 8.3916 -0.0425405 9.58778 0.446548 3.37879 4.72944 7 14 37.2683 -0.0423905 1.86548 4 3 0 1 0 2 7
1 4 348 119 163 1 -0.0575354 0.193811 0.000437365 0.00168259 0.000595128 -0.0980035 4.50592 -5.18009 -1.39143 5.81092 6 12 29.6191 0.715189 0.210334 3 1 0 0 1 1 3
1 4 348 121 163 0 0.723972 0.120531 0.000283021 0.000396269 0.0245468 0.0161145 5.11073 6.78862 6.78862 -30 6 12 29.6191 0.715189 0.210334 3 1 0 0 1 3 3
1 4 348 132 163 0 -0.0754411 0.134537 0.000364221 0.00176079 0.00632768 0.10235 1.96726 -4.14472 5.74087 -30 6 12 29.6191 0.715189 0.210334 3 1 0 0 1 3 3
1 4 348 272 169 0 0.53344 0.733828 0.000628877 0.000628298 0.0279436 0.0241198 2.82094 5.97379 5.97379 -30 6 12 29.4836 0.502311 0.739526 3 1 0 0 1 2 1
1 4 348 621 170 1 -0.0937493 0.394372 0.000707224 0.00174054 10.2832 -0.104628 12.7192 -2.27661 -1.23549 -0.149232 6 12 29.4829 0.0264959 0.370191 3 1 0 0 1 2 1
1 4 348 1773 173 0 0.137999 1.9111 0.00156573 0.00106422 41.5568 0.0480526 14.232 6.29358 6.29358 -30 6 12 29.4117 0.157568 1.93636 3 6 0 5 0 2 6
1 4 348 160 174 0 0.709497 0.636262 0.000455251 0.000454032 0.000403399 0.0168564 1.07276 6.72945 6.72945 -30 6 12 29.4081 0.717651 0.579115 3 1 0 0 1 1 1
1 4 348 457 175 0 0.52708 1.6223 0.0010284 0.00052272 0.000274667 -0.0233397 5.12683 6.21084 6.21084 -30 6 12 29.3987 0.551171 1.61354 3 2 0 1 1 5 4
1 4 348 121 177 0 0.723972 0.120531 0.000283021 0.000396269 0.0245468 0.0161145 5.11073 -1.97282 6.78862 -30 6 12 29.3812 -0.0833764 0.171589 3 1 0 0 1 3 2
1 4 348 132 177 0 -0.0754411 0.134537 0.000364221 0.00176079 0.00632768 0.10235 1.96726 5.74087 5.74087 -30 6 12 29.3812 -0.0833764 0.171589 3 1 0 0 1 3 2
1 4 348 454 194 0 0.434941 0.19907 0.000305117 0.000497855 0.0660879 0.031674 4.08956 6.13405 6.13405 -30 6 12 29.123 0.401815 0.266501 3 1 0 0 1 3 2
1 4 348 455 194 1 -0.0972971 0.295065 0.000596674 0.00187669 0.000131256 0.1061 3.79922 -3.69697 -0.323424 3.85194 6 12 29.123 0.401815 0.266501 3 1 0 0 1 2 2
1 4 348 185 195 1 0.072886 0.155246 0.000339245 0.00133239 0.000317066 -0.0696039 8.80483 -2.69558 -1.04451 3.63375 6 12 29.1146 0.425792 0.0627676 3 1 0 0 1 3 1
1 4 348 596 200 0 -0.0430263 0.273004 0.000516494 0.00160668 0.232405 -0.0905741 4.37989 5.84719 5.84719 -30 6 12 30.419 -0.0660578 0.345824 3 1 0 0 1 3 1
1 4 348 349 204 0 0.878482 1.22982 0.000726529 0.000320776 0.0913421 -0.0116478 4.53691 -1.11489 4.74329 -30 6 12 33.4178 1.37378 1.28748 4 1 0 0 1 5 8
1 4 348 354 204 1 0.820623 1.39174 0.000967228 0.000274723 0.104434 0.0109887 5.40701 -1.48065 -0.0490804 -30 6 12 33.4178 1.37378 1.28748 4 2 0 1 1 4 8
1 4 348 360 204 0 1.37915 1.2836 0.00619349 0.000190402 0.12227 -0.000842002 4.81333 3.7543 3.7543 -30 6 12 33.4178 1.37378 1.28748 4 2 0 1 1 6 8
1 4 348 363 204 0 1.05796 1.22242 0.000595976 0.000154813 0.0862686 0.00788034 4.48054 -1.49643 3.13714 -30 6 12 33.4178 1.37378 1.28748 4 1 0 0 1 7 8
1 4 348 374 204 1 0.695157 1.26416 0.000636078 0.000325116 0.129135 0.0167077 4.7368 -0.183856 0.638998 5.54787 6 12 33.4178 1.37378 1.28748 4 1 0 0 1 7 8
1 4 348 375 204 1 0.702982 1.29237 0.00302319 0.000366769 0.12949 0.00983878 4.85237 0.292235 2.72542 -30 6 12 33.4178 1.37378 1.28748 4 1 0 0 1 4 8
1 4 348 463 206 0 0.0403781 1.18111 0.0016021 0.00175722 1.09997e-08 0.074841 1.80417 -0.65976 6.42198 -30 6 12 28.6995 0.249703 1.1385 3 1 0 0 1 3 1
1 4 348 59 211 0 0.231647 0.816153 0.000813281 0.001044 0.000594637 -0.0478874 4.95607 6.6513 6.6513 -30 6 12 28.4452 0.238467 0.702862 3 1 0 0 1 5 1
1 4 348 81 214 0 0.0130321 0.653251 0.000939172 0.00152561 9.35831e-05 -0.0790335 0.579607 6.44627 6.44627 -30 6 12 28.7146 0.00368688 0.621745 3 1 0 0 1 1 1
1 4 348 117 218 0 -0.0340109 0.879133 0.00139378 0.0018531 1.09031e-06 -0.0918859 1.8612 6.23868 6.23868 -30 6 12 28.1514 -0.0352305 0.827117 3 1 0 0 1 3 1
1 4 348 242 226 0 0.0279926 0.032695 0.00025794 0.00149734 0.000366304 0.0772045 9.24534 -4.26373 5.79286 -30 6 12 29.7318 0.0319939 0.0429183 3 1 0 0 1 1 1
1 4 348 117 233 0 -0.0340109 0.879133 0.00139378 0.0018531 1.09031e-06 -0.0918859 1.8612 0.0550308 6.23868 -30 5 10 27.5002 -0.0957506 0.855773 3 1 0 0 1 3 1
1 4 348 249 243 1 -0.094228 0.339218 0.000682036 0.00188466 2.86604 -0.105797 8.92328 -3.74821 0.111888 -0.0957796 6 12 28.6194 0.376915 0.453142 3 1 0 0 1 2 1
1 4 348 522 244 0 0.0387857 1.46883 0.00161082 0.00134271 3.3767e-05 0.0728895 1.99071 5.82659 5.82659 -30 6 12 29.0274 0.00562003 1.4534 3 1 0 0 1 1 13
1 4 348 2043 244 1 0.246655 1.52817 0.00097289 0.000815038 95.5031 0.0520178 12.0021 -2.85327 0.956315 3.09075 6 12 29.0274 0.00562003 1.4534 3 12 0 0 0 2 13
1 4 348 70 245 0 -0.0261288 1.01413 0.00161318 0.00197464 1.55227e-05 -0.090091 0.740636 6.37792 6.37792 -30 5 10 26.8963 -0.0283974 0.968344 3 1 0 0 1 1 1
1 4 348 144 247 0 0.747914 0.37179 0.000347156 0.000310766 0.347953 0.0148171 3.34969 6.70206 6.70206 -30 6 12 26.8644 0.76485 0.414652 3 1 0 0 1 2 2
1 4 348 158 247 0 0.0429776 0.345022 0.00056566 0.00143045 0.000646266 0.0799545 0.0300048 -4.06547 6.28178 -30 6 12 26.8644 0.76485 0.414652 3 1 0 0 1 2 2
1 4 348 297 250 0 -0.0442604 1.00305 0.00163225 0.00198971 0.054871 0.0920742 4.03352 6.81063 6.81063 -30 5 10 26.7258 -0.0644784 1.02253 3 1 0 0 1 2 2
1 4 348 309 250 0 0.0595833 0.972033 0.001284 0.00156468 2.07364 0.0742856 5.0122 1.6471 5.72496 -30 5 10 26.7258 -0.0644784 1.02253 3 1 0 0 1 2 2
1 4 348 358 262 0 0.0672987 0.64143 0.00094785 0.00149916 32.5027 0.0709561 10.7871 6.05613 6.05613 -30 6 12 28.2468 0.0653351 0.778108 3 1 0 0 1 1 1
1 4 348 546 274 0 1.13962 1.25068 0.00113756 0.000164887 0.000376172 0.00644406 4.19907 2.0321 2.0321 -30 5 10 26.0527 1.13561 1.24891 3 1 0 0 1 4 3
1 4 348 412 277 0 0.0233067 1.65557 0.00175198 0.00154964 0.000338305 0.0771159 3.8693 6.86009 6.86009 -30 5 10 26.0221 0.0430091 1.64394 3 1 0 0 1 1 1
1 4 348 466 278 0 0.206221 1.36234 0.00107103 0.000866364 3.51336e-05 0.0543465 1.5286 4.91844 4.91844 -30 5 10 26.0103 0.215883 1.33595 3 1 0 0 1 5 1
1 4 348 67 280 0 -0.0928072 1.21222 0.00165986 0.00181139 15.0116 -0.0984712 7.7312 -1.2096 5.84058 -30 5 10 25.9663 0.165308 1.21766 3 1 0 0 1 3 2
1 4 348 71 280 0 0.0567574 1.26464 0.00136516 0.00129868 2.56359 -0.0738149 6.39302 -0.3657 6.65408 -30 5 10 25.9663 0.165308 1.21766 3 1 0 0 1 4 2
1 4 348 606 285 0 -0.0689418 1.42917 0.00181077 0.00173248 0.0036354 -0.0944051 2.92228 4.6816 4.6816 1.27044 5 10 25.8082 -0.0621375 1.39954 3 2 0 0 0 2 2
1 4 348 349 292 0 0.878482 1.22982 0.000726529 0.000320776 0.0913421 -0.0116478 4.53691 4.74329 4.74329 -30 6 12 33.5576 0.879412 1.23205 4 1 0 0 1 5 6
1 4 348 352 292 1 0.242947 1.10814 0.000933744 0.00108138 0.14434 0.0446429 4.00186 -1.97428 0.979879 4.92359 6 12 33.5576 0.879412 1.23205 4 1 0 0 1 2 6
1 4 348 360 292 0 1.37915 1.2836 0.00619349 0.000190402 0.12227 -0.000842002 4.81333 -0.71139 3.7543 -30 6 12 33.5576 0.879412 1.23205 4 2 0 1 1 6 6
1 4 348 363 292 0 1.05796 1.22242 0.000595976 0.000154813 0.0862686 0.00788034 4.48054 1.87686 3.13714 -30 6 12 33.5576 0.879412 1.23205 4 1 0 0 1 7 6
1 4 348 374 292 1 0.695157 1.26416 0.000636078 0.000325116 0.129135 0.0167077 4.7368 -1.80596 0.638998 5.54787 6 12 33.5576 0.879412 1.23205 4 1 0 0 1 7 6
1 4 348 461 296 1 -0.0761135 1.85511 0.00218489 0.0016976 0.000101151 0.0736981 7.06552 1.14662 1.39184 3.36516 6 12 29.2348 0.255598 1.81296 3 6 0 0 1 2 32
1 4 348 471 296 1 0.218108 1.84513 0.00212129 0.00112956 8.64589e-05 0.0399907 6.39124 2.64871 2.64871 3.69076 6 12 29.2348 0.255598 1.81296 3 2 0 0 1 2 32
1 4 348 517 306 0 1.72343 1.66819 0.00623923 9.16681e-05 0.125335 -0.00131129 7.35683 0.803255 0.803255 -30 7 14 29.2124 1.57923 1.67065 3 8 0 7 1 1 9
1 4 348 545 306 1 0.0789118 1.72351 0.00139521 0.00119245 0.00235511 0.0685082 0.427603 -1.7122 1.20138 -0.130028 7 14 29.2124 1.57923 1.67065 3 1 0 0 1 1 9
1 4 348 90 312 0 0.0230436 1.4765 0.00150442 0.00129866 94.576 -0.0656618 12.7626 0.377921 5.88135 -30 5 10 25.8999 -0.0768911 1.5084 3 2 0 1 1 4 8
1 4 348 93 312 0 -0.0773742 1.50331 0.00174105 0.00176267 0.00162597 -0.104832 5.49889 5.65232 5.65232 -30 5 10 25.8999 -0.0768911 1.5084 3 1 0 0 1 3 8
1 4 348 262 313 1 0.00665105 0.371844 0.00059678 0.00144734 0.362367 -0.084124 3.38014 1.86306 1.86306 4.22709 6 12 24.8406 -0.00455371 0.445085 3 1 0 0 1 1 2
1 4 348 294 313 1 -0.0919089 0.534563 0.00104563 0.00200416 0.00113323 0.102153 1.63928 -4.48844 -0.959573 2.58617 6 12 24.8406 -0.00455371 0.445085 3 1 0 0 1 1 2
1 4 348 349 316 0 0.878482 1.22982 0.000726529 0.000320776 0.0913421 -0.0116478 4.53691 -1.11745 4.74329 -30 6 12 26.5146 0.325298 1.31216 3 1 0 0 1 5 8
1 4 348 354 316 1 0.820623 1.39174 0.000967228 0.000274723 0.104434 0.0109887 5.40701 -1.53783 -0.0490804 -30 6 12 26.5146 0.325298 1.31216 3 2 0 1 1 4 8
1 4 348 360 316 0 1.37915 1.2836 0.00619349 0.000190402 0.12227 -0.000842002 4.81333 -0.0378653 3.7543 -30 6 12 26.5146 0.325298 1.31216 3 2 0 1 1 6 8
1 4 348 363 316 0 1.05796 1.22242 0.000595976 0.000154813 0.0862686 0.00788034 4.48054 -1.32472 3.13714 -30 6 12 26.5146 0.325298 1.31216 3 1 0 0 1 7 8
1 4 348 374 316 1 0.695157 1.26416 0.000636078 0.000325116 0.129135 0.0167077 4.7368 0.451509 0.638998 5.54787 6 12 26.5146 0.325298 1.31216 3 1 0 0 1 7 8
1 4 348 375 316 1 0.702982 1.29237 0.00302319 0.000366769 0.12949 0.00983878 4.85237 0.737562 2.72542 -30 6 12 26.5146 0.325298 1.31216 3 1 0 0 1 4 8
1 4 348 591 319 1 -0.0557495 1.43892 0.00192912 0.00163492 0.000194043 0.0853786 5.13039 2.3981 2.3981 3.46652 5 10 25.8445 0.000763637 1.34673 3 1 0 0 1 2 1
1 4 348 37 329 0 0.0930367 1.24956 0.00154761 0.00160976 0.00133127 -0.0664415 3.44724 0.727577 4.92303 4.97523 6 12 33.1715 0.151563 1.22556 4 1 0 0 1 2 1
1 4 348 72 333 0 0.431337 0.0296576 0.000247041 0.000677208 0.000387128 0.0313522 4.96056 6.3684 6.3684 -30 5 10 22.7342 0.450268 0.0328334 2 1 0 0 1 1 2
1 4 348 99 333 1 -0.0826136 0.0831774 0.0002622 0.00170741 0.000307 0.0975894 1.34655 -2.43678 0.015382 2.17977 5 10 22.7342 0.450268 0.0328334 2 1 0 0 1 1 2
1 4 348 263 337 0 0.187496 1.75264 0.00149277 0.00107271 0.00155727 -0.053422 1.44983 6.81322 6.81322 -30 6 12 29.2569 0.18391 1.70716 3 2 0 1 0 1 2
1 4 348 1660 339 0 0.303395 2.32618 0.00717341 0.00105468 4.9955 0.02339 18.5918 6.00972 6.00972 -30 5 10 22.5252 0.330173 2.33162 2 10 0 9 1 1 16
1 4 348 3931 339 1 0.213401 2.23124 0.00294118 0.0010376 89.2234 0.0379157 26.2 1.22755 1.22755 -0.00121546 5 10 22.5252 0.330173 2.33162 2 6 0 0 0 1 16
1 4 348 3888 358 0 0.122988 2.22151 0.00247345 0.00108242 9.77587e-06 0.0511876 25.65 1.98059 1.98059 2.40067 5 10 21.9614 0.119269 2.22941 2 8 0 0 0 1 12
1 4 348 9078 358 1 0.138072 2.35092 0.00220733 0.0010989 8.1848 0.0657595 40.323 -2.88576 -0.502523 -0.717003 5 10 21.9614 0.119269 2.22941 2 4 0 0 0 1 12
1 4 348 461 369 1 -0.0761135 1.85511 0.00218489 0.0016976 0.000101151 0.0736981 7.06552 1.39184 1.39184 3.36516 5 10 21.8065 -0.00180182 1.91286 2 6 0 0 1 2 4
1 4 348 471 369 1 0.218108 1.84513 0.00212129 0.00112956 8.64589e-05 0.0399907 6.39124 -0.470701 2.64871 3.69076 5 10 21.8065 -0.00180182 1.91286 2 2 0 0 1 2 4
1 4 348 27 370 0 0.0925602 0.625382 0.0008013 0.00130367 0.000141728 -0.0686145 1.00304 3.96888 3.96888 5.25147 5 10 21.7966 0.0918831 0.527671 2 1 0 0 1 1 1
1 4 348 386 377 0 -0.0752334 1.02758 0.0017317 0.00211954 4.85352e-05 -0.0970722 1.29854 5.37336 5.37336 -30 5 10 21.7298 -0.0849295 1.01941 2 1 0 0 1 3 1
1 4 348 144 382 0 0.747914 0.37179 0.000347156 0.000310766 0.347953 0.0148171 3.34969 -2.55003 6.70206 -30 5 10 21.6439 0.027118 0.317449 2 1 0 0 1 2 2
1 4 348 158 382 0 0.0429776 0.345022 0.00056566 0.00143045 0.000646266 0.0799545 0.0300048 6.28178 6.28178 -30 5 10 21.6439 0.027118 0.317449 2 1 0 0 1 2 2
1 4 348 790 384 0 0.161575 1.85241 0.00135582 0.0011165 0.00243676 -0.061488 0.0645671 -0.149888 6.48908 -30 6 12 28.6282 0.0809081 1.75148 3 2 0 1 1 3 3
1 4 348 2456 384 2 0.890891 1.71949 0.0112503 0.000558534 897.266 -0.0213167 26.2 -1.98256 -1.83763 5.57734 6 12 28.6282 0.0809081 1.75148 3 1 0 0 1 1 3
1 4 348 122 385 0 -0.0044456 0.635547 0.000989841 0.00160767 4.294e-05 0.0867195 1.05259 5.38237 5.38237 -30 5 10 21.625 -0.0254274 0.589988 2 1 0 0 1 2 1
1 4 348 587 391 1 -0.0690785 0.26069 0.000530707 0.00170781 0.363766 0.100332 5.55124 -3.5061 -0.733569 0.534691 5 10 21.5823 0.134176 0.326647 2 1 0 0 1 2 1
1 4 348 64 396 0 0.00587763 0.496067 0.000760642 0.0014776 0.000108471 -0.0842811 1.97728 6.86644 6.86644 -30 5 10 21.793 -0.00410725 0.442022 2 1 0 0 1 1 1
1 4 348 200 398 1 0.464433 0.239245 0.000330005 0.000537236 0.000405029 0.0293725 7.22301 -2.89613 1.69228 5.15931 5 10 21.4445 -0.0833647 0.298633 2 1 0 0 1 2 1
1 4 348 8 399 0 -0.022329 0.451838 0.000768186 0.001641 1.24585 0.0864101 4.32983 -2.07194 4.28603 -30 5 10 21.4408 0.0469343 0.331634 2 1 0 0 1 2 3
1 4 348 9 399 0 0.0571945 0.367344 0.000557995 0.00134433 0.000583616 0.0717899 3.88672 6.26388 6.26388 -30 5 10 21.4408 0.0469343 0.331634 2 1 0 0 1 1 3
1 4 348 15 399 1 -0.0656255 0.401166 0.000756381 0.00180489 0.00081241 0.0955393 0.381006 -0.392537 0.0292859 4.81267 5 10 21.4408 0.0469343 0.331634 2 1 0 0 1 2 3
1 4 348 386 406 0 -0.0752334 1.02758 0.0017317 0.00211954 4.85352e-05 -0.0970722 1.29854 -4.81934 5.37336 -30 6 12 28.0643 -0.0167632 1.15552 3 1 0 0 1 3 1
1 4 348 549 436 1 0.036049 0.398282 0.000655443 0.00147315 0.00739453 0.0765387 1.34147 -2.70856 2.34992 1.32762 6 12 21.0523 -0.0732983 0.315979 2 1 0 0 1 3 3
1 4 348 134 439 1 -0.0883635 0.919535 0.00158659 0.00205943 0.49747 -0.100965 3.56492 -3.34516 -0.618418 3.45973 5 10 21.0277 0.0225279 0.885425 2 1 0 0 1 2 2
1 4 348 159 439 1 0.346685 0.930131 0.000798126 0.000854741 2.31947 0.0392533 5.30434 -1.23678 -0.998203 5.8955 5 10 21.0277 0.0225279 0.885425 2 1 0 0 1 2 2
1 4 348 974 459 0 0.00305614 1.84914 0.00180734 0.0014129 17.3613 0.0721221 12.4304 6.0689 6.0689 -30 5 10 20.8419 -0.0606697 1.88077 2 2 0 1 1 2 2
1 4 348 627 463 0 0.327191 1.77477 0.00174992 0.000618191 3.81435 0.0287731 9.26881 5.11303 5.11303 -30 5 10 20.7869 0.380565 1.78167 2 4 0 3 0 2 5
1 4 348 2148 463 1 -0.0924688 1.78931 0.00215731 0.00192687 58.6299 -0.0868758 13.6953 -2.63793 -1.26513 4.33396 5 10 20.7869 0.380565 1.78167 2 1 0 0 1 2 5
1 4 348 405 471 0 -0.0367856 0.503223 0.000871836 0.00171802 9.06229e-05 -0.0896902 5.81154 4.09057 4.09057 -30 5 10 20.7192 -0.0583632 0.442089 2 1 0 0 1 1 1
1 4 348 1711 484 0 0.238095 1.86377 0.00131502 0.000930171 1.55444e-06 0.0505362 1.10724 0.478816 6.55271 -30 6 12 34.2261 0.55951 1.82424 4 1 0 0 1 4 10
1 4 348 97 493 0 0.0202577 0.641367 0.000924208 0.00149369 9.12195e-05 -0.0784303 5.1945 4.30848 4.30848 -30 6 12 32.76 -0.02157 0.531793 4 1 0 0 1 1 2
1 4 348 122 493 0 -0.0044456 0.635547 0.000989841 0.00160767 4.294e-05 0.0867195 1.05259 -3.24581 5.38237 -30 6 12 32.76 -0.02157 0.531793 4 1 0 0 1 2 2
1 4 348 315 501 0 -0.059246 1.70524 0.00224098 0.00173173 0.00102267 -0.0874492 6.4747 -2.47944 5.89205 -30 5 10 26.329 0.120129 1.56521 3 1 0 0 1 2 1
1 4 348 250 505 0 -0.00285662 0.296787 0.0005726 0.00164099 0.000183251 0.0873144 1.65691 5.15538 5.15538 5.30494 6 12 29.1635 -0.025797 0.261049 3 2 0 0 0 2 2
1 4 348 67 508 0 -0.0928072 1.21222 0.00165986 0.00181139 15.0116 -0.0984712 7.7312 2.01115 5.84058 -30 6 12 27.5345 0.0540265 1.28822 3 1 0 0 1 3 2
1 4 348 71 508 0 0.0567574 1.26464 0.00136516 0.00129868 2.56359 -0.0738149 6.39302 6.65408 6.65408 -30 6 12 27.5345 0.0540265 1.28822 3 1 0 0 1 4 2
1 4 348 1711 514 0 0.238095 1.86377 0.00131502 0.000930171 1.55444e-06 0.0505362 1.10724 0.904429 6.55271 -30 5 10 20.3364 0.091148 1.78025 2 1 0 0 1 4 10
1 4 348 3302 517 1 -0.0553613 1.8409 0.00211035 0.00170811 55.5036 -0.10639 25.65 6.10916 6.10916 4.61669 7 14 36.2045 -0.0681063 1.83081 4 8 0 0 0 1 8
1 4 348 355 519 0 -0.0153526 1.19706 0.00209609 0.00209236 0.000201929 0.0887504 1.26962 4.73157 4.73157 -30 6 12 32.6285 -0.0152461 1.18564 4 1 0 0 1 1 1
1 4 348 192 525 0 -0.00542009 1.52591 0.00171615 0.00134703 0.00017302 -0.0797204 2.35496 6.08515 6.08515 -30 5 10 26.4299 -0.0433735 1.51241 3 1 0 0 1 1 1
1 4 348 1671 527 0 0.0399686 1.80439 0.00130313 0.00129961 0.000407848 0.0671305 3.84148 3.72543 3.72543 -30 5 10 20.5212 0.048936 1.78619 2 1 0 0 1 1 1
1 4 348 52 529 0 0.104841 1.96141 0.00246974 0.00111765 1.96792e-05 0.048776 6.89053 5.61084 5.61084 5.80759 5 10 25.1816 0.118375 1.94003 3 10 0 7 0 1 18
1 4 348 3628 529 1 -0.0903135 1.82668 0.00208271 0.00185153 110.804 -0.106624 24.4 -2.41187 -1.48181 3.05026 5 10 25.1816 0.118375 1.94003 3 2 0 0 0 1 18
1 4 348 3693 529 1 -0.0529723 1.96811 0.00206262 0.0016505 1.08447 0.0938634 24.4 -0.29221 0.736793 0.393967 5 10 25.1816 0.118375 1.94003 3 4 0 0 0 1 18
1 4 348 467 539 0 -0.0696851 0.0099183 0.000277065 0.00181909 0.000393371 0.0972388 4.90049 -1.21702 6.16888 -30 6 12 27.1423 -0.0471042 0.0934613 3 1 0 0 1 2 1
1 4 348 58 543 0 0.0982769 0.819742 0.0010087 0.00140328 0.227125 -0.06385 3.52546 5.6688 5.6688 3.23625 5 10 20.1615 0.122939 0.768216 2 1 0 0 1 1 1
1 4 348 1777 545 0 -0.0292151 1.76809 0.00183302 0.00157984 3.8968 -0.0874383 10.3228 6.4155 6.4155 1.35086 5 10 25.1771 -0.0265331 1.7875 3 12 0 0 0 2 12
1 4 348 25 554 1 -0.0778948 0.742714 0.0013234 0.00199234 2.03335e-06 0.102131 2.03171 1.56158 1.56158 0.424747 6 12 19.7692 -0.0775716 0.86621 2 1 0 0 1 3 1
1 4 348 591 561 1 -0.0557495 1.43892 0.00192912 0.00163492 0.000194043 0.0853786 5.13039 -0.0623955 2.3981 3.46652 5 10 20.6535 -0.079329 1.39765 2 1 0 0 1 2 1
1 4 348 3779 568 0 -0.0173021 1.84709 0.00175494 0.00146291 17.7993 -0.0937894 24.4 5.96944 5.96944 -30 6 12 25.8134 -0.00290512 1.87669 3 2 0 1 1 2 2
1 4 348 5 570 1 -0.0749746 0.730489 0.00131018 0.00195142 1.17879 -0.0986723 3.58231 -3.12818 -0.303249 1.63454 6 12 29.1058 0.171659 0.70266 3 1 0 0 1 2 4
1 4 348 23 570 0 0.206766 0.580584 0.000596225 0.000924976 18.8159 0.0533692 9.62896 5.97125 5.97125 -30 6 12 29.1058 0.171659 0.70266 3 1 0 0 1 2 4
1 4 348 25 570 1 -0.0778948 0.742714 0.0013234 0.00199234 2.03335e-06 0.102131 2.03171 -1.31028 1.56158 0.424747 6 12 29.1058 0.171659 0.70266 3 1 0 0 1 3 4
1 4 348 36 570 1 -0.0182344 0.733693 0.00113689 0.00169474 1.37914e-05 0.0891037 0.640588 -0.470192 0.0579683 3.54224 6 12 29.1058 0.171659 0.70266 3 1 0 0 1 2 4
1 4 348 227 572 0 0.260037 0.51262 0.000585596 0.000915311 3.4589 0.0458153 5.61241 6.81047 6.81047 -30 6 12 29.2006 0.234755 0.586923 3 1 0 0 1 2 1
1 4 348 2039 578 0 -0.0532866 1.72812 0.00166076 0.00152153 0.00572105 0.0997553 7.11799 4.79588 4.79588 1.4657 6 12 27.7096 -0.0418463 1.74501 3 4 0 0 0 2 4
1 4 348 145 579 0 0.212162 1.60232 0.00139424 0.00106572 3.84172e-05 -0.0492774 4.45147 5.86143 5.86143 -30 5 10 20.7796 0.238873 1.5885 2 1 0 0 1 3 2
1 4 348 1649 579 1 0.143796 1.55895 0.00126212 0.00111099 172.089 0.0595059 16.0005 -2.26877 0.827216 -30 5 10 20.7796 0.238873 1.5885 2 1 0 0 1 3 2
1 4 348 549 581 1 0.036049 0.398282 0.000655443 0.00147315 0.00739453 0.0765387 1.34147 -1.19176 2.34992 1.32762 5 10 20.3995 -0.0884173 0.327485 2 1 0 0 1 3 3
1 4 348 134 584 1 -0.0883635 0.919535 0.00158659 0.00205943 0.49747 -0.100965 3.56492 -1.33558 -0.618418 3.45973 6 12 28.2847 0.0281901 1.00699 3 1 0 0 1 2 2
1 4 348 159 584 1 0.346685 0.930131 0.000798126 0.000854741 2.31947 0.0392533 5.30434 -1.38299 -0.998203 5.8955 6 12 28.2847 0.0281901 1.00699 3 1 0 0 1 2 2
1 4 348 532 588 0 1.35616 1.0954 0.000922894 0.000123098 0.000382156 -0.00373392 3.46452 2.13347 2.13347 -30 5 10 24.5678 1.32595 1.09304 3 1 0 0 1 4 4
1 4 348 543 588 0 1.26088 1.08191 0.000690202 0.000142088 0.0003816 -0.00446216 3.38215 -0.328067 3.17567 -30 5 10 24.5678 1.32595 1.09304 3 1 0 0 1 5 4
1 4 348 466 590 0 0.206221 1.36234 0.00107103 0.000866364 3.51336e-05 0.0543465 1.5286 1.68537 4.91844 -30 5 10 24.8923 0.168849 1.35852 3 1 0 0 1 5 1
1 4 348 790 592 0 0.161575 1.85241 0.00135582 0.0011165 0.00243676 -0.061488 0.0645671 -5.93263 6.48908 -30 6 12 28.708 0.106644 1.97483 3 2 0 1 1 3 8
1 4 348 805 592 1 -0.0778015 2.05039 0.00272559 0.00181424 69.9634 0.0683897 15.0589 -0.103756 0.36059 -0.144641 6 12 28.708 0.106644 1.97483 3 6 0 0 0 1 8
1 4 348 400 597 1 0.663616 1.27971 0.000897027 0.000436177 0.000337104 0.018136 0.605697 -1.79375 0.88726 3.35521 5 10 25.7564 0.0464602 1.16971 3 1 0 0 1 3 1
1 4 348 466 600 0 0.206221 1.36234 0.00107103 0.000866364 3.51336e-05 0.0543465 1.5286 -2.36228 4.91844 -30 5 10 23.911 0.483518 1.41891 3 1 0 0 1 5 1
1 4 348 532 601 0 1.35616 1.0954 0.000922894 0.000123098 0.000382156 -0.00373392 3.46452 -0.565371 2.13347 -30 5 10 24.2429 0.676154 1.09249 3 1 0 0 1 4 4
1 4 348 543 601 0 1.26088 1.08191 0.000690202 0.000142088 0.0003816 -0.00446216 3.38215 -1.28358 3.17567 -30 5 10 24.2429 0.676154 1.09249 3 1 0 0 1 5 4
1 4 348 386 602 0 -0.0752334 1.02758 0.0017317 0.00211954 4.85352e-05 -0.0970722 1.29854 -4.20706 5.37336 -30 6 12 28.5799 0.166129 1.1553 3 1 0 0 1 3 2
1 4 348 400 602 1 0.663616 1.27971 0.000897027 0.000436177 0.000337104 0.018136 0.605697 -1.09746 0.88726 3.35521 6 12 28.5799 0.166129 1.1553 3 1 0 0 1 3 2
1 4 348 315 604 0 -0.059246 1.70524 0.00224098 0.00173173 0.00102267 -0.0874492 6.4747 5.89205 5.89205 -30 5 10 25.0678 -0.0618742 1.70868 3 1 0 0 1 2 5
1 4 348 347 604 1 -0.0492119 1.76582 0.00238768 0.00168433 0.00138133 -0.0771236 7.71525 1.35562 1.35562 1.29227 5 10 25.0678 -0.0618742 1.70868 3 2 0 0 0 1 5
1 4 348 430 609 1 -0.0129545 1.67093 0.00177911 0.00164542 0.000642797 -0.0860712 1.25272 1.31103 1.31103 2.58519 5 10 24.6595 0.0781694 1.62639 3 1 0 0 1 2 1
1 4 348 466 624 0 0.206221 1.36234 0.00107103 0.000866364 3.51336e-05 0.0543465 1.5286 -2.28552 4.91844 -30 5 10 20.2655 -0.0169475 1.41522 2 1 0 0 1 5 1
1 4 348 1711 625 0 0.238095 1.86377 0.00131502 0.000930171 1.55444e-06 0.0505362 1.10724 6.55271 6.55271 -30 6 12 32.0695 0.231002 1.82081 4 1 0 0 1 4 10
1 4 348 252 626 1 0.69479 0.856849 0.000480368 0.00039648 0.0416459 0.0170304 2.94824 4.29863 4.29863 4.51201 6 12 24.9317 0.672032 0.899341 3 1 0 0 1 3 3
1 4 348 256 626 0 1.35372 0.866107 0.000953919 0.000131275 0.0437366 -0.0039468 2.99426 -0.890828 1.14574 -30 6 12 24.9317 0.672032 0.899341 3 1 0 0 1 3 3
1 4 348 260 626 0 1.47838 0.880374 0.000849879 0.000116754 0.0451085 0.00277422 3.06838 -1.46467 2.96899 -30 6 12 24.9317 0.672032 0.899341 3 1 0 0 1 3 3
1 4 348 477 627 0 -0.0642361 1.02659 0.00171935 0.0020688 0.00202769 0.0948595 4.87045 6.0067 6.0067 -30 5 10 20.0174 -0.0574728 0.930132 2 1 0 0 1 1 1
1 4 348 532 628 0 1.35616 1.0954 0.000922894 0.000123098 0.000382156 -0.00373392 3.46452 -2.46924 2.13347 -30 5 10 18.7254 0.883318 0.991723 2 1 0 0 1 4 3
1 4 348 1164 629 0 0.276848 1.77508 0.00134081 0.000890779 8.3916 -0.0425405 9.58778 3.37879 3.37879 4.72944 5 10 20.7282 -0.0877975 1.79084 2 3 0 1 0 2 8
1 4 348 3102 629 2 0.143263 1.77647 0.00158688 0.000916513 790.101 -0.0378305 25.65 -1.17033 -0.28595 5.54988 5 10 20.7282 -0.0877975 1.79084 2 1 0 0 1 1 8
1 4 348 363 633 0 1.05796 1.22242 0.000595976 0.000154813 0.0862686 0.00788034 4.48054 -1.48484 3.13714 -30 6 12 32.6856 0.0267712 1.14993 4 1 0 0 1 7 2
1 4 348 374 633 1 0.695157 1.26416 0.000636078 0.000325116 0.129135 0.0167077 4.7368 -1.32581 0.638998 5.54787 6 12 32.6856 0.0267712 1.14993 4 1 0 0 1 7 2
1 4 348 117 635 0 -0.0340109 0.879133 0.00139378 0.0018531 1.09031e-06 -0.0918859 1.8612 -1.21382 6.23868 -30 6 12 33.9794 -0.00876821 0.903652 4 1 0 0 1 3 1
1 4 348 67 641 0 -0.0928072 1.21222 0.00165986 0.00181139 15.0116 -0.0984712 7.7312 5.84058 5.84058 -30 6 12 28.6663 -0.0619677 1.25499 3 1 0 0 1 3 2
1 4 348 71 641 0 0.0567574 1.26464 0.00136516 0.00129868 2.56359 -0.0738149 6.39302 2.45623 6.65408 -30 6 12 28.6663 -0.0619677 1.25499 3 1 0 0 1 4 2
1 4 348 252 643 1 0.69479 0.856849 0.000480368 0.00039648 0.0416459 0.0170304 2.94824 -0.756206 4.29863 4.51201 5 10 24.1362 1.46239 0.896308 3 1 0 0 1 3 3
1 4 348 256 643 0 1.35372 0.866107 0.000953919 0.000131275 0.0437366 -0.0039468 2.99426 -1.08812 1.14574 -30 5 10 24.1362 1.46239 0.896308 3 1 0 0 1 3 3
1 4 348 260 643 0 1.47838 0.880374 0.000849879 0.000116754 0.0451085 0.00277422 3.06838 2.96899 2.96899 -30 5 10 24.1362 1.46239 0.896308 3 1 0 0 1 3 3
1 4 348 602 654 0 -0.0755285 0.133599 0.000378964 0.00179242 0.000271058 0.0982756 1.48671 3.41705 3.41705 -30 5 10 19.7826 -0.0894053 0.100484 2 1 0 0 1 1 1
1 4 348 487 657 0 0.0904092 1.32345 0.00120162 0.00116702 48.2798 0.0714689 10.761 6.81662 6.81662 -30 5 10 20.4075 -0.0681195 1.37693 2 1 0 0 1 1 1
1 4 348 444 660 1 -0.00451776 2.05628 0.00321186 0.0016311 2.82177e-05 -0.0583671 5.79733 2.49356 2.49356 3.09767 6 12 28.8812 0.144717 1.99147 3 2 0 0 0 1 2
1 4 348 80 662 0 1.253 0.825566 0.00218217 0.000231248 0.0367506 -0.00218452 3.21345 -1.1381 2.74819 -30 5 10 19.823 0.594777 0.792449 2 1 0 0 1 8 3
1 4 348 84 662 2 1.30393 0.837718 0.0011585 0.000154287 0.0212998 -0.00475239 3.22575 -1.94418 1.77731 5.94588 5 10 19.823 0.594777 0.792449 2 1 0 0 1 8 3
1 4 348 85 662 0 1.11615 0.813189 0.000975562 0.000233516 0.0440011 0.00481287 3.18997 -1.05533 4.19217 -30 5 10 19.823 0.594777 0.792449 2 1 0 0 1 8 3
1 4 348 543 664 0 1.26088 1.08191 0.000690202 0.000142088 0.0003816 -0.00446216 3.38215 -2.58279 3.17567 -30 5 10 23.5066 -0.0345756 1.07677 3 1 0 0 1 5 4
1 4 348 572 664 0 -0.0525867 1.07626 0.00170442 0.00202012 4.60394e-05 0.0927866 2.44485 5.25627 5.25627 4.66966 5 10 23.5066 -0.0345756 1.07677 3 1 0 0 1 3 4
1 4 348 575 664 0 -0.0495002 1.03503 0.00161772 0.00195 3.6936e-05 0.0929262 1.55679 2.66659 2.66659 -30 5 10 23.5066 -0.0345756 1.07677 3 2 0 1 0 3 4
1 4 348 563 666 1 0.199679 1.46832 0.00104673 0.000908138 0.074851 0.0558312 5.87021 -0.755973 0.307859 3.33457 6 12 27.5045 0.0207203 1.48989 3 6 0 0 0 1 6
1 4 348 457 668 0 0.52708 1.6223 0.0010284 0.00052272 0.000274667 -0.0233397 5.12683 0.990135 6.21084 -30 5 10 20.3565 0.130645 1.55143 2 2 0 1 1 5 4
1 4 348 128 671 0 0.038468 1.623 0.00156568 0.00120494 0.00218343 0.0708818 2.15861 5.94166 5.94166 -30 5 10 24.1184 0.132609 1.5725 3 1 0 0 1 1 1
1 4 348 272 672 0 0.53344 0.733828 0.000628877 0.000628298 0.0279436 0.0241198 2.82094 -1.3008 5.97379 -30 6 12 29.1122 0.0420752 0.678641 3 1 0 0 1 2 1
1 4 348 4391 674 1 -0.0927276 2.17129 0.00282425 0.00188811 91.7033 -0.0793791 25.65 0.647888 0.655479 1.91922 5 10 20.0739 0.0977105 2.25499 2 4 0 0 0 1 4
1 4 348 596 675 0 -0.0430263 0.273004 0.000516494 0.00160668 0.232405 -0.0905741 4.37989 -2.70845 5.84719 -30 5 10 19.4862 -0.10029 0.194548 2 1 0 0 1 3 1
1 4 348 352 677 1 0.242947 1.10814 0.000933744 0.00108138 0.14434 0.0446429 4.00186 -1.869 0.979879 4.92359 5 10 25.1642 0.0537633 1.09792 3 1 0 0 1 2 1
1 4 348 95 678 0 -0.047286 1.70946 0.00223544 0.001799 0.00283126 -0.0778666 7.73 6.47362 6.47362 -30 5 10 24.8757 -0.050207 1.71537 3 4 0 3 0 1 4
1 4 348 7 682 0 -0.0981805 1.53383 0.00191616 0.00177812 0.0058124 0.103923 1.79206 4.74282 4.74282 -30 5 10 24.6198 -0.0965177 1.49244 3 1 0 0 1 1 3
1 4 348 606 682 0 -0.0689418 1.42917 0.00181077 0.00173248 0.0036354 -0.0944051 2.92228 -1.77824 4.6816 1.27044 5 10 24.6198 -0.0965177 1.49244 3 2 0 0 0 2 3
1 4 348 297 683 0 -0.0442604 1.00305 0.00163225 0.00198971 0.054871 0.0920742 4.03352 1.88732 6.81063 -30 6 12 31.7088 0.0501922 0.996907 4 1 0 0 1 2 2
1 4 348 309 683 0 0.0595833 0.972033 0.001284 0.00156468 2.07364 0.0742856 5.0122 5.72496 5.72496 -30 6 12 31.7088 0.0501922 0.996907 4 1 0 0 1 2 2
1 4 348 90 684 0 0.0230436 1.4765 0.00150442 0.00129866 94.576 -0.0656618 12.7626 -3.87491 5.88135 -30 5 10 19.9697 0.468874 1.39533 2 2 0 1 1 4 4
1 4 348 409 689 0 0.644882 1.29818 0.000977706 0.000617004 0.000472241 0.0210423 2.87547 6.34469 6.34469 -30 5 10 23.9959 0.65511 1.27322 3 1 0 0 1 1 1
1 4 348 244 690 1 0.114729 1.46956 0.00133905 0.00117728 63.607 -0.0579214 10.6635 -4.28244 1.23919 4.44549 5 10 23.0952 0.0524988 1.36411 3 1 0 0 1 1 1
1 4 348 145 692 0 0.212162 1.60232 0.00139424 0.00106572 3.84172e-05 -0.0492774 4.45147 3.35892 5.86143 -30 6 12 28.4959 0.238698 1.60961 3 1 0 0 1 3 2
1 4 348 1649 692 1 0.143796 1.55895 0.00126212 0.00111099 172.089 0.0595059 16.0005 -2.05271 0.827216 -30 6 12 28.4959 0.238698 1.60961 3 1 0 0 1 3 2
1 4 348 385 693 0 0.116893 0.451206 0.000621873 0.00123272 0.000227698 -0.0631411 3.43064 2.65125 6.16254 -30 6 12 26.6358 0.00759936 0.379683 3 1 0 0 1 2 1
1 4 348 185 699 1 0.072886 0.155246 0.000339245 0.00133239 0.000317066 -0.0696039 8.80483 -3.01262 -1.04451 3.63375 5 10 17.7115 0.23152 0.200165 2 1 0 0 1 3 1
1 4 348 190 704 0 -0.0339236 0.801934 0.0012881 0.00179249 4.67867e-06 0.0895048 0.360264 -2.59092 5.88884 -30 5 10 25.3631 -0.00832592 0.939746 3 2 0 1 1 2 2
1 4 348 300 705 0 0.0404242 0.649264 0.000913081 0.0014633 8.5983e-05 -0.0775307 5.25188 6.25844 6.25844 -30 5 10 23.5685 0.033478 0.590178 3 1 0 0 1 2 1
1 4 348 546 707 0 1.13962 1.25068 0.00113756 0.000164887 0.000376172 0.00644406 4.19907 -1.72461 2.0321 -30 5 10 24.002 -0.0248767 1.36955 3 1 0 0 1 4 3
1 4 348 1658 710 0 0.122792 1.92606 0.00174359 0.00115476 0.000454177 0.0554165 11.6134 -1.08534 6.46965 -30 5 10 25.5401 0.109573 2.04567 3 6 0 5 0 2 5
1 4 348 6712 710 0 -0.0697851 2.12991 0.00225272 0.00179487 0.230169 0.105452 31.395 0.202173 4.05349 4.42187 5 10 25.5401 0.109573 2.04567 3 3 0 0 1 2 5
1 4 348 463 714 0 0.0403781 1.18111 0.0016021 0.00175722 1.09997e-08 0.074841 1.80417 -2.23897 6.42198 -30 6 12 29.4323 0.202917 1.17982 4 1 0 0 1 3 1
1 4 348 466 716 0 0.206221 1.36234 0.00107103 0.000866364 3.51336e-05 0.0543465 1.5286 -2.2254 4.91844 -30 6 12 23.9181 0.4969 1.4189 3 1 0 0 1 5 1
1 4 348 5 721 1 -0.0749746 0.730489 0.00131018 0.00195142 1.17879 -0.0986723 3.58231 -3.43333 -0.303249 1.63454 6 12 25.8829 0.0414549 0.713345 3 1 0 0 1 2 4
1 4 348 23 721 0 0.206766 0.580584 0.000596225 0.000924976 18.8159 0.0533692 9.62896 1.02075 5.97125 -30 6 12 25.8829 0.0414549 0.713345 3 1 0 0 1 2 4
1 4 348 25 721 1 -0.0778948 0.742714 0.0013234 0.00199234 2.03335e-06 0.102131 2.03171 -1.25682 1.56158 0.424747 6 12 25.8829 0.0414549 0.713345 3 1 0 0 1 3 4
1 4 348 36 721 1 -0.0182344 0.733693 0.00113689 0.00169474 1.37914e-05 0.0891037 0.640588 0.0579683 0.0579683 3.54224 6 12 25.8829 0.0414549 0.713345 3 1 0 0 1 2 4
1 4 348 2689 722 2 1.94835 1.71194 0.0681791 0.000349391 568.423 0.00886582 25.65 -7.3613 -3.00485 -0.218986 6 12 20.6986 0.0903217 1.72468 2 1 0 0 1 1 1
1 4 348 587 724 1 -0.0690785 0.26069 0.000530707 0.00170781 0.363766 0.100332 5.55124 -0.978844 -0.733569 0.534691 5 10 19.3036 -0.0835981 0.135873 2 1 0 0 1 2 1
1 4 348 354 725 1 0.820623 1.39174 0.000967228 0.000274723 0.104434 0.0109887 5.40701 -0.084278 -0.0490804 -30 5 10 18.1552 0.660547 1.39485 2 2 0 1 1 4 2
1 4 348 931 727 1 0.0285326 2.08209 0.00208139 0.00147665 0.00244328 0.0621921 7.43094 -1.59402 -0.696074 1.18656 5 10 23.0382 0.50192 2.09913 3 7 0 0 0 1 141
1 4 348 594 728 0 0.0334483 0.461279 0.000657764 0.00133002 0.16825 0.0761804 2.67793 6.51252 6.51252 -30 6 12 28.0248 0.0472499 0.484321 3 1 0 0 1 1 2
1 4 348 601 728 1 0.03376 0.584781 0.000897836 0.00146336 0.00010212 0.0774139 2.76804 0.473388 0.653286 4.22385 6 12 28.0248 0.0472499 0.484321 3 1 0 0 1 2 2
1 4 348 1773 730 0 0.137999 1.9111 0.00156573 0.00106422 41.5568 0.0480526 14.232 0.089306 6.29358 -30 6 12 27.5621 -0.0684665 1.96872 3 6 0 5 0 2 9
1 4 348 4061 730 0 -0.0908329 1.96629 0.00209293 0.0017586 26.2885 -0.0970327 24.95 1.53293 1.53293 0.734897 6 12 27.5621 -0.0684665 1.96872 3 6 0 0 0 1 9
1 4 348 2039 731 0 -0.0532866 1.72812 0.00166076 0.00152153 0.00572105 0.0997553 7.11799 -0.937399 4.79588 1.4657 5 10 23.5179 -0.0266132 1.59301 3 4 0 0 0 2 10
1 4 348 2043 731 1 0.246655 1.52817 0.00097289 0.000815038 95.5031 0.0520178 12.0021 -1.13853 0.956315 3.09075 5 10 23.5179 -0.0266132 1.59301 3 12 0 0 0 2 10
1 4 348 1598 734 0 0.206572 1.80483 0.001254 0.00085331 25.1638 0.0456412 10.9115 -1.70241 6.33025 -30 6 12 26.8089 -0.0491012 1.67721 3 2 0 1 1 2 2
1 4 348 463 736 0 0.0403781 1.18111 0.0016021 0.00175722 1.09997e-08 0.074841 1.80417 6.42198 6.42198 -30 6 12 25.9574 0.0336003 1.16634 3 1 0 0 1 3 1
1 4 348 531 737 0 0.147357 1.29542 0.00118931 0.00116348 74.3913 0.0618767 10.4884 6.49818 6.49818 -30 5 10 23.4211 0.162152 1.35571 3 1 0 0 1 1 1
1 4 348 1777 741 0 -0.0292151 1.76809 0.00183302 0.00157984 3.8968 -0.0874383 10.3228 -1.01338 6.4155 1.35086 5 10 18.899 0.175746 1.77346 2 12 0 0 0 2 12
1 4 348 90 743 0 0.0230436 1.4765 0.00150442 0.00129866 94.576 -0.0656618 12.7626 5.88135 5.88135 -30 5 10 18.9715 0.0139176 1.53627 2 2 0 1 1 4 5
1 4 348 93 743 0 -0.0773742 1.50331 0.00174105 0.00176267 0.00162597 -0.104832 5.49889 -0.225966 5.65232 -30 5 10 18.9715 0.0139176 1.53627 2 1 0 0 1 3 5
1 4 348 434 746 1 -0.0907204 1.89387 0.00225982 0.00175987 0.000748147 0.0854272 2.4436 3.48341 3.48341 5.24697 7 14 33.1869 0.12151 1.86172 4 1 0 0 1 1 12
1 4 348 1919 746 1 -0.0946913 1.92687 0.00219915 0.0016564 78.8865 0.0789973 14.3384 -2.17708 -1.02416 3.95517 7 14 33.1869 0.12151 1.86172 4 2 0 0 0 1 12
1 4 348 4300 746 2 0.682066 1.78578 0.00288198 0.000446047 866.604 0.016667 26.2 -2.13279 -0.476865 4.42411 7 14 33.1869 0.12151 1.86172 4 1 0 0 1 1 12
1 4 348 121 747 0 0.723972 0.120531 0.000283021 0.000396269 0.0245468 0.0161145 5.11073 -2.25057 6.78862 -30 6 12 19.2187 0.0539183 0.159911 2 1 0 0 1 3 2
1 4 348 132 747 0 -0.0754411 0.134537 0.000364221 0.00176079 0.00632768 0.10235 1.96726 -1.83669 5.74087 -30 6 12 19.2187 0.0539183 0.159911 2 1 0 0 1 3 2
1 4 348 1782 748 1 -0.0903044 2.18845 0.0024697 0.00165931 0.00034387 -0.0718058 10.7693 2.91704 2.91704 4.74579 5 10 25.9711 -0.0713227 2.13558 3 9 0 0 0 1 10
1 4 348 549 749 1 0.036049 0.398282 0.000655443 0.00147315 0.00739453 0.0765387 1.34147 -0.719232 2.34992 1.32762 6 12 27.1959 -0.0409761 0.36325 3 1 0 0 1 3 1
1 4 348 266 755 1 0.242713 1.12808 0.00107536 0.0010293 0.000792358 0.0491057 2.90579 6.13554 6.13554 -30 5 10 18.9084 0.219752 1.11402 2 1 0 0 1 1 1
1 4 348 249 758 1 -0.094228 0.339218 0.000682036 0.00188466 2.86604 -0.105797 8.92328 0.111888 0.111888 -0.0957796 5 10 17.0581 0.0123678 0.3776 2 1 0 0 1 2 1
1 4 348 546 759 0 1.13962 1.25068 0.00113756 0.000164887 0.000376172 0.00644406 4.19907 -0.928474 2.0321 -30 6 12 27.096 0.863299 1.28058 3 1 0 0 1 4 3
1 4 348 6712 760 0 -0.0697851 2.12991 0.00225272 0.00179487 0.230169 0.105452 31.395 4.05349 4.05349 4.42187 6 12 26.6677 0.13511 2.13108 3 3 0 0 1 2 3
1 4 348 37 763 0 0.0930367 1.24956 0.00154761 0.00160976 0.00133127 -0.0664415 3.44724 4.92303 4.92303 4.97523 5 10 19.9901 0.0617125 1.19926 2 1 0 0 1 2 1
1 4 348 145 765 0 0.212162 1.60232 0.00139424 0.00106572 3.84172e-05 -0.0492774 4.45147 -1.96826 5.86143 -30 5 10 19.0453 0.114242 1.61941 2 1 0 0 1 3 2
1 4 348 1649 765 1 0.143796 1.55895 0.00126212 0.00111099 172.089 0.0595059 16.0005 0.827216 0.827216 -30 5 10 19.0453 0.114242 1.61941 2 1 0 0 1 3 2
1 4 348 185 769 1 0.072886 0.155246 0.000339245 0.00133239 0.000317066 -0.0696039 8.80483 -3.0937 -1.04451 3.63375 6 12 16.3104 -0.0978452 0.185991 2 1 0 0 1 3 1
1 4 348 430 770 1 -0.0129545 1.67093 0.00177911 0.00164542 0.000642797 -0.0860712 1.25272 -1.0911 1.31103 2.58519 6 12 25.1602 0.280127 1.57325 3 1 0 0 1 2 5
1 4 348 457 770 0 0.52708 1.6223 0.0010284 0.00052272 0.000274667 -0.0233397 5.12683 -0.94118 6.21084 -30 6 12 25.1602 0.280127 1.57325 3 2 0 1 1 5 5
1 4 348 3804 771 2 0.0330819 1.80134 0.00155842 0.00140619 863.646 0.0622387 25.65 -3.27627 -1.46246 3.21302 5 10 24.1826 -0.0562945 1.77666 3 2 0 0 1 2 2
1 4 348 59 773 0 0.231647 0.816153 0.000813281 0.001044 0.000594637 -0.0478874 4.95607 -3.02154 6.6513 -30 6 12 25.909 0.805061 0.85652 4 1 0 0 1 5 4
1 4 348 80 773 0 1.253 0.825566 0.00218217 0.000231248 0.0367506 -0.00218452 3.21345 -0.206467 2.74819 -30 6 12 25.909 0.805061 0.85652 4 1 0 0 1 8 4
1 4 348 84 773 2 1.30393 0.837718 0.0011585 0.000154287 0.0212998 -0.00475239 3.22575 -0.29668 1.77731 5.94588 6 12 25.909 0.805061 0.85652 4 1 0 0 1 8 4
1 4 348 85 773 0 1.11615 0.813189 0.000975562 0.000233516 0.0440011 0.00481287 3.18997 -0.272435 4.19217 -30 6 12 25.909 0.805061 0.85652 4 1 0 0 1 8 4
1 4 348 598 775 0 0.11954 0.638952 0.000771059 0.00117025 3.04841 -0.0629802 4.98507 4.77281 4.77281 -30 6 12 31.8824 0.119262 0.682815 4 2 0 1 1 2 3
1 4 348 616 775 0 0.165801 0.620098 0.000678687 0.00106442 0.000216332 0.056002 0.932167 -2.34521 6.72773 -30 6 12 31.8824 0.119262 0.682815 4 1 0 0 1 2 3
1 4 348 457 777 0 0.52708 1.6223 0.0010284 0.00052272 0.000274667 -0.0233397 5.12683 2.0428 6.21084 -30 5 10 23.4734 0.00978661 1.59667 3 2 0 1 1 5 4
1 4 348 54 778 0 -0.0626712 0.91055 0.00158351 0.00206859 5.74356e-06 0.0947474 0.110005 5.73868 5.73868 -30 5 10 18.5991 -0.0904154 0.884592 2 1 0 0 1 1 1
1 4 348 627 779 0 0.327191 1.77477 0.00174992 0.000618191 3.81435 0.0287731 9.26881 1.14731 5.11303 -30 7 14 25.9951 0.00218352 1.73353 3 4 0 3 0 2 3
1 4 348 2148 779 1 -0.0924688 1.78931 0.00215731 0.00192687 58.6299 -0.0868758 13.6953 -1.71422 -1.26513 4.33396 7 14 25.9951 0.00218352 1.73353 3 1 0 0 1 2 3
1 4 348 349 782 0 0.878482 1.22982 0.000726529 0.000320776 0.0913421 -0.0116478 4.53691 -1.85408 4.74329 -30 5 10 23.066 0.402268 1.33672 3 1 0 0 1 5 7
1 4 348 354 782 1 0.820623 1.39174 0.000967228 0.000274723 0.104434 0.0109887 5.40701 -0.665966 -0.0490804 -30 5 10 23.066 0.402268 1.33672 3 2 0 1 1 4 7
1 4 348 360 782 0 1.37915 1.2836 0.00619349 0.000190402 0.12227 -0.000842002 4.81333 -0.945196 3.7543 -30 5 10 23.066 0.402268 1.33672 3 2 0 1 1 6 7
1 4 348 363 782 0 1.05796 1.22242 0.000595976 0.000154813 0.0862686 0.00788034 4.48054 -1.74878 3.13714 -30 5 10 23.066 0.402268 1.33672 3 1 0 0 1 7 7
1 4 348 374 782 1 0.695157 1.26416 0.000636078 0.000325116 0.129135 0.0167077 4.7368 -1.57802 0.638998 5.54787 5 10 23.066 0.402268 1.33672 3 1 0 0 1 7 7
1 4 348 595 789 0 0.163698 0.191136 0.000366764 0.00111792 0.033793 -0.056603 2.91821 -3.52689 1.41525 -30 6 12 26.9651 0.0129734 0.266345 3 1 0 0 1 2 2
1 4 348 600 789 0 0.0412452 0.180729 0.000388225 0.00142545 0.105859 0.0750354 5.36102 5.95028 5.95028 -30 6 12 26.9651 0.0129734 0.266345 3 1 0 0 1 1 2
1 4 348 11 790 0 0.312177 1.16986 0.000882831 0.000735937 2.35804 -0.0447806 5.12969 5.57261 5.57261 -30 5 10 22.8476 0.308773 1.18461 3 1 0 0 1 2 1
1 4 348 974 793 0 0.00305614 1.84914 0.00180734 0.0014129 17.3613 0.0721221 12.4304 -1.33165 6.0689 -30 5 10 18.8694 -0.0538352 1.92744 2 2 0 1 1 2 6
1 4 348 432 795 1 0.557025 0.127551 0.000257841 0.000525304 0.00106929 -0.0235389 1.95725 -1.7217 1.27634 3.58368 5 10 15.4366 0.224361 0.25398 2 1 0 0 1 2 3
1 4 348 454 795 0 0.434941 0.19907 0.000305117 0.000497855 0.0660879 0.031674 4.08956 0.248965 6.13405 -30 5 10 15.4366 0.224361 0.25398 2 1 0 0 1 3 3
1 4 348 455 795 1 -0.0972971 0.295065 0.000596674 0.00187669 0.000131256 0.1061 3.79922 -0.516032 -0.323424 3.85194 5 10 15.4366 0.224361 0.25398 2 1 0 0 1 2 3
1 4 348 268 796 0 -0.0190073 0.11311 0.000304191 0.00159556 0.0288064 0.0882249 6.20199 6.5307 6.5307 -30 5 10 22.3742 -0.0221756 0.227455 3 1 0 0 1 1 1
1 4 348 569 798 0 0.0133362 0.285283 0.000493105 0.00148756 0.000597594 -0.0826527 1.63854 3.45349 3.45349 -30 5 10 22.2038 0.0216639 0.24171 3 1 0 0 1 1 1
1 4 348 29 802 0 -0.0236125 1.4257 0.0016235 0.00154802 0.000334528 0.0892309 0.697991 0.364137 0.364137 1.63876 5 10 19.3181 0.00663484 1.3133 2 1 0 0 1 2 1
1 4 348 1658 804 0 0.122792 1.92606 0.00174359 0.00115476 0.000454177 0.0554165 11.6134 6.46965 6.46965 -30 6 12 29.395 0.12727 1.92765 4 6 0 5 0 2 6
1 4 348 8 810 0 -0.022329 0.451838 0.000768186 0.001641 1.24585 0.0864101 4.32983 4.28603 4.28603 -30 5 10 17.9128 -0.00956614 0.509831 2 1 0 0 1 2 2
1 4 348 15 810 1 -0.0656255 0.401166 0.000756381 0.00180489 0.00081241 0.0955393 0.381006 -1.85494 0.0292859 4.81267 5 10 17.9128 -0.00956614 0.509831 2 1 0 0 1 2 2
1 4 348 501 811 0 -0.0861453 1.09771 0.00195092 0.00228857 0.00264738 -0.100248 1.34367 5.31782 5.31782 -30 5 10 18.9652 -0.0861113 1.05571 2 1 0 0 1 1 1
1 4 348 493 812 0 0.214809 0.749235 0.000849778 0.001129 8.1155 -0.050424 6.4198 4.39066 4.39066 -30 5 10 18.096 0.0932468 0.807247 2 1 0 0 1 1 1
1 4 348 595 815 0 0.163698 0.191136 0.000366764 0.00111792 0.033793 -0.056603 2.91821 1.41525 1.41525 -30 5 10 21.5167 0.153827 0.233931 3 1 0 0 1 2 1
1 4 348 385 817 0 0.116893 0.451206 0.000621873 0.00123272 0.000227698 -0.0631411 3.43064 6.16254 6.16254 -30 5 10 18.2297 0.0351411 0.365966 2 1 0 0 1 2 1
1 4 348 200 818 1 0.464433 0.239245 0.000330005 0.000537236 0.000405029 0.0293725 7.22301 1.69228 1.69228 5.15931 5 10 16.5905 -0.0886081 0.179694 2 1 0 0 1 2 1
1 4 348 400 820 1 0.663616 1.27971 0.000897027 0.000436177 0.000337104 0.018136 0.605697 0.88726 0.88726 3.35521 5 10 17.9626 -0.0360609 1.22732 2 1 0 0 1 3 1
1 4 348 543 821 0 1.26088 1.08191 0.000690202 0.000142088 0.0003816 -0.00446216 3.38215 -2.97803 3.17567 -30 6 12 22.8057 -0.0131292 1.02103 3 1 0 0 1 5 4
1 4 348 572 821 0 -0.0525867 1.07626 0.00170442 0.00202012 4.60394e-05 0.0927866 2.44485 -0.195722 5.25627 4.66966 6 12 22.8057 -0.0131292 1.02103 3 1 0 0 1 3 4
1 4 348 575 821 0 -0.0495002 1.03503 0.00161772 0.00195 3.6936e-05 0.0929262 1.55679 2.45074 2.66659 -30 6 12 22.8057 -0.0131292 1.02103 3 2 0 1 0 3 4
1 4 348 28 825 0 -0.0034547 0.363701 0.000585362 0.0015045 0.1749 0.0853872 2.63629 -0.803805 6.10222 -30 5 10 15.4757 0.598235 0.448295 2 1 0 0 1 2 1
1 4 348 71 831 0 0.0567574 1.26464 0.00136516 0.00129868 2.56359 -0.0738149 6.39302 -2.59166 6.65408 -30 5 10 17.1242 -0.0026478 1.35685 2 1 0 0 1 4 5
1 4 348 90 831 0 0.0230436 1.4765 0.00150442 0.00129866 94.576 -0.0656618 12.7626 -1.5398 5.88135 -30 5 10 17.1242 -0.0026478 1.35685 2 2 0 1 1 4 5
1 4 348 476 835 1 0.21764 0.615276 0.000631316 0.00100669 0.000220707 -0.0530745 1.65045 -3.05994 0.582395 1.41479 5 10 21.5455 0.251275 0.685242 3 2 0 0 0 1 2
1 4 348 596 836 0 -0.0430263 0.273004 0.000516494 0.00160668 0.232405 -0.0905741 4.37989 2.91865 5.84719 -30 6 12 20.0605 0.0101093 0.349336 3 1 0 0 1 3 1
1 4 348 546 838 0 1.13962 1.25068 0.00113756 0.000164887 0.000376172 0.00644406 4.19907 -1.39936 2.0321 -30 6 12 20.4599 0.0717555 1.27149 3 1 0 0 1 4 3
1 4 348 457 839 0 0.52708 1.6223 0.0010284 0.00052272 0.000274667 -0.0233397 5.12683 0.0486811 6.21084 -30 5 10 21.5088 -0.022719 1.59681 3 2 0 1 1 5 4
1 4 348 59 840 0 0.231647 0.816153 0.000813281 0.001044 0.000594637 -0.0478874 4.95607 -0.645058 6.6513 -30 5 10 17.4172 -0.0643888 0.827867 3 1 0 0 1 5 4
1 4 348 80 840 0 1.253 0.825566 0.00218217 0.000231248 0.0367506 -0.00218452 3.21345 -1.67746 2.74819 -30 5 10 17.4172 -0.0643888 0.827867 3 1 0 0 1 8 4
1 4 348 84 840 2 1.30393 0.837718 0.0011585 0.000154287 0.0212998 -0.00475239 3.22575 0.0506642 1.77731 5.94588 5 10 17.4172 -0.0643888 0.827867 3 1 0 0 1 8 4
1 4 348 85 840 0 1.11615 0.813189 0.000975562 0.000233516 0.0440011 0.00481287 3.18997 -1.31157 4.19217 -30 5 10 17.4172 -0.0643888 0.827867 3 1 0 0 1 8 4
1 4 348 360 848 0 1.37915 1.2836 0.00619349 0.000190402 0.12227 -0.000842002 4.81333 -3.38689 3.7543 -30 5 10 16.0495 -0.01408 1.31283 2 2 0 1 1 6 5
1 4 348 363 848 0 1.05796 1.22242 0.000595976 0.000154813 0.0862686 0.00788034 4.48054 -3.3045 3.13714 -30 5 10 16.0495 -0.01408 1.31283 2 1 0 0 1 7 5
1 4 348 374 848 1 0.695157 1.26416 0.000636078 0.000325116 0.129135 0.0167077 4.7368 -2.08744 0.638998 5.54787 5 10 16.0495 -0.01408 1.31283 2 1 0 0 1 7 5
1 4 348 375 848 1 0.702982 1.29237 0.00302319 0.000366769 0.12949 0.00983878 4.85237 -1.3899 2.72542 -30 5 10 16.0495 -0.01408 1.31283 2 1 0 0 1 4 5
1 88 8792 370 3 0 1.09454 1.49483 0.00162776 0.000228156 0.991766 0.00728186 6.43966 4.50075 4.50075 5.20661 6 12 37.0237 1.12386 1.5003 4 1 0 0 1 4 1
1 88 8792 694 6 0 -0.0637136 0.201043 0.000462447 0.00181005 0.0418787 0.0955643 2.96827 5.51149 5.51149 -30 6 12 36.6891 -0.0504128 0.250309 4 1 0 0 1 2 2
1 88 8792 696 6 0 -0.0646672 0.131822 0.000364273 0.00175811 0.0200155 0.0953361 3.92095 3.43377 5.00581 -30 6 12 36.6891 -0.0504128 0.250309 4 1 0 0 1 2 2
1 88 8792 265 10 0 0.0331833 1.07482 0.00150855 0.00173268 0.0014291 -0.0765524 1.05096 6.72115 6.72115 -30 6 12 35.9695 0.021358 1.05422 4 1 0 0 1 2 1
1 88 8792 600 14 0 0.224198 0.545747 0.000557269 0.000921683 3.88173 0.0506176 5.58824 -1.35088 6.73804 -30 6 12 35.6115 -0.0635496 0.659617 4 2 0 1 1 3 2
1 88 8792 670 18 0 -0.0116775 0.822038 0.00120988 0.00165143 1.14529 0.0877986 4.19475 6.65022 6.65022 -30 6 12 35.4215 -0.0300089 0.853517 4 1 0 0 1 1 1
1 88 8792 591 19 0 -0.0593454 0.114004 0.000328752 0.00172481 0.00407041 -0.0978623 1.93723 6.54022 6.54022 2.51477 6 12 35.3583 -0.068609 0.151621 4 1 0 0 1 1 2
1 88 8792 657 19 1 -0.0801213 0.0859691 0.000293379 0.00177025 0.021085 0.102662 8.64465 -4.54555 -0.968169 1.43519 6 12 35.3583 -0.068609 0.151621 4 1 0 0 1 1 2
1 88 8792 21 22 0 1.30737 0.855459 0.00117905 0.000169523 0.381343 0.00456339 3.29408 -0.922416 4.60223 -30 6 12 35.0926 1.10586 0.894942 4 1 0 0 1 7 1
1 88 8792 331 38 0 -0.0783797 0.388307 0.000727835 0.00174635 2.73107 -0.0998682 7.23871 -4.33034 6.23799 -30 6 12 34.0504 -0.0191126 0.403403 4 2 0 1 0 2 2
1 88 8792 2050 46 0 0.21945 1.82652 0.00146291 0.00100909 2.01947e-07 0.0492306 8.64465 6.11362 6.11362 -30 7 14 33.358 0.159547 1.82072 3 1 0 0 1 2 1
1 88 8792 333 51 0 0.0800456 0.727431 0.000963827 0.00138668 0.000802089 0.0682094 0.922219 6.42216 6.42216 -30 6 12 33.8837 0.0576259 0.682572 4 2 0 1 0 1 2
1 88 8792 21 52 0 1.30737 0.855459 0.00117905 0.000169523 0.381343 0.00456339 3.29408 -0.911334 4.60223 -30 6 12 32.2564 0.990867 0.846872 4 1 0 0 1 7 1
1 88 8792 361 59 1 -0.065858 0.60501 0.00105641 0.00184154 24.4474 -0.0992341 10.5541 -5.52463 -0.297647 2.38918 6 12 31.3686 0.088252 0.606974 3 1 0 0 1 1 1
1 88 8792 600 60 0 0.224198 0.545747 0.000557269 0.000921683 3.88173 0.0506176 5.58824 6.73804 6.73804 -30 6 12 31.331 0.210527 0.61185 3 2 0 1 1 3 2
1 88 8792 271 71 0 -0.0326684 0.201473 0.000478771 0.00197634 0.000250342 -0.0885853 4.67022 6.08692 6.08692 -30 6 12 30.8828 -0.0443115 0.10468 3 1 0 0 1 1 1
1 88 8792 59 72 0 0.0443925 0.231342 0.00045831 0.00143295 0.0166076 -0.0749897 2.05737 6.84335 6.84335 -30 6 12 30.8781 0.0302316 0.261447 3 2 0 1 0 3 4
1 88 8792 67 72 0 -0.0330485 0.294019 0.000580682 0.00172599 0.000193063 -0.0891568 0.842392 1.29762 5.4906 -30 6 12 30.8781 0.0302316 0.261447 3 1 0 0 1 3 4
1 88 8792 107 72 0 0.136052 0.228068 0.000402891 0.00111356 0.00029177 0.0631531 0.0450518 -2.29933 6.38018 -30 6 12 30.8781 0.0302316 0.261447 3 1 0 0 1 4 4
1 88 8792 636 73 1 -0.094005 2.13722 0.00356422 0.00179679 0.002574 -0.0688016 3.80757 -5.02836 -0.341699 2.60462 6 12 30.8695 0.243269 2.18078 3 1 0 0 1 1 1
1 88 8792 343 74 0 0.172301 0.926498 0.000990205 0.00117281 0.000762865 0.0557224 0.369966 6.87083 6.87083 -30 6 12 30.8649 0.188891 0.87983 3 1 0 0 1 1 1
1 88 8792 475 80 0 0.184099 0.70194 0.000779068 0.00107727 0.00020079 0.0541005 4.24185 5.69407 5.69407 -30 6 12 30.636 0.159165 0.61219 3 1 0 0 1 1 1
1 88 8792 452 89 1 0.305716 0.950638 0.000902436 0.000900477 0.000622127 -0.0415133 3.63241 -2.58447 4.21346 2.40001 6 12 30.4706 0.41302 0.893731 3 1 0 0 1 2 2
1 88 8792 483 89 1 0.0700874 0.808619 0.00105592 0.0014377 3.92576 0.0699082 4.68659 -0.967211 -0.381139 3.5585 6 12 30.4706 0.41302 0.893731 3 1 0 0 1 2 2
1 88 8792 251 104 0 -0.0513726 0.675144 0.00115949 0.00184657 16.4706 -0.0957921 7.8962 5.80092 5.80092 -30 6 12 30.2658 -0.0522334 0.777443 3 1 0 0 1 2 1
1 88 8792 102 106 0 0.01908 0.776222 0.00108343 0.00155419 3.87882e-05 0.0807797 1.50085 5.53135 5.53135 -30 6 12 30.2498 0.0364304 0.720829 3 1 0 0 1 3 1
1 88 8792 366 113 0 0.13638 0.823967 0.000964884 0.00125854 0.00075251 -0.0599372 1.44666 6.8059 6.8059 -30 6 12 30.2391 0.118414 0.776507 3 1 0 0 1 5 1
1 88 8792 681 114 0 -0.0635354 0.61403 0.00102531 0.00173921 1.49727e-05 0.0986237 0.270256 6.7167 6.7167 -30 6 12 30.2362 -0.06655 0.590698 3 1 0 0 1 3 1
1 88 8792 251 115 0 -0.0513726 0.675144 0.00115949 0.00184657 16.4706 -0.0957921 7.8962 -0.695999 5.80092 -30 6 12 30.2359 0.0621055 0.797337 3 1 0 0 1 2 2
1 88 8792 293 115 0 -0.0216801 0.797845 0.0012121 0.00171254 6.93113 0.0888502 5.91481 -3.50898 5.92904 5.54596 6 12 30.2359 0.0621055 0.797337 3 1 0 0 1 2 2
1 88 8792 190 128 0 0.0198189 0.353855 0.000576309 0.00139813 1.03698 0.0788869 5.34775 6.09385 6.09385 -30 6 12 30.0851 0.00212474 0.433417 3 2 0 1 0 1 1
1 88 8792 134 129 0 0.178957 0.500264 0.000555939 0.000992124 0.000251654 -0.0546255 8.10403 -2.56836 6.00935 -30 6 12 30.0714 0.109873 0.549171 3 2 0 1 1 2 3
1 88 8792 151 129 0 0.123998 0.631214 0.000744379 0.00117379 0.000163097 -0.0639955 3.26115 6.78952 6.78952 -30 6 12 30.0714 0.109873 0.549171 3 1 0 0 1 5 3
1 88 8792 34 132 0 -0.0665475 0.324217 0.000609778 0.0017327 0.00269175 0.0994679 1.0462 5.91305 5.91305 -30 6 12 30.0534 -0.076951 0.330532 3 1 0 0 1 1 1
1 88 8792 236 145 0 -0.0167217 0.328914 0.00064815 0.00155439 0.242522 0.0881945 3.4581 6.68204 6.68204 -30 6 12 33.9504 -0.034395 0.376011 4 1 0 0 1 2 1
1 88 8792 429 149 0 0.0749602 0.692032 0.000930519 0.00138861 0.000118511 0.0695949 3.96497 -0.489056 5.88561 -30 6 12 29.7774 -0.0672059 0.668597 3 1 0 0 1 2 2
1 88 8792 451 149 0 -0.0613242 0.592474 0.00099351 0.00174621 4.76703 0.097828 5.90718 5.95848 5.95848 -30 6 12 29.7774 -0.0672059 0.668597 3 1 0 0 1 3 2
1 88 8792 366 156 0 0.13638 0.823967 0.000964884 0.00125854 0.00075251 -0.0599372 1.44666 -3.74785 6.8059 -30 6 12 29.6891 -0.0437129 0.874363 3 1 0 0 1 5 1
1 88 8792 580 163 0 0.00666854 0.159979 0.000376567 0.00162896 0.0030252 0.081141 1.13932 5.88898 5.88898 -30 6 12 29.6108 0.0177495 0.171575 3 1 0 0 1 1 1
1 88 8792 244 164 0 0.597479 0.0709067 0.000325933 0.000526847 0.000387673 0.0216787 0.435501 5.27431 5.27431 -30 6 12 29.5628 0.626228 0.0570564 3 1 0 0 1 1 1
1 88 8792 203 169 0 -0.0545145 1.95293 0.00250649 0.00181061 0.000326637 0.07466 5.79995 6.4547 6.4547 -30 6 12 29.5086 -0.00963693 1.91258 3 14 0 12 0 1 14
1 88 8792 151 173 0 0.123998 0.631214 0.000744379 0.00117379 0.000163097 -0.0639955 3.26115 -2.39791 6.78952 -30 6 12 29.4533 -0.046475 0.525972 3 1 0 0 1 5 3
1 88 8792 174 173 0 0.472973 0.529821 0.000446067 0.00057392 1.4311 -0.0279589 4.08347 0.589753 4.0132 -30 6 12 29.4533 -0.046475 0.525972 3 1 0 0 1 3 3
1 88 8792 183 173 0 0.137968 0.637389 0.000836469 0.00110804 0.000146888 0.0621973 0.74127 -1.31973 6.54363 -30 6 12 29.4533 -0.046475 0.525972 3 1 0 0 1 3 3
1 88 8792 316 191 1 0.227134 0.203443 0.000319828 0.000926277 0.000342432 -0.0483263 3.76919 -4.94891 -0.35963 2.07741 6 12 29.1535 -0.04415 0.228298 3 1 0 0 1 3 5
1 88 8792 327 191 1 0.154301 0.16371 0.000334774 0.00102063 0.000334019 0.057811 3.63904 -2.49744 4.18434 5.5555 6 12 29.1535 -0.04415 0.228298 3 1 0 0 1 3 5
1 88 8792 337 191 0 -0.0498232 0.164693 0.000382787 0.0017278 0.0234975 0.0916592 3.71254 6.35865 6.35865 -30 6 12 29.1535 -0.04415 0.228298 3 1 0 0 1 3 5
1 88 8792 714 196 0 0.16699 1.10753 0.00121936 0.00129945 6.42959e-05 0.0582474 0.625037 -2.90797 3.29799 5.10684 6 12 29.0666 0.0275693 1.1872 3 1 0 0 1 5 3
1 88 8792 731 196 0 -0.0023333 1.05031 0.0015315 0.00182337 8.78996e-06 0.0854979 1.27406 -3.10388 6.17359 -30 6 12 29.0666 0.0275693 1.1872 3 1 0 0 1 4 3
1 88 8792 732 196 0 0.0922923 1.2127 0.00177896 0.00161099 2.57863e-05 0.0724457 0.392515 -1.44422 6.17688 4.6021 6 12 29.0666 0.0275693 1.1872 3 1 0 0 1 4 3
1 88 8792 429 204 0 0.0749602 0.692032 0.000930519 0.00138861 0.000118511 0.0695949 3.96497 5.88561 5.88561 -30 6 12 28.8254 0.0701438 0.593419 3 1 0 0 1 2 2
1 88 8792 451 204 0 -0.0613242 0.592474 0.00099351 0.00174621 4.76703 0.097828 5.90718 -2.24417 5.95848 -30 6 12 28.8254 0.0701438 0.593419 3 1 0 0 1 3 2
1 88 8792 497 205 0 0.0415071 1.22638 0.00174429 0.00188253 1.25176e-05 0.0774107 0.464597 0.540521 6.65553 -30 6 12 28.8166 0.166614 1.18785 3 1 0 0 1 2 1
1 88 8792 507 206 0 0.10404 0.39461 0.000548319 0.00125248 0.14478 0.064688 2.49772 -0.307713 6.18746 -30 6 12 28.7805 -0.010095 0.475308 3 1 0 0 1 3 3
1 88 8792 517 206 0 -0.000203615 0.575477 0.000894947 0.00156927 9.32074e-05 0.0824868 4.68279 6.2989 6.2989 -30 6 12 28.7805 -0.010095 0.475308 3 1 0 0 1 2 3
1 88 8792 532 206 0 -0.0847086 0.52312 0.000967447 0.00185281 3.66543e-05 0.100905 2.30751 1.40372 5.99924 -30 6 12 28.7805 -0.010095 0.475308 3 1 0 0 1 4 3
1 88 8792 102 207 0 0.01908 0.776222 0.00108343 0.00155419 3.87882e-05 0.0807797 1.50085 -2.77004 5.53135 -30 6 12 28.6945 0.594837 0.832143 3 1 0 0 1 3 1
1 88 8792 28 211 0 -0.087996 1.3583 0.00167011 0.00169467 0.00442065 0.103373 2.41719 1.05393 6.06498 4.1608 6 12 30.0583 -0.0628413 1.44511 3 1 0 0 1 2 1
1 88 8792 497 226 0 0.0415071 1.22638 0.00174429 0.00188253 1.25176e-05 0.0774107 0.464597 6.65553 6.65553 -30 6 12 28.1204 0.0404494 1.19347 3 1 0 0 1 2 1
1 88 8792 725 228 0 0.233093 0.760636 0.000804106 0.00103532 9.98835 -0.0503832 6.25577 6.1537 6.1537 -30 6 12 32.0141 0.20967 0.843393 4 1 0 0 1 1 1
1 88 8792 650 230 1 -0.095833 0.490719 0.00090703 0.00184922 0.00118003 -0.106636 1.34249 -2.58679 -0.976013 2.89368 6 12 27.878 -0.0430122 0.562952 3 1 0 0 1 1 2
1 88 8792 698 230 2 0.0857145 0.605232 0.00101444 0.00133513 0.000890417 0.0719745 3.15848 0.643268 0.643268 3.63475 6 12 27.878 -0.0430122 0.562952 3 1 0 0 1 1 2
1 88 8792 184 235 0 0.0702477 1.5956 0.00154862 0.00124548 7.16936 0.0613362 8.16859 6.33863 6.33863 -30 6 12 28.0964 0.123192 1.6141 3 1 0 0 1 2 1
1 88 8792 59 247 0 0.0443925 0.231342 0.00045831 0.00143295 0.0166076 -0.0749897 2.05737 1.35289 6.84335 -30 6 12 29.6039 -0.0527638 0.300194 3 2 0 1 0 3 4
1 88 8792 67 247 0 -0.0330485 0.294019 0.000580682 0.00172599 0.000193063 -0.0891568 0.842392 5.4906 5.4906 -30 6 12 29.6039 -0.0527638 0.300194 3 1 0 0 1 3 4
1 88 8792 107 247 0 0.136052 0.228068 0.000402891 0.00111356 0.00029177 0.0631531 0.0450518 -2.19923 6.38018 -30 6 12 29.6039 -0.0527638 0.300194 3 1 0 0 1 4 4
1 88 8792 44 252 0 -0.0126658 1.15544 0.00178299 0.00203181 1.48562e-05 -0.0842433 3.36582 -1.56671 4.42766 -30 5 10 27.2032 -0.0759187 1.0813 3 1 0 0 1 3 1
1 88 8792 366 263 0 0.13638 0.823967 0.000964884 0.00125854 0.00075251 -0.0599372 1.44666 -3.8575 6.8059 -30 5 10 27.0483 0.258473 0.93486 3 1 0 0 1 5 1
1 88 8792 554 276 1 -0.0440549 0.638939 0.000995076 0.00163651 14.4117 -0.0910038 8.31145 -4.60359 -1.53917 1.99027 6 12 28.3116 0.0558938 0.609167 3 1 0 0 1 1 1
1 88 8792 173 280 0 0.571889 0.729661 0.000535272 0.00055207 3.91041 0.0230103 4.74321 5.35226 5.35226 4.80448 5 10 26.6826 0.527826 0.769277 3 1 0 0 1 1 1
1 88 8792 131 282 0 -0.0416034 0.916014 0.00149385 0.00194921 24.1794 -0.0899142 7.68747 6.39829 6.39829 0.694586 5 10 26.66 -0.020225 0.983911 3 2 0 0 1 1 2
1 88 8792 265 283 0 0.0331833 1.07482 0.00150855 0.00173268 0.0014291 -0.0765524 1.05096 0.471811 6.72115 -30 5 10 26.6582 -0.0739345 0.980365 3 1 0 0 1 2 1
1 88 8792 97 287 0 0.722449 0.975677 0.000938528 0.000446679 2.53713 0.016205 5.10731 6.03576 6.03576 -30 5 10 26.6064 0.702303 0.993364 3 1 0 0 1 2 2
1 88 8792 116 287 0 -0.0554079 0.898732 0.00148374 0.00194764 0.39211 0.0969644 3.97282 -2.85179 6.77304 -30 5 10 26.6064 0.702303 0.993364 3 1 0 0 1 2 2
1 88 8792 293 298 0 -0.0216801 0.797845 0.0012121 0.00171254 6.93113 0.0888502 5.91481 5.92904 5.92904 5.54596 6 12 27.4367 -0.0483631 0.853643 3 1 0 0 1 2 1
1 88 8792 73 299 1 -0.0853988 0.570489 0.00104594 0.00189746 4.55866 0.0999218 5.97738 -3.38739 3.57115 3.29678 6 12 26.3401 0.591646 0.436367 3 2 0 0 1 2 2
1 88 8792 532 301 0 -0.0847086 0.52312 0.000967447 0.00185281 3.66543e-05 0.100905 2.30751 5.99924 5.99924 -30 5 10 26.3275 -0.0752819 0.457753 3 1 0 0 1 4 2
1 88 8792 538 301 0 -0.0129589 0.416119 0.000681716 0.00150627 0.000103768 0.0912296 0.62572 2.93007 4.51339 4.7419 5 10 26.3275 -0.0752819 0.457753 3 1 0 0 1 3 2
1 88 8792 1228 317 1 0.210023 2.06858 0.00198789 0.00109477 0.000945654 0.0395074 10.5828 -1.07558 2.61349 3.62306 5 10 26.0358 0.0153632 2.13528 3 24 0 0 0 1 36
1 88 8792 226 322 1 0.0263833 1.08669 0.00131046 0.00149407 26.1636 0.082987 8.53452 2.0274 2.0274 3.12764 5 10 25.971 0.0332936 1.12398 3 2 0 0 0 2 2
1 88 8792 0 328 0 -0.0471882 0.714417 0.00119398 0.00182578 1.79512e-05 -0.0915409 3.86533 5.65836 5.65836 -30 5 10 25.7348 -0.0603708 0.63386 3 1 0 0 1 1 1
1 88 8792 97 330 0 0.722449 0.975677 0.000938528 0.000446679 2.53713 0.016205 5.10731 -1.469 6.03576 -30 5 10 25.7149 -0.0415661 0.919875 3 1 0 0 1 2 2
1 88 8792 116 330 0 -0.0554079 0.898732 0.00148374 0.00194764 0.39211 0.0969644 3.97282 6.77304 6.77304 -30 5 10 25.7149 -0.0415661 0.919875 3 1 0 0 1 2 2
1 88 8792 4878 332 0 -0.0993524 2.39645 0.00521975 0.00228655 0.0169941 -0.0789685 26.2 6.41415 6.41415 5.44774 5 10 26.4574 -0.0330899 2.3958 3 6 0 1 0 2 7
1 88 8792 10181 332 2 0.147286 2.37399 0.00309045 0.00119084 1028.27 -0.0550316 42.123 -1.5874 -0.268616 -2.34774 5 10 26.4574 -0.0330899 2.3958 3 1 0 0 1 2 7
1 88 8792 476 334 0 -0.0772912 1.63772 0.00206123 0.00180609 0.00110925 -0.0893243 6.59924 4.74964 4.74964 -30 5 10 25.6068 -0.084668 1.65411 3 1 0 0 1 1 1
1 88 8792 26 345 0 0.0296856 1.77391 0.00194843 0.00156533 0.00242557 -0.068044 3.8616 -1.82775 5.68723 5.48057 6 12 29.2432 -0.00504794 1.76552 3 3 0 0 0 3 5
1 88 8792 69 345 1 0.038165 1.82283 0.00222593 0.00144286 0.00183578 0.0618847 7.07634 0.139437 4.3419 2.129 6 12 29.2432 -0.00504794 1.76552 3 2 0 0 0 1 5
1 88 8792 694 356 0 -0.0637136 0.201043 0.000462447 0.00181005 0.0418787 0.0955643 2.96827 3.30846 5.51149 -30 6 12 27.6799 -0.0469962 0.196301 3 1 0 0 1 2 2
1 88 8792 696 356 0 -0.0646672 0.131822 0.000364273 0.00175811 0.0200155 0.0953361 3.92095 5.00581 5.00581 -30 6 12 27.6799 -0.0469962 0.196301 3 1 0 0 1 2 2
1 88 8792 128 361 0 0.0749595 1.56364 0.00126877 0.00116833 0.000170911 0.0748098 2.15593 5.24973 5.24973 4.40233 6 12 29.1199 0.0839703 1.54269 3 4 0 0 0 2 4
1 88 8792 213 366 0 0.120265 0.00298861 0.000278515 0.00128801 0.000385653 0.0656253 7.83372 -0.0387112 6.83127 -30 6 12 26.1978 0.136785 0.0976163 3 1 0 0 1 2 1
1 88 8792 572 367 0 -0.0798901 1.42791 0.00164295 0.0016495 45.1986 -0.0962787 10.8037 6.31317 6.31317 -30 6 12 33.3372 -0.071609 1.47803 4 1 0 0 1 2 1
1 88 8792 4810 371 1 0.327938 2.42623 0.00446779 0.000964589 1.64005 -0.0241004 25.65 0.299309 0.299309 -2.09284 5 10 27.1721 -0.074113 2.34659 3 36 0 0 0 1 36
1 88 8792 10057 371 1 0.0179244 2.44619 0.00243552 0.00135495 23.4934 0.0758725 40.323 -1.86379 -1.86379 -2.34399 5 10 27.1721 -0.074113 2.34659 3 18 0 0 0 1 36
1 88 8792 316 375 1 0.227134 0.203443 0.000319828 0.000926277 0.000342432 -0.0483263 3.76919 -1.22711 -0.35963 2.07741 6 12 23.0471 0.0931611 0.104562 3 1 0 0 1 3 3
1 88 8792 327 375 1 0.154301 0.16371 0.000334774 0.00102063 0.000334019 0.057811 3.63904 4.18434 4.18434 5.5555 6 12 23.0471 0.0931611 0.104562 3 1 0 0 1 3 3
1 88 8792 337 375 0 -0.0498232 0.164693 0.000382787 0.0017278 0.0234975 0.0916592 3.71254 -2.72618 6.35865 -30 6 12 23.0471 0.0931611 0.104562 3 1 0 0 1 3 3
1 88 8792 440 378 1 -0.0311125 1.27629 0.00152038 0.0015557 0.00313318 0.0933206 5.17581 0.759341 0.759341 4.06194 5 10 25.7539 0.163403 1.25745 3 1 0 0 1 2 1
1 88 8792 151 379 0 0.123998 0.631214 0.000744379 0.00117379 0.000163097 -0.0639955 3.26115 -4.14639 6.78952 -30 6 12 22.8426 -0.051081 0.685044 3 1 0 0 1 5 1
1 88 8792 1970 399 1 0.26418 2.19049 0.00194727 0.000765778 3.4607e-05 -0.0277626 12.1457 1.50533 1.74284 1.42279 5 10 22.1938 0.130343 2.15472 2 6 0 0 0 2 9
1 88 8792 1981 399 1 -0.096867 2.24936 0.00334461 0.00195629 6.39527e-05 -0.0626438 12.951 -0.69996 1.9698 5.43325 5 10 22.1938 0.130343 2.15472 2 3 0 0 0 1 9
1 88 8792 1774 403 1 -0.0888324 1.87633 0.0020023 0.00176045 0.00514352 0.104044 4.98726 0.227339 0.862654 2.30081 5 10 26.181 0.0790936 1.89903 3 1 0 0 1 1 7
1 88 8792 1684 404 1 -0.0948656 1.71678 0.00190504 0.00182736 6.16045 -0.102862 8.8572 0.232085 0.232085 2.42784 5 10 22.1258 0.0472789 1.82672 2 3 0 0 1 1 3
1 88 8792 2050 405 0 0.21945 1.82652 0.00146291 0.00100909 2.01947e-07 0.0492306 8.64465 -2.3397 6.11362 -30 5 10 22.1222 0.129873 1.85723 2 1 0 0 1 2 1
1 88 8792 202 406 0 -0.0547601 1.03835 0.00176306 0.00209998 0.00212392 0.0939966 2.5449 -0.465826 4.63656 -30 6 12 35.5599 0.0597149 1.11333 4 1 0 0 1 2 1
1 88 8792 331 421 0 -0.0783797 0.388307 0.000727835 0.00174635 2.73107 -0.0998682 7.23871 6.23799 6.23799 -30 6 12 21.8945 -0.0889609 0.503839 2 2 0 1 0 2 2
1 88 8792 1672 424 1 -0.0424697 2.44531 0.00459436 0.0018409 1.57036e-05 -0.0517494 10.5869 -2.88345 -0.918865 0.202937 5 10 21.8792 0.0526774 2.35096 2 7 0 0 0 2 14
1 88 8792 1675 424 1 -0.0435799 2.26799 0.00181497 0.00150284 7.49254e-07 0.0533517 9.12942 -0.38954 0.865617 0.790165 5 10 21.8792 0.0526774 2.35096 2 5 0 0 0 2 14
1 88 8792 3797 424 1 -0.0758969 2.45577 0.00460867 0.00187692 53.7685 -0.0612031 25.65 -4.35785 -3.00126 -2.69661 5 10 21.8792 0.0526774 2.35096 2 6 0 0 1 2 14
1 88 8792 371 456 0 0.0615723 1.60201 0.00148862 0.00123645 0.903184 -0.0647235 7.15888 6.75864 6.75864 -30 6 12 29.0952 0.0723864 1.61662 3 1 0 0 1 1 5
1 88 8792 406 456 1 0.0602927 1.61498 0.00147339 0.0013177 0.000247972 0.0752547 2.60039 -1.2251 2.29874 -30 6 12 29.0952 0.0723864 1.61662 3 4 0 3 0 3 5
1 88 8792 6439 461 1 -0.0983941 2.16727 0.00243206 0.00191119 12.4209 0.107243 31.945 0.233189 0.233189 -0.94896 6 12 33.5037 0.0789327 2.1071 4 4 0 0 0 1 4
1 88 8792 200 462 1 -0.0838912 0.975807 0.00169804 0.00213777 0.00252404 -0.10465 3.43297 -0.259859 -0.259859 5.58243 5 10 21.4219 0.0387395 0.888408 2 2 0 0 0 1 2
1 88 8792 240 463 0 -0.0620613 0.392682 0.000713914 0.00175093 3.05505 -0.0979068 7.63193 6.31525 6.31525 -30 5 10 21.4203 -0.0546512 0.505 2 1 0 0 1 1 1
1 88 8792 535 480 0 0.157169 0.017331 0.000263361 0.00115114 0.000345625 0.0610073 1.44666 0.56371 4.93073 5.15359 5 10 21.309 0.0337081 0.0328225 2 1 0 0 1 2 1
1 88 8792 117 495 0 0.0595667 0.127413 0.000316908 0.00137677 0.0089823 0.0747237 2.71798 6.50002 6.50002 -30 5 10 21.1686 0.0453787 0.171692 2 1 0 0 1 1 1
1 88 8792 213 496 0 0.120265 0.00298861 0.000278515 0.00128801 0.000385653 0.0656253 7.83372 -1.84644 6.83127 -30 5 10 21.1605 0.584789 0.107835 2 1 0 0 1 2 1
1 88 8792 144 502 0 -0.046817 0.931608 0.00151935 0.00193456 0.00172952 0.0920065 4.84893 -3.38164 5.97134 -30 5 10 21.1143 -0.0935362 1.04927 2 1 0 0 1 2 1
1 88 8792 592 511 1 -0.0833191 1.66031 0.00222357 0.00179097 0.00352652 -0.0873796 0.685789 -0.165833 2.7215 3.87637 5 10 25.6918 -0.0269828 1.6579 3 1 0 0 1 2 5
1 88 8792 616 511 0 -0.018226 1.68129 0.0025184 0.00176508 0.00857718 -0.0919892 1.5496 6.44177 6.44177 5.83465 5 10 25.6918 -0.0269828 1.6579 3 4 0 0 0 1 5
1 88 8792 919 517 0 0.0768218 2.09685 0.00198274 0.00146878 19.2169 -0.0435181 17.3254 5.23693 5.23693 2.5796 5 10 21.0206 0.161155 2.1511 2 11 0 0 0 2 19
1 88 8792 382 518 0 0.0608627 1.69215 0.00158747 0.00136606 0.000130354 -0.0705675 1.33189 -1.73267 5.91947 -30 5 10 25.6868 0.0656859 1.5953 3 1 0 0 1 3 8
1 88 8792 406 518 1 0.0602927 1.61498 0.00147339 0.0013177 0.000247972 0.0752547 2.60039 2.29874 2.29874 -30 5 10 25.6868 0.0656859 1.5953 3 4 0 3 0 3 8
1 88 8792 416 518 0 0.0144259 1.46262 0.00155913 0.00142579 7.82502e-05 0.0782178 2.54222 -0.893589 5.60516 5.43833 5 10 25.6868 0.0656859 1.5953 3 1 0 0 1 3 8
1 88 8792 419 518 0 0.69736 1.58198 0.00133097 0.000374828 5.83704 -0.0151554 9.20529 -2.4926 4.5465 -30 5 10 25.6868 0.0656859 1.5953 3 2 0 1 0 3 8
1 88 8792 2308 521 1 -0.0203434 2.4691 0.00517301 0.00167635 4.33102e-07 0.0471294 15.7719 -1.1309 -1.1309 -1.118 5 10 20.9282 0.0599222 2.38333 2 15 0 0 1 1 20
1 88 8792 2318 521 1 -0.0825266 2.3711 0.00356135 0.00188719 3.81212e-06 0.0557966 12.4955 -1.48214 0.379461 0.192397 5 10 20.9282 0.0599222 2.38333 2 15 0 0 0 1 20
1 88 8792 4878 521 0 -0.0993524 2.39645 0.00521975 0.00228655 0.0169941 -0.0789685 26.2 0.9275 6.41415 5.44774 5 10 20.9282 0.0599222 2.38333 2 6 0 1 0 2 20
1 88 8792 10181 521 2 0.147286 2.37399 0.00309045 0.00119084 1028.27 -0.0550316 42.123 -0.268616 -0.268616 -2.34774 5 10 20.9282 0.0599222 2.38333 2 1 0 0 1 2 20
1 88 8792 248 528 0 0.0479421 0.26278 0.000509418 0.00135475 0.000226308 0.0786787 6.12189 6.87262 6.87262 -30 5 10 20.8247 0.0533985 0.135315 2 1 0 0 1 1 1
1 88 8792 1428 529 0 0.0221122 1.93953 0.00199082 0.00148509 24.8675 0.0625416 14.2769 6.60934 6.60934 -30 5 10 20.8201 0.00587758 1.97188 2 12 0 11 0 1 12
1 88 8792 2196 530 1 -0.0181057 2.13371 0.00244949 0.00143937 0.000115088 -0.0623823 12.3761 2.04857 2.04857 0.714065 5 10 20.8185 -0.0238069 2.06483 2 5 0 0 1 1 9
1 88 8792 2198 530 0 -0.0542045 2.08841 0.00244138 0.00185243 0.000480698 -0.0751748 7.83372 6.68155 6.68155 -30 5 10 20.8185 -0.0238069 2.06483 2 2 0 1 0 1 9
1 88 8792 2205 530 1 0.225351 2.05774 0.00282376 0.00101643 50.903 -0.0337173 14.7515 0.75447 0.75447 2.63848 5 10 20.8185 -0.0238069 2.06483 2 2 0 0 1 1 9
1 88 8792 592 532 1 -0.0833191 1.66031 0.00222357 0.00179097 0.00352652 -0.0873796 0.685789 0.513577 2.7215 3.87637 5 10 20.7853 -0.109786 1.70506 2 1 0 0 1 2 1
1 88 8792 1672 534 1 -0.0424697 2.44531 0.00459436 0.0018409 1.57036e-05 -0.0517494 10.5869 -0.918865 -0.918865 0.202937 5 10 20.7328 0.304001 2.35224 2 7 0 0 0 2 13
1 88 8792 1675 534 1 -0.0435799 2.26799 0.00181497 0.00150284 7.49254e-07 0.0533517 9.12942 -2.07612 0.865617 0.790165 5 10 20.7328 0.304001 2.35224 2 5 0 0 0 2 13
1 88 8792 3797 534 1 -0.0758969 2.45577 0.00460867 0.00187692 53.7685 -0.0612031 25.65 -3.27783 -3.00126 -2.69661 5 10 20.7328 0.304001 2.35224 2 6 0 0 1 2 13
1 88 8792 2307 537 0 -0.0858892 1.91467 0.00197678 0.00170021 13.8629 -0.0815499 14.3642 6.1051 6.1051 -30 5 10 20.6664 -0.0656633 1.94205 2 3 0 2 1 1 3
1 88 8792 507 541 0 0.10404 0.39461 0.000548319 0.00125248 0.14478 0.064688 2.49772 6.18746 6.18746 -30 5 10 20.9036 0.0629003 0.420409 2 1 0 0 1 3 1
1 88 8792 21 549 0 1.30737 0.855459 0.00117905 0.000169523 0.381343 0.00456339 3.29408 4.60223 4.60223 -30 6 12 31.0949 1.29289 0.864385 4 1 0 0 1 7 1
1 88 8792 165 554 0 -0.0793672 0.00169082 0.00026757 0.00183565 0.000382211 -0.102925 1.50673 6.7907 6.7907 -30 6 12 20.398 -0.0918391 0.0318906 2 1 0 0 1 1 1
1 88 8792 2363 557 1 0.266701 1.73681 0.00120543 0.000881452 15.8272 -0.0435965 9.85596 -2.05195 4.03974 5.33535 6 12 34.0735 0.279361 1.76485 4 18 0 0 0 4 18
1 88 8792 382 563 0 0.0608627 1.69215 0.00158747 0.00136606 0.000130354 -0.0705675 1.33189 5.91947 5.91947 -30 5 10 20.9676 0.0953774 1.657 2 1 0 0 1 3 13
1 88 8792 406 563 1 0.0602927 1.61498 0.00147339 0.0013177 0.000247972 0.0752547 2.60039 -1.55108 2.29874 -30 5 10 20.9676 0.0953774 1.657 2 4 0 3 0 3 13
1 88 8792 419 564 0 0.69736 1.58198 0.00133097 0.000374828 5.83704 -0.0151554 9.20529 -1.70736 4.5465 -30 6 12 33.7364 0.618188 1.47318 4 2 0 1 0 3 4
1 88 8792 542 567 0 0.0440328 1.04409 0.00146397 0.00169911 1.79721e-07 -0.0779191 0.0582722 5.36047 5.36047 -30 6 12 34.3732 0.0293358 0.998175 4 1 0 0 1 1 1
1 88 8792 633 581 0 0.135465 0.454678 0.00057367 0.00112584 7.86097 0.0603713 9.04355 6.68464 6.68464 -30 6 12 28.9775 0.114392 0.591075 3 1 0 0 1 1 1
1 88 8792 2289 583 2 0.341016 1.95354 0.00219304 0.000811826 23.0202 0.028724 12.3596 -3.17288 2.85078 3.75242 5 10 24.7774 -0.0755042 1.87832 3 4 0 0 1 1 4
1 88 8792 706 584 1 0.594528 1.40583 0.00105205 0.000440431 0.000305341 -0.0210884 3.61119 -3.63079 -0.21723 4.83639 7 14 28.1239 0.0343911 1.52658 3 2 0 0 0 3 4
1 88 8792 477 586 0 -0.0773068 0.247345 0.000529215 0.00179273 0.0548689 -0.0986291 2.84813 6.86909 6.86909 5.86235 5 10 25.8512 -0.0909761 0.290214 3 2 0 0 0 1 2
1 88 8792 366 590 0 0.13638 0.823967 0.000964884 0.00125854 0.00075251 -0.0599372 1.44666 -3.05227 6.8059 -30 6 12 28.7171 -0.0222486 0.771513 3 1 0 0 1 5 1
1 88 8792 21 592 0 1.30737 0.855459 0.00117905 0.000169523 0.381343 0.00456339 3.29408 -1.84406 4.60223 -30 6 12 26.1458 0.751793 0.772488 3 1 0 0 1 7 2
1 88 8792 46 592 0 0.0867499 0.641956 0.000788497 0.0012669 0.000134514 0.0693757 0.350403 -2.94256 1.83821 -30 6 12 26.1458 0.751793 0.772488 3 1 0 0 1 4 2
1 88 8792 311 594 0 -0.074322 1.3904 0.00171675 0.00174003 50.9411 -0.0971822 10.7208 -1.75998 6.72115 2.56606 6 12 20.4259 0.606761 1.32911 2 2 0 0 0 2 2
1 88 8792 2171 598 0 0.157428 1.98007 0.00160578 0.00101922 1.75272e-06 0.050057 8.3601 4.40811 4.40811 -30 5 10 24.8895 0.189322 1.96527 3 9 0 8 0 1 9
1 88 8792 376 603 0 -0.0334102 0.766141 0.00126687 0.00182504 0.00143877 -0.092632 3.96451 5.78193 5.78193 -30 6 12 29.6407 -0.0344949 0.691576 3 1 0 0 1 1 1
1 88 8792 495 612 0 0.485203 0.549762 0.000464269 0.000487271 0.000434236 -0.0283665 2.41763 -1.53507 6.21746 -30 6 12 20.0436 0.0587095 0.542023 2 1 0 0 1 2 1
1 88 8792 964 623 1 0.0557268 1.89796 0.00169576 0.00133026 11.5811 -0.0615509 12.822 -3.88607 0.67014 4.23815 5 10 25.9017 0.0438058 1.79956 3 15 0 0 0 2 27
1 88 8792 44 624 0 -0.0126658 1.15544 0.00178299 0.00203181 1.48562e-05 -0.0842433 3.36582 4.42766 4.42766 -30 6 12 32.6352 0.00904725 1.07367 4 1 0 0 1 3 1
1 88 8792 370 625 0 1.09454 1.49483 0.00162776 0.000228156 0.991766 0.00728186 6.43966 -0.983077 4.50075 5.20661 5 10 25.5239 0.360526 1.42958 3 1 0 0 1 4 4
1 88 8792 416 625 0 0.0144259 1.46262 0.00155913 0.00142579 7.82502e-05 0.0782178 2.54222 0.378238 5.60516 5.43833 5 10 25.5239 0.360526 1.42958 3 1 0 0 1 3 4
1 88 8792 219 630 1 -0.0532605 1.92192 0.00238617 0.00153802 0.00215752 -0.0689629 7.79579 1.37169 1.37169 3.42407 5 10 25.3164 -0.0580355 1.98098 3 8 0 0 0 1 8
1 88 8792 714 632 0 0.16699 1.10753 0.00121936 0.00129945 6.42959e-05 0.0582474 0.625037 1.6147 3.29799 5.10684 6 12 29.0529 0.0163401 1.03672 3 1 0 0 1 5 2
1 88 8792 731 632 0 -0.0023333 1.05031 0.0015315 0.00182337 8.78996e-06 0.0854979 1.27406 6.17359 6.17359 -30 6 12 29.0529 0.0163401 1.03672 3 1 0 0 1 4 2
1 88 8792 216 641 1 0.00124514 2.00162 0.00274112 0.0015711 0.00193046 0.060821 6.62915 -1.07498 1.70753 4.29714 6 12 28.8332 0.454377 2.05604 3 3 0 0 1 1 20
1 88 8792 919 641 0 0.0768218 2.09685 0.00198274 0.00146878 19.2169 -0.0435181 17.3254 -3.24159 5.23693 2.5796 6 12 28.8332 0.454377 2.05604 3 11 0 0 0 2 20
1 88 8792 231 645 0 0.133987 0.241808 0.000382117 0.00115856 0.625538 0.0605016 7.67915 6.47307 6.47307 -30 6 12 27.2702 0.112245 0.372885 3 1 0 0 1 1 2
1 88 8792 236 645 0 -0.0167217 0.328914 0.00064815 0.00155439 0.242522 0.0881945 3.4581 -0.56961 6.68204 -30 6 12 27.2702 0.112245 0.372885 3 1 0 0 1 2 2
1 88 8792 452 649 1 0.305716 0.950638 0.000902436 0.000900477 0.000622127 -0.0415133 3.63241 4.21346 4.21346 2.40001 5 10 25.0373 0.179283 0.941338 3 1 0 0 1 2 2
1 88 8792 483 649 1 0.0700874 0.808619 0.00105592 0.0014377 3.92576 0.0699082 4.68659 -2.16425 -0.381139 3.5585 5 10 25.0373 0.179283 0.941338 3 1 0 0 1 2 2
1 88 8792 439 658 0 0.0524502 0.912693 0.00112325 0.0014928 0.00104252 -0.0722721 2.00859 4.47125 4.47125 2.9197 5 10 19.7713 -0.0861652 0.908015 2 1 0 0 1 1 1
1 88 8792 124 663 0 -0.0061736 1.39534 0.00167048 0.00149378 2.24167e-05 0.0760658 4.93647 6.76769 6.76769 2.65684 5 10 24.6503 -0.0381105 1.40552 3 1 0 0 1 1 1
1 88 8792 499 672 0 0.308145 1.07085 0.000918365 0.000887577 0.000644587 0.0421415 4.29073 -2.97652 3.28368 -30 6 12 32.5544 0.50931 1.07138 4 1 0 0 1 3 1
1 88 8792 79 673 1 -0.00341715 0.135188 0.00033092 0.00154187 0.000304639 0.0825285 5.96171 -3.30318 -1.07876 3.85467 5 10 19.7712 0.4247 0.0328407 2 1 0 0 1 1 4
1 88 8792 61 676 0 0.140418 0.111016 0.00032018 0.00119841 0.0203684 0.059951 6.94269 6.44559 6.44559 -30 6 12 27.5046 0.116947 0.242045 3 1 0 0 1 1 1
1 88 8792 270 680 0 -0.0972224 1.29791 0.00163283 0.00176249 46.77 0.112877 9.20909 6.75015 6.75015 -30 5 10 20.7979 -0.128318 1.35884 2 1 0 0 1 1 1
1 88 8792 301 682 0 -0.0197435 1.0766 0.00172517 0.00201561 3.43662e-05 0.0890953 1.26934 6.52879 6.52879 -30 5 10 25.0063 -0.0336281 1.05689 3 1 0 0 1 3 3
1 88 8792 490 685 0 -0.0928639 1.14409 0.00201419 0.00230428 0.000448336 0.106533 0.41535 5.26622 5.26622 -30 5 10 20.5708 -0.0927715 1.12227 2 1 0 0 1 1 1
1 88 8792 382 687 0 0.0608627 1.69215 0.00158747 0.00136606 0.000130354 -0.0705675 1.33189 -0.72601 5.91947 -30 5 10 20.6467 0.0806888 1.78992 2 1 0 0 1 3 9
1 88 8792 450 690 0 0.0577475 1.40082 0.00134308 0.00123628 0.000121622 -0.078724 1.03962 6.19977 6.19977 3.69657 5 10 23.7642 0.0657421 1.36333 3 1 0 0 1 3 1
1 88 8792 279 696 0 0.00285796 0.379008 0.000598191 0.00142939 0.525722 -0.0853511 3.8829 6.53269 6.53269 -30 5 10 21.4075 -0.0154856 0.441346 2 1 0 0 1 1 2
1 88 8792 281 696 1 -0.0720072 0.403913 0.000766755 0.00182385 0.115276 -0.100953 2.31131 2.05731 2.05731 1.98082 5 10 21.4075 -0.0154856 0.441346 2 1 0 0 1 1 2
1 88 8792 18 704 1 -0.0704743 1.71054 0.00206684 0.00151455 11.1239 -0.0763255 9.26305 2.18507 2.71807 4.1876 6 12 27.6061 0.0229943 1.7508 3 4 0 0 0 2 7
1 88 8792 26 704 0 0.0296856 1.77391 0.00194843 0.00156533 0.00242557 -0.068044 3.8616 5.68723 5.68723 5.48057 6 12 27.6061 0.0229943 1.7508 3 3 0 0 0 3 7
1 88 8792 1689 706 1 0.032828 2.1284 0.00288449 0.00156505 160.204 0.0435276 18.4228 0.963692 0.963692 2.55394 5 10 19.9883 -0.140085 2.13833 2 14 0 0 0 1 34
1 88 8792 1695 706 1 -0.0932151 2.23219 0.00282506 0.00188918 0.000659826 0.0741223 6.80753 1.83619 1.83619 4.99012 5 10 19.9883 -0.140085 2.13833 2 20 0 0 0 1 34
1 88 8792 2363 712 1 0.266701 1.73681 0.00120543 0.000881452 15.8272 -0.0435965 9.85596 -2.593 4.03974 5.33535 5 10 20.6746 0.234827 1.72353 2 18 0 0 0 4 18
1 88 8792 572 713 0 -0.0798901 1.42791 0.00164295 0.0016495 45.1986 -0.0962787 10.8037 -1.81848 6.31317 -30 5 10 23.7082 0.0510855 1.35234 3 1 0 0 1 2 1
1 88 8792 370 716 0 1.09454 1.49483 0.00162776 0.000228156 0.991766 0.00728186 6.43966 -1.27395 4.50075 5.20661 6 12 19.726 0.504528 1.3727 2 1 0 0 1 4 3
1 88 8792 558 718 0 -0.010619 0.736227 0.00111257 0.00163654 0.00111418 0.0846977 1.25079 -0.323833 4.97417 -30 5 10 19.5346 0.229984 0.686082 2 2 0 1 1 3 2
1 88 8792 438 721 0 0.0571284 1.22331 0.00152453 0.00168078 0.00148175 -0.0730986 1.21429 -3.96899 6.75115 -30 6 12 27.359 -0.0754472 1.28779 3 1 0 0 1 2 1
1 88 8792 714 732 0 0.16699 1.10753 0.00121936 0.00129945 6.42959e-05 0.0582474 0.625037 -1.36002 3.29799 5.10684 6 12 32.9902 0.0964086 1.07848 4 1 0 0 1 5 1
1 88 8792 151 737 0 0.123998 0.631214 0.000744379 0.00117379 0.000163097 -0.0639955 3.26115 -2.68715 6.78952 -30 6 12 27.972 0.115336 0.598118 3 1 0 0 1 5 3
1 88 8792 174 737 0 0.472973 0.529821 0.000446067 0.00057392 1.4311 -0.0279589 4.08347 -2.45909 4.0132 -30 6 12 27.972 0.115336 0.598118 3 1 0 0 1 3 3
1 88 8792 183 737 0 0.137968 0.637389 0.000836469 0.00110804 0.000146888 0.0621973 0.74127 6.54363 6.54363 -30 6 12 27.972 0.115336 0.598118 3 1 0 0 1 3 3
1 88 8792 144 746 0 -0.046817 0.931608 0.00151935 0.00193456 0.00172952 0.0920065 4.84893 5.97134 5.97134 -30 5 10 20.2508 -0.0516718 0.836119 2 1 0 0 1 2 1
1 88 8792 196 756 1 -0.0189537 1.66466 0.00178411 0.00152702 0.00315368 0.0799467 7.49011 3.60377 3.60377 3.26814 6 12 31.7486 -0.0565226 1.69997 4 2 0 0 0 1 8
1 88 8792 86 757 0 0.148654 1.69508 0.00173878 0.00107368 7.40685e-06 -0.0539854 1.60358 -3.80435 5.83599 -30 6 12 27.8389 -0.040715 1.70758 3 2 0 1 0 2 8
1 88 8792 363 758 0 -0.0801948 1.66032 0.00200091 0.00186431 0.00356589 0.0869026 6.97431 6.18223 6.18223 2.82598 5 10 19.8925 -0.00750825 1.62937 2 1 0 0 1 1 1
1 88 8792 311 759 0 -0.074322 1.3904 0.00171675 0.00174003 50.9411 -0.0971822 10.7208 6.72115 6.72115 2.56606 5 10 22.6759 -0.0828203 1.44768 3 2 0 0 0 2 2
1 88 8792 62 761 0 0.173707 1.34905 0.00119842 0.000944802 0.00123609 -0.0579333 3.40872 4.11247 4.11247 4.42891 6 12 27.4237 0.20504 1.27716 3 1 0 0 1 1 1
1 88 8792 2363 763 1 0.266701 1.73681 0.00120543 0.000881452 15.8272 -0.0435965 9.85596 1.32599 4.03974 5.33535 5 10 20.8688 0.109321 1.76738 2 18 0 0 0 4 31
1 88 8792 641 764 0 0.0249572 1.14341 0.00164705 0.00184966 0.00181506 -0.0808161 0.602093 -0.438209 2.94 4.02408 6 12 29.3731 -0.0379825 1.20322 4 1 0 0 1 3 1
1 88 8792 259 766 1 0.290314 0.0935907 0.000287421 0.000835143 2.71886e-05 -0.0437729 1.63688 2.3564 2.3564 2.72042 5 10 19.218 0.168402 0.150222 2 1 0 0 1 1 1
1 88 8792 495 768 0 0.485203 0.549762 0.000464269 0.000487271 0.000434236 -0.0283665 2.41763 6.21746 6.21746 -30 6 12 30.4774 0.456017 0.483012 4 1 0 0 1 2 1
1 88 8792 208 770 0 -0.0529841 1.63941 0.00185222 0.0017174 0.00106729 -0.0928351 5.58826 5.12692 5.12692 4.23222 5 10 19.7231 -0.0831575 1.64168 2 1 0 0 1 1 1
1 88 8792 134 774 0 0.178957 0.500264 0.000555939 0.000992124 0.000251654 -0.0546255 8.10403 6.00935 6.00935 -30 5 10 23.7083 0.155246 0.377914 3 2 0 1 1 2 2
1 88 8792 619 786 0 0.0130897 1.52306 0.00151373 0.00143272 0.000737644 -0.0882678 2.99611 5.31037 5.31037 3.88718 6 12 28.2512 -0.0428132 1.52026 3 2 0 0 1 1 2
1 88 8792 395 792 0 0.266395 1.11143 0.00101709 0.00102436 0.000150042 -0.0464246 2.16293 3.3596 3.3596 4.19244 5 10 17.3119 0.26349 1.01804 2 1 0 0 1 1 1
1 88 8792 21 793 0 1.30737 0.855459 0.00117905 0.000169523 0.381343 0.00456339 3.29408 -0.902514 4.60223 -30 6 12 25.5879 0.358382 0.772572 3 1 0 0 1 7 2
1 88 8792 46 793 0 0.0867499 0.641956 0.000788497 0.0012669 0.000134514 0.0693757 0.350403 -3.31802 1.83821 -30 6 12 25.5879 0.358382 0.772572 3 1 0 0 1 4 2
1 88 8792 507 795 0 0.10404 0.39461 0.000548319 0.00125248 0.14478 0.064688 2.49772 -4.16378 6.18746 -30 5 10 18.2066 0.0658461 0.394226 2 1 0 0 1 3 1
1 88 8792 329 796 0 -0.0152898 1.58317 0.0016707 0.00149865 3.33395 0.0761127 8.68751 5.77071 5.77071 -30 5 10 20.4406 0.000795782 1.61365 2 1 0 0 1 4 1
1 88 8792 1615 799 0 -0.0883406 1.67161 0.00180977 0.00174302 29.5963 0.100752 11.3499 6.32466 6.53063 -30 6 12 27.6361 -0.0739582 1.71081 3 4 0 3 0 1 4
1 88 8792 558 801 0 -0.010619 0.736227 0.00111257 0.00163654 0.00111418 0.0846977 1.25079 -0.283431 4.97417 -30 6 12 18.8012 0.232787 0.684938 2 2 0 1 1 3 2
1 88 8792 523 803 0 0.070954 1.00457 0.0013347 0.00157291 3.06137e-05 0.0700833 1.67806 1.16111 1.16111 2.35918 5 10 18.2386 0.042196 1.04589 2 1 0 0 1 2 1
1 88 8792 1970 805 1 0.26418 2.19049 0.00194727 0.000765778 3.4607e-05 -0.0277626 12.1457 0.634588 1.74284 1.42279 6 12 32.7013 -0.0363499 2.12059 4 6 0 0 0 2 6
1 88 8792 118 806 1 0.0032702 1.25252 0.00137354 0.00142937 0.448439 -0.0857906 5.76808 -2.03333 -0.47865 5.32259 5 10 19.1232 0.229674 1.28912 2 1 0 0 1 2 1
1 88 8792 291 808 1 0.250161 1.82625 0.00184299 0.000884953 0.000765461 -0.0371166 6.812 -1.4086 1.38278 3.73242 6 12 25.9823 -0.0109949 1.8193 3 4 0 0 0 1 4
1 88 8792 313 809 1 -0.0601186 1.76152 0.00220779 0.00171685 0.00310924 -0.0785548 7.24143 -3.27296 0.658228 3.84402 6 12 19.251 0.0805153 1.63732 2 10 0 0 1 1 11
1 88 8792 329 809 0 -0.0152898 1.58317 0.0016707 0.00149865 3.33395 0.0761127 8.68751 1.18396 5.77071 -30 6 12 19.251 0.0805153 1.63732 2 1 0 0 1 4 11
1 88 8792 28 810 0 -0.087996 1.3583 0.00167011 0.00169467 0.00442065 0.103373 2.41719 6.06498 6.06498 4.1608 5 10 22.7292 -0.0432201 1.35671 3 1 0 0 1 2 1
1 88 8792 523 821 0 0.070954 1.00457 0.0013347 0.00157291 3.06137e-05 0.0700833 1.67806 -2.26982 1.16111 2.35918 5 10 19.6228 -0.094832 1.0674 2 1 0 0 1 2 1
1 88 8792 440 822 1 -0.0311125 1.27629 0.00152038 0.0015557 0.00313318 0.0933206 5.17581 -1.30136 0.759341 4.06194 5 10 23.7512 0.266338 1.3078 3 1 0 0 1 2 1
1 88 8792 708 825 2 0.0788013 1.56618 0.00146498 0.00133841 0.000250855 -0.074851 3.49229 5.05938 5.05938 3.46101 6 12 27.4672 0.016589 1.55178 3 2 0 0 1 1 2
1 88 8792 419 827 0 0.69736 1.58198 0.00133097 0.000374828 5.83704 -0.0151554 9.20529 4.5465 4.5465 -30 5 10 23.5436 0.688182 1.59213 3 2 0 1 0 3 4
1 88 8792 964 832 1 0.0557268 1.89796 0.00169576 0.00133026 11.5811 -0.0615509 12.822 -0.385082 0.67014 4.23815 5 10 20.267 0.187763 1.88634 2 15 0 0 0 2 16
1 88 8792 2798 832 2 -0.0366205 1.83807 0.00231783 0.00142443 536.037 -0.0879456 25.65 -2.10903 1.53266 5.46342 5 10 20.267 0.187763 1.88634 2 1 0 0 1 1 16
1 88 8792 102 835 0 0.01908 0.776222 0.00108343 0.00155419 3.87882e-05 0.0807797 1.50085 0.213652 5.53135 -30 5 10 18.7091 0.00600428 0.676801 2 1 0 0 1 3 1
1 88 8792 301 837 0 -0.0197435 1.0766 0.00172517 0.00201561 3.43662e-05 0.0890953 1.26934 -1.1531 6.52879 -30 5 10 23.2624 -0.045932 1.16505 3 1 0 0 1 3 1
1 88 8792 46 841 0 0.0867499 0.641956 0.000788497 0.0012669 0.000134514 0.0693757 0.350403 1.83821 1.83821 -30 5 10 18.0478 0.0144246 0.622757 2 1 0 0 1 4 2
1 88 8792 47 841 1 -0.0747458 0.557071 0.00093904 0.00180512 0.425408 0.0901477 2.88209 -0.799578 0.401698 5.38573 5 10 18.0478 0.0144246 0.622757 2 1 0 0 1 1 2
1 88 8792 2363 843 1 0.266701 1.73681 0.00120543 0.000881452 15.8272 -0.0435965 9.85596 0.786029 4.03974 5.33535 5 10 24.7644 -0.0388349 1.79968 3 18 0 0 0 4 23
1 88 8792 202 848 0 -0.0547601 1.03835 0.00176306 0.00209998 0.00212392 0.0939966 2.5449 4.63656 4.63656 -30 6 12 26.7422 -0.0457385 1.03426 3 1 0 0 1 2 1
1 88 8792 450 851 0 0.0577475 1.40082 0.00134308 0.00123628 0.000121622 -0.078724 1.03962 -1.97727 6.19977 3.69657 5 10 21.6417 -0.0685341 1.45423 3 1 0 0 1 3 1
1 88 8792 59 852 0 0.0443925 0.231342 0.00045831 0.00143295 0.0166076 -0.0749897 2.05737 -2.88937 6.84335 -30 6 12 28.4109 0.106354 0.214315 3 2 0 1 0 3 4
1 88 8792 67 852 0 -0.0330485 0.294019 0.000580682 0.00172599 0.000193063 -0.0891568 0.842392 -3.04359 5.4906 -30 6 12 28.4109 0.106354 0.214315 3 1 0 0 1 3 4
1 88 8792 107 852 0 0.136052 0.228068 0.000402891 0.00111356 0.00029177 0.0631531 0.0450518 6.38018 6.38018 -30 6 12 28.4109 0.106354 0.214315 3 1 0 0 1 4 4
1 88 8792 46 857 0 0.0867499 0.641956 0.000788497 0.0012669 0.000134514 0.0693757 0.350403 1.24053 1.83821 -30 5 10 20.0641 -0.0349061 0.682643 2 1 0 0 1 4 3
1 88 8792 73 857 1 -0.0853988 0.570489 0.00104594 0.00189746 4.55866 0.0999218 5.97738 3.57115 3.57115 3.29678 5 10 20.0641 -0.0349061 0.682643 2 2 0 0 1 2 3
1 88 8792 184 860 0 0.0702477 1.5956 0.00154862 0.00124548 7.16936 0.0613362 8.16859 -0.147104 6.33863 -30 6 12 24.4486 0.0472227 1.55136 3 1 0 0 1 2 1
1 88 8792 157 861 0 0.192819 1.26092 0.00103176 0.000919807 0.870767 -0.0547639 5.12074 5.29594 5.29594 5.92565 6 12 25.4627 0.201246 1.27691 3 1 0 0 1 1 1
1 88 8792 558 864 0 -0.010619 0.736227 0.00111257 0.00163654 0.00111418 0.0846977 1.25079 4.97417 4.97417 -30 5 10 24.2396 -0.00957543 0.685337 3 2 0 1 1 3 2
1 88 8792 370 865 0 1.09454 1.49483 0.00162776 0.000228156 0.991766 0.00728186 6.43966 -0.69988 4.50075 5.20661 5 10 24.116 0.211439 1.43087 3 1 0 0 1 4 3
1 88 8792 226 866 1 0.0263833 1.08669 0.00131046 0.00149407 26.1636 0.082987 8.53452 -3.9653 2.0274 3.12764 5 10 18.7322 0.462452 1.01162 2 2 0 0 0 2 3
1 88 8792 229 866 1 -0.0781616 0.996678 0.00169649 0.00209533 0.245547 0.103143 4.43355 -3.25813 -0.429835 2.72839 5 10 18.7322 0.462452 1.01162 2 1 0 0 1 1 3
1 88 8792 107 867 0 0.136052 0.228068 0.000402891 0.00111356 0.00029177 0.0631531 0.0450518 -0.790388 6.38018 -30 6 12 25.2743 -0.00151352 0.132882 3 1 0 0 1 4 1
1 88 8792 3250 868 1 -0.0398425 1.96074 0.00207335 0.00160102 0.0132585 0.0993843 24.95 3.72431 3.72431 4.84893 5 10 19.5791 -0.118519 1.94468 2 2 0 0 0 1 6
1 88 8792 581 870 1 0.107136 1.44529 0.0015583 0.00131319 0.00137945 -0.0616554 2.43278 -1.39989 0.179067 0.935607 6 12 28.7618 -0.0975853 1.46156 4 1 0 0 1 1 2
1 88 8792 598 870 1 0.127299 1.48847 0.00129512 0.00107818 47.2857 -0.0556201 10.1045 -4.23112 2.22396 -30 6 12 28.7618 -0.0975853 1.46156 4 1 0 0 1 1 2
1 88 8792 641 877 0 0.0249572 1.14341 0.00164705 0.00184966 0.00181506 -0.0808161 0.602093 -3.15781 2.94 4.02408 5 10 23.3111 0.129355 1.01838 3 1 0 0 1 3 1
1 88 8792 86 879 0 0.148654 1.69508 0.00173878 0.00107368 7.40685e-06 -0.0539854 1.60358 5.83599 5.83599 -30 6 12 26.4969 0.183275 1.63246 3 2 0 1 0 2 12
1 88 8792 128 879 0 0.0749595 1.56364 0.00126877 0.00116833 0.000170911 0.0748098 2.15593 -0.897229 5.24973 4.40233 6 12 26.4969 0.183275 1.63246 3 4 0 0 0 2 12
1 88 8792 600 880 0 0.224198 0.545747 0.000557269 0.000921683 3.88173 0.0506176 5.58824 -2.57549 6.73804 -30 5 10 18.9358 -0.0192304 0.594607 2 2 0 1 1 3 2
1 88 8792 269 881 0 -0.0481512 0.380289 0.000725293 0.00179647 0.000138027 -0.091855 0.88602 5.54808 5.54808 1.70729 5 10 23.171 -0.0574075 0.387166 3 1 0 0 1 1 1
1 88 8792 301 882 0 -0.0197435 1.0766 0.00172517 0.00201561 3.43662e-05 0.0890953 1.26934 0.272748 6.52879 -30 5 10 23.4576 0.128457 1.04126 3 1 0 0 1 3 1
1 88 8792 322 883 1 -0.0680639 1.47326 0.00174003 0.00172394 17.2687 0.094935 9.25266 -2.0446 0.0114777 2.60252 5 10 20.246 -0.0561412 1.57578 2 1 0 0 1 1 2
1 88 8792 329 883 0 -0.0152898 1.58317 0.0016707 0.00149865 3.33395 0.0761127 8.68751 -1.41624 5.77071 -30 5 10 20.246 -0.0561412 1.57578 2 1 0 0 1 4 2
1 88 8792 681 886 0 -0.0635354 0.61403 0.00102531 0.00173921 1.49727e-05 0.0986237 0.270256 -1.77529 6.7167 -30 5 10 17.2696 0.239407 0.653052 2 1 0 0 1 3 1
1 88 8792 22 887 0 -0.00916658 1.31564 0.0014722 0.00143623 0.00314865 -0.0902786 2.97948 5.614 5.614 -30 5 10 18.9614 -0.0164283 1.3149 2 1 0 0 1 1 1
1 88 8792 706 888 1 0.594528 1.40583 0.00105205 0.000440431 0.000305341 -0.0210884 3.61119 -2.27439 -0.21723 4.83639 5 10 18.6667 -0.0652136 1.28499 2 2 0 0 0 3 3
1 88 8792 732 888 0 0.0922923 1.2127 0.00177896 0.00161099 2.57863e-05 0.0724457 0.392515 -0.835629 6.17688 4.6021 5 10 18.6667 -0.0652136 1.28499 2 1 0 0 1 4 3
1 88 8792 438 891 0 0.0571284 1.22331 0.00152453 0.00168078 0.00148175 -0.0730986 1.21429 6.75115 6.75115 -30 6 12 21.6291 0.0628149 1.19345 3 1 0 0 1 2 1
1 88 8792 44 896 0 -0.0126658 1.15544 0.00178299 0.00203181 1.48562e-05 -0.0842433 3.36582 2.3313 4.42766 -30 5 10 22.6568 -0.026484 1.07373 3 1 0 0 1 3 1
1 88 8792 316 903 1 0.227134 0.203443 0.000319828 0.000926277 0.000342432 -0.0483263 3.76919 -0.35963 -0.35963 2.07741 5 10 21.5523 -0.0142989 0.249366 3 1 0 0 1 3 5
1 88 8792 327 903 1 0.154301 0.16371 0.000334774 0.00102063 0.000334019 0.057811 3.63904 -2.07714 4.18434 5.5555 5 10 21.5523 -0.0142989 0.249366 3 1 0 0 1 3 5
1 88 8792 337 903 0 -0.0498232 0.164693 0.000382787 0.0017278 0.0234975 0.0916592 3.71254 -3.56813 6.35865 -30 5 10 21.5523 -0.0142989 0.249366 3 1 0 0 1 3 5
1 88 8792 451 905 0 -0.0613242 0.592474 0.00099351 0.00174621 4.76703 0.097828 5.90718 -3.31774 5.95848 -30 6 12 24.362 -0.029472 0.542132 3 1 0 0 1 3 1
1 88 8792 706 907 1 0.594528 1.40583 0.00105205 0.000440431 0.000305341 -0.0210884 3.61119 -2.13565 -0.21723 4.83639 5 10 18.0185 -0.0504828 1.38655 2 2 0 0 0 3 2
1 88 8792 499 908 0 0.308145 1.07085 0.000918365 0.000887577 0.000644587 0.0421415 4.29073 3.28368 3.28368 -30 5 10 20.8812 0.321971 0.978635 3 1 0 0 1 3 1
1 88 8792 536 910 0 0.0637919 0.515325 0.000697431 0.00126864 0.000745979 -0.0749447 0.91251 5.02726 5.02726 -30 5 10 18.1211 0.0717689 0.467231 2 1 0 0 1 1 2
1 88 8792 548 910 1 -0.0317159 0.519916 0.000824855 0.00158915 3.77839 0.0921382 6.08592 -2.90872 1.61388 3.66773 5 10 18.1211 0.0717689 0.467231 2 1 0 0 1 1 2
1 88 8792 18 912 1 -0.0704743 1.71054 0.00206684 0.00151455 11.1239 -0.0763255 9.26305 2.71807 2.71807 4.1876 5 10 17.9753 -0.0642857 1.74829 2 4 0 0 0 2 7
1 88 8792 26 912 0 0.0296856 1.77391 0.00194843 0.00156533 0.00242557 -0.068044 3.8616 2.9146 5.68723 5.48057 5 10 17.9753 -0.0642857 1.74829 2 3 0 0 0 3 7
1 88 8792 714 913 0 0.16699 1.10753 0.00121936 0.00129945 6.42959e-05 0.0582474 0.625037 -0.0137078 3.29799 5.10684 6 12 23.0865 0.124521 1.16573 3 1 0 0 1 5 3
1 88 8792 731 913 0 -0.0023333 1.05031 0.0015315 0.00182337 8.78996e-06 0.0854979 1.27406 -0.341709 6.17359 -30 6 12 23.0865 0.124521 1.16573 3 1 0 0 1 4 3
1 88 8792 732 913 0 0.0922923 1.2127 0.00177896 0.00161099 2.57863e-05 0.0724457 0.392515 6.17688 6.17688 4.6021 6 12 23.0865 0.124521 1.16573 3 1 0 0 1 4 3
1 88 8792 535 916 0 0.157169 0.017331 0.000263361 0.00115114 0.000345625 0.0610073 1.44666 4.93073 4.93073 5.15359 5 10 22.3532 0.153336 0.0420373 3 1 0 0 1 2 1
1 88 8792 391 917 1 0.383552 1.68311 0.00116504 0.000694706 0.000764267 0.0351346 0.669082 0.610399 0.610399 2.97527 5 10 17.7299 0.265275 1.7356 2 3 0 0 1 1 3
1 88 8792 416 918 0 0.0144259 1.46262 0.00155913 0.00142579 7.82502e-05 0.0782178 2.54222 5.60516 5.60516 5.43833 5 10 22.7726 0.0259714 1.44061 3 1 0 0 1 3 1
1 88 8792 641 919 0 0.0249572 1.14341 0.00164705 0.00184966 0.00181506 -0.0808161 0.602093 2.94 2.94 4.02408 5 10 17.6448 -0.0302994 1.16422 2 1 0 0 1 3 1
1 88 8792 21 920 0 1.30737 0.855459 0.00117905 0.000169523 0.381343 0.00456339 3.29408 -0.689692 4.60223 -30 5 10 16.3748 0.390889 0.843257 3 1 0 0 1 7 1
1 88 8792 450 923 0 0.0577475 1.40082 0.00134308 0.00123628 0.000121622 -0.078724 1.03962 -0.599976 6.19977 3.69657 6 12 17.8755 -0.0771989 1.35362 2 1 0 0 1 3 1
1 88 8792 118 926 1 0.0032702 1.25252 0.00137354 0.00142937 0.448439 -0.0857906 5.76808 -1.61637 -0.47865 5.32259 5 10 17.6178 -0.0532508 1.3568 2 1 0 0 1 2 1
1 88 8792 681 928 0 -0.0635354 0.61403 0.00102531 0.00173921 1.49727e-05 0.0986237 0.270256 -0.253537 6.7167 -30 5 10 16.458 -0.0463026 0.504609 2 1 0 0 1 3 1
1 88 8792 611 929 1 0.062428 0.230335 0.000437315 0.00139849 0.000277641 -0.0717804 2.02437 -1.86169 -0.237123 4.1572 5 10 18.1919 0.150573 0.177678 2 1 0 0 1 1 1
1 88 8792 517 930 0 -0.000203615 0.575477 0.000894947 0.00156927 9.32074e-05 0.0824868 4.68279 0.365355 6.2989 -30 5 10 15.6403 0.0810021 0.565874 2 1 0 0 1 2 1
1 88 8792 532 931 0 -0.0847086 0.52312 0.000967447 0.00185281 3.66543e-05 0.100905 2.30751 -2.0092 5.99924 -30 6 12 20.7729 0.63128 0.420542 3 1 0 0 1 4 2
1 88 8792 538 931 0 -0.0129589 0.416119 0.000681716 0.00150627 0.000103768 0.0912296 0.62572 -2.30315 4.51339 4.7419 6 12 20.7729 0.63128 0.420542 3 1 0 0 1 3 2
1 88 8792 82 932 0 0.49592 1.09271 0.000709274 0.000494826 36.5661 0.0278584 9.0415 5.41863 5.41863 -30 5 10 20.9411 0.512968 1.15074 3 1 0 0 1 1 1
1 88 8792 714 933 0 0.16699 1.10753 0.00121936 0.00129945 6.42959e-05 0.0582474 0.625037 3.29799 3.29799 5.10684 5 10 18.8808 0.163444 1.09084 3 1 0 0 1 5 3
1 88 8792 731 933 0 -0.0023333 1.05031 0.0015315 0.00182337 8.78996e-06 0.0854979 1.27406 0.0927843 6.17359 -30 5 10 18.8808 0.163444 1.09084 3 1 0 0 1 4 3
1 88 8792 732 933 0 0.0922923 1.2127 0.00177896 0.00161099 2.57863e-05 0.0724457 0.392515 -0.224597 6.17688 4.6021 5 10 18.8808 0.163444 1.09084 3 1 0 0 1 4 3
1 88 8792 12 936 1 -0.0901031 0.234657 0.000530177 0.00189095 0.000651845 -0.101735 3.19853 -2.07018 -0.228631 -0.154682 6 12 20.7856 0.035362 0.120908 3 1 0 0 1 1 3
1 88 8792 45 936 0 0.2191 0.146888 0.000299297 0.00100345 0.000423738 0.0515596 1.07624 5.99706 5.99706 -30 6 12 20.7856 0.035362 0.120908 3 1 0 0 1 1 3
1 88 8792 63 936 1 -0.0233797 0.0566417 0.000297634 0.00162041 0.00184571 0.0873413 3.6891 -1.3662 0.557647 5.65021 6 12 20.7856 0.035362 0.120908 3 1 0 0 1 1 3
1 88 8792 151 944 0 0.123998 0.631214 0.000744379 0.00117379 0.000163097 -0.0639955 3.26115 0.390147 6.78952 -30 6 12 21.9349 0.175431 0.574311 3 1 0 0 1 5 3
1 88 8792 174 944 0 0.472973 0.529821 0.000446067 0.00057392 1.4311 -0.0279589 4.08347 4.0132 4.0132 -30 6 12 21.9349 0.175431 0.574311 3 1 0 0 1 3 3
1 88 8792 183 944 0 0.137968 0.637389 0.000836469 0.00110804 0.000146888 0.0621973 0.74127 -0.515891 6.54363 -30 6 12 21.9349 0.175431 0.574311 3 1 0 0 1 3 3
1 88 8792 532 947 0 -0.0847086 0.52312 0.000967447 0.00185281 3.66543e-05 0.100905 2.30751 0.914783 5.99924 -30 5 10 17.737 0.0160464 0.404768 3 1 0 0 1 4 3
1 88 8792 538 947 0 -0.0129589 0.416119 0.000681716 0.00150627 0.000103768 0.0912296 0.62572 4.51339 4.51339 4.7419 5 10 17.737 0.0160464 0.404768 3 1 0 0 1 3 3
1 88 8792 544 947 1 -0.0627438 0.292857 0.000576105 0.00175447 1.12005 0.0998548 7.62347 -0.744388 -0.543773 -30 5 10 17.737 0.0160464 0.404768 3 1 0 0 1 1 3
1 88 8792 499 950 0 0.308145 1.07085 0.000918365 0.000887577 0.000644587 0.0421415 4.29073 -0.931704 3.28368 -30 5 10 19.4401 -0.0133316 0.972467 3 1 0 0 1 3 1
1 88 8792 366 953 0 0.13638 0.823967 0.000964884 0.00125854 0.00075251 -0.0599372 1.44666 -3.82793 6.8059 -30 5 10 15.7836 0.0986985 0.907333 3 1 0 0 1 5 1
1 88 8792 329 954 0 -0.0152898 1.58317 0.0016707 0.00149865 3.33395 0.0761127 8.68751 -1.6472 5.77071 -30 5 10 18.4118 -0.0667929 1.57674 2 1 0 0 1 4 1
1 88 8792 21 955 0 1.30737 0.855459 0.00117905 0.000169523 0.381343 0.00456339 3.29408 -1.64527 4.60223 -30 5 10 16.563 0.194085 0.843191 2 1 0 0 1 7 1
1 75 7464 1609 0 0 -0.073538 1.82725 0.00190027 0.00171177 48.0966 -0.0814209 12.1673 6.08753 6.08753 5.77391 7 14 38.7538 -0.0450988 1.85953 4 7 0 1 0 1 7
1 75 7464 226 5 1 -0.0742232 0.531254 0.000973414 0.0018239 0.965264 0.0986996 3.87 -0.386722 1.261 4.68763 6 12 36.3313 -0.061435 0.425661 4 1 0 0 1 1 2
1 75 7464 229 5 0 -0.0457406 0.440299 0.000805614 0.00176502 0.000817748 0.0912703 0.42549 5.88921 5.88921 -30 6 12 36.3313 -0.061435 0.425661 4 1 0 0 1 1 2
1 75 7464 733 6 0 0.140081 0.785486 0.000983579 0.00127382 0.000105744 -0.0629225 0.8876 5.66833 5.66833 -30 6 12 36.2957 0.109193 0.762962 4 1 0 0 1 2 2
1 75 7464 741 6 1 0.338199 0.73307 0.000646743 0.000779397 23.7505 0.0395222 8.8783 -1.46615 3.59161 -30 6 12 36.2957 0.109193 0.762962 4 1 0 0 1 3 2
1 75 7464 594 10 0 -0.0277276 0.580541 0.000909229 0.00160019 2.45698 -0.0914298 5.05246 0.406217 6.3845 -30 6 12 36.0827 -0.0758922 0.599554 4 1 0 0 1 3 3
1 75 7464 603 10 0 -0.0682183 0.459159 0.000848777 0.00180819 7.61929 -0.0963686 9.08828 6.18295 6.18295 -30 6 12 36.0827 -0.0758922 0.599554 4 1 0 0 1 1 3
1 75 7464 642 10 0 0.0100828 0.601759 0.000884926 0.00147351 8.81723 0.083862 6.85784 -2.61655 6.83917 -30 6 12 36.0827 -0.0758922 0.599554 4 1 0 0 1 2 3
1 75 7464 387 13 1 0.190619 0.248062 0.000376938 0.00100048 0.0952797 -0.0528305 3.1685 -3.65988 1.83684 5.39618 6 12 36.0022 -0.0258503 0.284583 4 1 0 0 1 3 3
1 75 7464 409 13 0 0.0923355 0.263976 0.000431986 0.00122176 0.078434 0.0666502 2.69567 -0.00658448 6.32599 -30 6 12 36.0022 -0.0258503 0.284583 4 1 0 0 1 2 3
1 75 7464 420 13 0 -0.00830933 0.363979 0.00059232 0.00147327 0.000715336 0.0874333 3.61314 5.60108 5.60108 5.52507 6 12 36.0022 -0.0258503 0.284583 4 1 0 0 1 2 3
1 75 7464 717 15 0 0.0352721 0.412932 0.000650076 0.00146412 3.60329 -0.0756675 7.61526 6.76133 6.76133 -30 6 12 35.8991 0.0298208 0.528396 4 1 0 0 1 2 1
1 75 7464 1065 30 1 0.491351 2.19596 0.00220306 0.000548315 2.14173 0.0160467 13.3533 -0.901991 -0.901991 -1.62794 6 12 35.1367 -0.0272196 2.24841 4 5 0 0 1 1 5
1 75 7464 1903 47 1 -0.0913614 1.82557 0.00175124 0.00160508 94.7789 -0.0831439 13.7688 -0.665618 2.02903 5.09224 7 14 34.2704 0.0691279 1.8143 3 4 0 0 0 1 9
1 75 7464 192 49 0 -0.0154196 0.172255 0.000407348 0.00163909 0.096808 0.0854047 5.61674 5.80379 5.80379 -30 6 12 34.194 -0.0326535 0.27274 4 1 0 0 1 2 1
1 75 7464 437 51 0 -0.0503969 0.124613 0.000323224 0.00175745 0.000499171 0.0950934 5.89163 -2.80289 6.01339 -30 6 12 34.1084 0.0261541 0.231215 4 2 0 1 0 3 2
1 75 7464 4286 58 1 -0.0802655 2.2657 0.00320175 0.00189624 0.00327989 -0.0840297 25.65 -1.47307 0.148327 1.87913 6 12 34.9711 0.527452 2.17406 4 6 0 0 0 2 13
1 75 7464 7187 58 2 0.0947576 2.18272 0.00198328 0.00105471 822.027 0.0540143 33.195 -2.46979 0.946588 3.13836 6 12 34.9711 0.527452 2.17406 4 1 0 0 1 1 13
1 75 7464 606 62 1 -0.0804009 1.41172 0.00175066 0.00181372 47.5335 -0.0955938 11.0424 -3.00946 2.37954 4.4734 6 12 34.3524 -0.0866029 1.47161 4 2 0 0 0 1 14
1 75 7464 622 62 1 0.0683194 1.55356 0.00159237 0.00139265 51.8666 -0.0600521 11.9783 -4.03548 1.86782 2.95216 6 12 34.3524 -0.0866029 1.47161 4 10 0 0 0 3 14
1 75 7464 641 62 0 0.0929688 1.59468 0.00116383 0.00114845 4.22201e-06 0.0615275 5.46813 -1.54993 5.52026 -30 6 12 34.3524 -0.0866029 1.47161 4 1 0 0 1 5 14
1 75 7464 657 62 0 -0.0100157 1.39569 0.00138321 0.00138985 3.6272 0.0928989 6.37379 0.983685 5.86107 -30 6 12 34.3524 -0.0866029 1.47161 4 1 0 0 1 4 14
1 75 7464 15 69 0 0.120718 0.345349 0.000486788 0.0011393 0.036381 0.0625922 1.76006 6.66184 6.66184 -30 6 12 31.4988 0.105429 0.363191 3 1 0 0 1 2 2
1 75 7464 734 69 0 -0.00466966 0.406852 0.000718817 0.00164809 2.36499 -0.0864273 6.46167 -4.97581 5.18919 -30 6 12 31.4988 0.105429 0.363191 3 1 0 0 1 2 2
1 75 7464 278 70 1 0.147362 1.60077 0.00125876 0.00106208 7.12698e-06 -0.0560998 5.57705 -3.00383 3.93808 3.69905 6 12 34.5355 -0.0175788 1.6394 4 1 0 0 1 4 5
1 75 7464 309 70 0 0.169154 1.70092 0.00109011 0.000964637 2.7984e-05 0.0523133 2.5417 -0.347636 5.76698 -30 6 12 34.5355 -0.0175788 1.6394 4 1 0 0 1 4 5
1 75 7464 315 70 0 -0.0475331 1.60995 0.00184384 0.00167375 3.7248 0.079928 8.90783 5.9796 5.9796 -30 6 12 34.5355 -0.0175788 1.6394 4 1 0 0 1 5 5
1 75 7464 348 70 1 -0.0847471 1.67366 0.00199983 0.00191739 0.00246275 0.103049 2.3876 -0.503908 2.06893 4.6895 6 12 34.5355 -0.0175788 1.6394 4 2 0 0 1 2 5
1 75 7464 670 88 0 0.0020286 0.727279 0.0010916 0.00162409 0.00105211 -0.0820428 0.120072 -1.30766 6.00384 -30 6 12 30.7603 0.284626 0.848406 3 1 0 0 1 2 2
1 75 7464 673 88 0 0.313776 0.822719 0.000806401 0.000948151 0.995683 -0.04006 3.62621 6.80499 6.80499 -30 6 12 30.7603 0.284626 0.848406 3 1 0 0 1 2 2
1 75 7464 96 97 0 0.00975846 0.449505 0.000702455 0.00150798 3.21518 -0.0830988 6.55329 5.61169 5.61169 -30 6 12 30.6158 0.0275276 0.544687 3 1 0 0 1 1 1
1 75 7464 61 100 0 0.494354 0.486985 0.000440875 0.000531718 0.000347987 0.026831 0.350534 -0.670017 5.09608 -30 6 12 30.5404 0.657383 0.402079 3 1 0 0 1 4 3
1 75 7464 66 100 0 0.67845 0.420263 0.000425701 0.000408405 0.000370083 0.0176248 0.345397 6.21391 6.21391 -30 6 12 30.5404 0.657383 0.402079 3 2 0 1 1 4 3
1 75 7464 574 104 0 0.0246819 0.402025 0.000632087 0.00144197 3.53791 -0.0777888 7.59791 6.45192 6.45192 -30 6 12 30.4896 0.0295048 0.521701 3 1 0 0 1 1 2
1 75 7464 577 104 1 -0.0962702 0.456409 0.00087654 0.00189546 5.56289e-05 -0.103282 2.0984 -2.92992 0.667257 2.5677 6 12 30.4896 0.0295048 0.521701 3 1 0 0 1 1 2
1 75 7464 175 109 0 -0.0379454 0.640643 0.000983495 0.00162653 27.1247 0.0891986 10.0632 6.33231 6.33231 -30 6 12 30.4152 -0.0317436 0.76924 3 1 0 0 1 1 1
1 75 7464 249 110 0 -0.0385229 0.50089 0.000842466 0.00165827 7.11283e-05 0.0930189 1.15888 5.72922 5.72922 -30 6 12 30.3888 -0.0573836 0.497109 3 1 0 0 1 2 1
1 75 7464 596 136 1 0.359406 0.118238 0.00028093 0.000771432 0.000368095 0.0376527 6.38219 -1.86751 0.599668 2.69595 6 12 30.0309 0.135889 0.0655126 3 1 0 0 1 1 2
1 75 7464 597 136 0 0.154474 0.0432493 0.000261199 0.00112356 0.000226597 0.0603396 1.24643 6.01795 6.01795 -30 6 12 30.0309 0.135889 0.0655126 3 1 0 0 1 1 2
1 75 7464 197 142 0 0.0137398 1.67982 0.00154789 0.00132698 0.000214284 -0.0774171 4.66902 0.0587038 5.83884 -30 6 12 29.9205 0.105573 1.70816 3 1 0 0 1 2 7
1 75 7464 1817 142 1 0.474225 1.81351 0.00104461 0.000512104 125.694 -0.0220732 17.4223 -1.88739 1.07554 2.79736 6 12 29.9205 0.105573 1.70816 3 6 0 0 0 1 7
1 75 7464 40 145 1 0.859069 1.16696 0.000798751 0.000255238 23.8338 0.0118275 7.65619 -2.0217 -1.58229 4.32094 6 12 29.8965 1.00446 1.08755 3 1 0 0 1 3 4
1 75 7464 53 145 0 -0.0209107 1.16235 0.00183086 0.0020592 0.00237552 0.0898064 2.12976 -2.55005 4.4889 -30 6 12 29.8965 1.00446 1.08755 3 1 0 0 1 3 4
1 75 7464 611 146 0 0.0814818 0.696501 0.000930344 0.00133197 0.000104827 -0.0693688 0.611566 -2.98441 5.18692 -30 6 12 29.8893 0.410389 0.823242 3 1 0 0 1 2 1
1 75 7464 4179 149 0 0.0962677 2.17731 0.00217182 0.00118056 3.75651e-05 0.0551266 24.4 5.08874 5.08874 5.46724 6 12 29.8395 0.192647 2.15435 3 2 0 0 1 1 8
1 75 7464 670 152 0 0.0020286 0.727279 0.0010916 0.00162409 0.00105211 -0.0820428 0.120072 6.00384 6.00384 -30 6 12 29.8314 -0.0225402 0.702208 3 1 0 0 1 2 2
1 75 7464 673 152 0 0.313776 0.822719 0.000806401 0.000948151 0.995683 -0.04006 3.62621 -2.10593 6.80499 -30 6 12 29.8314 -0.0225402 0.702208 3 1 0 0 1 2 2
1 75 7464 653 153 1 0.115976 0.738854 0.00089238 0.00126902 0.000798041 -0.0654968 2.42435 3.13522 3.13522 4.37833 6 12 29.8305 0.407681 0.705553 3 1 0 0 1 2 1
1 75 7464 337 154 0 0.102704 0.36729 0.000536984 0.00121097 0.000243375 0.065542 3.62903 6.39448 6.39448 -30 6 12 29.8223 0.119528 0.282609 3 2 0 1 1 3 2
1 75 7464 686 157 0 -0.0648637 0.812615 0.00139252 0.00196206 4.23215 0.0987912 5.27548 5.77894 5.77894 -30 6 12 29.821 -0.0495492 0.856241 3 1 0 0 1 1 1
1 75 7464 2298 158 1 0.0151455 1.84054 0.00174565 0.00123849 125.654 -0.0666912 14.8134 -1.69381 3.19442 4.0583 7 14 38.7749 0.160216 1.88791 4 11 0 0 1 3 11
1 75 7464 2036 165 0 0.219297 2.13293 0.00221399 0.000987022 8.72046e-05 0.03645 10.1063 1.09164 1.09164 4.11077 6 12 29.7478 0.210804 2.18016 3 9 0 0 0 1 16
1 75 7464 4548 165 2 0.424917 2.22208 0.0025392 0.000901791 48.8643 -0.0244718 25.65 -2.82512 0.225012 0.690805 6 12 29.7478 0.210804 2.18016 3 1 0 0 1 2 16
1 75 7464 7420 165 1 0.32429 2.17311 0.00169724 0.000722746 1.01897e-07 0.0413959 31.945 2.83582 2.83582 3.25671 6 12 29.7478 0.210804 2.18016 3 5 0 0 0 1 16
1 75 7464 668 173 0 -0.0319156 1.32116 0.00156969 0.00153471 0.0040923 0.0970983 2.48627 0.142052 6.16608 -30 6 12 29.6559 0.340933 1.28455 3 2 0 1 0 4 4
1 75 7464 535 177 0 0.226547 0.415303 0.000557652 0.000992545 0.00051589 0.0516549 0.120378 5.59049 5.59049 -30 6 12 29.6091 0.19024 0.39564 3 1 0 0 1 1 1
1 75 7464 859 178 0 0.0386007 2.28581 0.00472665 0.00146153 32.5567 0.0428238 18.8438 6.39058 6.39058 -30 6 12 29.5989 0.0602575 2.29389 3 3 0 0 1 1 3
1 75 7464 518 182 0 0.484348 0.100487 0.000350742 0.000602144 0.0136276 -0.0272645 5.18676 -2.53668 6.4456 -30 6 12 29.4777 0.514495 0.0373218 3 1 0 0 1 2 2
1 75 7464 525 182 0 0.525771 0.0529277 0.000256741 0.000584926 0.000381391 0.024419 4.70026 6.79123 6.79123 -30 6 12 29.4777 0.514495 0.0373218 3 1 0 0 1 1 2
1 75 7464 58 190 1 0.165758 0.875922 0.000967909 0.00120497 1.23937 -0.0562355 3.93168 -5.13294 3.92998 3.02006 6 12 29.35 0.0123033 0.808431 3 1 0 0 1 4 2
1 75 7464 79 190 0 -0.0248605 0.848096 0.00135824 0.00182131 0.00138802 0.0875273 1.2929 4.54822 6.56156 -30 6 12 29.35 0.0123033 0.808431 3 1 0 0 1 3 2
1 75 7464 39 191 0 -0.048711 0.442487 0.00076973 0.00170665 0.000890413 -0.0953034 4.10958 -4.3937 4.97359 -30 6 12 29.3364 0.36449 0.380836 3 1 0 0 1 3 1
1 75 7464 54 192 0 0.042433 1.51741 0.00155806 0.00139452 5.11388 0.0743945 7.5676 2.01179 4.43712 -30 6 12 29.3324 0.165887 1.52658 3 1 0 0 1 5 1
1 75 7464 358 201 0 -0.00890115 0.33945 0.000581205 0.0015756 0.000178413 -0.0864054 3.82142 6.48711 6.48711 -30 6 12 29.2256 0.00321255 0.249742 3 1 0 0 1 1 1
1 75 7464 1335 205 2 0.0883751 2.33927 0.00595882 0.00196307 88.9189 0.0355966 19.6257 -1.46881 -0.0752401 -0.402694 6 12 29.1235 -0.108887 2.28033 3 57 0 0 1 1 57
1 75 7464 8995 205 1 -0.0447597 2.3417 0.00240169 0.00165047 84.4645 0.0967212 40.873 -1.93529 -1.09522 1.03744 6 12 29.1235 -0.108887 2.28033 3 57 0 0 0 1 57
1 75 7464 291 215 0 0.529688 0.0912962 0.000239753 0.000555326 0.000378847 -0.0249316 0.835962 -3.04975 6.49543 -30 6 12 28.8233 0.0677827 0.088996 3 1 0 0 1 3 3
1 75 7464 312 215 0 0.0937011 0.0330149 0.000304265 0.00134019 0.000399027 0.0672069 6.13191 5.78706 5.78706 -30 6 12 28.8233 0.0677827 0.088996 3 2 0 1 0 4 3
1 75 7464 425 223 0 -0.0806483 1.48574 0.00184888 0.00167124 0.00450079 0.0975121 1.138 4.98065 4.98065 -30 6 12 33.707 -0.0775124 1.46732 4 1 0 0 1 2 1
1 75 7464 2306 225 1 -0.0508991 2.06122 0.00239759 0.00182195 0.000866559 -0.0782617 4.3661 -0.260239 0.808317 3.14963 6 12 29.1683 0.273737 1.98776 3 6 0 0 0 1 12
1 75 7464 2331 225 0 0.258979 2.04858 0.00172113 0.000889641 6.35221e-05 -0.0386535 5.55218 3.45443 3.45443 2.48247 6 12 29.1683 0.273737 1.98776 3 4 0 0 0 1 12
1 75 7464 2462 226 1 0.389108 1.94034 0.0013978 0.000697331 3.97683 0.0280196 12.1675 -0.172948 -0.172948 2.93406 6 12 29.094 -0.0251584 1.9879 3 4 0 0 0 1 10
1 75 7464 2465 226 0 -0.0555858 1.98992 0.00215601 0.00173644 0.000578777 0.0776782 9.67637 5.72513 5.72513 -30 6 12 29.094 -0.0251584 1.9879 3 4 0 3 0 1 10
1 75 7464 437 232 0 -0.0503969 0.124613 0.000323224 0.00175745 0.000499171 0.0950934 5.89163 6.01339 6.01339 -30 6 12 27.862 -0.0605631 0.00724237 3 2 0 1 0 3 2
1 75 7464 423 233 0 0.197321 0.772584 0.000804327 0.00107721 0.000181879 -0.0539781 0.385444 6.61254 6.61254 -30 6 12 30.0377 0.166218 0.750023 3 1 0 0 1 2 1
1 75 7464 254 242 0 0.13081 0.2351 0.000409532 0.00115978 0.00029233 0.0636351 0.440135 6.62305 6.62305 -30 6 12 28.3043 0.109959 0.217035 3 1 0 0 1 1 1
1 75 7464 57 248 0 -0.0351616 0.912236 0.00140742 0.00183188 15.8426 0.0925795 6.80095 6.87012 6.87012 -30 5 10 27.4896 -0.0569139 0.979021 3 1 0 0 1 1 1
1 75 7464 1889 260 0 -0.0159521 2.18439 0.00207429 0.00149209 5.36228e-05 -0.0551211 11.4186 3.69303 3.69303 5.21091 6 12 30.3607 0.154702 2.18112 3 30 0 23 0 1 32
1 75 7464 387 270 1 0.190619 0.248062 0.000376938 0.00100048 0.0952797 -0.0528305 3.1685 -2.95873 1.83684 5.39618 5 10 26.9104 0.0700134 0.298677 3 1 0 0 1 3 5
1 75 7464 409 270 0 0.0923355 0.263976 0.000431986 0.00122176 0.078434 0.0666502 2.69567 6.32599 6.32599 -30 5 10 26.9104 0.0700134 0.298677 3 1 0 0 1 2 5
1 75 7464 415 270 1 -0.0400189 0.423272 0.000742874 0.00164363 0.000811674 0.0910837 3.17851 0.185261 2.31577 5.80981 5 10 26.9104 0.0700134 0.298677 3 2 0 0 0 1 5
1 75 7464 420 270 0 -0.00830933 0.363979 0.00059232 0.00147327 0.000715336 0.0874333 3.61314 0.0280072 5.60108 5.52507 5 10 26.9104 0.0700134 0.298677 3 1 0 0 1 2 5
1 75 7464 528 271 0 -0.0657571 0.975508 0.00184235 0.00233016 11.6129 -0.0996345 6.21838 6.4467 6.4467 3.44059 5 10 26.9096 -0.0793547 1.0297 3 1 0 0 1 3 1
1 75 7464 511 279 0 0.00261442 1.46971 0.00155157 0.00157641 0.368682 0.0845598 7.18156 5.99786 5.99786 -30 6 12 29.5008 0.0247446 1.48441 3 2 0 1 0 2 2
1 75 7464 212 280 0 -0.0652982 0.832364 0.00137423 0.00189337 16.2643 -0.0953218 7.5304 5.98792 5.98792 -30 5 10 26.6977 -0.0517906 0.903819 3 1 0 0 1 1 1
1 75 7464 589 281 0 0.160769 1.5088 0.00133606 0.00111317 9.29746e-05 -0.0652537 5.67762 6.47284 6.47284 -30 6 12 30.0729 0.155016 1.49759 3 1 0 0 1 1 1
1 75 7464 73 284 2 -0.0865281 2.14671 0.0060983 0.00279998 9.73891e-05 0.0654751 6.57148 0.108327 1.87639 1.55458 5 10 26.6351 0.0146226 2.17405 3 9 0 0 0 2 9
1 75 7464 653 291 1 0.115976 0.738854 0.00089238 0.00126902 0.000798041 -0.0654968 2.42435 0.37797 3.13522 4.37833 6 12 26.5346 -0.0883367 0.686847 3 1 0 0 1 2 1
1 75 7464 428 307 0 -0.0874946 0.165454 0.000391655 0.00185939 0.0183925 0.103832 3.24859 5.70449 5.70449 -30 5 10 26.2701 -0.0717296 0.224745 3 1 0 0 1 2 2
1 75 7464 430 307 0 -0.0110146 0.154864 0.000351717 0.00158279 0.000277843 0.0873544 4.64019 -1.98771 2.43041 2.54262 5 10 26.2701 -0.0717296 0.224745 3 1 0 0 1 2 2
1 75 7464 492 308 0 -0.0511265 0.733626 0.00126452 0.00186132 0.00157361 -0.0974838 4.49502 5.84509 5.84509 -30 5 10 26.258 -0.0603172 0.644534 3 1 0 0 1 1 1
1 75 7464 224 314 0 0.117726 1.84189 0.00178523 0.00120673 1.50132e-06 0.0539459 4.83981 5.05505 5.05505 -30 6 12 26.1939 0.130661 1.81851 3 4 0 3 0 1 4
1 75 7464 485 320 1 -0.0914236 1.78107 0.00241149 0.00177408 3.16625 -0.0772951 10.4179 -4.86735 -1.2094 3.94293 6 12 28.7914 0.486289 1.88653 3 5 0 0 0 1 5
1 75 7464 1891 324 2 -0.0783517 1.56272 0.00179919 0.00162582 138.557 -0.105881 13.4 -1.52855 -1.06303 4.26534 5 10 25.9211 0.063936 1.51314 3 2 0 0 1 1 2
1 75 7464 264 327 0 0.226577 0.0485336 0.000277286 0.00104029 0.0016011 0.0490567 4.42995 6.74845 6.74845 -30 6 12 28.8599 0.210059 0.132874 3 1 0 0 1 1 1
1 75 7464 1231 329 0 -0.0668293 1.78952 0.00177592 0.00154608 57.3451 -0.0822652 13.9794 6.76372 6.76372 4.13454 6 12 29.8842 -0.0396661 1.83718 3 6 0 0 0 1 8
1 75 7464 3271 329 1 0.229166 1.85404 0.0015897 0.000794254 356.76 0.0460905 26.2 -2.78469 1.42916 1.83737 6 12 29.8842 -0.0396661 1.83718 3 4 0 0 1 3 8
1 75 7464 272 330 1 0.31614 1.34789 0.000879116 0.000734226 54.8376 -0.0406658 9.81804 -2.05016 0.048569 1.32996 6 12 29.3622 0.0525583 1.2974 3 1 0 0 1 1 2
1 75 7464 295 330 1 0.486422 1.23895 0.000841063 0.000543473 7.61286 -0.02711 6.46017 0.400858 0.400858 3.0593 6 12 29.3622 0.0525583 1.2974 3 1 0 0 1 1 2
1 75 7464 694 334 0 -0.0966168 1.69903 0.00225027 0.00199496 0.000627663 0.0895404 7.04293 -1.43151 6.02299 4.2905 6 12 29.4093 -0.0311934 1.56475 3 2 0 0 0 2 2
1 75 7464 2298 337 1 0.0151455 1.84054 0.00174565 0.00123849 125.654 -0.0666912 14.8134 -0.150284 3.19442 4.0583 6 12 29.2437 0.166094 1.8792 3 11 0 0 1 3 46
1 75 7464 5150 337 0 0.201051 1.81741 0.00139231 0.000896623 68.2794 -0.0576511 25.65 2.89751 2.89751 3.19417 6 12 29.2437 0.166094 1.8792 3 16 0 0 1 2 46
1 75 7464 592 343 1 0.189874 1.7461 0.00150017 0.00104842 1.69124e-05 -0.050089 4.06453 -1.54491 2.61098 4.46955 5 10 25.4097 0.011641 1.65887 3 1 0 0 1 1 5
1 75 7464 617 343 0 0.66431 1.62171 0.00330143 0.000626802 1.62964e-05 0.0213151 7.03488 -1.18157 4.45664 -30 5 10 25.4097 0.011641 1.65887 3 1 0 0 1 4 5
1 75 7464 633 343 0 -0.0564437 1.57316 0.00177664 0.00165898 0.000718044 0.091991 5.47509 0.471891 5.3716 -30 5 10 25.4097 0.011641 1.65887 3 2 0 1 0 4 5
1 75 7464 639 343 0 0.0438307 1.60543 0.00157741 0.00139687 0.000190035 0.0742585 4.79887 -1.04286 4.75899 -30 5 10 25.4097 0.011641 1.65887 3 1 0 0 1 5 5
1 75 7464 179 345 0 0.0114094 0.0761031 0.000310386 0.00150475 0.000338173 0.0806358 4.75804 5.51046 5.51046 -30 5 10 25.3879 -0.0167385 0.0207903 3 1 0 0 1 1 4
1 75 7464 185 345 0 0.0770968 0.054289 0.000286271 0.00128733 0.00249992 0.0693154 5.23087 -1.14044 4.51907 -30 5 10 25.3879 -0.0167385 0.0207903 3 2 0 1 0 2 4
1 75 7464 199 345 0 0.00824823 0.00238045 0.000277552 0.00160676 0.000386227 0.0866642 4.66021 -1.6425 5.28271 5.95005 5 10 25.3879 -0.0167385 0.0207903 3 1 0 0 1 2 4
1 75 7464 520 347 0 -0.084208 0.119037 0.000313025 0.00178478 0.00285012 0.0993104 1.45668 6.60004 6.60004 4.5083 5 10 25.3413 -0.0713771 0.1401 3 2 0 0 1 1 2
1 75 7464 478 352 0 0.860771 1.66362 0.00176816 0.000247629 0.000362743 0.0101134 7.21958 -0.7052 6.48576 -30 6 12 31.353 1.22667 1.60308 3 1 0 0 1 4 5
1 75 7464 613 353 0 0.0497676 0.104407 0.00032312 0.00146264 0.000440255 -0.0736464 3.9494 6.75581 6.75581 -30 5 10 25.4467 0.0352704 0.021787 3 1 0 0 1 1 1
1 75 7464 161 356 0 -0.026601 0.136404 0.000332311 0.0015393 0.0456075 -0.0873592 6.62761 -3.27323 6.456 -30 6 12 28.7955 -0.0150033 0.0862582 3 1 0 0 1 2 2
1 75 7464 199 356 0 0.00824823 0.00238045 0.000277552 0.00160676 0.000386227 0.0866642 4.66021 5.28271 5.28271 5.95005 6 12 28.7955 -0.0150033 0.0862582 3 1 0 0 1 2 2
1 75 7464 141 360 0 1.84707 0.591774 0.0032746 0.000157466 0.000384077 -0.00104824 0.640293 0.113095 0.113095 -30 6 12 25.7236 1.83977 0.574135 3 1 0 0 1 1 1
1 75 7464 214 364 0 -0.020768 1.02022 0.00156798 0.00187723 3.07375 0.0867133 5.59311 6.16485 6.16485 -30 6 12 30.1616 -0.0414677 1.05495 3 1 0 0 1 1 1
1 75 7464 291 371 0 0.529688 0.0912962 0.000239753 0.000555326 0.000378847 -0.0249316 0.835962 6.49543 6.49543 -30 5 10 25.5347 0.536367 0.0711385 3 1 0 0 1 3 3
1 75 7464 312 371 0 0.0937011 0.0330149 0.000304265 0.00134019 0.000399027 0.0672069 6.13191 -3.59597 5.78706 -30 5 10 25.5347 0.536367 0.0711385 3 2 0 1 0 4 3
1 75 7464 4548 372 2 0.424917 2.22208 0.0025392 0.000901791 48.8643 -0.0244718 25.65 -1.70455 0.225012 0.690805 6 12 28.8139 0.155526 2.28427 3 1 0 0 1 2 1
1 75 7464 361 373 0 -0.0175443 2.01221 0.00264414 0.00146719 8.48338e-06 0.0615482 5.93893 5.43508 5.43508 -30 5 10 25.7237 -0.00192237 1.99264 3 6 0 5 0 1 14
1 75 7464 4449 373 1 0.538186 2.11192 0.00300234 0.000671331 1.42259e-07 -0.0253889 24.95 -4.3666 0.571224 2.79415 5 10 25.7237 -0.00192237 1.99264 3 8 0 0 1 2 14
1 75 7464 724 375 0 0.0670444 1.42964 0.00144397 0.00136711 36.3364 0.0714292 10.1559 -0.419401 3.65466 3.16363 5 10 26.0055 0.172787 1.53391 3 2 0 0 0 5 8
1 75 7464 288 377 1 0.182446 0.622768 0.000679799 0.00103791 0.000207669 0.056054 8.59012 -2.94363 1.41756 4.98771 5 10 23.5355 -0.0886175 0.720521 3 1 0 0 1 1 2
1 75 7464 305 377 0 -0.0720736 0.795836 0.00139588 0.00198421 6.49639e-06 0.100613 3.24194 5.41793 5.41793 5.37383 5 10 23.5355 -0.0886175 0.720521 3 1 0 0 1 1 2
1 75 7464 244 380 0 -0.0646138 0.972606 0.00149084 0.00186134 65.3491 0.100299 10.322 6.06736 6.06736 5.9262 5 10 26.6376 -0.0932167 1.0769 3 1 0 0 1 1 1
1 75 7464 58 381 1 0.165758 0.875922 0.000967909 0.00120497 1.23937 -0.0562355 3.93168 3.92998 3.92998 3.02006 6 12 23.2807 0.157474 0.845009 3 1 0 0 1 4 2
1 75 7464 79 381 0 -0.0248605 0.848096 0.00135824 0.00182131 0.00138802 0.0875273 1.2929 -2.88673 6.56156 -30 6 12 23.2807 0.157474 0.845009 3 1 0 0 1 3 2
1 75 7464 1242 386 1 0.0308476 1.47759 0.00136386 0.00135084 146.604 -0.0837391 13.1992 -3.96997 -0.983173 1.42752 5 10 25.789 0.0755485 1.46422 3 1 0 0 1 2 1
1 75 7464 617 388 0 0.66431 1.62171 0.00330143 0.000626802 1.62964e-05 0.0213151 7.03488 -1.13848 4.45664 -30 6 12 33.1177 -0.0787076 1.58839 4 1 0 0 1 4 5
1 75 7464 633 388 0 -0.0564437 1.57316 0.00177664 0.00165898 0.000718044 0.091991 5.47509 5.3716 5.3716 -30 6 12 33.1177 -0.0787076 1.58839 4 2 0 1 0 4 5
1 75 7464 639 388 0 0.0438307 1.60543 0.00157741 0.00139687 0.000190035 0.0742585 4.79887 0.0700691 4.75899 -30 6 12 33.1177 -0.0787076 1.58839 4 1 0 0 1 5 5
1 75 7464 641 388 0 0.0929688 1.59468 0.00116383 0.00114845 4.22201e-06 0.0615275 5.46813 -1.06091 5.52026 -30 6 12 33.1177 -0.0787076 1.58839 4 1 0 0 1 5 5
1 75 7464 193 389 1 -0.0936373 0.245732 0.000598222 0.00189695 0.000832746 -0.111199 1.40662 -5.23884 -0.920711 3.11308 6 12 28.0713 0.385231 0.34703 3 1 0 0 1 1 2
1 75 7464 205 389 0 0.40949 0.234859 0.000360856 0.000730426 0.440213 0.0339311 6.90264 5.86472 5.86472 -30 6 12 28.0713 0.385231 0.34703 3 1 0 0 1 1 2
1 75 7464 365 393 0 0.0676726 0.234834 0.000416385 0.00134653 0.00051869 0.0730979 2.97828 6.27692 6.27692 -30 5 10 22.573 0.0525751 0.188262 2 1 0 0 1 1 1
1 75 7464 424 403 0 0.0774097 0.45899 0.000626207 0.00129037 0.000648394 -0.071009 2.46769 6.54679 6.54679 -30 5 10 22.1718 0.0666567 0.401404 2 1 0 0 1 1 1
1 75 7464 39 412 0 -0.048711 0.442487 0.00076973 0.00170665 0.000890413 -0.0953034 4.10958 4.97359 4.97359 -30 5 10 21.9709 -0.0654526 0.38472 2 1 0 0 1 3 1
1 75 7464 1766 413 1 -0.0918332 2.39681 0.0046146 0.00210651 0.000217834 -0.06069 11.4077 -3.01294 4.68284 2.43195 5 10 21.9449 0.0451292 2.30503 2 1 0 0 1 1 15
1 75 7464 1772 413 1 -0.0723172 2.38437 0.00363135 0.00191849 6.95824e-07 -0.0540092 12.2832 -2.84658 5.15942 3.54534 5 10 21.9449 0.0451292 2.30503 2 10 0 3 0 1 15
1 75 7464 594 414 0 -0.0277276 0.580541 0.000909229 0.00160019 2.45698 -0.0914298 5.05246 6.3845 6.3845 -30 5 10 21.9115 -0.0500789 0.632843 2 1 0 0 1 3 1
1 75 7464 161 423 0 -0.026601 0.136404 0.000332311 0.0015393 0.0456075 -0.0873592 6.62761 6.456 6.456 -30 5 10 21.8691 -0.0437515 0.242802 2 1 0 0 1 2 1
1 75 7464 38 429 1 -0.0931644 0.626708 0.00115157 0.00194455 10.9513 -0.106456 7.18136 1.111 1.111 1.28021 5 10 21.8233 -0.0254819 0.709858 2 1 0 0 1 2 1
1 75 7464 3067 430 0 -0.0313979 1.84421 0.0018221 0.00153392 42.0688 0.0967202 25.65 6.21802 6.21802 -30 5 10 21.8208 -0.0631464 1.88758 2 14 0 12 0 2 14
1 75 7464 623 431 1 0.073142 1.54253 0.00156837 0.00143091 0.00267237 -0.0719552 6.46849 1.66791 1.66791 4.0772 6 12 28.9422 0.546283 1.51197 3 1 0 0 1 3 4
1 75 7464 640 431 0 0.516295 1.50675 0.000955565 0.000559379 1.69602 -0.0249299 6.85811 6.01243 6.01243 -30 6 12 28.9422 0.546283 1.51197 3 1 0 0 1 2 4
1 75 7464 643 431 0 0.56333 1.61004 0.00106522 0.000409901 1.69134 -0.0189849 7.50714 1.07899 5.1489 -30 6 12 28.9422 0.546283 1.51197 3 2 0 1 1 3 4
1 75 7464 38 432 1 -0.0931644 0.626708 0.00115157 0.00194455 10.9513 -0.106456 7.18136 -3.57206 1.111 1.28021 5 10 21.8087 0.194699 0.721484 2 1 0 0 1 2 2
1 75 7464 71 432 0 0.217585 0.641183 0.000657797 0.000939951 10.3853 0.0499377 7.28408 6.53843 6.53843 -30 5 10 21.8087 0.194699 0.721484 2 1 0 0 1 2 2
1 75 7464 583 440 0 0.127994 0.285702 0.000431123 0.0011864 0.000491984 0.0612072 6.35315 5.645 5.645 -30 5 10 21.721 0.105744 0.179694 2 2 0 1 0 1 2
1 75 7464 58 441 1 0.165758 0.875922 0.000967909 0.00120497 1.23937 -0.0562355 3.93168 -4.71309 3.92998 3.02006 6 12 27.8427 -0.0411138 0.802454 3 1 0 0 1 4 2
1 75 7464 79 441 0 -0.0248605 0.848096 0.00135824 0.00182131 0.00138802 0.0875273 1.2929 6.56156 6.56156 -30 6 12 27.8427 -0.0411138 0.802454 3 1 0 0 1 3 2
1 75 7464 71 451 0 0.217585 0.641183 0.000657797 0.000939951 10.3853 0.0499377 7.28408 -1.76457 6.53843 -30 6 12 21.5945 -0.0903193 0.662564 2 1 0 0 1 2 1
1 75 7464 4286 459 1 -0.0802655 2.2657 0.00320175 0.00189624 0.00327989 -0.0840297 25.65 -2.42402 0.148327 1.87913 5 10 21.5402 0.369812 2.26769 2 6 0 0 0 2 12
1 75 7464 17 485 0 0.245143 1.47587 0.00128932 0.000845615 6.75877e-05 -0.0472623 0.66084 1.14774 1.14774 3.02005 5 10 21.3108 0.172693 1.55168 2 1 0 0 1 2 1
1 75 7464 256 491 1 -0.060914 0.467799 0.000834504 0.00176259 0.000894024 -0.0945572 0.88602 -2.77055 -0.502948 2.01588 5 10 21.2433 0.357655 0.511974 2 1 0 0 1 1 1
1 75 7464 719 495 0 -0.075578 0.997111 0.00173114 0.00213436 10.8466 0.0982313 6.61506 -0.877031 1.59407 5.97158 5 10 21.2182 -0.0307846 0.959886 2 1 0 0 1 1 1
1 75 7464 223 496 1 -0.0116574 0.787728 0.00124842 0.00174357 0.00126094 -0.0855939 0.740301 -2.80486 0.996838 -30 5 10 21.2163 0.402217 0.849133 2 1 0 0 1 2 1
1 75 7464 439 512 0 0.515432 1.08501 0.000630326 0.000610193 0.000466012 -0.0254765 2.36158 6.83716 6.83716 -30 5 10 20.9032 0.487485 1.07079 2 1 0 0 1 1 1
1 75 7464 405 524 0 -0.0953765 1.79866 0.00246206 0.00188847 0.00447012 0.0846796 6.61246 5.69171 5.69171 -30 5 10 25.4865 -0.0856448 1.79973 3 2 0 1 0 1 6
1 75 7464 3271 524 1 0.229166 1.85404 0.0015897 0.000794254 356.76 0.0460905 26.2 -2.54418 1.42916 1.83737 5 10 25.4865 -0.0856448 1.79973 3 4 0 0 1 3 6
1 75 7464 586 525 1 0.232295 0.464 0.000520099 0.000897545 0.000499769 0.0485596 0.430592 -0.824354 -0.673795 3.16853 5 10 20.7186 -0.0877845 0.479997 2 1 0 0 1 1 1
1 75 7464 58 527 1 0.165758 0.875922 0.000967909 0.00120497 1.23937 -0.0562355 3.93168 -2.39262 3.92998 3.02006 5 10 20.6881 0.381305 0.995457 2 1 0 0 1 4 1
1 75 7464 494 539 0 0.0246928 0.794021 0.00116262 0.00164445 0.0010972 0.0799006 3.94228 5.78837 5.78837 -30 5 10 20.5022 0.0191218 0.707591 2 1 0 0 1 1 1
1 75 7464 318 544 1 0.298 0.12895 0.000304836 0.000877386 0.000405534 0.0414986 0.0250288 -2.58787 0.971676 1.89046 5 10 20.4259 0.39178 0.217318 2 1 0 0 1 2 2
1 75 7464 329 544 1 -0.0969481 0.165986 0.000435645 0.00195363 0.000569721 0.103078 6.64249 -4.93151 -1.9337 1.14412 5 10 20.4259 0.39178 0.217318 2 1 0 0 1 2 2
1 75 7464 561 547 1 -0.0349549 1.2074 0.00143365 0.00154961 208.767 0.0878867 14.4793 -3.23164 -2.88848 3.03782 6 12 27.1303 0.768791 1.10042 3 1 0 0 1 1 1
1 75 7464 396 554 0 -0.0613238 1.10092 0.00185698 0.00212856 0.000120188 0.0958987 0.582512 1.77931 4.61922 -30 5 10 22.6128 -0.0308825 1.01916 2 1 0 0 1 2 1
1 75 7464 4449 556 1 0.538186 2.11192 0.00300234 0.000671331 1.42259e-07 -0.0253889 24.95 0.571224 0.571224 2.79415 6 12 31.9745 -0.052009 2.15897 4 8 0 0 1 2 8
1 75 7464 2298 562 1 0.0151455 1.84054 0.00174565 0.00123849 125.654 -0.0666912 14.8134 -2.38627 3.19442 4.0583 5 10 25.1871 0.0047018 1.79718 3 11 0 0 1 3 11
1 75 7464 702 564 0 0.0506061 0.369907 0.000576134 0.00134982 0.000197825 0.0761365 1.5668 6.26297 6.26297 -30 6 12 20.5908 0.0286037 0.319316 2 1 0 0 1 1 1
1 75 7464 337 565 0 0.102704 0.36729 0.000536984 0.00121097 0.000243375 0.065542 3.62903 -2.28033 6.39448 -30 5 10 19.3374 0.497736 0.324075 2 2 0 1 1 3 2
1 75 7464 718 572 1 0.0605581 1.40814 0.00137697 0.00121123 0.000141538 0.0785882 0.883829 -0.199778 5.0124 -30 5 10 24.5616 0.0514654 1.50387 3 1 0 0 1 4 9
1 75 7464 724 572 0 0.0670444 1.42964 0.00144397 0.00136711 36.3364 0.0714292 10.1559 3.65466 3.65466 3.16363 5 10 24.5616 0.0514654 1.50387 3 2 0 0 0 5 9
1 75 7464 61 575 0 0.494354 0.486985 0.000440875 0.000531718 0.000347987 0.026831 0.350534 1.01028 5.09608 -30 6 12 26.5273 1.11987 0.480178 3 1 0 0 1 4 4
1 75 7464 66 575 0 0.67845 0.420263 0.000425701 0.000408405 0.000370083 0.0176248 0.345397 -1.81244 6.21391 -30 6 12 26.5273 1.11987 0.480178 3 2 0 1 1 4 4
1 75 7464 69 575 0 1.07538 0.514771 0.000532782 0.000225928 0.00038171 -0.00692452 0.679509 0.713673 2.69108 -30 6 12 26.5273 1.11987 0.480178 3 1 0 0 1 4 4
1 75 7464 446 576 0 -0.043968 1.5477 0.00192651 0.00159607 0.000306355 0.0850899 2.40995 5.40984 5.40984 -30 6 12 28.32 -0.0205007 1.52043 3 1 0 0 1 1 1
1 75 7464 197 580 0 0.0137398 1.67982 0.00154789 0.00132698 0.000214284 -0.0774171 4.66902 5.83884 5.83884 -30 5 10 20.8852 0.0281515 1.65854 2 1 0 0 1 2 1
1 75 7464 478 587 0 0.860771 1.66362 0.00176816 0.000247629 0.000362743 0.0101134 7.21958 -0.115482 6.48576 -30 5 10 24.7373 1.00341 1.58558 3 1 0 0 1 4 5
1 75 7464 68 602 1 -0.0541087 1.71651 0.00186021 0.00160992 0.000809116 -0.0886529 3.29548 -3.66836 3.84945 4.24462 5 10 25.0043 0.243197 1.76267 3 1 0 0 1 3 1
1 75 7464 182 604 0 0.241875 1.08615 0.00106685 0.000997968 0.000150116 0.0475686 2.55992 -0.780597 6.74847 -30 6 12 29.1108 0.0387186 1.04952 3 2 0 1 1 2 2
1 75 7464 661 605 0 0.0168852 0.923032 0.00132691 0.00169245 1.28028 0.0791204 4.00402 6.61211 6.61211 4.77033 5 10 26.2132 0.0384527 0.942794 3 2 0 0 0 2 2
1 75 7464 478 614 0 0.860771 1.66362 0.00176816 0.000247629 0.000362743 0.0101134 7.21958 6.48576 6.48576 -30 6 12 26.3746 0.836998 1.65603 3 1 0 0 1 4 5
1 75 7464 182 635 0 0.241875 1.08615 0.00106685 0.000997968 0.000150116 0.0475686 2.55992 6.74847 6.74847 -30 6 12 29.373 0.23302 1.06266 3 2 0 1 1 2 2
1 75 7464 623 637 1 0.073142 1.54253 0.00156837 0.00143091 0.00267237 -0.0719552 6.46849 -1.67365 1.66791 4.0772 6 12 27.5252 0.634583 1.61796 3 1 0 0 1 3 4
1 75 7464 640 637 0 0.516295 1.50675 0.000955565 0.000559379 1.69602 -0.0249299 6.85811 -0.742382 6.01243 -30 6 12 27.5252 0.634583 1.61796 3 1 0 0 1 2 4
1 75 7464 643 637 0 0.56333 1.61004 0.00106522 0.000409901 1.69134 -0.0189849 7.50714 5.1489 5.1489 -30 6 12 27.5252 0.634583 1.61796 3 2 0 1 1 3 4
1 75 7464 198 638 0 -0.0918651 0.772181 0.00137017 0.00199808 1.91096e-05 -0.106537 3.60562 4.79991 4.79991 -30 5 10 25.5858 -0.0864266 0.67943 3 1 0 0 1 1 1
1 75 7464 168 645 0 0.166615 1.23959 0.00138912 0.001357 0.00102144 -0.0563941 1.00616 6.76266 6.76266 -30 6 12 29.4718 0.140997 1.19198 3 1 0 0 1 1 1
1 75 7464 2335 646 1 0.00697193 1.72955 0.00163235 0.00139314 90.0248 -0.0732528 12.881 -0.024437 1.37259 4.86552 5 10 25.2308 -0.0422339 1.70879 3 1 0 0 1 3 13
1 75 7464 385 662 0 -0.0188061 1.05331 0.001658 0.00192421 0.00190308 -0.0871306 1.45818 5.67276 5.67276 5.72077 5 10 20.5971 -0.0520198 1.00651 2 2 0 0 0 1 2
1 75 7464 423 670 0 0.197321 0.772584 0.000804327 0.00107721 0.000181879 -0.0539781 0.385444 -1.02978 6.61254 -30 5 10 19.7747 -0.0926819 0.902251 2 1 0 0 1 2 1
1 75 7464 657 671 0 -0.0100157 1.39569 0.00138321 0.00138985 3.6272 0.0928989 6.37379 5.86107 5.86107 -30 5 10 24.7096 -0.000806682 1.41693 3 1 0 0 1 4 1
1 75 7464 518 674 0 0.484348 0.100487 0.000350742 0.000602144 0.0136276 -0.0272645 5.18676 6.4456 6.4456 -30 5 10 20.3459 0.459379 0.197407 2 1 0 0 1 2 2
1 75 7464 532 674 1 -0.0953407 0.306524 0.000630319 0.00183826 2.30434 0.103387 9.28539 -3.69525 -2.58833 1.99243 5 10 20.3459 0.459379 0.197407 2 1 0 0 1 1 2
1 75 7464 734 678 0 -0.00466966 0.406852 0.000718817 0.00164809 2.36499 -0.0864273 6.46167 5.18919 5.18919 -30 5 10 26.5294 -0.0435604 0.467414 3 1 0 0 1 2 1
1 75 7464 747 680 0 0.286423 0.864929 0.000765546 0.000922772 0.000588325 -0.0440489 2.55373 6.49645 6.49645 -30 5 10 25.6413 0.246174 0.811007 3 1 0 0 1 2 1
1 75 7464 278 695 1 0.147362 1.60077 0.00125876 0.00106208 7.12698e-06 -0.0560998 5.57705 -1.61157 3.93808 3.69905 5 10 24.8155 0.169876 1.66158 3 1 0 0 1 4 5
1 75 7464 309 695 0 0.169154 1.70092 0.00109011 0.000964637 2.7984e-05 0.0523133 2.5417 5.76698 5.76698 -30 5 10 24.8155 0.169876 1.66158 3 1 0 0 1 4 5
1 75 7464 315 695 0 -0.0475331 1.60995 0.00184384 0.00167375 3.7248 0.079928 8.90783 0.43735 5.9796 -30 5 10 24.8155 0.169876 1.66158 3 1 0 0 1 5 5
1 75 7464 348 695 1 -0.0847471 1.67366 0.00199983 0.00191739 0.00246275 0.103049 2.3876 2.06893 2.06893 4.6895 5 10 24.8155 0.169876 1.66158 3 2 0 0 1 2 5
1 75 7464 172 698 0 -0.0920025 1.87536 0.00219223 0.00174007 0.00373278 -0.0829657 4.2075 5.10437 5.10437 -30 6 12 27.6517 -0.0869081 1.86563 3 3 0 2 0 1 9
1 75 7464 1019 698 1 0.145587 1.76801 0.00162037 0.00119414 162.737 -0.0493547 17.5673 1.84627 1.84627 1.77003 6 12 27.6517 -0.0869081 1.86563 3 6 0 0 0 1 9
1 75 7464 451 702 1 0.0800915 0.929882 0.00113429 0.00140126 6.43021e-05 -0.0680191 1.61019 4.31367 4.31367 4.49612 6 12 32.3488 0.0523285 0.977097 4 1 0 0 1 2 1
1 75 7464 129 706 0 0.0242231 0.117076 0.000321138 0.00149816 0.000455805 -0.0782947 1.98729 4.29553 4.29553 -30 5 10 25.2014 0.015779 0.115499 3 2 0 1 0 2 2
1 75 7464 4198 708 2 0.30312 2.25207 0.00549219 0.00119747 355.797 -0.0318931 26.2 0.562426 0.821755 -0.0606762 6 12 34.2339 -0.0777797 2.24251 4 1 0 0 1 1 1
1 75 7464 2205 710 1 0.276197 2.131 0.00255951 0.000886123 49.7939 -0.0261684 19.1346 -3.52687 -1.63272 1.14648 5 10 20.5881 -0.0123158 2.08671 2 36 0 0 0 1 36
1 75 7464 511 712 0 0.00261442 1.46971 0.00155157 0.00157641 0.368682 0.0845598 7.18156 2.13568 5.99786 -30 6 12 32.2967 -0.081341 1.53123 4 2 0 1 0 2 2
1 75 7464 164 716 0 -0.0572439 0.0445019 0.000272895 0.00164637 0.000177588 0.0980794 1.42664 5.78664 5.78664 -30 5 10 19.4668 -0.0764016 0.0327789 2 2 0 1 1 3 2
1 75 7464 733 721 0 0.140081 0.785486 0.000983579 0.00127382 0.000105744 -0.0629225 0.8876 3.09122 5.66833 -30 6 12 28.83 0.0450159 0.754326 3 1 0 0 1 2 2
1 75 7464 741 721 1 0.338199 0.73307 0.000646743 0.000779397 23.7505 0.0395222 8.8783 -1.53324 3.59161 -30 6 12 28.83 0.0450159 0.754326 3 1 0 0 1 3 2
1 75 7464 345 727 0 -0.0778454 0.742853 0.00127457 0.00191149 9.59698e-07 -0.101728 0.469621 0.249801 3.95726 1.73153 6 12 28.044 -0.0781907 0.614642 3 1 0 0 1 2 2
1 75 7464 353 727 0 -0.081796 0.671597 0.00118158 0.00189854 1.97296e-07 -0.103047 2.69955 6.25879 6.25879 -30 6 12 28.044 -0.0781907 0.614642 3 1 0 0 1 2 2
1 75 7464 622 739 1 0.0683194 1.55356 0.00159237 0.00139265 51.8666 -0.0600521 11.9783 -2.24085 1.86782 2.95216 5 10 26.1548 0.146356 1.58434 3 10 0 0 0 3 12
1 75 7464 639 739 0 0.0438307 1.60543 0.00157741 0.00139687 0.000190035 0.0742585 4.79887 4.64396 4.75899 -30 5 10 26.1548 0.146356 1.58434 3 1 0 0 1 5 12
1 75 7464 641 739 0 0.0929688 1.59468 0.00116383 0.00114845 4.22201e-06 0.0615275 5.46813 5.52026 5.52026 -30 5 10 26.1548 0.146356 1.58434 3 1 0 0 1 5 12
1 75 7464 287 761 0 0.126856 1.81759 0.00222467 0.00124816 1.32308e-05 -0.0538374 5.52771 6.30326 6.30326 -30 5 10 19.9959 0.127594 1.80133 2 6 0 5 1 1 7
1 75 7464 309 761 0 0.169154 1.70092 0.00109011 0.000964637 2.7984e-05 0.0523133 2.5417 -2.08057 5.76698 -30 5 10 19.9959 0.127594 1.80133 2 1 0 0 1 4 7
1 75 7464 6181 764 1 -0.0972571 2.14108 0.00252458 0.0019502 16.3475 -0.111057 33.195 3.31471 3.31471 4.72735 5 10 19.9806 -0.0327281 2.13705 2 2 0 0 1 1 2
1 75 7464 219 765 0 0.022157 0.337905 0.000571554 0.00139041 0.000200592 0.0791856 2.36757 5.14128 5.14128 -30 6 12 28.5949 -0.0167831 0.278011 3 1 0 0 1 1 1
1 75 7464 611 771 0 0.0814818 0.696501 0.000930344 0.00133197 0.000104827 -0.0693688 0.611566 5.18692 5.18692 -30 6 12 26.7255 0.0453705 0.67028 3 1 0 0 1 2 1
1 75 7464 617 772 0 0.66431 1.62171 0.00330143 0.000626802 1.62964e-05 0.0213151 7.03488 4.45664 4.45664 -30 5 10 25.2129 0.683911 1.61399 3 1 0 0 1 4 9
1 75 7464 622 772 1 0.0683194 1.55356 0.00159237 0.00139265 51.8666 -0.0600521 11.9783 -2.8369 1.86782 2.95216 5 10 25.2129 0.683911 1.61399 3 10 0 0 0 3 9
1 75 7464 633 772 0 -0.0564437 1.57316 0.00177664 0.00165898 0.000718044 0.091991 5.47509 -0.837034 5.3716 -30 5 10 25.2129 0.683911 1.61399 3 2 0 1 0 4 9
1 75 7464 639 772 0 0.0438307 1.60543 0.00157741 0.00139687 0.000190035 0.0742585 4.79887 -0.211937 4.75899 -30 5 10 25.2129 0.683911 1.61399 3 1 0 0 1 5 9
1 75 7464 641 772 0 0.0929688 1.59468 0.00116383 0.00114845 4.22201e-06 0.0615275 5.46813 0.524415 5.52026 -30 5 10 25.2129 0.683911 1.61399 3 1 0 0 1 5 9
1 75 7464 694 775 0 -0.0966168 1.69903 0.00225027 0.00199496 0.000627663 0.0895404 7.04293 6.02299 6.02299 4.2905 5 10 19.8065 -0.0954997 1.70372 2 2 0 0 0 2 2
1 75 7464 278 777 1 0.147362 1.60077 0.00125876 0.00106208 7.12698e-06 -0.0560998 5.57705 3.93808 3.93808 3.69905 5 10 25.815 0.34028 1.54897 3 1 0 0 1 4 2
1 75 7464 315 777 0 -0.0475331 1.60995 0.00184384 0.00167375 3.7248 0.079928 8.90783 -1.05064 5.9796 -30 5 10 25.815 0.34028 1.54897 3 1 0 0 1 5 2
1 75 7464 747 782 0 0.286423 0.864929 0.000765546 0.000922772 0.000588325 -0.0440489 2.55373 0.498101 6.49645 -30 5 10 25.0394 -0.00134237 0.877909 3 1 0 0 1 2 1
1 75 7464 6263 786 1 -0.0148548 2.11184 0.00197266 0.00156438 110.85 -0.0845635 31.945 5.71606 5.71606 4.09253 6 12 32.9917 -0.0573569 2.13877 4 6 0 0 0 1 6
1 75 7464 128 787 0 -0.0296018 1.70231 0.00167837 0.00156211 0.00731252 -0.0971362 1.42336 4.89702 4.89702 -30 5 10 20.2358 -0.0140112 1.64223 2 1 0 0 1 1 1
1 75 7464 642 788 0 0.0100828 0.601759 0.000884926 0.00147351 8.81723 0.083862 6.85784 6.83917 6.83917 -30 6 12 28.7685 0.00802313 0.683303 3 1 0 0 1 2 1
1 75 7464 73 791 2 -0.0865281 2.14671 0.0060983 0.00279998 9.73891e-05 0.0654751 6.57148 -1.52946 1.87639 1.55458 6 12 34.0254 -0.125001 2.21031 4 9 0 0 0 2 25
1 75 7464 3950 791 1 -0.0226949 2.24043 0.00315127 0.00159276 401.648 -0.0562329 26.2 -3.16993 -3.03787 0.433173 6 12 34.0254 -0.125001 2.21031 4 20 0 0 0 1 25
1 75 7464 9507 791 1 -0.00988643 2.24177 0.00216852 0.00149824 396.225 -0.0931203 40.873 -3.31141 -3.19273 0.132681 6 12 34.0254 -0.125001 2.21031 4 20 0 0 0 1 25
1 75 7464 617 793 0 0.66431 1.62171 0.00330143 0.000626802 1.62964e-05 0.0213151 7.03488 -0.63104 4.45664 -30 5 10 20.5981 0.0359265 1.61245 2 1 0 0 1 4 5
1 75 7464 633 793 0 -0.0564437 1.57316 0.00177664 0.00165898 0.000718044 0.091991 5.47509 1.66119 5.3716 -30 5 10 20.5981 0.0359265 1.61245 2 2 0 1 0 4 5
1 75 7464 639 793 0 0.0438307 1.60543 0.00157741 0.00139687 0.000190035 0.0742585 4.79887 4.75899 4.75899 -30 5 10 20.5981 0.0359265 1.61245 2 1 0 0 1 5 5
1 75 7464 641 793 0 0.0929688 1.59468 0.00116383 0.00114845 4.22201e-06 0.0615275 5.46813 1.241 5.52026 -30 5 10 20.5981 0.0359265 1.61245 2 1 0 0 1 5 5
1 75 7464 1614 796 1 -0.0964022 2.18842 0.00272011 0.00194864 0.000810432 0.0772623 6.63368 -0.32904 0.182868 4.34249 5 10 26.1585 0.364469 2.16022 3 12 0 0 0 1 26
1 75 7464 259 800 0 -0.0788496 1.27321 0.00203125 0.00225334 51.3624 0.11091 9.38818 -0.931252 2.24715 4.81673 5 10 19.2388 0.291063 1.31258 2 3 0 0 0 3 3
1 75 7464 278 801 1 0.147362 1.60077 0.00125876 0.00106208 7.12698e-06 -0.0560998 5.57705 0.410511 3.93808 3.69905 6 12 27.2492 0.238399 1.67108 3 1 0 0 1 4 3
1 75 7464 309 801 0 0.169154 1.70092 0.00109011 0.000964637 2.7984e-05 0.0523133 2.5417 -0.426291 5.76698 -30 6 12 27.2492 0.238399 1.67108 3 1 0 0 1 4 3
1 75 7464 315 801 0 -0.0475331 1.60995 0.00184384 0.00167375 3.7248 0.079928 8.90783 -0.344225 5.9796 -30 6 12 27.2492 0.238399 1.67108 3 1 0 0 1 5 3
1 75 7464 578 804 0 0.0388312 1.67906 0.00178728 0.00154697 9.22711e-05 0.0695444 4.82496 4.72578 4.72578 -30 6 12 28.4409 0.0617787 1.67462 3 1 0 0 1 1 1
1 75 7464 558 811 0 0.0508572 1.08045 0.00143411 0.0016566 0.00128411 -0.072881 2.47263 -2.14525 5.53316 -30 6 12 30.1514 0.0398346 1.12527 4 1 0 0 1 2 1
1 75 7464 659 813 1 -0.0931456 2.13428 0.002994 0.0019352 0.000405982 0.073979 1.07292 0.890619 1.59166 3.28671 5 10 25.5725 0.0642294 2.08982 3 2 0 0 0 1 2
1 75 7464 129 815 0 0.0242231 0.117076 0.000321138 0.00149816 0.000455805 -0.0782947 1.98729 -3.74315 4.29553 -30 5 10 17.75 0.142298 0.0392396 2 2 0 1 0 2 4
1 75 7464 164 815 0 -0.0572439 0.0445019 0.000272895 0.00164637 0.000177588 0.0980794 1.42664 -1.74584 5.78664 -30 5 10 17.75 0.142298 0.0392396 2 2 0 1 1 3 4
1 75 7464 2335 816 1 0.00697193 1.72955 0.00163235 0.00139314 90.0248 -0.0732528 12.881 -1.50048 1.37259 4.86552 6 12 28.3382 0.234225 1.68299 3 1 0 0 1 3 13
1 75 7464 661 817 0 0.0168852 0.923032 0.00132691 0.00169245 1.28028 0.0791204 4.00402 -2.4298 6.61211 4.77033 5 10 18.8693 0.399708 0.827148 2 2 0 0 0 2 2
1 75 7464 451 820 1 0.0800915 0.929882 0.00113429 0.00140126 6.43021e-05 -0.0680191 1.61019 -2.67242 4.31367 4.49612 5 10 20.0434 0.270661 1.0364 2 1 0 0 1 2 1
1 75 7464 668 822 0 -0.0319156 1.32116 0.00156969 0.00153471 0.0040923 0.0970983 2.48627 -1.31963 6.16608 -30 5 10 19.052 -0.087217 1.37722 2 2 0 1 0 4 4
1 75 7464 724 823 0 0.0670444 1.42964 0.00144397 0.00136711 36.3364 0.0714292 10.1559 0.597477 3.65466 3.16363 6 12 28.176 0.058193 1.51025 3 2 0 0 0 5 8
1 75 7464 32 830 1 0.209001 1.62186 0.00165007 0.00101635 0.000104323 -0.0436029 0.950156 -1.15024 2.03315 -30 5 10 24.9446 0.0670629 1.53829 3 1 0 0 1 4 2
1 75 7464 54 830 0 0.042433 1.51741 0.00155806 0.00139452 5.11388 0.0743945 7.5676 4.43712 4.43712 -30 5 10 24.9446 0.0670629 1.53829 3 1 0 0 1 5 2
1 75 7464 40 832 1 0.859069 1.16696 0.000798751 0.000255238 23.8338 0.0118275 7.65619 -2.27728 -1.58229 4.32094 5 10 24.3479 -0.0350491 1.13863 3 1 0 0 1 3 4
1 75 7464 53 832 0 -0.0209107 1.16235 0.00183086 0.0020592 0.00237552 0.0898064 2.12976 2.61428 4.4889 -30 5 10 24.3479 -0.0350491 1.13863 3 1 0 0 1 3 4
1 75 7464 718 836 1 0.0605581 1.40814 0.00137697 0.00121123 0.000141538 0.0785882 0.883829 0.374296 5.0124 -30 5 10 24.2662 -0.0294422 1.35407 3 1 0 0 1 4 3
1 75 7464 724 836 0 0.0670444 1.42964 0.00144397 0.00136711 36.3364 0.0714292 10.1559 -0.717179 3.65466 3.16363 5 10 24.2662 -0.0294422 1.35407 3 2 0 0 0 5 3
1 75 7464 718 837 1 0.0605581 1.40814 0.00137697 0.00121123 0.000141538 0.0785882 0.883829 5.0124 5.0124 -30 5 10 22.2875 0.0321434 1.37874 3 1 0 0 1 4 3
1 75 7464 724 837 0 0.0670444 1.42964 0.00144397 0.00136711 36.3364 0.0714292 10.1559 -0.402175 3.65466 3.16363 5 10 22.2875 0.0321434 1.37874 3 2 0 0 0 5 3
1 75 7464 528 838 0 -0.0657571 0.975508 0.00184235 0.00233016 11.6129 -0.0996345 6.21838 -1.70277 6.4467 3.44059 6 12 26.7678 0.208062 0.960242 3 1 0 0 1 3 1
1 75 7464 623 844 1 0.073142 1.54253 0.00156837 0.00143091 0.00267237 -0.0719552 6.46849 -4.16564 1.66791 4.0772 5 10 19.4568 -0.126972 1.63982 2 1 0 0 1 3 3
1 75 7464 643 844 0 0.56333 1.61004 0.00106522 0.000409901 1.69134 -0.0189849 7.50714 -3.47383 5.1489 -30 5 10 19.4568 -0.126972 1.63982 2 2 0 1 1 3 3
1 75 7464 68 849 1 -0.0541087 1.71651 0.00186021 0.00160992 0.000809116 -0.0886529 3.29548 3.84945 3.84945 4.24462 6 12 26.8681 -0.0156482 1.65612 3 1 0 0 1 3 1
1 75 7464 17 850 0 0.245143 1.47587 0.00128932 0.000845615 6.75877e-05 -0.0472623 0.66084 -3.06209 1.14774 3.02005 6 12 31.4912 0.188109 1.58101 4 1 0 0 1 2 3
1 75 7464 32 850 1 0.209001 1.62186 0.00165007 0.00101635 0.000104323 -0.0436029 0.950156 -2.4448 2.03315 -30 6 12 31.4912 0.188109 1.58101 4 1 0 0 1 4 3
1 75 7464 54 850 0 0.042433 1.51741 0.00155806 0.00139452 5.11388 0.0743945 7.5676 1.96216 4.43712 -30 6 12 31.4912 0.188109 1.58101 4 1 0 0 1 5 3
1 75 7464 478 852 0 0.860771 1.66362 0.00176816 0.000247629 0.000362743 0.0101134 7.21958 0.164345 6.48576 -30 5 10 18.955 0.909971 1.59237 2 1 0 0 1 4 5
1 75 7464 5150 853 0 0.201051 1.81741 0.00139231 0.000896623 68.2794 -0.0576511 25.65 -0.068274 2.89751 3.19417 6 12 27.4303 -0.0682096 1.93056 3 16 0 0 1 2 35
1 75 7464 54 855 0 0.042433 1.51741 0.00155806 0.00139452 5.11388 0.0743945 7.5676 -1.40924 4.43712 -30 5 10 23.6677 0.109079 1.43482 3 1 0 0 1 5 1
1 75 7464 102 856 2 -0.000577252 1.24232 0.00140319 0.00142632 217.127 0.0761857 15.4544 5.4872 5.4872 5.3101 5 10 22.4871 0.0402029 1.34828 3 8 0 5 0 1 8
1 75 7464 15 860 0 0.120718 0.345349 0.000486788 0.0011393 0.036381 0.0625922 1.76006 1.78549 6.66184 -30 5 10 17.4627 0.159015 0.261256 2 1 0 0 1 2 1
1 75 7464 717 862 0 0.0352721 0.412932 0.000650076 0.00146412 3.60329 -0.0756675 7.61526 0.804694 6.76133 -30 5 10 19.2786 -0.0101894 0.441124 2 1 0 0 1 2 1
1 75 7464 210 867 0 -0.0247445 0.101036 0.000291071 0.00170513 0.0004683 0.0899931 0.936077 6.60541 6.60541 -30 6 12 19.5999 -0.0205068 0.0795449 2 1 0 0 1 1 1
1 75 7464 143 876 0 0.449851 1.14477 0.000823181 0.000666952 0.000522989 -0.0303194 2.3307 5.94298 5.94298 -30 5 10 19.0768 0.448155 1.07902 2 1 0 0 1 1 1
1 75 7464 18 879 1 0.424306 1.57589 0.00134244 0.000582222 73.5862 0.0252335 11.4812 -0.975297 -0.975297 0.955329 5 10 19.9587 0.0681091 1.64184 2 2 0 0 0 1 3
1 75 7464 61 883 0 0.494354 0.486985 0.000440875 0.000531718 0.000347987 0.026831 0.350534 -0.327609 5.09608 -30 6 12 24.1022 1.09074 0.496409 3 1 0 0 1 4 5
1 75 7464 66 883 0 0.67845 0.420263 0.000425701 0.000408405 0.000370083 0.0176248 0.345397 -1.80592 6.21391 -30 6 12 24.1022 1.09074 0.496409 3 2 0 1 1 4 5
1 75 7464 69 883 0 1.07538 0.514771 0.000532782 0.000225928 0.00038171 -0.00692452 0.679509 2.69108 2.69108 -30 6 12 24.1022 1.09074 0.496409 3 1 0 0 1 4 5
1 75 7464 72 883 0 0.0396565 0.485817 0.000739377 0.00145753 0.000164719 -0.0751147 0.575662 -2.65333 4.31457 -30 6 12 24.1022 1.09074 0.496409 3 1 0 0 1 2 5
1 75 7464 668 886 0 -0.0319156 1.32116 0.00156969 0.00153471 0.0040923 0.0970983 2.48627 6.16608 6.16608 -30 6 12 26.6481 -0.0501081 1.31182 3 2 0 1 0 4 4
1 75 7464 674 888 1 0.619767 1.24472 0.000743851 0.000397996 2.43619 0.0200152 5.52389 0.709134 1.26655 4.66454 5 10 23.2432 -0.0927179 1.29931 3 1 0 0 1 2 1
1 75 7464 657 892 0 -0.0100157 1.39569 0.00138321 0.00138985 3.6272 0.0928989 6.37379 0.922274 5.86107 -30 5 10 21.8871 0.0136883 1.49261 3 1 0 0 1 4 6
1 75 7464 1249 897 1 0.00494966 2.04988 0.00244183 0.00141188 232.786 0.049757 18.693 -1.9911 -0.957659 0.568141 6 12 25.3349 0.290573 1.94932 3 12 0 0 0 1 16
1 75 7464 3271 897 1 0.229166 1.85404 0.0015897 0.000794254 356.76 0.0460905 26.2 1.42916 1.42916 1.83737 6 12 25.3349 0.290573 1.94932 3 4 0 0 1 3 16
1 75 7464 523 899 0 -0.0263776 0.236808 0.000431433 0.00161145 0.00017113 -0.0770318 1.5185 5.46963 5.46963 -30 6 12 27.6659 -0.0459417 0.198957 3 1 0 0 1 1 1
1 75 7464 1 900 1 -0.0791822 0.145732 0.000383233 0.00189015 0.000525697 -0.0983117 4.95055 -4.22694 1.97835 2.0819 6 12 25.3163 0.265943 0.109634 3 1 0 0 1 1 2
1 75 7464 25 900 0 0.267066 0.0891796 0.000297292 0.000884486 0.00139341 0.0444348 1.3492 3.06729 3.06729 -30 6 12 25.3163 0.265943 0.109634 3 1 0 0 1 1 2
1 75 7464 69 903 0 1.07538 0.514771 0.000532782 0.000225928 0.00038171 -0.00692452 0.679509 -1.16079 2.69108 -30 6 12 27.8573 0.0131882 0.475366 3 1 0 0 1 4 2
1 75 7464 72 903 0 0.0396565 0.485817 0.000739377 0.00145753 0.000164719 -0.0751147 0.575662 4.31457 4.31457 -30 6 12 27.8573 0.0131882 0.475366 3 1 0 0 1 2 2
1 75 7464 671 905 1 0.133363 0.313405 0.000451134 0.00114092 0.908587 -0.0607085 5.95943 1.41233 1.41233 -30 6 12 32.5767 0.113448 0.405105 4 1 0 0 1 1 1
1 75 7464 387 912 1 0.190619 0.248062 0.000376938 0.00100048 0.0952797 -0.0528305 3.1685 1.83684 1.83684 5.39618 5 10 17.1743 0.0438668 0.179893 2 1 0 0 1 3 3
1 75 7464 437 912 0 -0.0503969 0.124613 0.000323224 0.00175745 0.000499171 0.0950934 5.89163 -4.78746 6.01339 -30 5 10 17.1743 0.0438668 0.179893 2 2 0 1 0 3 3
1 75 7464 56 915 1 0.705803 0.0631449 0.000271459 0.000432533 0.000382759 -0.016144 0.916054 3.05332 3.05332 4.601 6 12 20.7971 0.694749 0.0291285 3 1 0 0 1 1 1
1 75 7464 363 916 1 0.489235 1.43443 0.00118315 0.000630838 0.000297319 0.0237932 5.41876 -2.55363 -0.139488 2.50629 5 10 20.6402 0.0970545 1.5518 2 1 0 0 1 1 1
1 75 7464 40 917 1 0.859069 1.16696 0.000798751 0.000255238 23.8338 0.0118275 7.65619 -1.64337 -1.58229 4.32094 5 10 22.8184 -0.0201415 1.15821 3 1 0 0 1 3 4
1 75 7464 53 917 0 -0.0209107 1.16235 0.00183086 0.0020592 0.00237552 0.0898064 2.12976 4.4889 4.4889 -30 5 10 22.8184 -0.0201415 1.15821 3 1 0 0 1 3 4
1 75 7464 428 918 0 -0.0874946 0.165454 0.000391655 0.00185939 0.0183925 0.103832 3.24859 -1.55122 5.70449 -30 5 10 17.9816 -0.033413 0.173112 2 1 0 0 1 2 2
1 75 7464 430 918 0 -0.0110146 0.154864 0.000351717 0.00158279 0.000277843 0.0873544 4.64019 2.43041 2.43041 2.54262 5 10 17.9816 -0.033413 0.173112 2 1 0 0 1 2 2
1 75 7464 558 920 0 0.0508572 1.08045 0.00143411 0.0016566 0.00128411 -0.072881 2.47263 5.53316 5.53316 -30 5 10 23.272 0.0308273 1.08229 3 1 0 0 1 2 1
1 75 7464 674 922 1 0.619767 1.24472 0.000743851 0.000397996 2.43619 0.0200152 5.52389 1.26655 1.26655 4.66454 5 10 18.6938 0.189894 1.23741 2 1 0 0 1 2 1
1 75 7464 61 923 0 0.494354 0.486985 0.000440875 0.000531718 0.000347987 0.026831 0.350534 5.09608 5.09608 -30 6 12 25.0002 0.499648 0.468181 3 1 0 0 1 4 4
1 75 7464 66 923 0 0.67845 0.420263 0.000425701 0.000408405 0.000370083 0.0176248 0.345397 -0.776239 6.21391 -30 6 12 25.0002 0.499648 0.468181 3 2 0 1 1 4 4
1 75 7464 69 923 0 1.07538 0.514771 0.000532782 0.000225928 0.00038171 -0.00692452 0.679509 -1.78877 2.69108 -30 6 12 25.0002 0.499648 0.468181 3 1 0 0 1 4 4
1 75 7464 677 929 1 -0.013904 1.7021 0.00172392 0.0014105 0.00407172 -0.082637 2.11366 -1.02613 5.10424 5.29528 5 10 22.5757 0.516678 1.71935 3 1 0 0 1 1 1
1 75 7464 283 932 0 -0.0753061 1.31818 0.00170648 0.00174067 0.000494583 -0.0996596 3.80019 4.69419 4.69419 3.78876 5 10 17.7487 -0.0972952 1.3844 2 1 0 0 1 1 1
1 75 7464 268 935 1 -0.0783952 1.97879 0.00272394 0.00176542 0.000183967 -0.0731283 4.21628 1.01429 1.01429 4.36719 6 12 32.3816 0.639349 1.9065 4 9 0 0 0 1 13
1 75 7464 3039 940 1 0.0162124 1.99739 0.00228972 0.00148835 19.702 -0.0797802 24.95 -1.70638 1.19797 3.26179 5 10 23.4424 -0.0872449 1.94848 3 10 0 0 1 1 24
1 75 7464 3067 940 0 -0.0313979 1.84421 0.0018221 0.00153392 42.0688 0.0967202 25.65 0.497989 6.21802 -30 5 10 23.4424 -0.0872449 1.94848 3 14 0 12 0 2 24
1 75 7464 241 943 0 -0.0889583 0.593246 0.00110174 0.00192647 4.32714 -0.105294 5.44111 -4.11059 6.50046 -30 5 10 17.2866 0.195662 0.497294 2 1 0 0 1 2 1
1 75 7464 425 946 0 -0.0806483 1.48574 0.00184888 0.00167124 0.00450079 0.0975121 1.138 0.338528 4.98065 -30 5 10 18.549 0.179173 1.39416 2 1 0 0 1 2 2
1 75 7464 1242 946 1 0.0308476 1.47759 0.00136386 0.00135084 146.604 -0.0837391 13.1992 -4.25995 -0.983173 1.42752 5 10 18.549 0.179173 1.39416 2 1 0 0 1 2 2
1 75 7464 396 950 0 -0.0613238 1.10092 0.00185698 0.00212856 0.000120188 0.0958987 0.582512 4.61922 4.61922 -30 5 10 22.4916 -0.0843563 1.07243 3 1 0 0 1 2 1
1 75 7464 345 953 0 -0.0778454 0.742853 0.00127457 0.00191149 9.59698e-07 -0.101728 0.469621 3.95726 3.95726 1.73153 5 10 18.2906 -0.0973486 0.727503 2 1 0 0 1 2 2
1 75 7464 353 953 0 -0.081796 0.671597 0.00118158 0.00189854 1.97296e-07 -0.103047 2.69955 -0.2433 6.25879 -30 5 10 18.2906 -0.0973486 0.727503 2 1 0 0 1 2 2
1 75 7464 32 958 1 0.209001 1.62186 0.00165007 0.00101635 0.000104323 -0.0436029 0.950156 2.03315 2.03315 -30 6 12 24.6586 0.043136 1.58528 3 1 0 0 1 4 2
1 75 7464 54 958 0 0.042433 1.51741 0.00155806 0.00139452 5.11388 0.0743945 7.5676 -1.12505 4.43712 -30 6 12 24.6586 0.043136 1.58528 3 1 0 0 1 5 2
1 75 7464 531 961 1 0.424324 0.541323 0.000441014 0.000598585 5.14641 0.0310443 6.25555 3.97049 3.97049 -30 6 12 21.8663 0.15556 0.616749 3 1 0 0 1 1 1
1 75 7464 315 964 0 -0.0475331 1.60995 0.00184384 0.00167375 3.7248 0.079928 8.90783 0.472724 5.9796 -30 6 12 24.4277 -0.0795328 1.53623 3 1 0 0 1 5 1
1 75 7464 68 967 1 -0.0541087 1.71651 0.00186021 0.00160992 0.000809116 -0.0886529 3.29548 1.09346 3.84945 4.24462 5 10 18.9394 0.0638112 1.69255 2 1 0 0 1 3 1
1 75 7464 718 968 1 0.0605581 1.40814 0.00137697 0.00121123 0.000141538 0.0785882 0.883829 -1.52637 5.0124 -30 5 10 22.0968 -0.0454572 1.36624 3 1 0 0 1 4 1
1 75 7464 241 973 0 -0.0889583 0.593246 0.00110174 0.00192647 4.32714 -0.105294 5.44111 6.50046 6.50046 -30 5 10 16.3325 -0.0789296 0.682992 2 1 0 0 1 2 1
1 75 7464 312 976 0 0.0937011 0.0330149 0.000304265 0.00134019 0.000399027 0.0672069 6.13191 -0.407057 5.78706 -30 5 10 21.377 0.163422 0.0421138 3 2 0 1 0 4 6
1 75 7464 318 976 1 0.298 0.12895 0.000304836 0.000877386 0.000405534 0.0414986 0.0250288 -0.329889 0.971676 1.89046 5 10 21.377 0.163422 0.0421138 3 1 0 0 1 2 6
1 75 7464 329 976 1 -0.0969481 0.165986 0.000435645 0.00195363 0.000569721 0.103078 6.64249 -2.01246 -1.9337 1.14412 5 10 21.377 0.163422 0.0421138 3 1 0 0 1 2 6
1 75 7464 39 982 0 -0.048711 0.442487 0.00076973 0.00170665 0.000890413 -0.0953034 4.10958 -3.15445 4.97359 -30 5 10 20.5796 0.0577431 0.433239 3 1 0 0 1 3 2
1 75 7464 93 982 1 0.146465 0.462626 0.000547019 0.00103507 5.18856 0.0604912 7.62347 -0.27964 -0.27964 0.281242 5 10 20.5796 0.0577431 0.433239 3 1 0 0 1 1 2
1 75 7464 259 984 0 -0.0788496 1.27321 0.00203125 0.00225334 51.3624 0.11091 9.38818 -2.84579 2.24715 4.81673 5 10 18.1171 -0.137672 1.26771 2 3 0 0 0 3 3
1 75 7464 206 985 1 -0.0354275 0.427586 0.000757852 0.00168306 0.0244651 -0.0895884 2.03432 -0.54948 -0.54948 3.20594 5 10 15.963 0.0739138 0.547697 2 1 0 0 1 1 2
1 75 7464 249 985 0 -0.0385229 0.50089 0.000842466 0.00165827 7.11283e-05 0.0930189 1.15888 -4.43796 5.72922 -30 5 10 15.963 0.0739138 0.547697 2 1 0 0 1 2 2
1 75 7464 538 986 1 0.299066 1.59942 0.00109675 0.000801692 4.55292e-05 0.045645 0.467226 -1.12001 -0.435955 2.9404 5 10 16.8556 -0.086329 1.55259 2 1 0 0 1 1 9
1 75 7464 2174 986 1 0.0799796 1.67133 0.00130916 0.0011513 4.83615 0.07441 8.32708 -2.97876 0.640034 4.30125 5 10 16.8556 -0.086329 1.55259 2 8 0 0 0 1 9
1 75 7464 291 989 0 0.529688 0.0912962 0.000239753 0.000555326 0.000378847 -0.0249316 0.835962 -0.797298 6.49543 -30 5 10 21.6478 0.0509705 0.0373218 3 1 0 0 1 3 3
1 75 7464 312 989 0 0.0937011 0.0330149 0.000304265 0.00134019 0.000399027 0.0672069 6.13191 -2.95266 5.78706 -30 5 10 21.6478 0.0509705 0.0373218 3 2 0 1 0 4 3
1 75 7464 185 990 0 0.0770968 0.054289 0.000286271 0.00128733 0.00249992 0.0693154 5.23087 4.51907 4.51907 -30 5 10 15.9858 0.255219 0.110267 2 2 0 1 0 2 3
1 75 7464 192 990 0 -0.0154196 0.172255 0.000407348 0.00163909 0.096808 0.0854047 5.61674 -0.631099 5.80379 -30 5 10 15.9858 0.255219 0.110267 2 1 0 0 1 2 3
1 75 7464 259 992 0 -0.0788496 1.27321 0.00203125 0.00225334 51.3624 0.11091 9.38818 2.24715 2.24715 4.81673 5 10 16.9496 -0.0904309 1.33481 2 3 0 0 0 3 3
1 75 7464 528 993 0 -0.0657571 0.975508 0.00184235 0.00233016 11.6129 -0.0996345 6.21838 -3.30385 6.4467 3.44059 5 10 18.7562 0.178292 0.971743 3 1 0 0 1 3 1
1 75 7464 594 995 0 -0.0277276 0.580541 0.000909229 0.00160019 2.45698 -0.0914298 5.05246 -1.62141 6.3845 -30 6 12 21.2181 0.0657834 0.533004 3 1 0 0 1 3 1
1 75 7464 2335 998 1 0.00697193 1.72955 0.00163235 0.00139314 90.0248 -0.0732528 12.881 -1.01186 1.37259 4.86552 5 10 18.6929 -0.246183 1.67543 2 1 0 0 1 3 3
1 75 7464 131 1000 1 0.073008 0.182767 0.000367825 0.00135007 0.000304407 -0.0698505 1.45668 3.9989 3.9989 -30 6 12 23.0404 -0.0690531 0.147212 3 1 0 0 1 1 4
1 75 7464 151 1000 1 0.169208 0.226012 0.000352082 0.00106819 0.000314696 0.0575797 3.66907 -1.04454 0.661116 3.6973 6 12 23.0404 -0.0690531 0.147212 3 2 0 0 0 1 4
1 75 7464 164 1000 0 -0.0572439 0.0445019 0.000272895 0.00164637 0.000177588 0.0980794 1.42664 -0.939459 5.78664 -30 6 12 23.0404 -0.0690531 0.147212 3 2 0 1 1 3 4
1 75 7464 668 1001 0 -0.0319156 1.32116 0.00156969 0.00153471 0.0040923 0.0970983 2.48627 -2.29633 6.16608 -30 5 10 19.0401 -0.0391371 1.20718 3 2 0 1 0 4 4
1 75 7464 337 1005 0 0.102704 0.36729 0.000536984 0.00121097 0.000243375 0.065542 3.62903 -0.940843 6.39448 -30 5 10 17.6903 0.39734 0.258732 2 2 0 1 1 3 2
1 75 7464 223 1012 1 -0.0116574 0.787728 0.00124842 0.00174357 0.00126094 -0.0855939 0.740301 -2.54234 0.996838 -30 5 10 15.7263 -0.0409795 0.733902 2 1 0 0 1 2 1
1 75 7464 32 1013 1 0.209001 1.62186 0.00165007 0.00101635 0.000104323 -0.0436029 0.950156 -0.0987202 2.03315 -30 5 10 17.2102 -0.100837 1.70266 2 1 0 0 1 4 1
1 75 7464 657 1014 0 -0.0100157 1.39569 0.00138321 0.00138985 3.6272 0.0928989 6.37379 -1.23925 5.86107 -30 5 10 17.4291 0.00670596 1.48871 2 1 0 0 1 4 6
1 75 7464 741 1015 1 0.338199 0.73307 0.000646743 0.000779397 23.7505 0.0395222 8.8783 3.59161 3.59161 -30 5 10 16.0312 -0.0870523 0.820238 2 1 0 0 1 3 1
1 32 3109 238 7 0 0.12656 0.667778 0.000796988 0.00118598 16.4489 -0.0618704 8.36229 -3.47506 6.83063 -30 6 12 36.2843 -0.070327 0.584211 4 1 0 0 1 3 4
1 32 3109 258 7 1 -0.0644085 0.593585 0.00106325 0.00186051 10.3367 0.0989143 7.40067 -0.30485 -0.30485 4.38588 6 12 36.2843 -0.070327 0.584211 4 1 0 0 1 2 4
1 32 3109 264 7 0 -0.0198269 0.515959 0.000823555 0.00157475 2.43935 0.0896571 4.95055 4.0318 6.81293 -30 6 12 36.2843 -0.070327 0.584211 4 1 0 0 1 2 4
1 32 3109 268 7 0 -0.0778217 0.528399 0.000914126 0.00177017 1.95691 0.101762 4.48001 6.19109 6.19109 -30 6 12 36.2843 -0.070327 0.584211 4 1 0 0 1 2 4
1 32 3109 743 10 0 0.174424 0.814209 0.000919748 0.00115083 9.86805 0.0579348 6.4825 5.95515 5.95515 -30 6 12 36.1639 0.140455 0.868824 4 1 0 0 1 2 1
1 32 3109 135 14 0 0.0141612 0.521855 0.000793677 0.0014971 7.22086 -0.0828011 7.36941 -3.61402 6.03109 -30 6 12 35.9182 -0.0667869 0.611285 4 1 0 0 1 4 3
1 32 3109 170 14 0 -0.0623507 0.496321 0.000869314 0.00175322 5.04819e-05 0.0987045 2.55067 -0.128946 6.31705 5.38848 6 12 35.9182 -0.0667869 0.611285 4 1 0 0 1 4 3
1 32 3109 178 14 0 0.0473329 0.546178 0.000811495 0.00146871 0.000146212 0.0738607 4.75804 -2.97773 6.05406 -30 6 12 35.9182 -0.0667869 0.611285 4 1 0 0 1 2 3
1 32 3109 135 16 0 0.0141612 0.521855 0.000793677 0.0014971 7.22086 -0.0828011 7.36941 -4.77718 6.03109 -30 6 12 35.8057 -0.0573071 0.433938 4 1 0 0 1 4 2
1 32 3109 170 16 0 -0.0623507 0.496321 0.000869314 0.00175322 5.04819e-05 0.0987045 2.55067 6.31705 6.31705 5.38848 6 12 35.8057 -0.0573071 0.433938 4 1 0 0 1 4 2
1 32 3109 653 17 0 0.130641 0.743317 0.000920297 0.00128562 1.76066 0.0636592 3.95737 -0.369109 5.00488 -30 6 12 35.7688 0.115725 0.667487 4 1 0 0 1 2 1
1 32 3109 135 21 0 0.0141612 0.521855 0.000793677 0.0014971 7.22086 -0.0828011 7.36941 6.03109 6.03109 -30 6 12 35.541 -0.0126158 0.62599 4 1 0 0 1 4 2
1 32 3109 170 21 0 -0.0623507 0.496321 0.000869314 0.00175322 5.04819e-05 0.0987045 2.55067 -3.93503 6.31705 5.38848 6 12 35.541 -0.0126158 0.62599 4 1 0 0 1 4 2
1 32 3109 297 22 0 -0.0195858 0.883885 0.00133481 0.00175485 1.99175e-07 0.0886461 0.670528 6.55792 6.55792 -30 6 12 35.5378 -0.0346201 0.868344 4 1 0 0 1 2 1
1 32 3109 368 24 0 -0.0529626 0.787955 0.00133996 0.0019174 4.29119e-06 -0.0925578 1.33654 -1.39512 5.38239 -30 6 12 35.4508 -0.0689748 0.908139 4 1 0 0 1 4 1
1 32 3109 400 25 0 -0.0720083 0.334508 0.000645876 0.00179974 0.000740937 0.0971692 0.655755 6.53249 6.53249 -30 6 12 35.2994 -0.0800912 0.312415 4 1 0 0 1 3 1
1 32 3109 135 37 0 0.0141612 0.521855 0.000793677 0.0014971 7.22086 -0.0828011 7.36941 -3.25961 6.03109 -30 6 12 34.9189 -0.0254019 0.42881 4 1 0 0 1 4 2
1 32 3109 170 37 0 -0.0623507 0.496321 0.000869314 0.00175322 5.04819e-05 0.0987045 2.55067 -0.264704 6.31705 5.38848 6 12 34.9189 -0.0254019 0.42881 4 1 0 0 1 4 2
1 32 3109 625 38 0 0.281663 0.242832 0.000324396 0.000763122 0.147488 0.044462 4.37989 0.521667 6.69049 -30 6 12 34.8324 0.0634437 0.331134 4 1 0 0 1 2 2
1 32 3109 634 38 0 0.0846909 0.314921 0.000473795 0.00121978 0.023255 0.0680439 1.9973 6.64454 6.64454 -30 6 12 34.8324 0.0634437 0.331134 4 1 0 0 1 2 2
1 32 3109 630 40 0 -0.03133 0.380864 0.000649245 0.00158282 0.20988 -0.0883988 2.99385 -2.98827 6.05614 -30 6 12 34.6666 0.00817649 0.441278 4 1 0 0 1 2 3
1 32 3109 667 40 0 0.0539094 0.566083 0.000806901 0.00140315 4.50553 0.075721 5.62632 -1.60589 5.50033 -30 6 12 34.6666 0.00817649 0.441278 4 1 0 0 1 2 3
1 32 3109 668 40 1 -0.0281168 0.345327 0.000600995 0.00158859 0.000723291 0.0912104 0.815939 0.570817 0.570817 2.75055 6 12 34.6666 0.00817649 0.441278 4 1 0 0 1 1 3
1 32 3109 586 41 0 0.402697 1.02569 0.000748949 0.000728227 0.000255885 -0.0344751 0.819352 5.80343 5.80343 2.82329 6 12 34.6543 0.367666 0.995766 4 2 0 0 1 2 3
1 32 3109 605 41 1 -0.0368833 1.01259 0.00165231 0.00202333 1.31786 0.0952711 5.24768 -2.49688 1.53182 -30 6 12 34.6543 0.367666 0.995766 4 1 0 0 1 2 3
1 32 3109 113 50 1 0.112797 1.00084 0.00118545 0.00136471 6.29272e-05 -0.0638453 3.36469 3.5057 3.8598 4.91034 6 12 35.0622 0.083832 1.01063 4 1 0 0 1 4 1
1 32 3109 663 60 0 -0.0600296 0.230726 0.00054279 0.00207767 0.635722 -0.0946933 8.52146 -2.3016 5.27528 -30 6 12 34.5118 0.0910844 0.200245 4 1 0 0 1 1 1
1 32 3109 15 71 0 0.184708 0.267627 0.000409591 0.0010475 0.12063 0.0539833 3.38875 6.84221 6.84221 -30 6 12 31.4953 0.166426 0.319178 3 1 0 0 1 2 1
1 32 3109 368 72 0 -0.0529626 0.787955 0.00133996 0.0019174 4.29119e-06 -0.0925578 1.33654 -4.53392 5.38239 -30 6 12 31.3273 0.837323 0.875965 3 1 0 0 1 4 1
1 32 3109 31 82 0 -0.0339881 1.58096 0.00171314 0.00164659 0.000506854 -0.0874296 4.85411 -0.160527 3.21059 -30 6 12 30.9995 0.401599 1.55615 3 1 0 0 1 4 2
1 32 3109 33 82 0 0.356854 1.54504 0.00102812 0.000726329 2.35241 -0.0341855 7.08066 6.47614 6.47614 -30 6 12 30.9995 0.401599 1.55615 3 1 0 0 1 2 2
1 32 3109 238 84 0 0.12656 0.667778 0.000796988 0.00118598 16.4489 -0.0618704 8.36229 6.83063 6.83063 -30 6 12 30.8883 0.107344 0.764796 3 1 0 0 1 3 1
1 32 3109 1907 88 1 -0.0902388 1.89541 0.00212641 0.00174955 31.595 -0.084432 12.2709 0.520251 0.520251 0.871977 7 14 33.4103 -0.0444373 1.85542 3 3 0 0 1 2 27
1 32 3109 667 90 0 0.0539094 0.566083 0.000806901 0.00140315 4.50553 0.075721 5.62632 5.50033 5.50033 -30 6 12 30.6862 0.0235147 0.637806 3 1 0 0 1 2 1
1 32 3109 255 94 0 -0.0670063 1.0794 0.00156329 0.00176077 64.5314 0.0928136 10.0143 6.72034 6.72034 -30 6 12 30.5443 -0.0751341 1.17198 3 1 0 0 1 2 1
1 32 3109 219 96 0 0.0151838 0.607297 0.000947084 0.00161329 0.41189 0.0827468 3.31867 6.4395 6.4395 -30 6 12 30.5392 0.0320992 0.632379 3 1 0 0 1 2 1
1 32 3109 645 98 0 -0.0489781 0.822029 0.00173195 0.00211968 29.3186 -0.101248 8.98723 3.35622 3.35622 4.82657 6 12 30.5377 -0.0120379 0.910849 3 1 0 0 1 1 1
1 32 3109 294 100 0 -0.00466769 0.537207 0.000826937 0.00152772 5.11268 0.0862478 6.57086 6.18255 6.18255 -30 6 12 34.775 -0.0218614 0.619744 4 1 0 0 1 1 1
1 32 3109 671 103 0 -0.0391856 0.577107 0.000959555 0.00169537 8.83605 -0.0902475 7.15872 5.87834 5.87834 -30 6 12 30.4711 -0.0539074 0.674061 3 1 0 0 1 1 1
1 32 3109 368 106 0 -0.0529626 0.787955 0.00133996 0.0019174 4.29119e-06 -0.0925578 1.33654 5.38239 5.38239 -30 6 12 30.3562 -0.0657545 0.745339 3 1 0 0 1 4 3
1 32 3109 371 106 0 0.471314 0.650229 0.000542511 0.000594736 0.000333236 -0.0280144 2.15291 -1.23981 5.72967 -30 6 12 30.3562 -0.0657545 0.745339 3 1 0 0 1 5 3
1 32 3109 376 106 0 0.965278 0.666049 0.000419963 0.000211618 0.000379337 0.00890147 2.11199 -2.09276 4.03099 -30 6 12 30.3562 -0.0657545 0.745339 3 1 0 0 1 5 3
1 32 3109 175 108 0 0.121108 1.13943 0.00107484 0.00111362 25.2664 -0.0650357 7.6651 -0.635802 6.37535 5.23789 6 12 30.3193 0.0744681 1.16287 3 1 0 0 1 5 1
1 32 3109 226 117 1 -0.0771218 0.0920175 0.000336564 0.0019373 4.22749e-05 -0.0987387 0.9561 -4.54794 1.67965 -30 6 12 30.1955 -0.0314693 0.0977953 3 1 0 0 1 2 1
1 32 3109 588 126 1 -0.0818759 0.739629 0.00128682 0.00198846 0.00133844 -0.10017 1.93963 -3.8651 1.00382 3.88831 6 12 30.0562 -0.0610566 0.818276 3 1 0 0 1 1 1
1 32 3109 439 127 0 -0.0279908 0.0866848 0.000298075 0.00160884 0.0049913 0.0875392 6.20199 6.11837 6.11837 -30 6 12 30.0474 -0.0136397 0.203105 3 1 0 0 1 1 1
1 32 3109 249 128 0 0.108149 0.398702 0.000538322 0.00117242 0.000562947 0.0645835 0.245282 6.74793 6.74793 -30 6 12 30.0346 0.0903928 0.380079 3 1 0 0 1 1 1
1 32 3109 674 129 0 0.307128 0.502381 0.000457786 0.00078344 0.00332935 0.0400689 1.6009 5.63601 5.63601 -30 6 12 30.0332 0.280474 0.507324 3 1 0 0 1 1 1
1 32 3109 688 130 0 0.249174 0.323184 0.000404073 0.000926935 0.28255 0.0463531 3.56201 6.77387 6.77387 -30 6 12 30.0318 0.231943 0.371064 3 1 0 0 1 1 1
1 32 3109 277 141 1 0.00525539 1.80729 0.00195646 0.00160453 0.00265697 -0.0708671 4.53954 -2.35319 2.49828 2.44898 6 12 29.9035 0.376832 1.76069 3 5 0 0 0 1 7
1 32 3109 272 150 0 -0.0823431 0.477746 0.000872628 0.00181655 0.000997403 -0.0999219 2.85951 6.29068 6.29068 -30 6 12 29.8286 -0.0699628 0.412603 3 1 0 0 1 1 1
1 32 3109 336 153 0 0.00885529 0.225694 0.000441407 0.00142726 0.000238254 -0.0842311 1.90852 6.65779 6.65779 -30 6 12 29.7634 -0.00280824 0.180145 3 1 0 0 1 2 1
1 32 3109 313 161 1 0.027904 0.407736 0.000663772 0.00149769 1.09595 -0.0769913 4.89548 -3.79288 -0.563274 5.55946 6 12 29.6334 0.263935 0.544509 3 1 0 0 1 1 1
1 32 3109 220 163 0 -0.0827016 1.13165 0.00201623 0.00233253 0.000306322 0.103806 3.43536 -2.12723 5.97452 -30 6 12 29.605 0.275905 1.22506 3 1 0 0 1 3 1
1 32 3109 400 170 0 -0.0720083 0.334508 0.000645876 0.00179974 0.000740937 0.0971692 0.655755 -0.71012 6.53249 -30 6 12 29.4881 0.079178 0.244457 3 1 0 0 1 3 1
1 32 3109 660 171 0 0.0165077 1.45017 0.00149461 0.00137501 30.4916 0.0786259 8.97206 -0.870384 5.49976 5.2465 6 12 29.4824 -0.021354 1.49273 3 2 0 0 1 3 2
1 32 3109 176 184 0 0.137097 1.62216 0.00131809 0.000998859 1.29341e-06 -0.0572583 4.84042 6.316 6.316 4.59036 6 12 29.2679 0.111291 1.62133 3 1 0 0 1 1 1
1 32 3109 31 187 0 -0.0339881 1.58096 0.00171314 0.00164659 0.000506854 -0.0874296 4.85411 0.494506 3.21059 -30 6 12 29.1167 -0.0448796 1.56527 3 1 0 0 1 4 1
1 32 3109 359 193 0 0.0285601 0.5405 0.000791914 0.00141524 0.00662258 -0.0775131 1.76153 -1.3993 6.00929 -30 6 12 29.0361 0.432163 0.586904 3 1 0 0 1 4 3
1 32 3109 371 193 0 0.471314 0.650229 0.000542511 0.000594736 0.000333236 -0.0280144 2.15291 5.72967 5.72967 -30 6 12 29.0361 0.432163 0.586904 3 1 0 0 1 5 3
1 32 3109 376 193 0 0.965278 0.666049 0.000419963 0.000211618 0.000379337 0.00890147 2.11199 0.657355 4.03099 -30 6 12 29.0361 0.432163 0.586904 3 1 0 0 1 5 3
1 32 3109 531 195 0 -0.00370913 0.62466 0.000936086 0.00156811 5.93536e-05 0.0855857 3.67305 6.74705 6.74705 -30 6 12 29.0157 4.55569e-05 0.544661 3 1 0 0 1 1 1
1 32 3109 632 197 0 -0.044565 1.51008 0.00175781 0.00156589 0.00529777 -0.0976027 0.727959 5.32941 5.32941 -30 6 12 34.2735 -0.0409912 1.45203 4 1 0 0 1 1 1
1 32 3109 208 199 0 0.0753233 0.790568 0.00104198 0.00143554 0.000959775 -0.0723112 4.50691 6.76231 6.76231 -30 6 12 28.934 0.0710924 0.688827 3 1 0 0 1 2 1
1 32 3109 207 201 0 0.261318 1.53117 0.00147415 0.00107474 0.000791746 0.042356 2.12411 6.44543 6.44543 -30 6 12 28.8857 0.287793 1.48893 3 1 0 0 1 2 1
1 32 3109 297 204 0 -0.0195858 0.883885 0.00133481 0.00175485 1.99175e-07 0.0886461 0.670528 -1.01217 6.55792 -30 6 12 28.842 0.384291 0.797177 3 1 0 0 1 2 1
1 32 3109 238 205 0 0.12656 0.667778 0.000796988 0.00118598 16.4489 -0.0618704 8.36229 -3.13185 6.83063 -30 6 12 28.8134 -0.0126346 0.578819 3 1 0 0 1 3 4
1 32 3109 258 205 1 -0.0644085 0.593585 0.00106325 0.00186051 10.3367 0.0989143 7.40067 -0.550531 -0.30485 4.38588 6 12 28.8134 -0.0126346 0.578819 3 1 0 0 1 2 4
1 32 3109 264 205 0 -0.0198269 0.515959 0.000823555 0.00157475 2.43935 0.0896571 4.95055 6.81293 6.81293 -30 6 12 28.8134 -0.0126346 0.578819 3 1 0 0 1 2 4
1 32 3109 268 205 0 -0.0778217 0.528399 0.000914126 0.00177017 1.95691 0.101762 4.48001 3.18874 6.19109 -30 6 12 28.8134 -0.0126346 0.578819 3 1 0 0 1 2 4
1 32 3109 365 207 0 -0.0407749 0.634839 0.00108315 0.00181226 12.7261 0.0898999 7.52244 3.28076 3.28076 3.96958 6 12 28.7988 -0.0029347 0.665711 3 1 0 0 1 1 1
1 32 3109 637 211 0 0.542963 0.0246196 0.000302745 0.000587452 0.000227407 0.0237341 3.76919 5.91481 5.91481 -30 6 12 28.7214 0.524007 0.0976321 3 1 0 0 1 4 2
1 32 3109 656 211 0 -0.0533083 0.0437296 0.000273968 0.00172518 0.000345438 0.0967043 1.26646 -4.03759 5.50196 -30 6 12 28.7214 0.524007 0.0976321 3 1 0 0 1 3 2
1 32 3109 522 215 0 -0.0324807 1.59442 0.00184422 0.00146818 0.00260542 0.0786576 0.810175 6.35734 6.35734 -30 7 14 34.3366 -0.059213 1.56989 4 2 0 1 1 1 2
1 32 3109 359 219 0 0.0285601 0.5405 0.000791914 0.00141524 0.00662258 -0.0775131 1.76153 -2.04214 6.00929 -30 6 12 28.5019 0.39482 0.514411 3 1 0 0 1 4 1
1 32 3109 732 221 0 -0.0347105 0.594083 0.000943852 0.00164362 4.03948e-05 -0.0922138 0.969638 2.7198 5.11706 -30 6 12 28.4159 -0.000404942 0.595942 3 1 0 0 1 4 3
1 32 3109 740 221 0 0.0276735 0.567866 0.00080369 0.0013954 0.217402 -0.080445 2.88817 6.42587 6.42587 -30 6 12 28.4159 -0.000404942 0.595942 3 1 0 0 1 4 3
1 32 3109 742 221 0 0.0952397 0.710564 0.000965598 0.00140589 0.000106973 -0.0687936 5.54123 -0.500328 6.03813 -30 6 12 28.4159 -0.000404942 0.595942 3 1 0 0 1 3 3
1 32 3109 206 223 0 0.280529 0.798837 0.000655571 0.0009016 0.000269534 -0.0427547 3.203 6.68034 6.68034 -30 6 12 28.3302 0.265813 0.709183 3 1 0 0 1 3 1
1 32 3109 444 226 0 0.0959668 0.0588085 0.000312862 0.00121463 0.000410443 0.066706 3.20854 6.29782 6.29782 -30 6 12 28.2401 0.0774122 0.0041432 3 1 0 0 1 1 1
1 32 3109 1619 228 1 0.0355629 2.258 0.00247495 0.00141713 0.00190825 -0.042949 12.7743 -2.51679 0.389004 3.79368 6 12 29.0253 0.0888805 2.2922 3 28 0 0 0 1 43
1 32 3109 1634 228 2 -0.0692554 2.18613 0.00293307 0.00195852 0.00571913 -0.0780623 4.32338 -6.50498 -1.64943 -0.129309 6 12 29.0253 0.0888805 2.2922 3 3 0 0 1 1 43
1 32 3109 1655 228 0 0.105902 2.24861 0.00347115 0.00124842 31.5791 0.0362874 18.4657 5.45712 5.45712 3.1403 6 12 29.0253 0.0888805 2.2922 3 12 0 0 1 1 43
1 32 3109 612 230 0 0.0269209 1.07625 0.00156225 0.00178954 0.00178856 0.0822399 1.9901 6.50845 6.50845 -30 6 12 29.0007 0.0538144 1.05349 3 1 0 0 1 3 1
1 32 3109 750 240 0 -0.0157112 0.0182332 0.000200406 0.00158324 0.000362168 -0.0869524 0.906043 6.30918 6.30918 -30 6 12 33.7072 -0.0327068 0.00138107 4 1 0 0 1 1 1
1 32 3109 666 244 0 -0.0858523 0.84665 0.00143703 0.00198173 0.00195207 0.103303 3.19353 6.18756 6.18756 -30 6 12 29.0779 -0.0790705 0.777234 3 1 0 0 1 1 1
1 32 3109 665 245 0 -0.0581034 0.85789 0.00166484 0.00202683 0.00289411 -0.0993036 2.0647 6.8539 6.8539 -30 5 10 27.3887 -0.0365455 0.86676 3 1 0 0 1 1 2
1 32 3109 700 245 1 -0.0933626 0.824554 0.00152352 0.00213182 0.00204609 0.105808 0.521203 -3.42758 -0.713924 1.87474 5 10 27.3887 -0.0365455 0.86676 3 1 0 0 1 1 2
1 32 3109 449 258 0 0.539306 1.09253 0.000649459 0.000466196 27.3612 0.0258786 8.39708 -3.01934 6.37373 4.63855 5 10 27.206 -0.0703158 0.992975 3 1 0 0 1 2 1
1 32 3109 113 259 1 0.112797 1.00084 0.00118545 0.00136471 6.29272e-05 -0.0638453 3.36469 3.8598 3.8598 4.91034 5 10 27.1846 -0.00399696 1.02307 3 1 0 0 1 4 2
1 32 3109 146 259 0 -0.0915126 1.14618 0.00199795 0.00228162 0.000428593 0.10606 1.38034 -2.46759 5.18426 -30 5 10 27.1846 -0.00399696 1.02307 3 1 0 0 1 4 2
1 32 3109 546 267 0 0.00304797 1.81124 0.0019317 0.00144754 0.00016795 0.0723792 1.83591 5.86156 5.86156 3.94883 6 12 28.4763 0.00520756 1.78875 3 6 0 0 0 1 6
1 32 3109 2208 271 1 -0.0698352 2.06161 0.00240102 0.00162397 0.00140283 0.0797815 10.1592 -0.0225481 0.605652 3.36898 6 12 34.4517 0.311677 2.01755 4 2 0 0 0 2 38
1 32 3109 4519 271 1 0.23796 2.05275 0.00162216 0.000911707 7.55899e-06 -0.0439452 24.4 -1.35398 -0.36286 3.17064 6 12 34.4517 0.311677 2.01755 4 4 0 0 0 2 38
1 32 3109 4535 271 1 -0.0732757 1.97141 0.00221722 0.00177107 0.190052 -0.100512 24.95 -1.54756 0.770769 4.43187 6 12 34.4517 0.311677 2.01755 4 4 0 0 0 2 38
1 32 3109 4573 271 0 0.361735 2.04028 0.000956376 0.000552242 0.000228665 0.026396 24.95 5.1462 5.1462 -30 6 12 34.4517 0.311677 2.01755 4 1 0 0 1 2 38
1 32 3109 441 272 1 0.106517 1.10884 0.0013146 0.00145546 2.44453e-05 -0.0666058 0.353295 -1.30867 -0.121709 2.87749 5 10 26.9286 -0.0788777 1.09018 3 1 0 0 1 1 1
1 32 3109 923 273 1 0.274549 2.21978 0.00245863 0.000950505 0.000689065 -0.0300592 11.5056 -0.608537 1.8296 5.67488 5 10 26.9263 -0.0315003 2.28501 3 5 0 0 0 1 29
1 32 3109 5742 273 1 -0.0825213 2.3854 0.00305357 0.00178068 11.4704 0.0853316 32.645 -2.21319 -0.70826 -0.00529456 5 10 26.9263 -0.0315003 2.28501 3 14 0 0 0 1 29
1 32 3109 240 276 0 0.0679834 1.56166 0.00143424 0.00121968 10.3029 0.0640372 9.54313 5.86903 5.86903 -30 5 10 26.8641 0.0788491 1.59102 3 1 0 0 1 2 1
1 32 3109 337 298 1 -0.0837194 1.51756 0.0018058 0.00179624 0.00188405 0.10604 6.0368 0.904878 0.904878 0.716188 5 10 26.5261 0.122989 1.51024 3 3 0 0 1 2 7
1 32 3109 341 298 0 0.111941 1.49027 0.00122677 0.00110338 4.48136 0.0629524 8.21984 5.94691 5.94691 -30 5 10 26.5261 0.122989 1.51024 3 2 0 1 1 1 7
1 32 3109 175 299 0 0.121108 1.13943 0.00107484 0.00111362 25.2664 -0.0650357 7.6651 2.30725 6.37535 5.23789 5 10 26.5076 -0.00368738 1.22109 3 1 0 0 1 5 1
1 32 3109 206 305 0 0.280529 0.798837 0.000655571 0.0009016 0.000269534 -0.0427547 3.203 -0.361035 6.68034 -30 5 10 26.4229 -0.0887385 0.704156 3 1 0 0 1 3 1
1 32 3109 2017 313 1 -0.0945089 2.46679 0.00544991 0.00194872 0.000144563 -0.0561163 13.8399 -0.181897 -0.181897 -0.750238 5 10 26.2251 0.190035 2.36998 3 2 0 0 0 1 73
1 32 3109 2083 313 1 -0.0921021 2.3608 0.0048429 0.00203624 0.000849069 0.0641998 11.6508 -1.01685 1.99082 1.95486 5 10 26.2251 0.190035 2.36998 3 19 0 0 0 1 73
1 32 3109 2378 314 2 -0.0930968 1.81675 0.00208343 0.00178633 0.00819658 0.111056 3.27959 -0.0647129 1.02951 1.93491 5 10 26.207 -0.0581885 1.88373 3 4 0 0 1 1 4
1 32 3109 149 325 0 0.033411 1.16639 0.00162013 0.00179837 0.00172096 -0.0785976 3.68075 -4.21085 5.61516 -30 6 12 29.9707 0.156037 1.16719 3 1 0 0 1 5 1
1 32 3109 684 328 0 0.140908 1.33787 0.00107509 0.00105612 80.3598 -0.0602469 10.7749 -3.39928 6.51905 -30 5 10 25.7396 -0.00666509 1.41236 3 1 0 0 1 4 2
1 32 3109 697 328 1 0.0301829 1.40941 0.00146723 0.00142224 31.5625 0.0797771 9.97557 0.984613 1.11482 -30 5 10 25.7396 -0.00666509 1.41236 3 1 0 0 1 5 2
1 32 3109 382 332 1 -0.0958276 1.30325 0.00181304 0.00185656 0.00461417 -0.106338 4.23293 -0.0924489 -0.0924489 4.20753 5 10 25.8179 0.0942828 1.39417 3 1 0 0 1 1 1
1 32 3109 11 335 0 0.0485476 0.374548 0.000564175 0.00130937 0.000212531 -0.0737098 3.12279 6.04134 6.04134 -30 6 12 30.359 0.0293354 0.2985 3 1 0 0 1 2 2
1 32 3109 15 335 0 0.184708 0.267627 0.000409591 0.0010475 0.12063 0.0539833 3.38875 -2.23219 6.84221 -30 6 12 30.359 0.0293354 0.2985 3 1 0 0 1 2 2
1 32 3109 702 341 0 0.0973958 1.67868 0.00149087 0.00113779 0.00188286 0.0624555 4.98475 6.17648 6.17648 -30 5 10 25.5015 0.113037 1.66382 3 2 0 1 0 1 2
1 32 3109 539 346 1 0.269795 1.74679 0.00152552 0.000712379 5.76294 0.0337804 9.02278 -0.440141 5.02511 5.36574 6 12 28.9236 -0.0216669 1.75281 3 6 0 0 0 1 9
1 32 3109 7 347 0 0.694797 1.10335 0.000725274 0.000429801 0.000420869 -0.0166461 2.82644 5.61069 5.61069 -30 5 10 25.2893 0.672856 1.09411 3 1 0 0 1 2 1
1 32 3109 620 349 0 0.665333 0.182017 0.00035069 0.000403189 0.000390448 -0.0181342 5.18081 3.62524 3.62524 -30 6 12 27.8383 0.629051 0.0654945 3 1 0 0 1 2 2
1 32 3109 637 349 0 0.542963 0.0246196 0.000302745 0.000587452 0.000227407 0.0237341 3.76919 -2.53324 5.91481 -30 6 12 27.8383 0.629051 0.0654945 3 1 0 0 1 4 2
1 32 3109 2208 354 1 -0.0698352 2.06161 0.00240102 0.00162397 0.00140283 0.0797815 10.1592 0.605652 0.605652 3.36898 6 12 28.1707 0.138247 2.11007 3 2 0 0 0 2 36
1 32 3109 4519 354 1 0.23796 2.05275 0.00162216 0.000911707 7.55899e-06 -0.0439452 24.4 -2.055 -0.36286 3.17064 6 12 28.1707 0.138247 2.11007 3 4 0 0 0 2 36
1 32 3109 4535 354 1 -0.0732757 1.97141 0.00221722 0.00177107 0.190052 -0.100512 24.95 -3.90223 0.770769 4.43187 6 12 28.1707 0.138247 2.11007 3 4 0 0 0 2 36
1 32 3109 4573 354 0 0.361735 2.04028 0.000956376 0.000552242 0.000228665 0.026396 24.95 -1.66227 5.1462 -30 6 12 28.1707 0.138247 2.11007 3 1 0 0 1 2 36
1 32 3109 113 357 1 0.112797 1.00084 0.00118545 0.00136471 6.29272e-05 -0.0638453 3.36469 -0.399212 3.8598 4.91034 5 10 25.067 0.475832 0.99107 3 1 0 0 1 4 1
1 32 3109 2359 359 1 0.0486371 2.26522 0.0028818 0.00143757 4.248e-06 -0.0478575 11.0937 -1.61219 2.09321 1.8124 6 12 28.5285 -0.0691665 2.26442 3 42 0 0 0 1 56
1 32 3109 2394 359 0 -0.0949548 2.3147 0.00301518 0.00177628 0.00042325 0.0689637 7.3832 1.28074 1.28074 0.813853 6 12 28.5285 -0.0691665 2.26442 3 14 0 0 0 1 56
1 32 3109 4 365 0 -0.0863245 0.961077 0.00166338 0.00210702 0.00209741 -0.0999638 2.50212 6.32981 6.32981 -30 5 10 26.6149 -0.0821537 0.902537 3 1 0 0 1 1 1
1 32 3109 206 367 0 0.280529 0.798837 0.000655571 0.0009016 0.000269534 -0.0427547 3.203 -2.5333 6.68034 -30 5 10 26.66 -0.0841955 0.907676 3 1 0 0 1 3 1
1 32 3109 610 369 0 0.11578 1.73902 0.00179725 0.00126934 3.04174e-05 -0.0600756 5.17731 5.70596 5.70596 -30 6 12 28.6753 0.0866282 1.7131 3 1 0 0 1 1 1
1 32 3109 359 370 0 0.0285601 0.5405 0.000791914 0.00141524 0.00662258 -0.0775131 1.76153 -2.79035 6.00929 -30 6 12 27.8373 0.948563 0.604066 3 1 0 0 1 4 3
1 32 3109 371 370 0 0.471314 0.650229 0.000542511 0.000594736 0.000333236 -0.0280144 2.15291 0.949268 5.72967 -30 6 12 27.8373 0.948563 0.604066 3 1 0 0 1 5 3
1 32 3109 376 370 0 0.965278 0.666049 0.000419963 0.000211618 0.000379337 0.00890147 2.11199 4.03099 4.03099 -30 6 12 27.8373 0.948563 0.604066 3 1 0 0 1 5 3
1 32 3109 422 371 0 -0.0412704 1.36641 0.00164183 0.00171773 29.3711 -0.0974041 8.64684 6.21638 6.21638 -30 5 10 25.4941 -0.0228649 1.40892 3 1 0 0 1 3 1
1 32 3109 90 383 0 -0.0703233 1.48288 0.00179326 0.00168553 0.00619329 0.104776 0.906043 5.2318 5.2318 5.63917 6 12 28.6052 -0.0408154 1.43979 3 1 0 0 1 1 1
1 32 3109 1907 385 1 -0.0902388 1.89541 0.00212641 0.00174955 31.595 -0.084432 12.2709 -3.87782 0.520251 0.871977 6 12 28.4034 0.0966097 1.9926 3 3 0 0 1 2 17
1 32 3109 1935 385 1 -0.0829244 2.03449 0.00256956 0.0016772 45.1759 0.0716351 14.0192 1.01555 1.01555 2.51264 6 12 28.4034 0.0966097 1.9926 3 2 0 0 0 1 17
1 32 3109 178 386 0 0.0473329 0.546178 0.000811495 0.00146871 0.000146212 0.0738607 4.75804 6.05406 6.05406 -30 6 12 29.3169 0.0347497 0.441418 3 1 0 0 1 2 1
1 32 3109 630 389 0 -0.03133 0.380864 0.000649245 0.00158282 0.20988 -0.0883988 2.99385 6.05614 6.05614 -30 6 12 28.8406 -0.0554627 0.415492 3 1 0 0 1 2 1
1 32 3109 86 395 0 -0.0754599 0.982669 0.00171532 0.00213085 0.00209693 0.0978877 0.290334 6.09738 6.09738 -30 6 12 29.8923 -0.0536645 0.946967 3 1 0 0 1 1 2
1 32 3109 87 395 1 -0.0834904 0.883377 0.00156075 0.00204743 0.00201491 0.100735 2.16749 3.29779 3.29779 3.28331 6 12 29.8923 -0.0536645 0.946967 3 1 0 0 1 1 2
1 32 3109 732 396 0 -0.0347105 0.594083 0.000943852 0.00164362 4.03948e-05 -0.0922138 0.969638 -0.0516063 5.11706 -30 6 12 25.4875 0.0871633 0.590145 3 1 0 0 1 4 3
1 32 3109 740 396 0 0.0276735 0.567866 0.00080369 0.0013954 0.217402 -0.080445 2.88817 0.514865 6.42587 -30 6 12 25.4875 0.0871633 0.590145 3 1 0 0 1 4 3
1 32 3109 742 396 0 0.0952397 0.710564 0.000965598 0.00140589 0.000106973 -0.0687936 5.54123 6.03813 6.03813 -30 6 12 25.4875 0.0871633 0.590145 3 1 0 0 1 3 3
1 32 3109 2098 416 0 0.404764 2.15837 0.00199892 0.000661571 0.000246972 -0.0235027 8.05666 3.70451 3.70451 5.1176 5 10 22.3117 0.431267 2.12414 2 9 0 0 0 1 9
1 32 3109 715 426 0 0.548214 0.660712 0.000482767 0.000481372 0.000421975 -0.0233298 0.701986 -2.24794 2.71308 -30 5 10 22.1605 0.0997792 0.615204 2 1 0 0 1 3 1
1 32 3109 704 453 0 -0.0282787 0.490772 0.000814425 0.00157865 0.728161 -0.0892296 3.69776 6.2207 6.2207 -30 5 10 21.8501 -0.056776 0.534147 2 1 0 0 1 1 2
1 32 3109 715 453 0 0.548214 0.660712 0.000482767 0.000481372 0.000421975 -0.0233298 0.701986 -0.516186 2.71308 -30 5 10 21.8501 -0.056776 0.534147 2 1 0 0 1 3 2
1 32 3109 2328 456 1 -0.0973705 2.02612 0.00226475 0.00159936 31.7402 0.0751092 15.1866 0.314611 0.577125 5.71668 5 10 21.8263 -0.0137122 2.00573 2 1 0 0 1 2 20
1 32 3109 2331 456 0 -0.0637202 2.01635 0.00214161 0.00170693 0.000646098 0.0781821 8.98072 5.25262 5.25262 -30 5 10 21.8263 -0.0137122 2.00573 2 9 0 2 0 3 20
1 32 3109 4711 457 1 0.0627178 2.42847 0.00387983 0.00186097 9.13295 0.0458717 26.2 -0.599325 -0.297339 -1.56141 5 10 21.7947 0.167951 2.36746 2 28 0 0 0 1 187
1 32 3109 4722 457 1 0.32184 2.38104 0.0032147 0.000748111 89.1781 0.0220093 25.65 -0.68308 0.600687 2.03574 5 10 21.7947 0.167951 2.36746 2 93 0 0 0 1 187
1 32 3109 4802 457 1 -0.0882725 2.35356 0.00379446 0.00216062 65.6097 0.068522 25.65 1.97878 1.97878 1.24097 5 10 21.7947 0.167951 2.36746 2 13 0 0 0 1 187
1 32 3109 7511 457 1 -0.0603154 2.28939 0.00287426 0.00182584 214.79 -0.0801579 31.945 -1.04006 2.98631 1.62072 5 10 21.7947 0.167951 2.36746 2 29 0 0 0 1 187
1 32 3109 7589 457 1 -0.0887805 2.40507 0.0030503 0.00161224 98.1469 0.0815258 32.645 -2.3696 -1.66505 -0.490143 5 10 21.7947 0.167951 2.36746 2 15 0 0 0 1 187
1 32 3109 637 465 0 0.542963 0.0246196 0.000302745 0.000587452 0.000227407 0.0237341 3.76919 -1.62741 5.91481 -30 5 10 21.6889 -0.0348966 0.0328443 2 1 0 0 1 4 2
1 32 3109 656 465 0 -0.0533083 0.0437296 0.000273968 0.00172518 0.000345438 0.0967043 1.26646 5.50196 5.50196 -30 5 10 21.6889 -0.0348966 0.0328443 2 1 0 0 1 3 2
1 32 3109 502 470 0 -0.0435737 0.689539 0.00111347 0.00174085 8.62626 -0.0914304 6.19569 6.3579 6.3579 5.15524 5 10 21.6127 -0.0276842 0.765001 2 2 0 0 0 1 2
1 32 3109 2325 471 0 -0.0945338 1.7838 0.0020043 0.00178415 52.3604 0.0892491 13.4816 6.0156 6.0156 4.70035 5 10 21.6078 -0.0758626 1.82601 2 4 0 0 0 1 28
1 32 3109 275 477 0 0.0650769 0.369949 0.000564097 0.00134902 0.000226448 0.0708962 1.89718 5.89416 5.89416 -30 5 10 21.5468 0.0434892 0.310157 2 1 0 0 1 2 1
1 32 3109 724 480 0 -0.0654934 0.0560366 0.000312928 0.00178467 0.000439084 0.0966505 1.05622 6.78105 6.78105 -30 5 10 21.5175 -0.0703414 0.0373952 2 1 0 0 1 1 1
1 32 3109 733 482 0 -0.0112204 0.740993 0.00109194 0.00162736 0.783948 0.0871146 3.79782 6.1556 6.1556 -30 6 12 29.7201 -0.0352105 0.766071 3 1 0 0 1 1 2
1 32 3109 743 482 0 0.174424 0.814209 0.000919748 0.00115083 9.86805 0.0579348 6.4825 -1.63382 5.95515 -30 6 12 29.7201 -0.0352105 0.766071 3 1 0 0 1 2 2
1 32 3109 57 487 0 -0.0606225 0.556775 0.000932886 0.00171423 0.409577 0.0982155 2.91821 2.40561 4.54941 -30 5 10 21.4314 -0.089077 0.524334 2 1 0 0 1 2 2
1 32 3109 58 487 0 -0.0874744 0.452231 0.000804822 0.00176477 1.59052 0.104245 4.85738 6.62263 6.62263 -30 5 10 21.4314 -0.089077 0.524334 2 1 0 0 1 2 2
1 32 3109 533 490 0 0.114592 0.205727 0.000362378 0.00115635 0.000311388 -0.0631982 4.94054 6.7253 6.7253 -30 6 12 27.9951 0.102743 0.10183 3 1 0 0 1 3 1
1 32 3109 549 491 1 0.218196 0.375275 0.000438254 0.000932169 0.315814 -0.0496987 3.28863 0.546836 0.546836 2.86536 6 12 26.9628 -0.0808841 0.365532 3 1 0 0 1 3 1
1 32 3109 517 495 1 -0.0949464 1.63554 0.00201952 0.00178578 2.48637 -0.0895172 7.80072 -0.189789 -0.189789 2.22486 5 10 21.3479 0.0296696 1.50627 2 1 0 0 1 2 1
1 32 3109 373 520 0 0.224904 1.01025 0.00101811 0.00107662 0.000155101 0.0493718 1.29491 6.74781 6.74781 -30 5 10 21.1608 0.185601 0.989752 2 1 0 0 1 1 1
1 32 3109 331 524 0 0.00313443 0.616368 0.000910711 0.0015351 0.000955703 -0.0841874 3.79824 -3.00543 6.07102 -30 5 10 21.1267 0.505516 0.531902 2 1 0 0 1 2 2
1 32 3109 345 524 0 0.531529 0.588162 0.000447038 0.000499322 0.000424536 0.0251888 1.45131 6.53384 6.53384 -30 5 10 21.1267 0.505516 0.531902 2 1 0 0 1 2 2
1 32 3109 4403 528 1 0.0834182 2.2889 0.00316618 0.00149839 129.451 -0.046275 25.65 1.68081 2.46125 2.63771 6 12 28.9353 0.0103488 2.30162 3 8 0 0 0 1 22
1 32 3109 608 530 0 0.0565603 0.602146 0.000827095 0.00137175 19.7913 0.0766613 9.97361 6.62273 6.62273 -30 5 10 21.0366 0.0498619 0.728453 2 1 0 0 1 1 1
1 32 3109 585 547 0 -0.0687729 0.0506569 0.000297239 0.00177824 0.000428683 0.0959557 4.30981 6.34265 6.34265 -30 5 10 20.8513 -0.0793123 0.0346594 2 1 0 0 1 1 1
1 32 3109 626 559 0 0.259155 2.01511 0.00300529 0.000983675 0.000714657 -0.0324994 8.0859 3.5914 3.5914 4.49955 5 10 20.8451 0.279379 1.97557 2 10 0 0 0 1 10
1 32 3109 10 562 1 -0.0223512 1.6325 0.00200126 0.00168416 1.34817 0.0772706 7.47102 0.847445 0.847445 1.75542 5 10 20.5894 -0.00585118 1.64809 2 2 0 0 0 1 5
1 32 3109 16 562 0 0.029341 1.68036 0.00205427 0.00147854 2.05875e-05 0.0674475 0.941895 4.43143 4.43143 -30 5 10 20.5894 -0.00585118 1.64809 2 2 0 1 0 2 5
1 32 3109 756 562 1 0.0807888 1.69761 0.00137345 0.00111071 8.36978e-06 0.0630305 3.39163 1.55651 1.55651 5.82236 5 10 20.5894 -0.00585118 1.64809 2 1 0 0 1 2 5
1 32 3109 31 581 0 -0.0339881 1.58096 0.00171314 0.00164659 0.000506854 -0.0874296 4.85411 3.21059 3.21059 -30 5 10 25.0877 -0.0224646 1.5886 3 1 0 0 1 4 2
1 32 3109 1771 581 1 -0.00393233 1.70035 0.00184724 0.00162004 104.756 -0.0761046 13.1447 0.245898 0.245898 5.09964 5 10 25.0877 -0.0224646 1.5886 3 1 0 0 1 1 2
1 32 3109 756 584 1 0.0807888 1.69761 0.00137345 0.00111071 8.36978e-06 0.0630305 3.39163 0.00286832 1.55651 5.82236 5 10 25.1802 0.028233 1.77051 3 1 0 0 1 2 39
1 32 3109 2603 584 0 0.0731523 1.81502 0.00159592 0.00131441 30.4858 -0.0602104 12.7119 -2.54652 6.62963 -30 5 10 25.1802 0.028233 1.77051 3 2 0 1 1 4 39
1 32 3109 2117 585 0 -0.0138091 1.8419 0.0017533 0.00150597 0.00242261 0.091157 3.49045 4.38525 4.38525 -30 7 14 32.913 0.0234593 1.79973 4 1 0 0 1 1 1
1 32 3109 92 590 0 0.0396049 1.15627 0.00159477 0.00174681 0.00170127 -0.0778976 3.02834 0.179116 6.43082 -30 5 10 21.1328 -0.042285 1.23715 2 1 0 0 1 4 1
1 32 3109 225 592 0 -0.0801421 0.385013 0.000716872 0.00176608 1.19268 0.1035 5.41608 6.31672 6.31672 -30 5 10 25.8515 -0.088186 0.460808 3 1 0 0 1 1 1
1 32 3109 102 594 0 0.0347788 1.54845 0.00167215 0.00137728 2.30307e-06 0.0676313 2.49111 6.2832 6.2832 -30 6 12 33.0355 0.0346555 1.52589 4 2 0 1 0 1 2
1 32 3109 641 600 0 0.00363878 0.217504 0.000444246 0.00149603 0.223901 -0.0822711 6.05181 6.53164 6.53164 -30 5 10 21.1435 -0.0236917 0.315969 2 2 0 1 0 1 2
1 32 3109 92 602 0 0.0396049 1.15627 0.00159477 0.00174681 0.00170127 -0.0778976 3.02834 -3.27806 6.43082 -30 5 10 25.8255 0.0498862 1.09208 3 1 0 0 1 4 1
1 32 3109 16 606 0 0.029341 1.68036 0.00205427 0.00147854 2.05875e-05 0.0674475 0.941895 -0.921961 4.43143 -30 6 12 21.2927 0.168962 1.66151 2 2 0 1 0 2 13
1 32 3109 39 606 0 -0.0573101 1.76 0.00191246 0.00135394 2.54817 0.0712431 8.66309 -1.69709 6.34591 -30 6 12 21.2927 0.168962 1.66151 2 11 0 10 0 2 13
1 32 3109 149 608 0 0.033411 1.16639 0.00162013 0.00179837 0.00172096 -0.0785976 3.68075 5.61516 5.61516 -30 6 12 28.1295 0.0392114 1.09476 3 1 0 0 1 5 1
1 32 3109 549 610 1 0.218196 0.375275 0.000438254 0.000932169 0.315814 -0.0496987 3.28863 -0.230582 0.546836 2.86536 5 10 21.6869 0.471112 0.309971 2 1 0 0 1 3 1
1 32 3109 533 611 0 0.114592 0.205727 0.000362378 0.00115635 0.000311388 -0.0631982 4.94054 -4.80596 6.7253 -30 6 12 20.1425 -0.0808173 0.214434 2 1 0 0 1 3 1
1 32 3109 449 612 0 0.539306 1.09253 0.000649459 0.000466196 27.3612 0.0258786 8.39708 6.37373 6.37373 4.63855 5 10 19.5608 0.529854 1.15789 2 1 0 0 1 2 1
1 32 3109 160 614 0 0.172966 1.26206 0.00133062 0.00133123 6.40613e-05 -0.055097 3.61524 6.81177 6.81177 -30 5 10 20.932 0.166474 1.19025 2 1 0 0 1 2 3
1 32 3109 200 614 0 0.00146201 1.20529 0.00191054 0.00203761 3.99451e-05 0.082922 2.70407 -2.77786 5.56169 -30 5 10 20.932 0.166474 1.19025 2 1 0 0 1 3 3
1 32 3109 203 614 0 0.110867 1.18874 0.00142776 0.00150113 3.56564e-06 0.0681759 2.60398 -2.37757 6.08108 -30 5 10 20.932 0.166474 1.19025 2 1 0 0 1 3 3
1 32 3109 359 617 0 0.0285601 0.5405 0.000791914 0.00141524 0.00662258 -0.0775131 1.76153 6.00929 6.00929 -30 6 12 28.7878 0.00471328 0.55341 3 1 0 0 1 4 3
1 32 3109 371 617 0 0.471314 0.650229 0.000542511 0.000594736 0.000333236 -0.0280144 2.15291 0.714812 5.72967 -30 6 12 28.7878 0.00471328 0.55341 3 1 0 0 1 5 3
1 32 3109 376 617 0 0.965278 0.666049 0.000419963 0.000211618 0.000379337 0.00890147 2.11199 1.13731 4.03099 -30 6 12 28.7878 0.00471328 0.55341 3 1 0 0 1 5 3
1 32 3109 4257 620 0 1.92603 2.06629 0.0387043 0.00033456 0.000363577 -0.00202972 24.4 -2.33749 2.02926 4.44981 5 10 21.1475 0.0119151 2.03614 2 6 0 2 0 3 8
1 32 3109 2460 621 0 0.185884 1.85788 0.0014321 0.00106241 9.01262e-08 0.0521763 7.63211 -0.210674 2.3669 1.7775 5 10 20.898 0.101934 1.79973 2 18 0 0 0 2 20
1 32 3109 422 627 0 -0.0412704 1.36641 0.00164183 0.00171773 29.3711 -0.0974041 8.64684 -3.48927 6.21638 -30 5 10 20.4926 0.0362876 1.38911 2 1 0 0 1 3 1
1 32 3109 4416 629 0 -0.0213143 2.05601 0.00163625 0.00140272 226.488 0.0629031 25.65 6.21434 6.21434 4.73727 5 10 25.4899 -0.0087147 2.1069 3 5 0 0 1 1 6
1 32 3109 1153 635 0 0.0906721 1.79702 0.00139674 0.00121237 0.00341154 -0.0721886 4.53663 5.11933 5.11933 -30 5 10 20.8023 -0.186461 1.78271 2 1 0 0 1 1 1
1 32 3109 200 636 0 0.00146201 1.20529 0.00191054 0.00203761 3.99451e-05 0.082922 2.70407 -1.05454 5.56169 -30 6 12 27.4195 0.12504 1.11046 3 1 0 0 1 3 4
1 32 3109 203 636 0 0.110867 1.18874 0.00142776 0.00150113 3.56564e-06 0.0681759 2.60398 6.08108 6.08108 -30 6 12 27.4195 0.12504 1.11046 3 1 0 0 1 3 4
1 32 3109 210 636 0 -0.000880679 1.04373 0.00160069 0.00191413 1.40165e-05 0.0870008 3.6637 -1.01727 6.78539 -30 6 12 27.4195 0.12504 1.11046 3 1 0 0 1 2 4
1 32 3109 220 636 0 -0.0827016 1.13165 0.00201623 0.00233253 0.000306322 0.103806 3.43536 -1.80174 5.97452 -30 6 12 27.4195 0.12504 1.11046 3 1 0 0 1 3 4
1 32 3109 612 649 0 0.0269209 1.07625 0.00156225 0.00178954 0.00178856 0.0822399 1.9901 -2.49221 6.50845 -30 6 12 33.6092 0.00712551 1.08493 4 1 0 0 1 3 1
1 32 3109 302 656 0 0.656809 1.60845 0.00131792 0.000352843 0.000307579 -0.0186949 3.80874 5.9091 5.9091 -30 5 10 20.337 0.642394 1.56649 2 1 0 0 1 1 6
1 32 3109 315 656 1 0.0893764 1.64844 0.00145759 0.00125995 2.83214e-05 0.065579 4.07548 -1.32746 1.51725 5.55661 5 10 20.337 0.642394 1.56649 2 2 0 0 0 1 6
1 32 3109 337 656 1 -0.0837194 1.51756 0.0018058 0.00179624 0.00188405 0.10604 6.0368 -2.35164 0.904878 0.716188 5 10 20.337 0.642394 1.56649 2 3 0 0 1 2 6
1 32 3109 146 657 0 -0.0915126 1.14618 0.00199795 0.00228162 0.000428593 0.10606 1.38034 -3.31236 5.18426 -30 6 12 27.3539 -0.03341 1.2319 3 1 0 0 1 4 1
1 32 3109 13 658 0 0.161995 1.47867 0.00137404 0.000975817 0.00136242 0.0577651 0.190834 6.73812 6.73812 -30 6 12 28.0716 0.18104 1.4398 3 1 0 0 1 3 2
1 32 3109 760 658 0 0.172305 1.45344 0.00129603 0.000952345 0.00121198 0.055444 1.64133 3.6937 6.3904 -30 6 12 28.0716 0.18104 1.4398 3 1 0 0 1 3 2
1 32 3109 1423 659 1 -0.0712964 1.90597 0.00220629 0.001722 45.4807 0.0801637 12.8737 -1.1554 1.48102 4.08584 5 10 21.2259 0.00954818 1.9207 2 9 0 0 0 2 15
1 32 3109 542 662 0 -0.0223861 0.0512846 0.00027093 0.00154722 0.000684483 0.0899583 1.2164 6.15425 6.15425 -30 6 12 28.7599 -0.0343815 0.0745396 3 1 0 0 1 1 1
1 32 3109 148 668 0 -0.0425303 1.47166 0.0017568 0.00164713 0.00372925 0.0917485 0.138538 5.99534 5.99534 -30 5 10 20.6639 -0.00941501 1.43645 2 2 0 1 0 2 2
1 32 3109 216 669 0 0.387414 1.70101 0.0011976 0.000699852 0.000736626 -0.0343667 1.77832 6.48689 6.48689 -30 5 10 20.4819 0.395002 1.65972 2 2 0 1 1 3 5
1 32 3109 240 669 0 0.0679834 1.56166 0.00143424 0.00121968 10.3029 0.0640372 9.54313 -0.89078 5.86903 -30 5 10 20.4819 0.395002 1.65972 2 1 0 0 1 2 5
1 32 3109 371 678 0 0.471314 0.650229 0.000542511 0.000594736 0.000333236 -0.0280144 2.15291 -3.76563 5.72967 -30 6 12 28.9427 -0.0341177 0.734732 3 1 0 0 1 5 3
1 32 3109 376 678 0 0.965278 0.666049 0.000419963 0.000211618 0.000379337 0.00890147 2.11199 -2.57984 4.03099 -30 6 12 28.9427 -0.0341177 0.734732 3 1 0 0 1 5 3
1 32 3109 405 678 0 -0.00444262 0.750208 0.00112473 0.0016428 1.74803e-05 0.0865977 0.250619 5.65059 5.65059 -30 6 12 28.9427 -0.0341177 0.734732 3 1 0 0 1 3 3
1 32 3109 620 679 0 0.665333 0.182017 0.00035069 0.000403189 0.000390448 -0.0181342 5.18081 -0.263788 3.62524 -30 6 12 23.6654 0.263437 0.0906238 3 1 0 0 1 2 3
1 32 3109 637 679 0 0.542963 0.0246196 0.000302745 0.000587452 0.000227407 0.0237341 3.76919 -1.71928 5.91481 -30 6 12 23.6654 0.263437 0.0906238 3 1 0 0 1 4 3
1 32 3109 656 679 0 -0.0533083 0.0437296 0.000273968 0.00172518 0.000345438 0.0967043 1.26646 -0.989667 5.50196 -30 6 12 23.6654 0.263437 0.0906238 3 1 0 0 1 3 3
1 32 3109 78 680 0 0.796765 0.0613131 0.000341841 0.000427794 0.00038292 0.013407 0.88602 5.66666 5.66666 -30 5 10 25.3995 0.792744 0.0313591 3 1 0 0 1 1 1
1 32 3109 7 681 0 0.694797 1.10335 0.000725274 0.000429801 0.000420869 -0.0166461 2.82644 -0.672992 5.61069 -30 5 10 25.3718 -0.0121771 1.14058 3 1 0 0 1 2 1
1 32 3109 44 682 1 0.199621 1.74375 0.00162725 0.000996846 1.05533 -0.0416551 8.26475 -2.42332 0.980416 3.51336 5 10 20.0841 0.213554 1.75785 2 2 0 0 1 3 17
1 32 3109 210 683 0 -0.000880679 1.04373 0.00160069 0.00191413 1.40165e-05 0.0870008 3.6637 6.78539 6.78539 -30 5 10 20.045 -0.0207425 0.960679 2 1 0 0 1 2 1
1 32 3109 336 687 0 0.00885529 0.225694 0.000441407 0.00142726 0.000238254 -0.0842311 1.90852 -0.545134 6.65779 -30 6 12 27.6866 0.0815905 0.199108 3 1 0 0 1 2 1
1 32 3109 188 689 0 0.0405531 1.73763 0.00177019 0.00149961 0.00272676 0.0710547 2.59185 5.21803 5.21803 -30 5 10 20.4878 0.02524 1.7113 2 2 0 1 0 1 2
1 32 3109 92 694 0 0.0396049 1.15627 0.00159477 0.00174681 0.00170127 -0.0778976 3.02834 -3.56449 6.43082 -30 6 12 28.7766 0.157114 1.15597 3 1 0 0 1 4 1
1 32 3109 4183 703 1 -0.0896817 1.8011 0.00202279 0.00175648 117.368 0.112827 24.4 0.8828 1.56158 4.29456 5 10 25.1408 -0.00698832 1.8311 3 12 0 0 0 2 12
1 32 3109 515 705 0 0.0750438 1.19112 0.00156762 0.00166774 3.76666e-06 0.0697797 2.12429 -2.55426 5.15834 -30 6 12 32.2346 -0.0265669 1.25497 4 1 0 0 1 3 1
1 32 3109 346 706 0 -0.0847585 1.13565 0.00197844 0.00229535 0.00319751 -0.103771 1.19544 4.80904 4.80904 -30 5 10 25.5448 -0.0672291 1.08874 3 1 0 0 1 3 1
1 32 3109 515 707 0 0.0750438 1.19112 0.00156762 0.00166774 3.76666e-06 0.0697797 2.12429 5.15834 5.15834 -30 6 12 25.157 0.0469129 1.18708 3 1 0 0 1 3 1
1 32 3109 687 709 0 -0.0619674 0.822349 0.00136338 0.00189297 0.00157215 0.0951403 4.72368 5.46057 5.46057 5.75154 6 12 27.6366 -0.0816771 0.734303 3 1 0 0 1 1 1
1 32 3109 39 715 0 -0.0573101 1.76 0.00191246 0.00135394 2.54817 0.0712431 8.66309 6.34591 6.34591 -30 5 10 24.7751 -0.0138513 1.78047 3 11 0 10 0 2 11
1 32 3109 4257 717 0 1.92603 2.06629 0.0387043 0.00033456 0.000363577 -0.00202972 24.4 2.02926 2.02926 4.44981 6 12 29.0759 1.40673 2.0393 3 6 0 2 0 3 8
1 32 3109 113 723 1 0.112797 1.00084 0.00118545 0.00136471 6.29272e-05 -0.0638453 3.36469 -3.33235 3.8598 4.91034 5 10 19.8638 -0.0942682 1.11134 2 1 0 0 1 4 2
1 32 3109 146 723 0 -0.0915126 1.14618 0.00199795 0.00228162 0.000428593 0.10606 1.38034 5.18426 5.18426 -30 5 10 19.8638 -0.0942682 1.11134 2 1 0 0 1 4 2
1 32 3109 5132 724 0 1.01493 2.02654 0.00365351 0.000265685 0.000357983 -0.00836151 24.95 -1.86362 5.52571 -30 5 10 21.4331 0.174453 2.04104 2 4 0 3 0 7 64
1 32 3109 267 729 0 0.00224853 0.874311 0.00129888 0.0017166 0.00124307 -0.0817053 5.13336 5.47334 5.47334 -30 6 12 28.756 -0.0115758 0.769297 3 1 0 0 1 1 1
1 32 3109 708 738 0 0.494048 1.40076 0.00092362 0.000520536 28.3962 -0.0271767 9.66444 5.75895 5.75895 -30 6 12 24.9972 0.495174 1.42887 3 1 0 0 1 2 1
1 32 3109 319 742 1 -0.0896958 1.04455 0.00186699 0.00226144 0.00240639 0.100521 3.15755 0.150143 0.150143 3.33214 5 10 21.0819 -0.0337588 1.15371 2 1 0 0 1 1 1
1 32 3109 2440 743 2 -0.0840705 1.95321 0.00191394 0.00176523 0.00755336 -0.0772618 8.93498 -3.55514 -1.13041 2.61329 6 12 31.4452 0.862326 2.02848 4 1 0 0 1 3 75
1 32 3109 5132 743 0 1.01493 2.02654 0.00365351 0.000265685 0.000357983 -0.00836151 24.95 -0.719104 5.52571 -30 6 12 31.4452 0.862326 2.02848 4 4 0 3 0 7 75
1 32 3109 5134 743 1 0.323045 2.0358 0.0016774 0.000801972 5.10996e-05 -0.0378193 24.95 -1.66772 1.75853 4.57058 6 12 31.4452 0.862326 2.02848 4 6 0 0 0 5 75
1 32 3109 924 748 1 -0.0484314 2.16453 0.00255428 0.00173171 0.00313785 0.0690777 9.59241 2.23833 2.23833 0.817344 5 10 21.3495 -0.00815766 2.08807 2 3 0 0 1 1 6
1 32 3109 175 751 0 0.121108 1.13943 0.00107484 0.00111362 25.2664 -0.0650357 7.6651 -1.43058 6.37535 5.23789 6 12 33.247 -0.0517536 1.07777 4 1 0 0 1 5 1
1 32 3109 149 752 0 0.033411 1.16639 0.00162013 0.00179837 0.00172096 -0.0785976 3.68075 2.17847 5.61516 -30 6 12 27.4531 0.00629482 1.17409 3 1 0 0 1 5 1
1 32 3109 81 753 0 0.0120628 1.67903 0.00173593 0.00146134 0.00317252 -0.0769521 4.99059 6.17832 6.17832 -30 5 10 20.1721 0.0150286 1.66682 2 1 0 0 1 1 5
1 32 3109 93 753 1 0.0963631 1.63964 0.0018549 0.00110255 0.00132214 -0.0566126 2.55009 4.82592 4.82592 4.12361 5 10 20.1721 0.0150286 1.66682 2 4 0 0 0 1 5
1 32 3109 14 756 1 -0.0895187 1.07862 0.00156529 0.00183417 22.1544 0.11146 7.32785 -0.236956 0.0371529 5.91076 6 12 30.9747 -0.0488433 1.18489 4 1 0 0 1 1 1
1 32 3109 422 758 0 -0.0412704 1.36641 0.00164183 0.00171773 29.3711 -0.0974041 8.64684 -2.43578 6.21638 -30 6 12 20.0905 0.351078 1.30934 2 1 0 0 1 3 1
1 32 3109 346 759 0 -0.0847585 1.13565 0.00197844 0.00229535 0.00319751 -0.103771 1.19544 -2.95136 4.80904 -30 6 12 20.338 -0.0952205 1.05855 2 1 0 0 1 3 1
1 32 3109 708 763 0 0.494048 1.40076 0.00092362 0.000520536 28.3962 -0.0271767 9.66444 -3.22793 5.75895 -30 6 12 27.916 -0.0447537 1.52746 3 1 0 0 1 2 1
1 32 3109 625 766 0 0.281663 0.242832 0.000324396 0.000763122 0.147488 0.044462 4.37989 6.69049 6.69049 -30 6 12 27.1973 0.289829 0.307098 3 1 0 0 1 2 2
1 32 3109 634 766 0 0.0846909 0.314921 0.000473795 0.00121978 0.023255 0.0680439 1.9973 -0.0971772 6.64454 -30 6 12 27.1973 0.289829 0.307098 3 1 0 0 1 2 2
1 32 3109 368 768 0 -0.0529626 0.787955 0.00133996 0.0019174 4.29119e-06 -0.0925578 1.33654 -0.75727 5.38239 -30 6 12 34.0463 -0.0964579 0.860981 4 1 0 0 1 4 2
1 32 3109 405 768 0 -0.00444262 0.750208 0.00112473 0.0016428 1.74803e-05 0.0865977 0.250619 -3.13868 5.65059 -30 6 12 34.0463 -0.0964579 0.860981 4 1 0 0 1 3 2
1 32 3109 401 771 0 0.138932 1.00405 0.00114504 0.00131607 6.78354e-05 -0.0620054 0.591144 -3.9947 5.29487 -30 6 12 31.4134 -0.0420975 1.14133 4 1 0 0 1 3 1
1 32 3109 31 773 0 -0.0339881 1.58096 0.00171314 0.00164659 0.000506854 -0.0874296 4.85411 -2.81261 3.21059 -30 6 12 27.2953 -0.0340609 1.60463 3 1 0 0 1 4 4
1 32 3109 33 773 0 0.356854 1.54504 0.00102812 0.000726329 2.35241 -0.0341855 7.08066 -2.00133 6.47614 -30 6 12 27.2953 -0.0340609 1.60463 3 1 0 0 1 2 4
1 32 3109 44 773 1 0.199621 1.74375 0.00162725 0.000996846 1.05533 -0.0416551 8.26475 -3.52783 0.980416 3.51336 6 12 27.2953 -0.0340609 1.60463 3 2 0 0 1 3 4
1 32 3109 1665 774 0 0.0781729 2.03288 0.00194208 0.00136409 0.00297257 0.0627236 4.41763 2.76529 5.83403 -30 6 12 26.9836 0.196043 1.939 3 4 0 3 0 2 10
1 32 3109 1673 774 0 0.156671 1.96812 0.00171983 0.00111349 8.67582 0.0446234 12.9913 2.41318 6.45751 5.47371 6 12 26.9836 0.196043 1.939 3 6 0 0 0 2 10
1 32 3109 2603 776 0 0.0731523 1.81502 0.00159592 0.00131441 30.4858 -0.0602104 12.7119 -1.568 6.62963 -30 6 12 27.8731 0.112714 1.80979 3 2 0 1 1 4 46
1 32 3109 140 778 0 0.29265 1.23105 0.0011057 0.0010485 0.000154338 -0.0432819 3.73139 5.39969 5.39969 -30 6 12 26.7909 0.294354 1.14834 3 1 0 0 1 1 1
1 32 3109 517 782 1 -0.0949464 1.63554 0.00201952 0.00178578 2.48637 -0.0895172 7.80072 -2.38495 -0.189789 2.22486 5 10 20.1519 0.350007 1.59231 2 1 0 0 1 2 3
1 32 3109 734 784 0 0.000991646 0.605654 0.000897303 0.0015246 0.00096938 -0.0849932 3.43049 6.47851 6.47851 -30 6 12 26.7067 -0.0117083 0.519226 3 1 0 0 1 1 1
1 32 3109 216 788 0 0.387414 1.70101 0.0011976 0.000699852 0.000736626 -0.0343667 1.77832 -2.47774 6.48689 -30 5 10 24.5961 0.113262 1.72389 3 2 0 1 1 3 4
1 32 3109 1423 793 1 -0.0712964 1.90597 0.00220629 0.001722 45.4807 0.0801637 12.8737 1.48102 1.48102 4.08584 5 10 23.9159 0.651058 1.97076 3 9 0 0 0 2 15
1 32 3109 169 806 1 0.109132 0.804676 0.000998697 0.00133342 0.000114159 -0.0641912 2.38372 5.84643 5.84643 -30 6 12 27.7781 0.0956732 0.748274 3 1 0 0 1 1 1
1 32 3109 1665 808 0 0.0781729 2.03288 0.00194208 0.00136409 0.00297257 0.0627236 4.41763 5.83403 5.83403 -30 5 10 24.4324 0.104926 1.99131 3 4 0 3 0 2 10
1 32 3109 1673 808 0 0.156671 1.96812 0.00171983 0.00111349 8.67582 0.0446234 12.9913 6.45751 6.45751 5.47371 5 10 24.4324 0.104926 1.99131 3 6 0 0 0 2 10
1 32 3109 5132 809 0 1.01493 2.02654 0.00365351 0.000265685 0.000357983 -0.00836151 24.95 -1.77271 5.52571 -30 6 12 33.137 -0.0894454 2.1228 4 4 0 3 0 7 78
1 32 3109 5134 809 1 0.323045 2.0358 0.0016774 0.000801972 5.10996e-05 -0.0378193 24.95 -0.243966 1.75853 4.57058 6 12 33.137 -0.0894454 2.1228 4 6 0 0 0 5 78
1 32 3109 11 811 0 0.0485476 0.374548 0.000564175 0.00130937 0.000212531 -0.0737098 3.12279 -1.36182 6.04134 -30 5 10 18.3548 -0.00929668 0.441905 2 1 0 0 1 2 1
1 32 3109 5132 816 0 1.01493 2.02654 0.00365351 0.000265685 0.000357983 -0.00836151 24.95 -1.96244 5.52571 -30 6 12 28.0784 0.131064 2.0389 3 4 0 3 0 7 64
1 32 3109 401 819 0 0.138932 1.00405 0.00114504 0.00131607 6.78354e-05 -0.0620054 0.591144 5.29487 5.29487 -30 5 10 24.2578 0.125648 0.984115 3 1 0 0 1 3 1
1 32 3109 752 821 1 0.402603 1.39417 0.000935159 0.000594669 145.129 0.0278959 13.1023 -1.47101 -0.817139 3.98495 5 10 24.0701 0.16141 1.3941 3 2 0 0 1 2 2
1 32 3109 92 826 0 0.0396049 1.15627 0.00159477 0.00174681 0.00170127 -0.0778976 3.02834 6.43082 6.43082 -30 5 10 20.7125 0.041807 1.09069 2 1 0 0 1 4 1
1 32 3109 325 827 1 0.0992393 0.326999 0.000497258 0.00128496 0.000265437 0.065137 0.43005 -1.22205 0.850561 2.13968 6 12 32.826 -0.0600326 0.363147 4 1 0 0 1 1 1
1 32 3109 2603 830 0 0.0731523 1.81502 0.00159592 0.00131441 30.4858 -0.0602104 12.7119 1.8007 6.62963 -30 6 12 31.0622 -0.000971551 1.84352 4 2 0 1 1 4 2
1 32 3109 684 831 0 0.140908 1.33787 0.00107509 0.00105612 80.3598 -0.0602469 10.7749 -1.81584 6.51905 -30 5 10 20.1644 0.0292936 1.43875 2 1 0 0 1 4 2
1 32 3109 697 831 1 0.0301829 1.40941 0.00146723 0.00142224 31.5625 0.0797771 9.97557 -0.368988 1.11482 -30 5 10 20.1644 0.0292936 1.43875 2 1 0 0 1 5 2
1 32 3109 122 832 0 -0.0343925 1.7644 0.00243077 0.00197839 0.00366237 -0.0763485 7.7518 -2.8708 0.626205 3.41632 6 12 28.1221 0.469333 1.724 3 5 0 0 0 2 6
1 32 3109 136 832 0 0.487524 1.75666 0.00132225 0.000501018 0.000520656 0.023784 3.18132 6.57131 6.57131 -30 6 12 28.1221 0.469333 1.724 3 1 0 0 1 2 6
1 32 3109 160 838 0 0.172966 1.26206 0.00133062 0.00133123 6.40613e-05 -0.055097 3.61524 -2.29921 6.81177 -30 5 10 19.797 -0.0881072 1.18561 2 1 0 0 1 2 3
1 32 3109 200 838 0 0.00146201 1.20529 0.00191054 0.00203761 3.99451e-05 0.082922 2.70407 5.56169 5.56169 -30 5 10 19.797 -0.0881072 1.18561 2 1 0 0 1 3 3
1 32 3109 203 838 0 0.110867 1.18874 0.00142776 0.00150113 3.56564e-06 0.0681759 2.60398 -1.56234 6.08108 -30 5 10 19.797 -0.0881072 1.18561 2 1 0 0 1 3 3
1 32 3109 467 840 1 -0.0912948 1.66192 0.00196639 0.00177971 0.000101863 0.0824118 1.76985 -3.08638 -1.0175 3.8767 6 12 26.9569 0.0532745 1.72387 3 2 0 0 1 1 6
1 32 3109 2440 841 2 -0.0840705 1.95321 0.00191394 0.00176523 0.00755336 -0.0772618 8.93498 -1.36995 -1.13041 2.61329 5 10 24.7557 1.02622 2.00131 3 1 0 0 1 3 71
1 32 3109 5132 841 0 1.01493 2.02654 0.00365351 0.000265685 0.000357983 -0.00836151 24.95 5.52571 5.52571 -30 5 10 24.7557 1.02622 2.00131 3 4 0 3 0 7 71
1 32 3109 5134 841 1 0.323045 2.0358 0.0016774 0.000801972 5.10996e-05 -0.0378193 24.95 -1.05863 1.75853 4.57058 5 10 24.7557 1.02622 2.00131 3 6 0 0 0 5 71
1 32 3109 161 843 0 -0.0318762 0.270947 0.000518748 0.00167982 1.28709 0.0915249 8.94499 -5.10953 5.68198 5.7433 6 12 24.2012 0.315807 0.244718 3 1 0 0 1 2 1
1 32 3109 217 845 1 0.0163309 0.559276 0.000849691 0.00152971 3.4935 -0.0822784 5.71842 5.44093 5.44093 -30 5 10 18.5735 -0.0653116 0.626949 2 1 0 0 1 1 1
1 32 3109 357 846 1 -0.0464321 1.83018 0.00254591 0.00172738 5.17488e-05 -0.0695504 8.5038 0.169196 0.169196 4.80245 5 10 20.0604 -0.0520845 1.74261 2 6 0 0 0 1 11
1 32 3109 265 847 0 -0.0755032 1.5015 0.0018463 0.00179656 6.17754 -0.0955908 7.43826 0.619266 6.74396 -30 5 10 24.5478 0.12309 1.55143 3 2 0 1 1 2 2
1 32 3109 1802 848 1 -0.0899238 2.01617 0.00220586 0.0019053 0.00168064 0.0908046 4.06241 2.69815 2.69815 3.1471 5 10 25.0525 -0.041824 2.01137 3 6 0 0 0 1 11
1 32 3109 4027 848 1 0.280529 1.99748 0.00164408 0.000842938 3.32035e-06 -0.0452324 24.4 -2.6495 0.145378 4.21931 5 10 25.0525 -0.041824 2.01137 3 5 0 0 0 1 11
1 32 3109 306 854 1 0.0628682 1.19666 0.00161572 0.00171398 1.74814e-06 -0.0712214 2.9255 -2.33157 6.11223 4.0776 6 12 25.2377 -0.012117 1.1945 3 1 0 0 1 4 2
1 32 3109 333 854 0 -0.0263738 1.20571 0.00182961 0.00204124 0.000101305 0.0901097 2.16609 5.6056 5.6056 -30 6 12 25.2377 -0.012117 1.1945 3 1 0 0 1 4 2
1 32 3109 216 858 0 0.387414 1.70101 0.0011976 0.000699852 0.000736626 -0.0343667 1.77832 -0.142843 6.48689 -30 6 12 26.8782 -0.0244819 1.68537 3 2 0 1 1 3 2
1 32 3109 134 859 0 0.667943 0.532689 0.000345172 0.000373507 0.000369306 -0.0174357 2.50774 4.30531 4.30531 -30 5 10 23.489 0.675013 0.459911 3 1 0 0 1 1 1
1 32 3109 2331 861 0 -0.0637202 2.01635 0.00214161 0.00170693 0.000646098 0.0781821 8.98072 -0.225416 5.25262 -30 5 10 25.2034 -0.0520854 1.97804 3 9 0 2 0 3 31
1 32 3109 660 863 0 0.0165077 1.45017 0.00149461 0.00137501 30.4916 0.0786259 8.97206 -2.22578 5.49976 5.2465 5 10 19.5763 -0.0421472 1.53933 2 2 0 0 1 3 2
1 32 3109 2328 866 1 -0.0973705 2.02612 0.00226475 0.00159936 31.7402 0.0751092 15.1866 0.577125 0.577125 5.71668 5 10 24.4226 -0.119294 2.02698 3 1 0 0 1 2 20
1 32 3109 2331 866 0 -0.0637202 2.01635 0.00214161 0.00170693 0.000646098 0.0781821 8.98072 -0.951983 5.25262 -30 5 10 24.4226 -0.119294 2.02698 3 9 0 2 0 3 20
1 32 3109 533 872 0 0.114592 0.205727 0.000362378 0.00115635 0.000311388 -0.0631982 4.94054 -1.92604 6.7253 -30 5 10 18.3904 0.21762 0.290186 2 1 0 0 1 3 2
1 32 3109 549 872 1 0.218196 0.375275 0.000438254 0.000932169 0.315814 -0.0496987 3.28863 -0.319155 0.546836 2.86536 5 10 18.3904 0.21762 0.290186 2 1 0 0 1 3 2
1 32 3109 91 876 1 -0.0759034 1.1129 0.0019812 0.00228839 0.00014437 0.0983498 3.06381 -1.19433 -0.203984 5.84975 6 12 28.2259 0.0582763 1.12987 3 1 0 0 1 1 1
1 32 3109 109 877 0 0.491501 1.75404 0.00124904 0.000544282 0.000272554 -0.0233276 5.04232 6.58135 6.58135 -30 6 12 26.6939 0.463575 1.72727 3 1 0 0 1 1 13
1 32 3109 4183 877 1 -0.0896817 1.8011 0.00202279 0.00175648 117.368 0.112827 24.4 -2.93006 1.56158 4.29456 6 12 26.6939 0.463575 1.72727 3 12 0 0 0 2 13
1 32 3109 306 878 1 0.0628682 1.19666 0.00161572 0.00171398 1.74814e-06 -0.0712214 2.9255 -0.282698 6.11223 4.0776 5 10 19.5065 0.352127 1.19331 2 1 0 0 1 4 2
1 32 3109 333 878 0 -0.0263738 1.20571 0.00182961 0.00204124 0.000101305 0.0901097 2.16609 -2.49855 5.6056 -30 5 10 19.5065 0.352127 1.19331 2 1 0 0 1 4 2
1 32 3109 220 880 0 -0.0827016 1.13165 0.00201623 0.00233253 0.000306322 0.103806 3.43536 5.97452 5.97452 -30 6 12 18.9179 -0.0938529 1.13647 2 1 0 0 1 3 1
1 32 3109 13 881 0 0.161995 1.47867 0.00137404 0.000975817 0.00136242 0.0577651 0.190834 2.1965 6.73812 -30 5 10 19.6903 -0.0480109 1.43762 2 1 0 0 1 3 2
1 32 3109 760 881 0 0.172305 1.45344 0.00129603 0.000952345 0.00121198 0.055444 1.64133 5.07185 6.3904 -30 5 10 19.6903 -0.0480109 1.43762 2 1 0 0 1 3 2
1 32 3109 82 886 0 0.618265 0.096432 0.000281809 0.000492722 0.0015555 -0.0198193 1.40662 6.2404 6.2404 -30 5 10 18.8524 0.616173 0.118408 2 1 0 0 1 1 1
1 32 3109 432 890 0 0.134645 0.452445 0.000621194 0.00123129 0.00055787 0.0601993 0.0599776 5.34184 5.34184 -30 6 12 32.2438 0.110695 0.42904 4 1 0 0 1 1 1
1 32 3109 13 891 0 0.161995 1.47867 0.00137404 0.000975817 0.00136242 0.0577651 0.190834 2.87797 6.73812 -30 5 10 19.586 -0.170256 1.42907 2 1 0 0 1 3 2
1 32 3109 760 891 0 0.172305 1.45344 0.00129603 0.000952345 0.00121198 0.055444 1.64133 6.3904 6.3904 -30 5 10 19.586 -0.170256 1.42907 2 1 0 0 1 3 2
1 32 3109 404 892 1 -0.0796116 1.3395 0.00169028 0.00171726 0.00428063 -0.10227 3.29085 -1.23519 -0.148001 4.81038 5 10 21.0156 0.634782 1.39114 3 2 0 0 1 2 3
1 32 3109 427 892 1 0.607648 1.39734 0.00100325 0.000380448 0.000444644 -0.018811 5.38926 6.43167 6.43167 -30 5 10 21.0156 0.634782 1.39114 3 1 0 0 1 3 3
1 32 3109 5132 896 0 1.01493 2.02654 0.00365351 0.000265685 0.000357983 -0.00836151 24.95 -1.31534 5.52571 -30 5 10 23.3138 0.128227 2.03402 3 4 0 3 0 7 78
1 32 3109 5134 896 1 0.323045 2.0358 0.0016774 0.000801972 5.10996e-05 -0.0378193 24.95 -1.20098 1.75853 4.57058 5 10 23.3138 0.128227 2.03402 3 6 0 0 0 5 78
1 32 3109 172 898 0 0.158575 0.625428 0.000666361 0.00105325 0.000605888 0.0568117 0.450772 -2.20097 4.26251 -30 6 12 26.0481 0.26085 0.669498 3 1 0 0 1 2 1
1 32 3109 149 907 0 0.033411 1.16639 0.00162013 0.00179837 0.00172096 -0.0785976 3.68075 0.569647 5.61516 -30 6 12 19.985 -0.0183075 1.1249 2 1 0 0 1 5 1
1 32 3109 148 909 0 -0.0425303 1.47166 0.0017568 0.00164713 0.00372925 0.0917485 0.138538 3.42713 5.99534 -30 5 10 18.1054 -0.0750412 1.39555 2 2 0 1 0 2 2
1 32 3109 219 911 0 0.0151838 0.607297 0.000947084 0.00161329 0.41189 0.0827468 3.31867 -2.95507 6.4395 -30 5 10 18.131 -0.0350507 0.658814 2 1 0 0 1 2 1
1 32 3109 752 913 1 0.402603 1.39417 0.000935159 0.000594669 145.129 0.0278959 13.1023 -1.88973 -0.817139 3.98495 5 10 23.035 0.179872 1.2988 3 2 0 0 1 2 2
1 32 3109 732 915 0 -0.0347105 0.594083 0.000943852 0.00164362 4.03948e-05 -0.0922138 0.969638 5.11706 5.11706 -30 5 10 24.0636 -0.0259968 0.566067 3 1 0 0 1 4 2
1 32 3109 740 915 0 0.0276735 0.567866 0.00080369 0.0013954 0.217402 -0.080445 2.88817 3.57231 6.42587 -30 5 10 24.0636 -0.0259968 0.566067 3 1 0 0 1 4 2
1 32 3109 453 916 0 0.000155133 1.47805 0.0019685 0.00170338 4.62094e-06 -0.0712511 5.10974 1.94277 1.94277 4.03358 5 10 19.041 0.00497633 1.40895 2 2 0 0 1 1 2
1 32 3109 436 919 0 -0.0242196 0.0458627 0.000270325 0.00167278 0.00078943 -0.0867471 2.00731 5.78937 5.78937 -30 6 12 30.8037 -0.0276981 0.082343 4 1 0 0 1 1 1
1 32 3109 208 920 0 0.0753233 0.790568 0.00104198 0.00143554 0.000959775 -0.0723112 4.50691 -3.57628 6.76231 -30 5 10 24.3936 0.00869761 0.872451 3 1 0 0 1 2 1
1 32 3109 255 922 0 -0.0670063 1.0794 0.00156329 0.00176077 64.5314 0.0928136 10.0143 -2.87236 6.72034 -30 5 10 24.0285 0.171544 1.09475 3 1 0 0 1 2 1
1 32 3109 2603 926 0 0.0731523 1.81502 0.00159592 0.00131441 30.4858 -0.0602104 12.7119 6.62963 6.62963 -30 5 10 22.9066 0.0900121 1.83962 3 2 0 1 1 4 2
1 32 3109 175 930 0 0.121108 1.13943 0.00107484 0.00111362 25.2664 -0.0650357 7.6651 6.37535 6.37535 5.23789 5 10 22.7906 0.139552 1.16899 3 1 0 0 1 5 1
1 32 3109 207 931 0 0.261318 1.53117 0.00147415 0.00107474 0.000791746 0.042356 2.12411 -1.71576 6.44543 -30 5 10 23.9572 0.313156 1.66241 3 1 0 0 1 2 1
1 32 3109 265 932 0 -0.0755032 1.5015 0.0018463 0.00179656 6.17754 -0.0955908 7.43826 6.74396 6.74396 -30 6 12 27.3558 -0.0568252 1.53944 3 2 0 1 1 2 2
1 32 3109 122 938 0 -0.0343925 1.7644 0.00243077 0.00197839 0.00366237 -0.0763485 7.7518 0.626205 0.626205 3.41632 5 10 19.5042 0.109097 1.77951 2 5 0 0 0 2 6
1 32 3109 136 938 0 0.487524 1.75666 0.00132225 0.000501018 0.000520656 0.023784 3.18132 0.834366 6.57131 -30 5 10 19.5042 0.109097 1.77951 2 1 0 0 1 2 6
1 32 3109 154 943 0 -0.0162909 1.32367 0.00166984 0.0015516 3.32736 -0.0794342 6.0077 6.07368 6.07368 -30 5 10 23.7043 0.0106604 1.34824 3 2 0 1 0 1 2
1 32 3109 2460 944 0 0.185884 1.85788 0.0014321 0.00106241 9.01262e-08 0.0521763 7.63211 2.3669 2.3669 1.7775 7 14 33.1677 0.159669 1.86385 4 18 0 0 0 2 20
1 32 3109 551 947 1 0.165875 0.931767 0.000991222 0.0011847 0.000764197 -0.0560378 2.82267 -0.346887 -0.346887 1.28223 5 10 17.1559 0.097214 0.991248 2 1 0 0 1 1 2
1 32 3109 612 947 0 0.0269209 1.07625 0.00156225 0.00178954 0.00178856 0.0822399 1.9901 -2.66117 6.50845 -30 5 10 17.1559 0.097214 0.991248 2 1 0 0 1 3 2
1 32 3109 476 948 1 -0.0149149 0.795882 0.00121131 0.00168618 4.14487e-06 0.0886507 1.21627 -1.53546 0.376829 1.94947 5 10 18.2326 0.42608 0.787982 2 1 0 0 1 1 1
1 32 3109 161 949 0 -0.0318762 0.270947 0.000518748 0.00167982 1.28709 0.0915249 8.94499 -1.83343 5.68198 5.7433 5 10 18.9654 0.0223328 0.20595 2 1 0 0 1 2 1
1 32 3109 400 950 0 -0.0720083 0.334508 0.000645876 0.00179974 0.000740937 0.0971692 0.655755 6.04756 6.53249 -30 6 12 23.7279 -0.0820523 0.313579 3 1 0 0 1 3 1
1 32 3109 306 953 1 0.0628682 1.19666 0.00161572 0.00171398 1.74814e-06 -0.0712214 2.9255 6.11223 6.11223 4.0776 6 12 24.8257 -0.0101372 1.26812 3 1 0 0 1 4 2
1 32 3109 333 953 0 -0.0263738 1.20571 0.00182961 0.00204124 0.000101305 0.0901097 2.16609 -1.59479 5.6056 -30 6 12 24.8257 -0.0101372 1.26812 3 1 0 0 1 4 2
1 32 3109 3054 956 1 0.18234 1.96409 0.00164342 0.000962548 7.71408 0.0543808 24.95 2.39056 2.39056 4.13707 5 10 20.9604 0.26149 1.96475 3 24 0 0 0 1 24
1 32 3109 404 958 1 -0.0796116 1.3395 0.00169028 0.00171726 0.00428063 -0.10227 3.29085 -0.148001 -0.148001 4.81038 6 12 26.2651 0.0420237 1.29094 3 2 0 0 1 2 4
1 32 3109 424 958 1 0.27723 1.21913 0.0011223 0.00106198 0.00070759 -0.0434933 1.53437 -0.867263 4.35183 -30 6 12 26.2651 0.0420237 1.29094 3 1 0 0 1 2 4
1 32 3109 427 958 1 0.607648 1.39734 0.00100325 0.000380448 0.000444644 -0.018811 5.38926 0.407281 6.43167 -30 6 12 26.2651 0.0420237 1.29094 3 1 0 0 1 3 4
1 32 3109 4257 963 0 1.92603 2.06629 0.0387043 0.00033456 0.000363577 -0.00202972 24.4 -0.71673 2.02926 4.44981 5 10 22.4892 0.631709 2.10193 3 6 0 2 0 3 8
1 32 3109 660 965 0 0.0165077 1.45017 0.00149461 0.00137501 30.4916 0.0786259 8.97206 5.49976 5.49976 5.2465 5 10 21.2279 0.109932 1.50744 3 2 0 0 1 3 2
1 32 3109 331 966 0 0.00313443 0.616368 0.000910711 0.0015351 0.000955703 -0.0841874 3.79824 6.07102 6.07102 -30 5 10 18.6979 -0.0147094 0.528426 2 1 0 0 1 2 2
1 32 3109 345 966 0 0.531529 0.588162 0.000447038 0.000499322 0.000424536 0.0251888 1.45131 -0.601466 6.53384 -30 5 10 18.6979 -0.0147094 0.528426 2 1 0 0 1 2 2
1 32 3109 515 967 0 0.0750438 1.19112 0.00156762 0.00166774 3.76666e-06 0.0697797 2.12429 -2.22123 5.15834 -30 5 10 23.283 -0.0167608 1.25333 3 1 0 0 1 3 1
1 32 3109 44 968 1 0.199621 1.74375 0.00162725 0.000996846 1.05533 -0.0416551 8.26475 0.980416 0.980416 3.51336 6 12 25.8444 0.0326627 1.82104 3 2 0 0 1 3 17
1 32 3109 732 973 0 -0.0347105 0.594083 0.000943852 0.00164362 4.03948e-05 -0.0922138 0.969638 -1.38383 5.11706 -30 5 10 18.6061 0.114838 0.638285 2 1 0 0 1 4 3
1 32 3109 740 973 0 0.0276735 0.567866 0.00080369 0.0013954 0.217402 -0.080445 2.88817 -0.20821 6.42587 -30 5 10 18.6061 0.114838 0.638285 2 1 0 0 1 4 3
1 32 3109 742 973 0 0.0952397 0.710564 0.000965598 0.00140589 0.000106973 -0.0687936 5.54123 -2.41146 6.03813 -30 5 10 18.6061 0.114838 0.638285 2 1 0 0 1 3 3
1 32 3109 306 975 1 0.0628682 1.19666 0.00161572 0.00171398 1.74814e-06 -0.0712214 2.9255 -4.48064 6.11223 4.0776 5 10 16.6643 -0.0591633 1.30377 2 1 0 0 1 4 2
1 32 3109 333 975 0 -0.0263738 1.20571 0.00182961 0.00204124 0.000101305 0.0901097 2.16609 -0.83222 5.6056 -30 5 10 16.6643 -0.0591633 1.30377 2 1 0 0 1 4 2
1 32 3109 653 976 0 0.130641 0.743317 0.000920297 0.00128562 1.76066 0.0636592 3.95737 5.00488 5.00488 -30 5 10 22.8197 0.141376 0.773736 3 1 0 0 1 2 1
1 32 3109 2440 980 2 -0.0840705 1.95321 0.00191394 0.00176523 0.00755336 -0.0772618 8.93498 -2.29916 -1.13041 2.61329 5 10 22.2948 0.834959 2.02636 3 1 0 0 1 3 79
1 32 3109 5132 980 0 1.01493 2.02654 0.00365351 0.000265685 0.000357983 -0.00836151 24.95 -0.874353 5.52571 -30 5 10 22.2948 0.834959 2.02636 3 4 0 3 0 7 79
1 32 3109 5134 980 1 0.323045 2.0358 0.0016774 0.000801972 5.10996e-05 -0.0378193 24.95 -1.18622 1.75853 4.57058 5 10 22.2948 0.834959 2.02636 3 6 0 0 0 5 79
1 32 3109 70 989 1 0.0390955 1.96073 0.00228799 0.00153326 0.00210947 -0.0611178 2.31289 1.82717 1.82717 4.70646 5 10 24.4085 0.142954 1.93918 3 9 0 0 0 1 14
1 32 3109 247 992 0 -0.0252773 1.35683 0.00156538 0.0015954 144.195 0.0781195 12.9899 -3.31895 4.99284 -30 5 10 17.7192 0.69012 1.33415 2 2 0 1 1 2 2
1 32 3109 275 993 0 0.0650769 0.369949 0.000564097 0.00134902 0.000226448 0.0708962 1.89718 -0.760305 5.89416 -30 5 10 18.8783 0.71222 0.309959 2 1 0 0 1 2 1
1 32 3109 172 998 0 0.158575 0.625428 0.000666361 0.00105325 0.000605888 0.0568117 0.450772 4.26251 4.26251 -30 5 10 17.8123 0.170463 0.591684 2 1 0 0 1 2 1
1 32 3109 226 999 1 -0.0771218 0.0920175 0.000336564 0.0019373 4.22749e-05 -0.0987387 0.9561 1.67965 1.67965 -30 6 12 25.9722 -0.029708 0.129867 3 1 0 0 1 2 1
1 32 3109 518 1000 1 0.266781 0.562105 0.000574218 0.00086985 0.642126 -0.0463891 3.1562 -1.66147 0.0523829 5.10979 5 10 22.0645 -0.0353678 0.657727 3 1 0 0 1 1 2
1 32 3109 571 1000 0 -0.0300637 0.637163 0.00105367 0.00173977 0.154235 0.0881074 2.52776 4.87241 4.87241 -30 5 10 22.0645 -0.0353678 0.657727 3 1 0 0 1 1 2
1 32 3109 346 1001 0 -0.0847585 1.13565 0.00197844 0.00229535 0.00319751 -0.103771 1.19544 -0.0212141 4.80904 -30 5 10 17.9122 0.224003 1.11128 2 1 0 0 1 3 1
1 32 3109 427 1002 1 0.607648 1.39734 0.00100325 0.000380448 0.000444644 -0.018811 5.38926 -0.0844191 6.43167 -30 5 10 18.4905 -0.0404699 1.40785 2 1 0 0 1 3 1
1 32 3109 684 1003 0 0.140908 1.33787 0.00107509 0.00105612 80.3598 -0.0602469 10.7749 6.51905 6.51905 -30 5 10 20.0552 0.165589 1.39622 3 1 0 0 1 4 2
1 32 3109 697 1003 1 0.0301829 1.40941 0.00146723 0.00142224 31.5625 0.0797771 9.97557 -1.16757 1.11482 -30 5 10 20.0552 0.165589 1.39622 3 1 0 0 1 5 2
1 32 3109 405 1004 0 -0.00444262 0.750208 0.00112473 0.0016428 1.74803e-05 0.0865977 0.250619 -2.105 5.65059 -30 6 12 21.0349 0.10989 0.829083 3 1 0 0 1 3 1
1 32 3109 491 1006 0 0.377984 0.285577 0.000339288 0.000692334 0.810038 0.0344459 6.88163 2.64272 2.64272 -30 5 10 21.6678 0.386459 0.392184 3 1 0 0 1 1 1
1 32 3109 715 1007 0 0.548214 0.660712 0.000482767 0.000481372 0.000421975 -0.0233298 0.701986 2.71308 2.71308 -30 5 10 20.9271 0.459569 0.636901 3 1 0 0 1 3 1
1 32 3109 149 1008 0 0.033411 1.16639 0.00162013 0.00179837 0.00172096 -0.0785976 3.68075 -1.82557 5.61516 -30 5 10 17.2264 0.253577 1.16111 2 1 0 0 1 5 2
1 32 3109 175 1008 0 0.121108 1.13943 0.00107484 0.00111362 25.2664 -0.0650357 7.6651 2.36467 6.37535 5.23789 5 10 17.2264 0.253577 1.16111 2 1 0 0 1 5 2
1 32 3109 146 1009 0 -0.0915126 1.14618 0.00199795 0.00228162 0.000428593 0.10606 1.38034 -2.49363 5.18426 -30 6 12 21.5157 -0.0367841 1.26653 3 1 0 0 1 4 1
1 32 3109 684 1010 0 0.140908 1.33787 0.00107509 0.00105612 80.3598 -0.0602469 10.7749 -0.141973 6.51905 -30 5 10 19.1345 0.459488 1.35173 3 1 0 0 1 4 2
1 32 3109 697 1010 1 0.0301829 1.40941 0.00146723 0.00142224 31.5625 0.0797771 9.97557 -2.08716 1.11482 -30 5 10 19.1345 0.459488 1.35173 3 1 0 0 1 5 2
1 32 3109 57 1011 0 -0.0606225 0.556775 0.000932886 0.00171423 0.409577 0.0982155 2.91821 4.54941 4.54941 -30 5 10 17.201 -0.0770325 0.588478 2 1 0 0 1 2 2
1 32 3109 58 1011 0 -0.0874744 0.452231 0.000804822 0.00176477 1.59052 0.104245 4.85738 3.25321 6.62263 -30 5 10 17.201 -0.0770325 0.588478 2 1 0 0 1 2 2
1 32 3109 247 1015 0 -0.0252773 1.35683 0.00156538 0.0015954 144.195 0.0781195 12.9899 4.99284 4.99284 -30 5 10 22.2223 -0.000434713 1.43991 3 2 0 1 1 2 2
1 32 3109 978 1023 1 -0.0898416 2.07038 0.0021895 0.00177258 0.00405254 0.0788198 8.68188 -0.643449 0.633309 4.97228 5 10 16.1426 0.00425191 2.12942 2 6 0 0 0 1 3
1 32 3109 424 1024 1 0.27723 1.21913 0.0011223 0.00106198 0.00070759 -0.0434933 1.53437 4.35183 4.35183 -30 5 10 21.0047 0.229699 1.15847 3 1 0 0 1 2 1
1 32 3109 586 1025 0 0.402697 1.02569 0.000748949 0.000728227 0.000255885 -0.0344751 0.819352 -3.40179 5.80343 2.82329 6 12 21.5402 -0.0336347 1.04264 3 2 0 0 1 2 3
1 32 3109 605 1025 1 -0.0368833 1.01259 0.00165231 0.00202333 1.31786 0.0952711 5.24768 1.53182 1.53182 -30 6 12 21.5402 -0.0336347 1.04264 3 1 0 0 1 2 3
1 32 3109 697 1032 1 0.0301829 1.40941 0.00146723 0.00142224 31.5625 0.0797771 9.97557 0.448229 1.11482 -30 5 10 16.1612 0.0188347 1.48377 2 1 0 0 1 5 1
1 32 3109 401 1039 0 0.138932 1.00405 0.00114504 0.00131607 6.78354e-05 -0.0620054 0.591144 -2.01972 5.29487 -30 5 10 19.0092 -0.0362483 0.883336 3 1 0 0 1 3 1
